{
  "mode": "shared_dataset_apples_to_apples",
  "noise_scale": 2.0,
  "noise_config": {
    "arw_dpsh": 0.01,
    "vrw_ugpsHz": 10.0,
    "bi_g_dph": 0.004,
    "bi_a_ug": 10.0,
    "tau_g": 300.0,
    "tau_a": 300.0,
    "seed": 42,
    "base_family": "round53_round61_shared"
  },
  "baseline_json": "/root/.openclaw/workspace/psins_method_bench/results/M_markov_42state_gm1_shared_noise2p0_param_errors.json",
  "round61_json": "/root/.openclaw/workspace/psins_method_bench/results/R61_42state_gm1_round61_h_scd_state20_microtight_commit_shared_noise2p0_param_errors.json",
  "all_params": {
    "eb_x": {
      "baseline_pct_error": 7.416058305648328,
      "round61_pct_error": 5.7094095598327606,
      "delta_pct_points": 1.706648745815567,
      "relative_improvement_pct": 23.012881984972044
    },
    "eb_y": {
      "baseline_pct_error": 6.575584060130312,
      "round61_pct_error": 6.372066576400408,
      "delta_pct_points": 0.20351748372990475,
      "relative_improvement_pct": 3.0950480119916755
    },
    "eb_z": {
      "baseline_pct_error": 8.737801342618608,
      "round61_pct_error": 8.172208441355725,
      "delta_pct_points": 0.5655929012628835,
      "relative_improvement_pct": 6.472943010322349
    },
    "db_x": {
      "baseline_pct_error": 2.410392558504932,
      "round61_pct_error": 2.6922855660703062,
      "delta_pct_points": -0.2818930075653743,
      "relative_improvement_pct": -11.69490034188543
    },
    "db_y": {
      "baseline_pct_error": 3.4932265516085423,
      "round61_pct_error": 3.3050351319502456,
      "delta_pct_points": 0.18819141965829678,
      "relative_improvement_pct": 5.387323635555197
    },
    "db_z": {
      "baseline_pct_error": 7.625157500192173,
      "round61_pct_error": 7.59588660807128,
      "delta_pct_points": 0.029270892120893066,
      "relative_improvement_pct": 0.3838726232232628
    },
    "dKg_xx": {
      "baseline_pct_error": 77.8616492939301,
      "round61_pct_error": 76.05503099673756,
      "delta_pct_points": 1.8066182971925429,
      "relative_improvement_pct": 2.3202928702068766
    },
    "dKg_yx": {
      "baseline_pct_error": 6.722847061697284,
      "round61_pct_error": 7.303653822736328,
      "delta_pct_points": -0.5808067610390433,
      "relative_improvement_pct": -8.639297543270452
    },
    "dKg_zx": {
      "baseline_pct_error": 4.574481553138989,
      "round61_pct_error": 4.4867575334496745,
      "delta_pct_points": 0.08772401968931476,
      "relative_improvement_pct": 1.9176822262868
    },
    "dKg_xy": {
      "baseline_pct_error": 19.70533500221596,
      "round61_pct_error": 15.32654448248948,
      "delta_pct_points": 4.378790519726481,
      "relative_improvement_pct": 22.22134523079189
    },
    "dKg_yy": {
      "baseline_pct_error": 25.675777875463346,
      "round61_pct_error": 22.680600107438188,
      "delta_pct_points": 2.995177768025158,
      "relative_improvement_pct": 11.665382768743504
    },
    "dKg_zy": {
      "baseline_pct_error": 1.2855209187925856,
      "round61_pct_error": 1.0051630042934734,
      "delta_pct_points": 0.2803579144991122,
      "relative_improvement_pct": 21.80889555359674
    },
    "dKg_xz": {
      "baseline_pct_error": 5.797103170371369,
      "round61_pct_error": 5.9733369249413935,
      "delta_pct_points": -0.1762337545700241,
      "relative_improvement_pct": -3.0400313637808583
    },
    "dKg_yz": {
      "baseline_pct_error": 2.540789018444252,
      "round61_pct_error": 2.5586254247966926,
      "delta_pct_points": -0.017836406352440548,
      "relative_improvement_pct": -0.702002654410162
    },
    "dKg_zz": {
      "baseline_pct_error": 13.429517165738316,
      "round61_pct_error": 13.614056702723301,
      "delta_pct_points": -0.18453953698498538,
      "relative_improvement_pct": -1.3741338181225664
    },
    "dKa_xx": {
      "baseline_pct_error": 33.2820446082143,
      "round61_pct_error": 31.46126334022555,
      "delta_pct_points": 1.8207812679887496,
      "relative_improvement_pct": 5.470761455380554
    },
    "dKa_xy": {
      "baseline_pct_error": 1.359750312364411,
      "round61_pct_error": 0.4562680234627685,
      "delta_pct_points": 0.9034822889016425,
      "relative_improvement_pct": 66.44472008472027
    },
    "dKa_xz": {
      "baseline_pct_error": 10.332573248356193,
      "round61_pct_error": 10.20602931095306,
      "delta_pct_points": 0.12654393740313274,
      "relative_improvement_pct": 1.2247088344935237
    },
    "dKa_yy": {
      "baseline_pct_error": 4.391361890228089,
      "round61_pct_error": 5.190615104950029,
      "delta_pct_points": -0.79925321472194,
      "relative_improvement_pct": -18.20057728561347
    },
    "dKa_yz": {
      "baseline_pct_error": 2.3555468047962136,
      "round61_pct_error": 2.2197414769751043,
      "delta_pct_points": 0.13580532782110932,
      "relative_improvement_pct": 5.765341938635701
    },
    "dKa_zz": {
      "baseline_pct_error": 12.542476844541763,
      "round61_pct_error": 12.165718780535352,
      "delta_pct_points": 0.37675806400641143,
      "relative_improvement_pct": 3.0038569628324177
    },
    "Ka2_x": {
      "baseline_pct_error": 36.1218420081928,
      "round61_pct_error": 37.59253586852203,
      "delta_pct_points": -1.4706938603292272,
      "relative_improvement_pct": -4.071480795457936
    },
    "Ka2_y": {
      "baseline_pct_error": 18.647154567599973,
      "round61_pct_error": 17.057109919821613,
      "delta_pct_points": 1.5900446477783596,
      "relative_improvement_pct": 8.527009533889492
    },
    "Ka2_z": {
      "baseline_pct_error": 28.491278863263314,
      "round61_pct_error": 28.562393578881323,
      "delta_pct_points": -0.07111471561800897,
      "relative_improvement_pct": -0.24960169727482598
    },
    "rx_x": {
      "baseline_pct_error": 2.247906084627011,
      "round61_pct_error": 2.221522438359165,
      "delta_pct_points": 0.02638364626784595,
      "relative_improvement_pct": 1.1736987789782916
    },
    "rx_y": {
      "baseline_pct_error": 10.879766443015903,
      "round61_pct_error": 10.71244748245886,
      "delta_pct_points": 0.16731896055704354,
      "relative_improvement_pct": 1.5378911067015721
    },
    "rx_z": {
      "baseline_pct_error": 3.9506039776699793,
      "round61_pct_error": 3.964147021662511,
      "delta_pct_points": -0.0135430439925317,
      "relative_improvement_pct": -0.3428094556954107
    },
    "ry_x": {
      "baseline_pct_error": 2.912399948471131,
      "round61_pct_error": 2.922332478821066,
      "delta_pct_points": -0.009932530349934687,
      "relative_improvement_pct": -0.3410428006341912
    },
    "ry_y": {
      "baseline_pct_error": 1.421642182218172,
      "round61_pct_error": 1.365441275937171,
      "delta_pct_points": 0.05620090628100094,
      "relative_improvement_pct": 3.953238514160526
    },
    "ry_z": {
      "baseline_pct_error": 4.5141075125097165,
      "round61_pct_error": 4.4349758345507,
      "delta_pct_points": 0.07913167795901632,
      "relative_improvement_pct": 1.7529861160754971
    }
  },
  "overall": {
    "mean_pct_error": {
      "baseline": 12.243389889152137,
      "round61": 11.779440093980103,
      "delta_pct_points": 0.4639497951720344,
      "relative_improvement_pct": 3.789390024923589
    },
    "median_pct_error": {
      "baseline": 6.649215560913799,
      "round61": 6.1727017506709005,
      "delta_pct_points": 0.4765138102428983,
      "relative_improvement_pct": 7.166466568537766
    },
    "max_pct_error": {
      "baseline": 77.8616492939301,
      "round61": 76.05503099673756,
      "delta_pct_points": 1.8066182971925429,
      "relative_improvement_pct": 2.3202928702068766
    }
  }
}