{
  "variant": "g3_markov_sym20",
  "method_file": "source_mod.run_calibration(n_states=42, markov) on sym20",
  "source_file": "/root/.openclaw/workspace/tmp_psins_py/psins_py/test_calibration_markov_pruned.py",
  "param_order": [
    "eb_x",
    "eb_y",
    "eb_z",
    "db_x",
    "db_y",
    "db_z",
    "dKg_xx",
    "dKg_yx",
    "dKg_zx",
    "dKg_xy",
    "dKg_yy",
    "dKg_zy",
    "dKg_xz",
    "dKg_yz",
    "dKg_zz",
    "dKa_xx",
    "dKa_xy",
    "dKa_xz",
    "dKa_yy",
    "dKa_yz",
    "dKa_zz",
    "Ka2_x",
    "Ka2_y",
    "Ka2_z",
    "rx_x",
    "rx_y",
    "rx_z",
    "ry_x",
    "ry_y",
    "ry_z"
  ],
  "param_errors": {
    "eb_x": {
      "true": 4.84813681109536e-07,
      "est": 4.866737085537832e-07,
      "abs_error": 1.860027444247165e-09,
      "pct_error": 0.3836582004019233
    },
    "eb_y": {
      "true": 9.69627362219072e-07,
      "est": 9.731637648371643e-07,
      "abs_error": 3.5364026180921857e-09,
      "pct_error": 0.36471770041625445
    },
    "eb_z": {
      "true": 1.4544410433286078e-06,
      "est": 1.4458842439201333e-06,
      "abs_error": 8.556799408474545e-09,
      "pct_error": 0.588322190694757
    },
    "db_x": {
      "true": 0.00097803267715,
      "est": 0.0009785668486127807,
      "abs_error": 5.341714627807737e-07,
      "pct_error": 0.054616934102586064
    },
    "db_y": {
      "true": 0.0019560653543,
      "est": 0.001963754830139253,
      "abs_error": 7.689475839253376e-06,
      "pct_error": 0.3931093520137083
    },
    "db_z": {
      "true": 0.00293409803145,
      "est": 0.0029404562155442805,
      "abs_error": 6.3581840942803294e-06,
      "pct_error": 0.2166997839243354
    },
    "dKg_xx": {
      "true": -9.99999999995449e-06,
      "est": -9.651997071591367e-06,
      "abs_error": 3.480029283631225e-07,
      "pct_error": 3.480029283647063
    },
    "dKg_yx": {
      "true": 0.0001454441043328608,
      "est": 0.00014381212473528422,
      "abs_error": 1.6319795975765705e-06,
      "pct_error": 1.122066518311152
    },
    "dKg_zx": {
      "true": 0.00024240684055476798,
      "est": 0.0002427712334603963,
      "abs_error": 3.6439290562831914e-07,
      "pct_error": 0.15032286415448343
    },
    "dKg_xy": {
      "true": 4.84813681109536e-05,
      "est": 4.8917111700699864e-05,
      "abs_error": 4.357435897462669e-07,
      "pct_error": 0.8987856711242798
    },
    "dKg_yy": {
      "true": -2.0000000000020002e-05,
      "est": -1.9895973449868265e-05,
      "abs_error": 1.0402655015173679e-07,
      "pct_error": 0.5201327507581638
    },
    "dKg_zy": {
      "true": 0.0002908882086657216,
      "est": 0.00028912269644285857,
      "abs_error": 1.7655122228630096e-06,
      "pct_error": 0.6069383942928652
    },
    "dKg_xz": {
      "true": 9.69627362219072e-05,
      "est": 9.693127059863258e-05,
      "abs_error": 3.146562327461058e-08,
      "pct_error": 0.032451253440908386
    },
    "dKg_yz": {
      "true": 0.0001939254724438144,
      "est": 0.00019335167460483066,
      "abs_error": 5.737978389837317e-07,
      "pct_error": 0.29588575020745506
    },
    "dKg_zz": {
      "true": -2.999999999997449e-05,
      "est": -2.964227846469214e-05,
      "abs_error": 3.577215352823515e-07,
      "pct_error": 1.1924051176088521
    },
    "dKa_xx": {
      "true": -9.99999999995449e-06,
      "est": -9.571692683563171e-06,
      "abs_error": 4.283073163913187e-07,
      "pct_error": 4.283073163932679
    },
    "dKa_xy": {
      "true": 4.84813681109536e-05,
      "est": 4.905008060730133e-05,
      "abs_error": 5.687124963477339e-07,
      "pct_error": 1.1730537286946783
    },
    "dKa_xz": {
      "true": 9.69627362219072e-05,
      "est": 9.687034675406838e-05,
      "abs_error": 9.238946783881013e-08,
      "pct_error": 0.09528347841522257
    },
    "dKa_yy": {
      "true": -2.0000000000020002e-05,
      "est": -1.9132540923338937e-05,
      "abs_error": 8.674590766810653e-07,
      "pct_error": 4.337295383400988
    },
    "dKa_yz": {
      "true": 0.0001939254724438144,
      "est": 0.00019510603643994818,
      "abs_error": 1.1805639961337978e-06,
      "pct_error": 0.608772009812089
    },
    "dKa_zz": {
      "true": -2.999999999997449e-05,
      "est": -2.9607605496417833e-05,
      "abs_error": 3.9239450355665895e-07,
      "pct_error": 1.3079816785233087
    },
    "Ka2_x": {
      "true": 1.0224607248440952e-06,
      "est": 1.0225809198566774e-06,
      "abs_error": 1.2019501258214143e-10,
      "pct_error": 0.011755464993578973
    },
    "Ka2_y": {
      "true": 2.0449214496881904e-06,
      "est": 2.046503671802913e-06,
      "abs_error": 1.5822221147223593e-09,
      "pct_error": 0.07737324653539218
    },
    "Ka2_z": {
      "true": 3.0673821745322856e-06,
      "est": 3.0441494582248053e-06,
      "abs_error": 2.32327163074803e-08,
      "pct_error": 0.7574118575890474
    },
    "rx_x": {
      "true": 0.01,
      "est": 0.01014924510897914,
      "abs_error": 0.0001492451089791392,
      "pct_error": 1.4924510897913918
    },
    "rx_y": {
      "true": 0.02,
      "est": 0.019948717976082678,
      "abs_error": 5.12820239173227e-05,
      "pct_error": 0.2564101195866135
    },
    "rx_z": {
      "true": 0.03,
      "est": 0.03021655956715064,
      "abs_error": 0.00021655956715064054,
      "pct_error": 0.7218652238354685
    },
    "ry_x": {
      "true": 0.04,
      "est": 0.039957497737426295,
      "abs_error": 4.250226257370565e-05,
      "pct_error": 0.10625565643426413
    },
    "ry_y": {
      "true": 0.05,
      "est": 0.050088147735117085,
      "abs_error": 8.814773511708202e-05,
      "pct_error": 0.17629547023416403
    },
    "ry_z": {
      "true": 0.06,
      "est": 0.06011991463959884,
      "abs_error": 0.00011991463959884485,
      "pct_error": 0.19985773266474144
    }
  },
  "focus_scale_pct": {
    "dKg_xx": 3.480029283647063,
    "dKg_xy": 0.8987856711242798,
    "dKg_yy": 0.5201327507581638,
    "dKg_zz": 1.1924051176088521,
    "dKa_xx": 4.283073163932679
  },
  "lever_guard_pct": {
    "rx_y": 0.2564101195866135,
    "ry_z": 0.19985773266474144
  },
  "overall": {
    "mean_pct_error": 0.8635092356514139,
    "median_pct_error": 0.456621051385936,
    "max_pct_error": 4.337295383400988
  },
  "extra": {
    "comparison_mode": "four_group_static_to_scd_alignment",
    "group_key": "g3",
    "noise_scale": 0.12,
    "noise_config": {
      "arw_dpsh": 0.0006,
      "vrw_ugpsHz": 0.6,
      "bi_g_dph": 0.00024,
      "bi_a_ug": 0.6,
      "tau_g": 300.0,
      "tau_a": 300.0,
      "seed": 42,
      "base_family": "round53_round61_shared"
    }
  }
}