{
  "variant": "g4_sym20_retune_scd_sel_once_a0999_navonly_commit_noise0p12",
  "method_file": "round53_base + _build_patched_method + _run_internalized_hybrid_scd",
  "source_file": "/root/.openclaw/workspace/tmp_psins_py/psins_py/test_calibration_markov_pruned.py",
  "param_order": [
    "eb_x",
    "eb_y",
    "eb_z",
    "db_x",
    "db_y",
    "db_z",
    "dKg_xx",
    "dKg_yx",
    "dKg_zx",
    "dKg_xy",
    "dKg_yy",
    "dKg_zy",
    "dKg_xz",
    "dKg_yz",
    "dKg_zz",
    "dKa_xx",
    "dKa_xy",
    "dKa_xz",
    "dKa_yy",
    "dKa_yz",
    "dKa_zz",
    "Ka2_x",
    "Ka2_y",
    "Ka2_z",
    "rx_x",
    "rx_y",
    "rx_z",
    "ry_x",
    "ry_y",
    "ry_z"
  ],
  "param_errors": {
    "eb_x": {
      "true": 4.84813681109536e-07,
      "est": 4.86394413820934e-07,
      "abs_error": 1.580732711397985e-09,
      "pct_error": 0.3260495264449526
    },
    "eb_y": {
      "true": 9.69627362219072e-07,
      "est": 9.730698446718106e-07,
      "abs_error": 3.442482452738462e-09,
      "pct_error": 0.3550314880615639
    },
    "eb_z": {
      "true": 1.4544410433286078e-06,
      "est": 1.445779703459374e-06,
      "abs_error": 8.661339869233746e-09,
      "pct_error": 0.5955098633225833
    },
    "db_x": {
      "true": 0.00097803267715,
      "est": 0.0009787104259536467,
      "abs_error": 6.777488036468354e-07,
      "pct_error": 0.06929715330389619
    },
    "db_y": {
      "true": 0.0019560653543,
      "est": 0.0019637925460902254,
      "abs_error": 7.727191790225536e-06,
      "pct_error": 0.39503750594216724
    },
    "db_z": {
      "true": 0.00293409803145,
      "est": 0.0029404176381022983,
      "abs_error": 6.319606652298131e-06,
      "pct_error": 0.21538498661461042
    },
    "dKg_xx": {
      "true": -9.99999999995449e-06,
      "est": -9.58989756405515e-06,
      "abs_error": 4.101024358993399e-07,
      "pct_error": 4.1010243590120625
    },
    "dKg_yx": {
      "true": 0.0001454441043328608,
      "est": 0.0001437880270094375,
      "abs_error": 1.656077323423298e-06,
      "pct_error": 1.1386348941537217
    },
    "dKg_zx": {
      "true": 0.00024240684055476798,
      "est": 0.00024276155970475067,
      "abs_error": 3.547191499826913e-07,
      "pct_error": 0.14633215348662906
    },
    "dKg_xy": {
      "true": 4.84813681109536e-05,
      "est": 4.970656946198974e-05,
      "abs_error": 1.2252013510361413e-06,
      "pct_error": 2.527159192851504
    },
    "dKg_yy": {
      "true": -2.0000000000020002e-05,
      "est": -1.9894721943192195e-05,
      "abs_error": 1.0527805682780667e-07,
      "pct_error": 0.526390284138507
    },
    "dKg_zy": {
      "true": 0.0002908882086657216,
      "est": 0.00028908234112523507,
      "abs_error": 1.8058675404865115e-06,
      "pct_error": 0.6208115305772846
    },
    "dKg_xz": {
      "true": 9.69627362219072e-05,
      "est": 9.692683507778685e-05,
      "abs_error": 3.590114412033868e-08,
      "pct_error": 0.0370257126801537
    },
    "dKg_yz": {
      "true": 0.0001939254724438144,
      "est": 0.00019334096583974956,
      "abs_error": 5.845066040648301e-07,
      "pct_error": 0.30140785359395117
    },
    "dKg_zz": {
      "true": -2.999999999997449e-05,
      "est": -2.9207389456997745e-05,
      "abs_error": 7.92610542976746e-07,
      "pct_error": 2.6420351432580667
    },
    "dKa_xx": {
      "true": -9.99999999995449e-06,
      "est": -9.581694059290768e-06,
      "abs_error": 4.183059406637213e-07,
      "pct_error": 4.18305940665625
    },
    "dKa_xy": {
      "true": 4.84813681109536e-05,
      "est": 4.901498158327745e-05,
      "abs_error": 5.336134723238537e-07,
      "pct_error": 1.1006567947972001
    },
    "dKa_xz": {
      "true": 9.69627362219072e-05,
      "est": 9.683732649424231e-05,
      "abs_error": 1.254097276648852e-07,
      "pct_error": 0.12933806589149335
    },
    "dKa_yy": {
      "true": -2.0000000000020002e-05,
      "est": -1.912460290465212e-05,
      "abs_error": 8.753970953678802e-07,
      "pct_error": 4.376985476835024
    },
    "dKa_yz": {
      "true": 0.0001939254724438144,
      "est": 0.00019503150862234525,
      "abs_error": 1.10603617853086e-06,
      "pct_error": 0.5703408451673667
    },
    "dKa_zz": {
      "true": -2.999999999997449e-05,
      "est": -2.9595744267085777e-05,
      "abs_error": 4.042557328887142e-07,
      "pct_error": 1.347519109630193
    },
    "Ka2_x": {
      "true": 1.0224607248440952e-06,
      "est": 1.0213831692324908e-06,
      "abs_error": 1.0775556116044593e-09,
      "pct_error": 0.10538845995955148
    },
    "Ka2_y": {
      "true": 2.0449214496881904e-06,
      "est": 2.0462326558161285e-06,
      "abs_error": 1.3112061279380637e-09,
      "pct_error": 0.0641201219801375
    },
    "Ka2_z": {
      "true": 3.0673821745322856e-06,
      "est": 3.0444156982804717e-06,
      "abs_error": 2.2966476251813976e-08,
      "pct_error": 0.7487321417754507
    },
    "rx_x": {
      "true": 0.01,
      "est": 0.010148808678521037,
      "abs_error": 0.0001488086785210365,
      "pct_error": 1.488086785210365
    },
    "rx_y": {
      "true": 0.02,
      "est": 0.019967541717773533,
      "abs_error": 3.245828222646699e-05,
      "pct_error": 0.16229141113233495
    },
    "rx_z": {
      "true": 0.03,
      "est": 0.030216581268000482,
      "abs_error": 0.00021658126800048333,
      "pct_error": 0.7219375600016111
    },
    "ry_x": {
      "true": 0.04,
      "est": 0.03995436531441951,
      "abs_error": 4.563468558049094e-05,
      "pct_error": 0.11408671395122735
    },
    "ry_y": {
      "true": 0.05,
      "est": 0.050091109438067286,
      "abs_error": 9.110943806728278e-05,
      "pct_error": 0.18221887613456555
    },
    "ry_z": {
      "true": 0.06,
      "est": 0.060188577202502695,
      "abs_error": 0.00018857720250269744,
      "pct_error": 0.31429533750449573
    }
  },
  "focus_scale_pct": {
    "dKg_xx": 4.1010243590120625,
    "dKg_xy": 2.527159192851504,
    "dKg_yy": 0.526390284138507,
    "dKg_zz": 2.6420351432580667,
    "dKa_xx": 4.18305940665625
  },
  "lever_guard_pct": {
    "rx_y": 0.16229141113233495,
    "ry_z": 0.31429533750449573
  },
  "overall": {
    "mean_pct_error": 0.986872958468964,
    "median_pct_error": 0.4607138950403371,
    "max_pct_error": 4.376985476835024
  },
  "extra": {
    "comparison_mode": "g4_sym20_retune_r59_r60_r61_on_corrected_symmetric20_att0zero_1200s",
    "path_case_key": "symmetric20",
    "path_case_tag": "ch3corrected_symmetric20_att0zero_1200s",
    "path_case_display_name": "20-position corrected symmetric scheme",
    "att0_deg": [
      0.0,
      0.0,
      0.0
    ],
    "n_motion_rows": 20,
    "claimed_position_count": 20,
    "total_time_s": 1200.0,
    "timing_note": "uniform 20 × 60 s = 1200 s, row split 6 / 6 / 48 s",
    "source_builder": "/root/.openclaw/workspace/psins_method_bench/scripts/probe_ch3_corrected_symmetric20_front2_back11.py",
    "source_reference": "anchor2_zpair_anchor11_xpair_symmetric20_60s",
    "builder_method_tag": "ch3closedloop_anchor2_zpair_anchor11_xpair_symmetric20_60s",
    "rationale": "Restore stronger front/back symmetry under the real two-axis mechanism by pairing the existing late anchor11 x-family outerhold with its front-half counterpart after anchor2. Under legality, the mirrored front motif must sweep the z-family (not x-family) because anchor2 inner-open +90 shifts the legal outer axis from +X to +Z before the outer pair executes.",
    "noise_scale": 0.12,
    "noise_config": {
      "arw_dpsh": 0.0006,
      "vrw_ugpsHz": 0.6,
      "bi_g_dph": 0.00024,
      "bi_a_ug": 0.6,
      "tau_g": 300.0,
      "tau_a": 300.0,
      "seed": 42,
      "base_family": "round53_round61_shared"
    },
    "candidate_family": "round59_hybrid",
    "source_name": "scd_sel_once_a0999_navonly_commit",
    "candidate_name": "scd_sel_once_a0999_navonly_commit",
    "merge_source": "probe_round59_h_scd_hybrid._merge_hybrid_candidate",