{
  "variant": "g4_sym20_retune_r61_td18_s20_0899_ryz00116_noise0p12",
  "method_file": "round53_base + _build_patched_method + _run_internalized_hybrid_scd",
  "source_file": "/root/.openclaw/workspace/tmp_psins_py/psins_py/test_calibration_markov_pruned.py",
  "param_order": [
    "eb_x",
    "eb_y",
    "eb_z",
    "db_x",
    "db_y",
    "db_z",
    "dKg_xx",
    "dKg_yx",
    "dKg_zx",
    "dKg_xy",
    "dKg_yy",
    "dKg_zy",
    "dKg_xz",
    "dKg_yz",
    "dKg_zz",
    "dKa_xx",
    "dKa_xy",
    "dKa_xz",
    "dKa_yy",
    "dKa_yz",
    "dKa_zz",
    "Ka2_x",
    "Ka2_y",
    "Ka2_z",
    "rx_x",
    "rx_y",
    "rx_z",
    "ry_x",
    "ry_y",
    "ry_z"
  ],
  "param_errors": {
    "eb_x": {
      "true": 4.84813681109536e-07,
      "est": 4.862951422667031e-07,
      "abs_error": 1.4814611571670592e-09,
      "pct_error": 0.30557329854566256
    },
    "eb_y": {
      "true": 9.69627362219072e-07,
      "est": 9.72477372744922e-07,
      "abs_error": 2.850010525849845e-09,
      "pct_error": 0.2939284344583017
    },
    "eb_z": {
      "true": 1.4544410433286078e-06,
      "est": 1.4451024339330265e-06,
      "abs_error": 9.338609395581366e-09,
      "pct_error": 0.6420754858656348
    },
    "db_x": {
      "true": 0.00097803267715,
      "est": 0.0009788247800577644,
      "abs_error": 7.921029077644515e-07,
      "pct_error": 0.08098941132239568
    },
    "db_y": {
      "true": 0.0019560653543,
      "est": 0.0019642685213871855,
      "abs_error": 8.203167087185697e-06,
      "pct_error": 0.4193708082990557
    },
    "db_z": {
      "true": 0.00293409803145,
      "est": 0.0029410197378243554,
      "abs_error": 6.921706374355286e-06,
      "pct_error": 0.23590576388937667
    },
    "dKg_xx": {
      "true": -9.99999999995449e-06,
      "est": -9.628218322399462e-06,
      "abs_error": 3.7178167755502756e-07,
      "pct_error": 3.7178167755671954
    },
    "dKg_yx": {
      "true": 0.0001454441043328608,
      "est": 0.00014376450985905285,
      "abs_error": 1.6795944738079438e-06,
      "pct_error": 1.1548040957122978
    },
    "dKg_zx": {
      "true": 0.00024240684055476798,
      "est": 0.00024288324128837911,
      "abs_error": 4.7640073361113026e-07,
      "pct_error": 0.1965294100285487
    },
    "dKg_xy": {
      "true": 4.84813681109536e-05,
      "est": 4.9711570673609793e-05,
      "abs_error": 1.2302025626561967e-06,
      "pct_error": 2.5374749323096184
    },
    "dKg_yy": {
      "true": -2.0000000000020002e-05,
      "est": -1.9881605231253374e-05,
      "abs_error": 1.1839476876662758e-07,
      "pct_error": 0.5919738438325458
    },
    "dKg_zy": {
      "true": 0.0002908882086657216,
      "est": 0.0002891838247465176,
      "abs_error": 1.7043839192039867e-06,
      "pct_error": 0.5859240314421285
    },
    "dKg_xz": {
      "true": 9.69627362219072e-05,
      "est": 9.692665745985563e-05,
      "abs_error": 3.607876205156588e-08,
      "pct_error": 0.03720889432100665
    },
    "dKg_yz": {
      "true": 0.0001939254724438144,
      "est": 0.00019334642822162206,
      "abs_error": 5.790442221923235e-07,
      "pct_error": 0.29859111074750055
    },
    "dKg_zz": {
      "true": -2.999999999997449e-05,
      "est": -2.9198139606112505e-05,
      "abs_error": 8.018603938619862e-07,
      "pct_error": 2.6728679795422265
    },
    "dKa_xx": {
      "true": -9.99999999995449e-06,
      "est": -9.585259312494543e-06,
      "abs_error": 4.1474068745994686e-07,
      "pct_error": 4.147406874618344
    },
    "dKa_xy": {
      "true": 4.84813681109536e-05,
      "est": 4.901248538294395e-05,
      "abs_error": 5.311172719903555e-07,
      "pct_error": 1.0955080120157707
    },
    "dKa_xz": {
      "true": 9.69627362219072e-05,
      "est": 9.681477954084493e-05,
      "abs_error": 1.4795668106226114e-07,
      "pct_error": 0.15259128076135364
    },
    "dKa_yy": {
      "true": -2.0000000000020002e-05,
      "est": -1.912548866522812e-05,
      "abs_error": 8.745113347918831e-07,
      "pct_error": 4.372556673955043
    },
    "dKa_yz": {
      "true": 0.0001939254724438144,
      "est": 0.0001949332840421733,
      "abs_error": 1.0078115983589114e-06,
      "pct_error": 0.5196901601726934
    },
    "dKa_zz": {
      "true": -2.999999999997449e-05,
      "est": -2.9584887119238346e-05,
      "abs_error": 4.1511288073614594e-07,
      "pct_error": 1.3837096024549962
    },
    "Ka2_x": {
      "true": 1.0224607248440952e-06,
      "est": 1.0214722039389421e-06,
      "abs_error": 9.885209051531078e-10,
      "pct_error": 0.09668057472856353
    },
    "Ka2_y": {
      "true": 2.0449214496881904e-06,
      "est": 2.0414356514968017e-06,
      "abs_error": 3.4857981913887793e-09,
      "pct_error": 0.1704612268564298
    },
    "Ka2_z": {
      "true": 3.0673821745322856e-06,
      "est": 3.039404779816611e-06,
      "abs_error": 2.7977394715674588e-08,
      "pct_error": 0.9120935417817827
    },
    "rx_x": {
      "true": 0.01,
      "est": 0.010150601301673529,
      "abs_error": 0.00015060130167352838,
      "pct_error": 1.5060130167352839
    },
    "rx_y": {
      "true": 0.02,
      "est": 0.019967668799986026,
      "abs_error": 3.233120001397416e-05,
      "pct_error": 0.1616560000698708
    },
    "rx_z": {
      "true": 0.03,
      "est": 0.030216502084447084,
      "abs_error": 0.0002165020844470851,
      "pct_error": 0.721673614823617
    },
    "ry_x": {
      "true": 0.04,
      "est": 0.039953799933435195,
      "abs_error": 4.6200066564805464e-05,
      "pct_error": 0.11550016641201366
    },
    "ry_y": {
      "true": 0.05,
      "est": 0.05009147423665066,
      "abs_error": 9.147423665065851e-05,
      "pct_error": 0.18294847330131703
    },
    "ry_z": {
      "true": 0.06,
      "est": 0.06019104181530391,
      "abs_error": 0.00019104181530391062,
      "pct_error": 0.3184030255065177
    }
  },
  "focus_scale_pct": {
    "dKg_xx": 3.7178167755671954,
    "dKg_xy": 2.5374749323096184,
    "dKg_yy": 0.5919738438325458,
    "dKg_zz": 2.6728679795422265,
    "dKa_xx": 4.147406874618344
  },
  "lever_guard_pct": {
    "rx_y": 0.1616560000698708,
    "ry_z": 0.3184030255065177
  },
  "overall": {
    "mean_pct_error": 0.9875975506692364,
    "median_pct_error": 0.46953048423587457,
    "max_pct_error": 4.372556673955043
  },
  "extra": {
    "comparison_mode": "g4_sym20_retune_r59_r60_r61_on_corrected_symmetric20_att0zero_1200s",
    "path_case_key": "symmetric20",
    "path_case_tag": "ch3corrected_symmetric20_att0zero_1200s",
    "path_case_display_name": "20-position corrected symmetric scheme",
    "att0_deg": [
      0.0,
      0.0,
      0.0
    ],
    "n_motion_rows": 20,
    "claimed_position_count": 20,
    "total_time_s": 1200.0,
    "timing_note": "uniform 20 × 60 s = 1200 s, row split 6 / 6 / 48 s",
    "source_builder": "/root/.openclaw/workspace/psins_method_bench/scripts/probe_ch3_corrected_symmetric20_front2_back11.py",
    "source_reference": "anchor2_zpair_anchor11_xpair_symmetric20_60s",
    "builder_method_tag": "ch3closedloop_anchor2_zpair_anchor11_xpair_symmetric20_60s",
    "rationale": "Restore stronger front/back symmetry under the real two-axis mechanism by pairing the existing late anchor11 x-family outerhold with its front-half counterpart after anchor2. Under legality, the mirrored front motif must sweep the z-family (not x-family) because anchor2 inner-open +90 shifts the legal outer axis from +X to +Z before the outer pair executes.",
    "noise_scale": 0.12,
    "noise_config": {
      "arw_dpsh": 0.0006,
      "vrw_ugpsHz": 0.6,
      "bi_g_dph": 0.00024,
      "bi_a_ug": 0.6,
      "tau_g": 300.0,
      "tau_a": 300.0,
      "seed": 42,
      "base_family": "round53_round61_shared"
    },
    "candidate_family": "round61_micro",
    "source_name": "r61_td18_s20_0899_ryz00116",
    "candidate_name": "r61_td18_s20_0899_ryz00116",
    "merge_source": "probe_round61_hybrid_micro._merge_round61_candidate",