{
  "variant": "g4_sym20_native_scd_ultrafine_c1_sel_once_b0_a099988_td0p65_noise0p12",
  "method_file": "round53_base + _build_patched_method(neutral) + local _run_internalized_hybrid_scd",
  "source_file": "/root/.openclaw/workspace/tmp_psins_py/psins_py/test_calibration_markov_pruned.py",
  "param_order": [
    "eb_x",
    "eb_y",
    "eb_z",
    "db_x",
    "db_y",
    "db_z",
    "dKg_xx",
    "dKg_yx",
    "dKg_zx",
    "dKg_xy",
    "dKg_yy",
    "dKg_zy",
    "dKg_xz",
    "dKg_yz",
    "dKg_zz",
    "dKa_xx",
    "dKa_xy",
    "dKa_xz",
    "dKa_yy",
    "dKa_yz",
    "dKa_zz",
    "Ka2_x",
    "Ka2_y",
    "Ka2_z",
    "rx_x",
    "rx_y",
    "rx_z",
    "ry_x",
    "ry_y",
    "ry_z"
  ],
  "param_errors": {
    "eb_x": {
      "true": 4.84813681109536e-07,
      "est": 4.866318046085486e-07,
      "abs_error": 1.8181234990125397e-09,
      "pct_error": 0.37501489125711435
    },
    "eb_y": {
      "true": 9.69627362219072e-07,
      "est": 9.731460625970994e-07,
      "abs_error": 3.518700378027327e-09,
      "pct_error": 0.36289202585769564
    },
    "eb_z": {
      "true": 1.4544410433286078e-06,
      "est": 1.4458674565361955e-06,
      "abs_error": 8.57358679241236e-09,
      "pct_error": 0.5894764061932
    },
    "db_x": {
      "true": 0.00097803267715,
      "est": 0.0009785834019588459,
      "abs_error": 5.507248088459579e-07,
      "pct_error": 0.0563094487242264
    },
    "db_y": {
      "true": 0.0019560653543,
      "est": 0.0019637536768794166,
      "abs_error": 7.68832257941679e-06,
      "pct_error": 0.3930503938692858
    },
    "db_z": {
      "true": 0.00293409803145,
      "est": 0.002940455742089734,
      "abs_error": 6.357710639733928e-06,
      "pct_error": 0.2166836476350456
    },
    "dKg_xx": {
      "true": -9.99999999995449e-06,
      "est": -9.647935014456266e-06,
      "abs_error": 3.5206498549822385e-07,
      "pct_error": 3.520649854998261
    },
    "dKg_yx": {
      "true": 0.0001454441043328608,
      "est": 0.00014381530166257376,
      "abs_error": 1.6288026702870266e-06,
      "pct_error": 1.1198822240050224
    },
    "dKg_zx": {
      "true": 0.00024240684055476798,
      "est": 0.00024277287000193048,
      "abs_error": 3.6602944716249836e-07,
      "pct_error": 0.15099798599940903
    },
    "dKg_xy": {
      "true": 4.84813681109536e-05,
      "est": 4.891593467923041e-05,
      "abs_error": 4.345665682768145e-07,
      "pct_error": 0.8963578900708271
    },
    "dKg_yy": {
      "true": -2.0000000000020002e-05,
      "est": -1.9895554077553612e-05,
      "abs_error": 1.0444592246638962e-07,
      "pct_error": 0.5222296123314258
    },
    "dKg_zy": {
      "true": 0.0002908882086657216,
      "est": 0.00028912171072368535,
      "abs_error": 1.766497942036233e-06,
      "pct_error": 0.6072772595833301
    },
    "dKg_xz": {
      "true": 9.69627362219072e-05,
      "est": 9.693248782436383e-05,
      "abs_error": 3.0248397543363435e-08,
      "pct_error": 0.031195899292835026
    },
    "dKg_yz": {
      "true": 0.0001939254724438144,
      "est": 0.0001933521712125094,
      "abs_error": 5.733012313049784e-07,
      "pct_error": 0.29562966849085787
    },
    "dKg_zz": {
      "true": -2.999999999997449e-05,
      "est": -2.9643908576737488e-05,
      "abs_error": 3.560914232370038e-07,
      "pct_error": 1.186971410791022
    },
    "dKa_xx": {
      "true": -9.99999999995449e-06,
      "est": -9.57191874162433e-06,
      "abs_error": 4.2808125833015964e-07,
      "pct_error": 4.280812583321079
    },
    "dKa_xy": {
      "true": 4.84813681109536e-05,
      "est": 4.904659124566012e-05,
      "abs_error": 5.65223134706525e-07,
      "pct_error": 1.1658564036661783
    },
    "dKa_xz": {
      "true": 9.69627362219072e-05,
      "est": 9.686940534298404e-05,
      "abs_error": 9.333087892315157e-08,
      "pct_error": 0.09625437828977536
    },
    "dKa_yy": {
      "true": -2.0000000000020002e-05,
      "est": -1.913258120711525e-05,
      "abs_error": 8.674187929047505e-07,
      "pct_error": 4.337093964519415
    },
    "dKa_yz": {
      "true": 0.0001939254724438144,
      "est": 0.00019510645297580125,
      "abs_error": 1.180980531986862e-06,
      "pct_error": 0.6089868015296572
    },
    "dKa_zz": {
      "true": -2.999999999997449e-05,
      "est": -2.960762189019306e-05,
      "abs_error": 3.9237810978143273e-07,
      "pct_error": 1.3079270326058878
    },
    "Ka2_x": {
      "true": 1.0224607248440952e-06,
      "est": 1.0224425822089531e-06,
      "abs_error": 1.8142635142102964e-11,
      "pct_error": 0.0017744090018586634
    },
    "Ka2_y": {
      "true": 2.0449214496881904e-06,
      "est": 2.046513583132157e-06,
      "abs_error": 1.592133443966666e-09,
      "pct_error": 0.0778579267291384
    },
    "Ka2_z": {
      "true": 3.0673821745322856e-06,
      "est": 3.0441523692077496e-06,
      "abs_error": 2.322980532453608e-08,
      "pct_error": 0.7573169563743116
    },
    "rx_x": {
      "true": 0.01,
      "est": 0.010149269864579787,
      "abs_error": 0.00014926986457978672,
      "pct_error": 1.4926986457978673
    },
    "rx_y": {
      "true": 0.02,
      "est": 0.019949141252650363,
      "abs_error": 5.0858747349637884e-05,
      "pct_error": 0.25429373674818945
    },
    "rx_z": {
      "true": 0.03,
      "est": 0.030216558545521133,
      "abs_error": 0.00021655854552113385,
      "pct_error": 0.7218618184037795
    },
    "ry_x": {
      "true": 0.04,
      "est": 0.03995718569330929,
      "abs_error": 4.281430669070968e-05,
      "pct_error": 0.1070357667267742
    },
    "ry_y": {
      "true": 0.05,
      "est": 0.050088270277752034,
      "abs_error": 8.827027775203111e-05,
      "pct_error": 0.17654055550406222
    },
    "ry_z": {
      "true": 0.06,
      "est": 0.060120052587287434,
      "abs_error": 0.0001200525872874364,
      "pct_error": 0.20008764547906066
    }
  },
  "focus_scale_pct": {
    "dKg_xx": 3.520649854998261,
    "dKg_xy": 0.8963578900708271,
    "dKg_yy": 0.5222296123314258,
    "dKg_zz": 1.186971410791022,
    "dKa_xx": 4.280812583321079
  },
  "lever_guard_pct": {
    "rx_y": 0.25429373674818945,
    "ry_z": 0.20008764547906066
  },
  "overall": {
    "mean_pct_error": 0.8637005747932197,
    "median_pct_error": 0.4576400031003558,
    "max_pct_error": 4.337093964519415
  },
  "extra": {
    "comparison_mode": "sym20_native_scd_ultrafine_local_refine_2026_04_05",
    "path_case_key": "symmetric20",
    "path_case_tag": "ch3corrected_symmetric20_att0zero_1200s",
    "path_case_display_name": "20-position corrected symmetric scheme",
    "att0_deg": [
      0.0,
      0.0,
      0.0
    ],
    "n_motion_rows": 20,
    "claimed_position_count": 20,
    "total_time_s": 1200.0,
    "timing_note": "uniform 20 × 60 s = 1200 s, row split 6 / 6 / 48 s",
    "source_builder": "/root/.openclaw/workspace/psins_method_bench/scripts/probe_ch3_corrected_symmetric20_front2_back11.py",
    "source_reference": "anchor2_zpair_anchor11_xpair_symmetric20_60s",
    "builder_method_tag": "ch3closedloop_anchor2_zpair_anchor11_xpair_symmetric20_60s",
    "rationale": "Stage C1 ultra-fine local refinement around current best: alpha=0.99988, transition_duration=0.65, target=selected, mode=once_per_phase, bias_to_target=False, apply_policy_names=['iter2_commit']",
    "noise_scale": 0.12,
    "noise_config": {
      "arw_dpsh": 0.0006,
      "vrw_ugpsHz": 0.6,
      "bi_g_dph": 0.00024,
      "bi_a_ug": 0.6,
      "tau_g": 300.0,
      "tau_a": 300.0,
      "seed": 42,
      "base_family": "round53_round61_shared"
    },
    "candidate_name": "c1_sel_once_b0_a099988_td0p65",
    "candidate_stage": "C1",
    "candidate_parent": null,
    "candidate_stage_index": 43,