{
  "variant": "g4_sym20_native_scd_ultrafine_c1_sel_once_b0_a099989_td0p85_noise0p12",
  "method_file": "round53_base + _build_patched_method(neutral) + local _run_internalized_hybrid_scd",
  "source_file": "/root/.openclaw/workspace/tmp_psins_py/psins_py/test_calibration_markov_pruned.py",
  "param_order": [
    "eb_x",
    "eb_y",
    "eb_z",
    "db_x",
    "db_y",
    "db_z",
    "dKg_xx",
    "dKg_yx",
    "dKg_zx",
    "dKg_xy",
    "dKg_yy",
    "dKg_zy",
    "dKg_xz",
    "dKg_yz",
    "dKg_zz",
    "dKa_xx",
    "dKa_xy",
    "dKa_xz",
    "dKa_yy",
    "dKa_yz",
    "dKa_zz",
    "Ka2_x",
    "Ka2_y",
    "Ka2_z",
    "rx_x",
    "rx_y",
    "rx_z",
    "ry_x",
    "ry_y",
    "ry_z"
  ],
  "param_errors": {
    "eb_x": {
      "true": 4.84813681109536e-07,
      "est": 4.866345761767157e-07,
      "abs_error": 1.8208950671796817e-09,
      "pct_error": 0.3755865682281105
    },
    "eb_y": {
      "true": 9.69627362219072e-07,
      "est": 9.731480585122765e-07,
      "abs_error": 3.5206962932044297e-09,
      "pct_error": 0.363097869386341
    },
    "eb_z": {
      "true": 1.4544410433286078e-06,
      "est": 1.445867105804791e-06,
      "abs_error": 8.573937523816839e-09,
      "pct_error": 0.5895005207082632
    },
    "db_x": {
      "true": 0.00097803267715,
      "est": 0.0009785821247210943,
      "abs_error": 5.494475710944146e-07,
      "pct_error": 0.05617885618050228
    },
    "db_y": {
      "true": 0.0019560653543,
      "est": 0.0019637540090937586,
      "abs_error": 7.688654793758763e-06,
      "pct_error": 0.39306737767513067
    },
    "db_z": {
      "true": 0.00293409803145,
      "est": 0.0029404556426740314,
      "abs_error": 6.357611224031261e-06,
      "pct_error": 0.21668025934666527
    },
    "dKg_xx": {
      "true": -9.99999999995449e-06,
      "est": -9.648296577902116e-06,
      "abs_error": 3.5170342205237404e-07,
      "pct_error": 3.5170342205397462
    },
    "dKg_yx": {
      "true": 0.0001454441043328608,
      "est": 0.00014381500341845567,
      "abs_error": 1.6291009144051222e-06,
      "pct_error": 1.1200872815558003
    },
    "dKg_zx": {
      "true": 0.00024240684055476798,
      "est": 0.00024277272941290306,
      "abs_error": 3.658888581350723e-07,
      "pct_error": 0.15093998886240406
    },
    "dKg_xy": {
      "true": 4.84813681109536e-05,
      "est": 4.8916245963435096e-05,
      "abs_error": 4.348778524814988e-07,
      "pct_error": 0.896999959832497
    },
    "dKg_yy": {
      "true": -2.0000000000020002e-05,
      "est": -1.9895589138618774e-05,
      "abs_error": 1.0441086140122735e-07,
      "pct_error": 0.5220543070056147
    },
    "dKg_zy": {
      "true": 0.0002908882086657216,
      "est": 0.00028912194632385455,
      "abs_error": 1.7662623418670306e-06,
      "pct_error": 0.6071962662112429
    },
    "dKg_xz": {
      "true": 9.69627362219072e-05,
      "est": 9.693239119940626e-05,
      "abs_error": 3.03450225009374e-08,
      "pct_error": 0.03129555093359816
    },
    "dKg_yz": {
      "true": 0.0001939254724438144,
      "est": 0.00019335214082240283,
      "abs_error": 5.733316214115609e-07,
      "pct_error": 0.2956453395144731
    },
    "dKg_zz": {
      "true": -2.999999999997449e-05,
      "est": -2.9643711418003704e-05,
      "abs_error": 3.562885819707873e-07,
      "pct_error": 1.1876286065703008
    },
    "dKa_xx": {
      "true": -9.99999999995449e-06,
      "est": -9.571895355664495e-06,
      "abs_error": 4.2810464428999495e-07,
      "pct_error": 4.281046442919433
    },
    "dKa_xy": {
      "true": 4.84813681109536e-05,
      "est": 4.904689488639514e-05,
      "abs_error": 5.65526775441544e-07,
      "pct_error": 1.1664827076399527
    },
    "dKa_xz": {
      "true": 9.69627362219072e-05,
      "est": 9.686950171875203e-05,
      "abs_error": 9.323450315516259e-08,
      "pct_error": 0.09615498364421954
    },
    "dKa_yy": {
      "true": -2.0000000000020002e-05,
      "est": -1.9132577126601547e-05,
      "abs_error": 8.674228734184553e-07,
      "pct_error": 4.337114367087938
    },
    "dKa_yz": {
      "true": 0.0001939254724438144,
      "est": 0.0001951064193462811,
      "abs_error": 1.1809469024667135e-06,
      "pct_error": 0.6089694600635132
    },
    "dKa_zz": {
      "true": -2.999999999997449e-05,
      "est": -2.9607618590832274e-05,
      "abs_error": 3.923814091422173e-07,
      "pct_error": 1.3079380304751698
    },
    "Ka2_x": {
      "true": 1.0224607248440952e-06,
      "est": 1.022452430840061e-06,
      "abs_error": 8.294004034222933e-12,
      "pct_error": 0.0008111806969883955
    },
    "Ka2_y": {
      "true": 2.0449214496881904e-06,
      "est": 2.0465102055314012e-06,
      "abs_error": 1.5887558432108036e-09,
      "pct_error": 0.0776927565336584
    },
    "Ka2_z": {
      "true": 3.0673821745322856e-06,
      "est": 3.0441536090102556e-06,
      "abs_error": 2.3228565522030018e-08,
      "pct_error": 0.7572765374621736
    },
    "rx_x": {
      "true": 0.01,
      "est": 0.01014926758271004,
      "abs_error": 0.00014926758271003975,
      "pct_error": 1.4926758271003975
    },
    "rx_y": {
      "true": 0.02,
      "est": 0.019949093478545045,
      "abs_error": 5.090652145495547e-05,
      "pct_error": 0.25453260727477733
    },
    "rx_z": {
      "true": 0.03,
      "est": 0.030216560861374437,
      "abs_error": 0.0002165608613744381,
      "pct_error": 0.7218695379147938
    },
    "ry_x": {
      "true": 0.04,
      "est": 0.03995721713463109,
      "abs_error": 4.278286536891357e-05,
      "pct_error": 0.10695716342228392
    },
    "ry_y": {
      "true": 0.05,
      "est": 0.05008825353910469,
      "abs_error": 8.825353910468792e-05,
      "pct_error": 0.17650707820937583
    },
    "ry_z": {
      "true": 0.06,
      "est": 0.060120035934538664,
      "abs_error": 0.00012003593453866618,
      "pct_error": 0.20005989089777698
    }
  },
  "focus_scale_pct": {
    "dKg_xx": 3.5170342205397462,
    "dKg_xy": 0.896999959832497,
    "dKg_yy": 0.5220543070056147,
    "dKg_zz": 1.1876286065703008,
    "dKa_xx": 4.281046442919433
  },
  "lever_guard_pct": {
    "rx_y": 0.25453260727477733,
    "ry_z": 0.20005989089777698
  },
  "overall": {
    "mean_pct_error": 0.8636360514631048,
    "median_pct_error": 0.4575608423403727,
    "max_pct_error": 4.337114367087938
  },
  "extra": {
    "comparison_mode": "sym20_native_scd_ultrafine_local_refine_2026_04_05",
    "path_case_key": "symmetric20",
    "path_case_tag": "ch3corrected_symmetric20_att0zero_1200s",
    "path_case_display_name": "20-position corrected symmetric scheme",
    "att0_deg": [
      0.0,
      0.0,
      0.0
    ],
    "n_motion_rows": 20,
    "claimed_position_count": 20,
    "total_time_s": 1200.0,
    "timing_note": "uniform 20 × 60 s = 1200 s, row split 6 / 6 / 48 s",
    "source_builder": "/root/.openclaw/workspace/psins_method_bench/scripts/probe_ch3_corrected_symmetric20_front2_back11.py",
    "source_reference": "anchor2_zpair_anchor11_xpair_symmetric20_60s",
    "builder_method_tag": "ch3closedloop_anchor2_zpair_anchor11_xpair_symmetric20_60s",
    "rationale": "Stage C1 ultra-fine local refinement around current best: alpha=0.99989, transition_duration=0.85, target=selected, mode=once_per_phase, bias_to_target=False, apply_policy_names=['iter2_commit']",
    "noise_scale": 0.12,
    "noise_config": {
      "arw_dpsh": 0.0006,
      "vrw_ugpsHz": 0.6,
      "bi_g_dph": 0.00024,
      "bi_a_ug": 0.6,
      "tau_g": 300.0,
      "tau_a": 300.0,
      "seed": 42,
      "base_family": "round53_round61_shared"
    },
    "candidate_name": "c1_sel_once_b0_a099989_td0p85",
    "candidate_stage": "C1",
    "candidate_parent": null,
    "candidate_stage_index": 40,