{
  "variant": "kf36_shared_noise0p15",
  "method_file": "source_mod.run_calibration(n_states=36)",
  "source_file": "/root/.openclaw/workspace/tmp_psins_py/psins_py/test_calibration_markov_pruned.py",
  "param_order": [
    "eb_x",
    "eb_y",
    "eb_z",
    "db_x",
    "db_y",
    "db_z",
    "dKg_xx",
    "dKg_yx",
    "dKg_zx",
    "dKg_xy",
    "dKg_yy",
    "dKg_zy",
    "dKg_xz",
    "dKg_yz",
    "dKg_zz",
    "dKa_xx",
    "dKa_xy",
    "dKa_xz",
    "dKa_yy",
    "dKa_yz",
    "dKa_zz",
    "Ka2_x",
    "Ka2_y",
    "Ka2_z",
    "rx_x",
    "rx_y",
    "rx_z",
    "ry_x",
    "ry_y",
    "ry_z"
  ],
  "param_errors": {
    "eb_x": {
      "true": 4.84813681109536e-07,
      "est": 4.177699737790941e-07,
      "abs_error": 6.704370733044195e-08,
      "pct_error": 13.828757302600641
    },
    "eb_y": {
      "true": 9.69627362219072e-07,
      "est": 9.008755040284038e-07,
      "abs_error": 6.875185819066833e-08,
      "pct_error": 7.090544354413023
    },
    "eb_z": {
      "true": 1.4544410433286078e-06,
      "est": 1.413963846195276e-06,
      "abs_error": 4.047719713333172e-08,
      "pct_error": 2.783007074710731
    },
    "db_x": {
      "true": 0.00097803267715,
      "est": 0.0009821998064108804,
      "abs_error": 4.167129260880444e-06,
      "pct_error": 0.4260726004598858
    },
    "db_y": {
      "true": 0.0019560653543,
      "est": 0.0019662301249326083,
      "abs_error": 1.0164770632608514e-05,
      "pct_error": 0.5196539374445437
    },
    "db_z": {
      "true": 0.00293409803145,
      "est": 0.0029521736207752756,
      "abs_error": 1.807558932527542e-05,
      "pct_error": 0.6160526721168432
    },
    "dKg_xx": {
      "true": -9.99999999995449e-06,
      "est": -9.409143064242897e-06,
      "abs_error": 5.908569357115923e-07,
      "pct_error": 5.908569357142813
    },
    "dKg_yx": {
      "true": 0.0001454441043328608,
      "est": 0.00014529868376924755,
      "abs_error": 1.4542056361323795e-07,
      "pct_error": 0.09998381459342692
    },
    "dKg_zx": {
      "true": 0.00024240684055476798,
      "est": 0.00024315424848334266,
      "abs_error": 7.474079285746795e-07,
      "pct_error": 0.3083279031499998
    },
    "dKg_xy": {
      "true": 4.84813681109536e-05,
      "est": 4.742004132791525e-05,
      "abs_error": 1.0613267830383483e-06,
      "pct_error": 2.18914363268259
    },
    "dKg_yy": {
      "true": -2.0000000000020002e-05,
      "est": -1.9533509050928544e-05,
      "abs_error": 4.6649094909145816e-07,
      "pct_error": 2.3324547454549585
    },
    "dKg_zy": {
      "true": 0.0002908882086657216,
      "est": 0.00029088077728513717,
      "abs_error": 7.43138058441296e-09,
      "pct_error": 0.002554720460653955
    },
    "dKg_xz": {
      "true": 9.69627362219072e-05,
      "est": 9.644089821982135e-05,
      "abs_error": 5.218380020858453e-07,
      "pct_error": 0.5381840719630437
    },
    "dKg_yz": {
      "true": 0.0001939254724438144,
      "est": 0.00019368817742274885,
      "abs_error": 2.372950210655382e-07,
      "pct_error": 0.12236402885870971
    },
    "dKg_zz": {
      "true": -2.999999999997449e-05,
      "est": -3.0493097283423864e-05,
      "abs_error": 4.93097283449373e-07,
      "pct_error": 1.6436576114993076
    },
    "dKa_xx": {
      "true": -9.99999999995449e-06,
      "est": -9.578921619679548e-06,
      "abs_error": 4.210783802749418e-07,
      "pct_error": 4.2107838027685816
    },
    "dKa_xy": {
      "true": 4.84813681109536e-05,
      "est": 4.7816592866642814e-05,
      "abs_error": 6.647752443107827e-07,
      "pct_error": 1.3711973696562973
    },
    "dKa_xz": {
      "true": 9.69627362219072e-05,
      "est": 9.627081196100124e-05,
      "abs_error": 6.91924260905953e-07,
      "pct_error": 0.7135981180671588
    },
    "dKa_yy": {
      "true": -2.0000000000020002e-05,
      "est": -1.9865305886712648e-05,
      "abs_error": 1.3469411330735426e-07,
      "pct_error": 0.6734705665360978
    },
    "dKa_yz": {
      "true": 0.0001939254724438144,
      "est": 0.00019359348502142937,
      "abs_error": 3.319874223850212e-07,
      "pct_error": 0.17119330338679836
    },
    "dKa_zz": {
      "true": -2.999999999997449e-05,
      "est": -2.9465447704879466e-05,
      "abs_error": 5.345522950950254e-07,
      "pct_error": 1.7818409836515998
    },
    "Ka2_x": {
      "true": 1.0224607248440952e-06,
      "est": 9.96130103952536e-07,
      "abs_error": 2.633062089155911e-08,
      "pct_error": 2.5752207641593277
    },
    "Ka2_y": {
      "true": 2.0449214496881904e-06,
      "est": 1.984283054102962e-06,
      "abs_error": 6.063839558522856e-08,
      "pct_error": 2.9653166186150917
    },
    "Ka2_z": {
      "true": 3.0673821745322856e-06,
      "est": 2.9927096849524845e-06,
      "abs_error": 7.46724895798012e-08,
      "pct_error": 2.434404496439615
    },
    "rx_x": {
      "true": 0.01,
      "est": 0.009882064187946144,
      "abs_error": 0.00011793581205385602,
      "pct_error": 1.1793581205385602
    },
    "rx_y": {
      "true": 0.02,
      "est": 0.020051584624623923,
      "abs_error": 5.158462462392238e-05,
      "pct_error": 0.2579231231196119
    },
    "rx_z": {
      "true": 0.03,
      "est": 0.029815374877464558,
      "abs_error": 0.0001846251225354409,
      "pct_error": 0.6154170751181364
    },
    "ry_x": {
      "true": 0.04,
      "est": 0.03985313033386348,
      "abs_error": 0.0001468696661365218,
      "pct_error": 0.36717416534130454
    },
    "ry_y": {
      "true": 0.05,
      "est": 0.05003653220487658,
      "abs_error": 3.653220487657982e-05,
      "pct_error": 0.07306440975315964
    },
    "ry_z": {
      "true": 0.06,
      "est": 0.05969953964068843,
      "abs_error": 0.000300460359311569,
      "pct_error": 0.5007672655192817
    }
  },
  "focus_scale_pct": {
    "dKg_xx": 5.908569357142813,
    "dKg_xy": 2.18914363268259,
    "dKg_yy": 2.3324547454549585,
    "dKg_zz": 1.6436576114993076,
    "dKa_xx": 4.2107838027685816
  },
  "lever_guard_pct": {
    "rx_y": 0.2579231231196119,
    "ry_z": 0.5007672655192817
  },
  "overall": {
    "mean_pct_error": 1.943335267007393,
    "median_pct_error": 0.6935343423016282,
    "max_pct_error": 13.828757302600641
  },
  "extra": {
    "noise_scale": 0.15,
    "noise_config": {
      "arw_dpsh": 0.00075,
      "vrw_ugpsHz": 0.75,
      "bi_g_dph": 0.0003,
      "bi_a_ug": 0.75,
      "tau_g": 300.0,
      "tau_a": 300.0,
      "seed": 42,
      "base_family": "round53_round61_shared"
    },
    "comparison_mode": "shared_dataset_apples_to_apples",
    "mainline_rung": "kf36_noisy"
  }
}