{
  "variant": "kf36_shared_noise0p25",
  "method_file": "source_mod.run_calibration(n_states=36)",
  "source_file": "/root/.openclaw/workspace/tmp_psins_py/psins_py/test_calibration_markov_pruned.py",
  "param_order": [
    "eb_x",
    "eb_y",
    "eb_z",
    "db_x",
    "db_y",
    "db_z",
    "dKg_xx",
    "dKg_yx",
    "dKg_zx",
    "dKg_xy",
    "dKg_yy",
    "dKg_zy",
    "dKg_xz",
    "dKg_yz",
    "dKg_zz",
    "dKa_xx",
    "dKa_xy",
    "dKa_xz",
    "dKa_yy",
    "dKa_yz",
    "dKa_zz",
    "Ka2_x",
    "Ka2_y",
    "Ka2_z",
    "rx_x",
    "rx_y",
    "rx_z",
    "ry_x",
    "ry_y",
    "ry_z"
  ],
  "param_errors": {
    "eb_x": {
      "true": 4.84813681109536e-07,
      "est": 4.238822233116844e-07,
      "abs_error": 6.093145779785167e-08,
      "pct_error": 12.568015337027003
    },
    "eb_y": {
      "true": 9.69627362219072e-07,
      "est": 9.005908443302193e-07,
      "abs_error": 6.903651788885277e-08,
      "pct_error": 7.119901993159209
    },
    "eb_z": {
      "true": 1.4544410433286078e-06,
      "est": 1.4089405907148164e-06,
      "abs_error": 4.550045261379139e-08,
      "pct_error": 3.1283806808462904
    },
    "db_x": {
      "true": 0.00097803267715,
      "est": 0.0009856891442179341,
      "abs_error": 7.656467067934224e-06,
      "pct_error": 0.7828436868024973
    },
    "db_y": {
      "true": 0.0019560653543,
      "est": 0.0019722513800924323,
      "abs_error": 1.618602579243249e-05,
      "pct_error": 0.8274787832037873
    },
    "db_z": {
      "true": 0.00293409803145,
      "est": 0.002963871851572765,
      "abs_error": 2.9773820122764704e-05,
      "pct_error": 1.0147520568033235
    },
    "dKg_xx": {
      "true": -9.99999999995449e-06,
      "est": -9.005322514576974e-06,
      "abs_error": 9.946774853775153e-07,
      "pct_error": 9.946774853820422
    },
    "dKg_yx": {
      "true": 0.0001454441043328608,
      "est": 0.00014502806413351196,
      "abs_error": 4.160401993488316e-07,
      "pct_error": 0.2860481703656337
    },
    "dKg_zx": {
      "true": 0.00024240684055476798,
      "est": 0.00024375062429015878,
      "abs_error": 1.3437837353907987e-06,
      "pct_error": 0.554350583636765
    },
    "dKg_xy": {
      "true": 4.84813681109536e-05,
      "est": 4.694522033488757e-05,
      "abs_error": 1.5361477760660288e-06,
      "pct_error": 3.1685322339716744
    },
    "dKg_yy": {
      "true": -2.0000000000020002e-05,
      "est": -1.9230844499729116e-05,
      "abs_error": 7.691555002908856e-07,
      "pct_error": 3.845777501450582
    },
    "dKg_zy": {
      "true": 0.0002908882086657216,
      "est": 0.00029104996724943103,
      "abs_error": 1.6175858370945286e-07,
      "pct_error": 0.055608504879391694
    },
    "dKg_xz": {
      "true": 9.69627362219072e-05,
      "est": 9.618174203532719e-05,
      "abs_error": 7.809941865800013e-07,
      "pct_error": 0.8054580728751629
    },
    "dKg_yz": {
      "true": 0.0001939254724438144,
      "est": 0.0001934325419351426,
      "abs_error": 4.929305086717913e-07,
      "pct_error": 0.2541855396611742
    },
    "dKg_zz": {
      "true": -2.999999999997449e-05,
      "est": -3.083228586198139e-05,
      "abs_error": 8.322858620068985e-07,
      "pct_error": 2.7742862066920204
    },
    "dKa_xx": {
      "true": -9.99999999995449e-06,
      "est": -9.442228001033115e-06,
      "abs_error": 5.577719989213747e-07,
      "pct_error": 5.577719989239132
    },
    "dKa_xy": {
      "true": 4.84813681109536e-05,
      "est": 4.756197778130989e-05,
      "abs_error": 9.193903296437044e-07,
      "pct_error": 1.8963786820941273
    },
    "dKa_xz": {
      "true": 9.69627362219072e-05,
      "est": 9.573608012270003e-05,
      "abs_error": 1.2266560992071679e-06,
      "pct_error": 1.2650799131739274
    },
    "dKa_yy": {
      "true": -2.0000000000020002e-05,
      "est": -1.9943625348295413e-05,
      "abs_error": 5.637465172458889e-08,
      "pct_error": 0.28187325862266255
    },
    "dKa_yz": {
      "true": 0.0001939254724438144,
      "est": 0.0001933937974271914,
      "abs_error": 5.316750166229863e-07,
      "pct_error": 0.27416461072540504
    },
    "dKa_zz": {
      "true": -2.999999999997449e-05,
      "est": -2.9259785844004682e-05,
      "abs_error": 7.402141559698094e-07,
      "pct_error": 2.4673805199014627
    },
    "Ka2_x": {
      "true": 1.0224607248440952e-06,
      "est": 9.72732022643324e-07,
      "abs_error": 4.9728702200771226e-08,
      "pct_error": 4.863629574461538
    },
    "Ka2_y": {
      "true": 2.0449214496881904e-06,
      "est": 1.956102253529402e-06,
      "abs_error": 8.881919615878826e-08,
      "pct_error": 4.343403810074534
    },
    "Ka2_z": {
      "true": 3.0673821745322856e-06,
      "est": 2.942510541355463e-06,
      "abs_error": 1.2487163317682255e-07,
      "pct_error": 4.070951256534017
    },
    "rx_x": {
      "true": 0.01,
      "est": 0.009870241053512387,
      "abs_error": 0.0001297589464876129,
      "pct_error": 1.297589464876129
    },
    "rx_y": {
      "true": 0.02,
      "est": 0.019904069817845926,
      "abs_error": 9.593018215407409e-05,
      "pct_error": 0.4796509107703705
    },
    "rx_z": {
      "true": 0.03,
      "est": 0.029770040052621387,
      "abs_error": 0.0002299599473786114,
      "pct_error": 0.7665331579287047
    },
    "ry_x": {
      "true": 0.04,
      "est": 0.03973804686705306,
      "abs_error": 0.00026195313294694045,
      "pct_error": 0.6548828323673511
    },
    "ry_y": {
      "true": 0.05,
      "est": 0.049980142929646636,
      "abs_error": 1.985707035336709e-05,
      "pct_error": 0.03971414070673418
    },
    "ry_z": {
      "true": 0.06,
      "est": 0.05957706287445146,
      "abs_error": 0.0004229371255485351,
      "pct_error": 0.7048952092475586
    }
  },
  "focus_scale_pct": {
    "dKg_xx": 9.946774853820422,
    "dKg_xy": 3.1685322339716744,
    "dKg_yy": 3.845777501450582,
    "dKg_zz": 2.7742862066920204,
    "dKa_xx": 5.577719989239132
  },
  "lever_guard_pct": {
    "rx_y": 0.4796509107703705,
    "ry_z": 0.7048952092475586
  },
  "overall": {
    "mean_pct_error": 2.5372080511972865,
    "median_pct_error": 1.1399159849886256,
    "max_pct_error": 12.568015337027003
  },
  "extra": {
    "noise_scale": 0.25,
    "noise_config": {
      "arw_dpsh": 0.00125,
      "vrw_ugpsHz": 1.25,
      "bi_g_dph": 0.0005,
      "bi_a_ug": 1.25,
      "tau_g": 300.0,
      "tau_a": 300.0,
      "seed": 42,
      "base_family": "round53_round61_shared"
    },
    "comparison_mode": "shared_dataset_apples_to_apples",
    "mainline_rung": "kf36_noisy"
  }
}