{
  "variant": "anchor11_xpair_outerhold_unified16_75s_kf36_noisy_noise0p08",
  "method_file": "probe_ch3_corrected_unified16_anchor11_xpair.py",
  "source_file": "/root/.openclaw/workspace/tmp_psins_py/psins_py/test_calibration_markov_pruned.py",
  "param_order": [
    "eb_x",
    "eb_y",
    "eb_z",
    "db_x",
    "db_y",
    "db_z",
    "dKg_xx",
    "dKg_yx",
    "dKg_zx",
    "dKg_xy",
    "dKg_yy",
    "dKg_zy",
    "dKg_xz",
    "dKg_yz",
    "dKg_zz",
    "dKa_xx",
    "dKa_xy",
    "dKa_xz",
    "dKa_yy",
    "dKa_yz",
    "dKa_zz",
    "Ka2_x",
    "Ka2_y",
    "Ka2_z",
    "rx_x",
    "rx_y",
    "rx_z",
    "ry_x",
    "ry_y",
    "ry_z"
  ],
  "param_errors": {
    "eb_x": {
      "true": 4.84813681109536e-07,
      "est": 4.89768569495054e-07,
      "abs_error": 4.954888385517938e-09,
      "pct_error": 1.0220190928148454
    },
    "eb_y": {
      "true": 9.69627362219072e-07,
      "est": 9.746792124850311e-07,
      "abs_error": 5.0518502659590244e-09,
      "pct_error": 0.5210094581486902
    },
    "eb_z": {
      "true": 1.4544410433286078e-06,
      "est": 1.4267488040818603e-06,
      "abs_error": 2.7692239246747554e-08,
      "pct_error": 1.9039781209262074
    },
    "db_x": {
      "true": 0.00097803267715,
      "est": 0.0009726978304761152,
      "abs_error": 5.334846673884716e-06,
      "pct_error": 0.5454671197112279
    },
    "db_y": {
      "true": 0.0019560653543,
      "est": 0.0019582010531336027,
      "abs_error": 2.135698833602862e-06,
      "pct_error": 0.10918340887271358
    },
    "db_z": {
      "true": 0.00293409803145,
      "est": 0.0029364674986437885,
      "abs_error": 2.3694671937883258e-06,
      "pct_error": 0.08075623814850386
    },
    "dKg_xx": {
      "true": -9.99999999995449e-06,
      "est": -1.017077004483724e-05,
      "abs_error": 1.7077004488275094e-07,
      "pct_error": 1.7077004488352814
    },
    "dKg_yx": {
      "true": 0.0001454441043328608,
      "est": 0.00014494456210379744,
      "abs_error": 4.995422290633494e-07,
      "pct_error": 0.34345993696664795
    },
    "dKg_zx": {
      "true": 0.00024240684055476798,
      "est": 0.00024226378472049694,
      "abs_error": 1.4305583427104635e-07,
      "pct_error": 0.059014767876868206
    },
    "dKg_xy": {
      "true": 4.84813681109536e-05,
      "est": 4.827018746704896e-05,
      "abs_error": 2.111806439046354e-07,
      "pct_error": 0.43559134598126675
    },
    "dKg_yy": {
      "true": -2.0000000000020002e-05,
      "est": -2.0373710318155602e-05,
      "abs_error": 3.737103181356005e-07,
      "pct_error": 1.8685515906761339
    },
    "dKg_zy": {
      "true": 0.0002908882086657216,
      "est": 0.00029075364001065064,
      "abs_error": 1.3456865507094394e-07,
      "pct_error": 0.04626129594190099
    },
    "dKg_xz": {
      "true": 9.69627362219072e-05,
      "est": 9.678163153961644e-05,
      "abs_error": 1.8110468229075305e-07,
      "pct_error": 0.1867776110157206
    },
    "dKg_yz": {
      "true": 0.0001939254724438144,
      "est": 0.0001936359606294224,
      "abs_error": 2.895118143919986e-07,
      "pct_error": 0.1492902457545273
    },
    "dKg_zz": {
      "true": -2.999999999997449e-05,
      "est": -2.8811239716430848e-05,
      "abs_error": 1.188760283543644e-06,
      "pct_error": 3.962534278482183
    },
    "dKa_xx": {
      "true": -9.99999999995449e-06,
      "est": -9.72751676053818e-06,
      "abs_error": 2.7248323941631014e-07,
      "pct_error": 2.724832394175502
    },
    "dKa_xy": {
      "true": 4.84813681109536e-05,
      "est": 4.864512225679985e-05,
      "abs_error": 1.637541458462537e-07,
      "pct_error": 0.3377671716513628
    },
    "dKa_xz": {
      "true": 9.69627362219072e-05,
      "est": 9.673452099066075e-05,
      "abs_error": 2.282152312464388e-07,
      "pct_error": 0.23536385227841497
    },
    "dKa_yy": {
      "true": -2.0000000000020002e-05,
      "est": -1.9715633603256677e-05,
      "abs_error": 2.8436639676332476e-07,
      "pct_error": 1.4218319838152018
    },
    "dKa_yz": {
      "true": 0.0001939254724438144,
      "est": 0.00019443017080367225,
      "abs_error": 5.046983598578649e-07,
      "pct_error": 0.26025377352327456
    },
    "dKa_zz": {
      "true": -2.999999999997449e-05,
      "est": -2.9617458647379635e-05,
      "abs_error": 3.825413525948562e-07,
      "pct_error": 1.2751378419839383
    },
    "Ka2_x": {
      "true": 1.0224607248440952e-06,
      "est": 1.0663462435160019e-06,
      "abs_error": 4.388551867190666e-08,
      "pct_error": 4.292147131480119
    },
    "Ka2_y": {
      "true": 2.0449214496881904e-06,
      "est": 2.0473096665511313e-06,
      "abs_error": 2.3882168629408586e-09,
      "pct_error": 0.11678770660384113
    },
    "Ka2_z": {
      "true": 3.0673821745322856e-06,
      "est": 3.0547035547781752e-06,
      "abs_error": 1.2678619754110414e-08,
      "pct_error": 0.41333681402264943
    },
    "rx_x": {
      "true": 0.01,
      "est": 0.010115548650489936,
      "abs_error": 0.00011554865048993626,
      "pct_error": 1.1554865048993626
    },
    "rx_y": {
      "true": 0.02,
      "est": 0.019911911199556088,
      "abs_error": 8.80888004439126e-05,
      "pct_error": 0.440444002219563
    },
    "rx_z": {
      "true": 0.03,
      "est": 0.030018152922652926,
      "abs_error": 1.815292265292673e-05,
      "pct_error": 0.06050974217642243
    },
    "ry_x": {
      "true": 0.04,
      "est": 0.0402074673601688,
      "abs_error": 0.0002074673601688004,
      "pct_error": 0.518668400422001
    },
    "ry_y": {
      "true": 0.05,
      "est": 0.05000177719860039,
      "abs_error": 1.7771986003875528e-06,
      "pct_error": 0.0035543972007751057
    },
    "ry_z": {
      "true": 0.06,
      "est": 0.060045180669641096,
      "abs_error": 4.518066964109835e-05,
      "pct_error": 0.07530111606849725
    }
  },
  "focus_scale_pct": {
    "dKg_xx": 1.7077004488352814,
    "dKg_xy": 0.43559134598126675,
    "dKg_yy": 1.8685515906761339,
    "dKg_zz": 3.962534278482183,
    "dKa_xx": 2.724832394175502
  },
  "lever_guard_pct": {
    "rx_y": 0.440444002219563,
    "ry_z": 0.07530111606849725
  },
  "overall": {
    "mean_pct_error": 0.8757672597557882,
    "median_pct_error": 0.4244640800019581,
    "max_pct_error": 4.292147131480119
  },
  "extra": {
    "noise_scale": 0.08,
    "noise_config": {
      "arw_dpsh": 0.0004,
      "vrw_ugpsHz": 0.4,
      "bi_g_dph": 0.00016,
      "bi_a_ug": 0.4,
      "tau_g": 300.0,
      "tau_a": 300.0,
      "seed": 42,
      "base_family": "round53_round61_shared"
    },
    "comparison_mode": "corrected_att0_unified16_anchor11_xpair_probe",
    "candidate_name": "anchor11_xpair_outerhold_unified16_75s",
    "method_key": "kf36_noisy",
    "att0_deg": [
      0.0,
      0.0,
      0.0
    ],
    "legality": "true_dual_axis_motor_sequence_with_anchor11_closed_loop_insertion",
    "time_total_s": 1200.0,
    "n_rows": 16,
    "row_timing_s": {
      "rotation_time_s": 7.5,
      "pre_static_s": 7.5,
      "post_static_s": 60.0,
      "row_total_s": 75.0
    },
    "insertion_anchor_id": 11,
    "motif": "inner_open_outer_sweep_outer_return_inner_close"
  }
}