{
  "variant": "entryx_l8_xpair_pos1_plus_l11_y10x1_kf36_noisy_noise0p08",
  "method_file": "search_ch3_12pos_closedloop_local_insertions.py",
  "source_file": "/root/.openclaw/workspace/tmp_psins_py/psins_py/test_calibration_markov_pruned.py",
  "param_order": [
    "eb_x",
    "eb_y",
    "eb_z",
    "db_x",
    "db_y",
    "db_z",
    "dKg_xx",
    "dKg_yx",
    "dKg_zx",
    "dKg_xy",
    "dKg_yy",
    "dKg_zy",
    "dKg_xz",
    "dKg_yz",
    "dKg_zz",
    "dKa_xx",
    "dKa_xy",
    "dKa_xz",
    "dKa_yy",
    "dKa_yz",
    "dKa_zz",
    "Ka2_x",
    "Ka2_y",
    "Ka2_z",
    "rx_x",
    "rx_y",
    "rx_z",
    "ry_x",
    "ry_y",
    "ry_z"
  ],
  "param_errors": {
    "eb_x": {
      "true": 4.84813681109536e-07,
      "est": 4.640965502336855e-07,
      "abs_error": 2.071713087585055e-08,
      "pct_error": 4.273214986103051
    },
    "eb_y": {
      "true": 9.69627362219072e-07,
      "est": 9.707517630177611e-07,
      "abs_error": 1.1244007986890439e-09,
      "pct_error": 0.11596215644283799
    },
    "eb_z": {
      "true": 1.4544410433286078e-06,
      "est": 1.4424828473964206e-06,
      "abs_error": 1.1958195932187207e-08,
      "pct_error": 0.8221849890058034
    },
    "db_x": {
      "true": 0.00097803267715,
      "est": 0.0009772162865664328,
      "abs_error": 8.163905835670629e-07,
      "pct_error": 0.08347273078298731
    },
    "db_y": {
      "true": 0.0019560653543,
      "est": 0.0019583884890605023,
      "abs_error": 2.323134760502492e-06,
      "pct_error": 0.11876570255669458
    },
    "db_z": {
      "true": 0.00293409803145,
      "est": 0.002944485355623347,
      "abs_error": 1.0387324173346743e-05,
      "pct_error": 0.3540210334490234
    },
    "dKg_xx": {
      "true": -9.99999999995449e-06,
      "est": -1.3189630497567606e-05,
      "abs_error": 3.1896304976131162e-06,
      "pct_error": 31.896304976276323
    },
    "dKg_yx": {
      "true": 0.0001454441043328608,
      "est": 0.00014542925400101155,
      "abs_error": 1.485033184923522e-08,
      "pct_error": 0.010210336071958623
    },
    "dKg_zx": {
      "true": 0.00024240684055476798,
      "est": 0.00024124380918314937,
      "abs_error": 1.1630313716186162e-06,
      "pct_error": 0.47978488105241723
    },
    "dKg_xy": {
      "true": 4.84813681109536e-05,
      "est": 4.850117289354128e-05,
      "abs_error": 1.9804782587685846e-08,
      "pct_error": 0.04085029643214889
    },
    "dKg_yy": {
      "true": -2.0000000000020002e-05,
      "est": -1.9592845377225387e-05,
      "abs_error": 4.0715462279461434e-07,
      "pct_error": 2.035773113971036
    },
    "dKg_zy": {
      "true": 0.0002908882086657216,
      "est": 0.0003009081681075328,
      "abs_error": 1.001995944181121e-05,
      "pct_error": 3.4446083214482552
    },
    "dKg_xz": {
      "true": 9.69627362219072e-05,
      "est": 9.734627734396832e-05,
      "abs_error": 3.8354112206112666e-07,
      "pct_error": 0.39555517614866115
    },
    "dKg_yz": {
      "true": 0.0001939254724438144,
      "est": 0.00018362131346124854,
      "abs_error": 1.0304158982565843e-05,
      "pct_error": 5.313463390195553
    },
    "dKg_zz": {
      "true": -2.999999999997449e-05,
      "est": -1.152702489126689e-05,
      "abs_error": 1.84729751087076e-05,
      "pct_error": 61.57658369574436
    },
    "dKa_xx": {
      "true": -9.99999999995449e-06,
      "est": -9.685773185941216e-06,
      "abs_error": 3.1422681401327424e-07,
      "pct_error": 3.142268140147043
    },
    "dKa_xy": {
      "true": 4.84813681109536e-05,
      "est": 4.465753139825361e-05,
      "abs_error": 3.823836712699987e-06,
      "pct_error": 7.887229386655966
    },
    "dKa_xz": {
      "true": 9.69627362219072e-05,
      "est": 9.667919742965555e-05,
      "abs_error": 2.835387922516425e-07,
      "pct_error": 0.2924203702366038
    },
    "dKa_yy": {
      "true": -2.0000000000020002e-05,
      "est": -2.0938527054426004e-06,
      "abs_error": 1.79061472945774e-05,
      "pct_error": 89.53073647279747
    },
    "dKa_yz": {
      "true": 0.0001939254724438144,
      "est": 0.00018372269615099548,
      "abs_error": 1.0202776292818908e-05,
      "pct_error": 5.2611841880519
    },
    "dKa_zz": {
      "true": -2.999999999997449e-05,
      "est": -3.0246132679989657e-05,
      "abs_error": 2.461326800151653e-07,
      "pct_error": 0.8204422667179153
    },
    "Ka2_x": {
      "true": 1.0224607248440952e-06,
      "est": 1.0579150015486577e-06,
      "abs_error": 3.54542767045625e-08,
      "pct_error": 3.467544116178014
    },
    "Ka2_y": {
      "true": 2.0449214496881904e-06,
      "est": 9.202888826980827e-09,
      "abs_error": 2.0357185608612096e-06,
      "pct_error": 99.5499637001517
    },
    "Ka2_z": {
      "true": 3.0673821745322856e-06,
      "est": 2.9869146856205193e-06,
      "abs_error": 8.04674889117663e-08,
      "pct_error": 2.623327786797091
    },
    "rx_x": {
      "true": 0.01,
      "est": 0.010014136935551884,
      "abs_error": 1.4136935551883889e-05,
      "pct_error": 0.1413693555188389
    },
    "rx_y": {
      "true": 0.02,
      "est": 0.020284896217750047,
      "abs_error": 0.0002848962177500469,
      "pct_error": 1.4244810887502346
    },
    "rx_z": {
      "true": 0.03,
      "est": 0.030409808488534938,
      "abs_error": 0.0004098084885349393,
      "pct_error": 1.3660282951164642
    },
    "ry_x": {
      "true": 0.04,
      "est": 0.04058214388904789,
      "abs_error": 0.0005821438890478911,
      "pct_error": 1.4553597226197277
    },
    "ry_y": {
      "true": 0.05,
      "est": 0.05020872475917371,
      "abs_error": 0.00020872475917371042,
      "pct_error": 0.41744951834742083
    },
    "ry_z": {
      "true": 0.06,
      "est": 0.060655731435071004,
      "abs_error": 0.0006557314350710067,
      "pct_error": 1.0928857251183446
    }
  },
  "focus_scale_pct": {
    "dKg_xx": 31.896304976276323,
    "dKg_xy": 0.04085029643214889,
    "dKg_yy": 2.035773113971036,
    "dKg_zz": 61.57658369574436,
    "dKa_xx": 3.142268140147043
  },
  "lever_guard_pct": {
    "rx_y": 1.4244810887502346,
    "ry_z": 1.0928857251183446
  },
  "overall": {
    "mean_pct_error": 10.98111486396286,
    "median_pct_error": 1.3952546919333493,
    "max_pct_error": 99.5499637001517
  },
  "extra": {
    "noise_scale": 0.08,
    "noise_config": {
      "arw_dpsh": 0.0004,
      "vrw_ugpsHz": 0.4,
      "bi_g_dph": 0.00016,
      "bi_a_ug": 0.4,
      "tau_g": 300.0,
      "tau_a": 300.0,
      "seed": 42,
      "base_family": "round53_round61_shared"
    },
    "comparison_mode": "ch3_closedloop_local_insertions",
    "candidate_name": "entryx_l8_xpair_pos1_plus_l11_y10x1",
    "method_key": "kf36_noisy",
    "legality": "faithful12_base_plus_closed_loop_local_insertions",
    "time_total_s": 1294.0
  }
}