{
  "variant": "splitbookend_l7neg1_l12y1_on_entry_kf36_noisy_noise0p08",
  "method_file": "search_ch3_12pos_closedloop_local_insertions.py",
  "source_file": "/root/.openclaw/workspace/tmp_psins_py/psins_py/test_calibration_markov_pruned.py",
  "param_order": [
    "eb_x",
    "eb_y",
    "eb_z",
    "db_x",
    "db_y",
    "db_z",
    "dKg_xx",
    "dKg_yx",
    "dKg_zx",
    "dKg_xy",
    "dKg_yy",
    "dKg_zy",
    "dKg_xz",
    "dKg_yz",
    "dKg_zz",
    "dKa_xx",
    "dKa_xy",
    "dKa_xz",
    "dKa_yy",
    "dKa_yz",
    "dKa_zz",
    "Ka2_x",
    "Ka2_y",
    "Ka2_z",
    "rx_x",
    "rx_y",
    "rx_z",
    "ry_x",
    "ry_y",
    "ry_z"
  ],
  "param_errors": {
    "eb_x": {
      "true": 4.84813681109536e-07,
      "est": 4.6002233592879626e-07,
      "abs_error": 2.4791345180739792e-08,
      "pct_error": 5.113582010310179
    },
    "eb_y": {
      "true": 9.69627362219072e-07,
      "est": 9.656738165533315e-07,
      "abs_error": 3.953545665740607e-09,
      "pct_error": 0.4077386653665169
    },
    "eb_z": {
      "true": 1.4544410433286078e-06,
      "est": 1.4507648200861778e-06,
      "abs_error": 3.676223242430042e-09,
      "pct_error": 0.25275849160696834
    },
    "db_x": {
      "true": 0.00097803267715,
      "est": 0.0009806455513491073,
      "abs_error": 2.6128741991073446e-06,
      "pct_error": 0.26715612475457307
    },
    "db_y": {
      "true": 0.0019560653543,
      "est": 0.0019679124803136955,
      "abs_error": 1.1847126013695732e-05,
      "pct_error": 0.6056610525641338
    },
    "db_z": {
      "true": 0.00293409803145,
      "est": 0.0029361018260889464,
      "abs_error": 2.0037946389462116e-06,
      "pct_error": 0.06829337729918852
    },
    "dKg_xx": {
      "true": -9.99999999995449e-06,
      "est": -1.0568428540969066e-05,
      "abs_error": 5.684285410145762e-07,
      "pct_error": 5.684285410171632
    },
    "dKg_yx": {
      "true": 0.0001454441043328608,
      "est": 0.00014502194844879054,
      "abs_error": 4.2215588407024996e-07,
      "pct_error": 0.29025300544607263
    },
    "dKg_zx": {
      "true": 0.00024240684055476798,
      "est": 0.00024264067865640505,
      "abs_error": 2.3383810163706388e-07,
      "pct_error": 0.09646514145471562
    },
    "dKg_xy": {
      "true": 4.84813681109536e-05,
      "est": 4.849050956421443e-05,
      "abs_error": 9.141453260833596e-09,
      "pct_error": 0.01885560085662729
    },
    "dKg_yy": {
      "true": -2.0000000000020002e-05,
      "est": -1.9735154686228995e-05,
      "abs_error": 2.6484531379100673e-07,
      "pct_error": 1.3242265689537094
    },
    "dKg_zy": {
      "true": 0.0002908882086657216,
      "est": 0.00029150416821175143,
      "abs_error": 6.159595460298521e-07,
      "pct_error": 0.21175129402982812
    },
    "dKg_xz": {
      "true": 9.69627362219072e-05,
      "est": 9.775208627390272e-05,
      "abs_error": 7.893500519955235e-07,
      "pct_error": 0.8140756776799605
    },
    "dKg_yz": {
      "true": 0.0001939254724438144,
      "est": 0.0001939268211145219,
      "abs_error": 1.3486707075020983e-09,
      "pct_error": 0.0006954582554351367
    },
    "dKg_zz": {
      "true": -2.999999999997449e-05,
      "est": -2.9907794783179398e-05,
      "abs_error": 9.220521679509375e-08,
      "pct_error": 0.30735072265057384
    },
    "dKa_xx": {
      "true": -9.99999999995449e-06,
      "est": -9.733808703060731e-06,
      "abs_error": 2.6619129689375853e-07,
      "pct_error": 2.6619129689496996
    },
    "dKa_xy": {
      "true": 4.84813681109536e-05,
      "est": 4.8642468413383574e-05,
      "abs_error": 1.611003024299773e-07,
      "pct_error": 0.33229322667067895
    },
    "dKa_xz": {
      "true": 9.69627362219072e-05,
      "est": 9.683402103686374e-05,
      "abs_error": 1.2871518504345327e-07,
      "pct_error": 0.13274706352023524
    },
    "dKa_yy": {
      "true": -2.0000000000020002e-05,
      "est": -1.9834716493472015e-05,
      "abs_error": 1.652835065479863e-07,
      "pct_error": 0.826417532739105
    },
    "dKa_yz": {
      "true": 0.0001939254724438144,
      "est": 0.00019346344070710867,
      "abs_error": 4.620317367057215e-07,
      "pct_error": 0.2382522166290377
    },
    "dKa_zz": {
      "true": -2.999999999997449e-05,
      "est": -2.9376132409053568e-05,
      "abs_error": 6.238675909209235e-07,
      "pct_error": 2.0795586364048466
    },
    "Ka2_x": {
      "true": 1.0224607248440952e-06,
      "est": 9.884405455827595e-07,
      "abs_error": 3.402017926133576e-08,
      "pct_error": 3.3272847000087125
    },
    "Ka2_y": {
      "true": 2.0449214496881904e-06,
      "est": 1.9622457022700904e-06,
      "abs_error": 8.267574741809999e-08,
      "pct_error": 4.042979129135077
    },
    "Ka2_z": {
      "true": 3.0673821745322856e-06,
      "est": 3.0704353578759774e-06,
      "abs_error": 3.053183343691794e-09,
      "pct_error": 0.09953710264868913
    },
    "rx_x": {
      "true": 0.01,
      "est": 0.01004860487295907,
      "abs_error": 4.8604872959070317e-05,
      "pct_error": 0.48604872959070317
    },
    "rx_y": {
      "true": 0.02,
      "est": 0.020072361850442786,
      "abs_error": 7.236185044278559e-05,
      "pct_error": 0.36180925221392796
    },
    "rx_z": {
      "true": 0.03,
      "est": 0.03024213545160381,
      "abs_error": 0.00024213545160381086,
      "pct_error": 0.807118172012703
    },
    "ry_x": {
      "true": 0.04,
      "est": 0.040694502395338485,
      "abs_error": 0.0006945023953384838,
      "pct_error": 1.7362559883462094
    },
    "ry_y": {
      "true": 0.05,
      "est": 0.050171164355464655,
      "abs_error": 0.0001711643554646522,
      "pct_error": 0.3423287109293044
    },
    "ry_z": {
      "true": 0.06,
      "est": 0.06098698859418642,
      "abs_error": 0.0009869885941864234,
      "pct_error": 1.6449809903107058
    }
  },
  "focus_scale_pct": {
    "dKg_xx": 5.684285410171632,
    "dKg_xy": 0.01885560085662729,
    "dKg_yy": 1.3242265689537094,
    "dKg_zz": 0.30735072265057384,
    "dKa_xx": 2.6619129689496996
  },
  "lever_guard_pct": {
    "rx_y": 0.36180925221392796,
    "ry_z": 1.6449809903107058
  },
  "overall": {
    "mean_pct_error": 1.1527557673836581,
    "median_pct_error": 0.3847739587902224,
    "max_pct_error": 5.684285410171632
  },
  "extra": {
    "noise_scale": 0.08,
    "noise_config": {
      "arw_dpsh": 0.0004,
      "vrw_ugpsHz": 0.4,
      "bi_g_dph": 0.00016,
      "bi_a_ug": 0.4,
      "tau_g": 300.0,
      "tau_a": 300.0,
      "seed": 42,
      "base_family": "round53_round61_shared"
    },
    "comparison_mode": "corrected_att0_hidden_next3",
    "candidate_name": "splitbookend_l7neg1_l12y1_on_entry",
    "method_key": "kf36_noisy",
    "legality": "faithful12_base_plus_closed_loop_local_insertions",
    "time_total_s": 1362.0,
    "att0_deg": [
      0.0,
      0.0,
      0.0
    ],
    "candidate_registry_key": "splitbookend_l7neg1_l12y1_on_entry",
    "family": "anchor7_to12_split_bookend_chain_on_corrected_entry",
    "hypothesis_id": "H2"
  }
}