{
  "variant": "kf36_shared_noise1p5",
  "method_file": "source_mod.run_calibration(n_states=36)",
  "source_file": "/root/.openclaw/workspace/tmp_psins_py/psins_py/test_calibration_markov_pruned.py",
  "param_order": [
    "eb_x",
    "eb_y",
    "eb_z",
    "db_x",
    "db_y",
    "db_z",
    "dKg_xx",
    "dKg_yx",
    "dKg_zx",
    "dKg_xy",
    "dKg_yy",
    "dKg_zy",
    "dKg_xz",
    "dKg_yz",
    "dKg_zz",
    "dKa_xx",
    "dKa_xy",
    "dKa_xz",
    "dKa_yy",
    "dKa_yz",
    "dKa_zz",
    "Ka2_x",
    "Ka2_y",
    "Ka2_z",
    "rx_x",
    "rx_y",
    "rx_z",
    "ry_x",
    "ry_y",
    "ry_z"
  ],
  "param_errors": {
    "eb_x": {
      "true": 4.84813681109536e-07,
      "est": 5.002356699033162e-07,
      "abs_error": 1.542198879378012e-08,
      "pct_error": 3.181013530493947
    },
    "eb_y": {
      "true": 9.69627362219072e-07,
      "est": 8.970528932909438e-07,
      "abs_error": 7.257446892812828e-08,
      "pct_error": 7.484779385973146
    },
    "eb_z": {
      "true": 1.4544410433286078e-06,
      "est": 1.3461410867081954e-06,
      "abs_error": 1.0829995662041239e-07,
      "pct_error": 7.446156522959435
    },
    "db_x": {
      "true": 0.00097803267715,
      "est": 0.001029290468553823,
      "abs_error": 5.12577914038232e-05,
      "pct_error": 5.240907855266051
    },
    "db_y": {
      "true": 0.0019560653543,
      "est": 0.0020475448961309365,
      "abs_error": 9.147954183093667e-05,
      "pct_error": 4.676711932443262
    },
    "db_z": {
      "true": 0.00293409803145,
      "est": 0.003110126634319878,
      "abs_error": 0.00017602860286987767,
      "pct_error": 5.99941109612095
    },
    "dKg_xx": {
      "true": -9.99999999995449e-06,
      "est": -3.956635471258352e-06,
      "abs_error": 6.043364528696138e-06,
      "pct_error": 60.433645287236416
    },
    "dKg_yx": {
      "true": 0.0001454441043328608,
      "est": 0.00014164313422294135,
      "abs_error": 3.800970109919436e-06,
      "pct_error": 2.613354544245124
    },
    "dKg_zx": {
      "true": 0.00024240684055476798,
      "est": 0.0002512030107951067,
      "abs_error": 8.796170240338714e-06,
      "pct_error": 3.62868070067988
    },
    "dKg_xy": {
      "true": 4.84813681109536e-05,
      "est": 4.100997177448137e-05,
      "abs_error": 7.471396336472224e-06,
      "pct_error": 15.41086117737709
    },
    "dKg_yy": {
      "true": -2.0000000000020002e-05,
      "est": -1.5445076612108366e-05,
      "abs_error": 4.554923387911636e-06,
      "pct_error": 22.774616939535402
    },
    "dKg_zy": {
      "true": 0.0002908882086657216,
      "est": 0.00029315749776067155,
      "abs_error": 2.269289094949966e-06,
      "pct_error": 0.7801241258141723
    },
    "dKg_xz": {
      "true": 9.69627362219072e-05,
      "est": 9.29414215396286e-05,
      "abs_error": 4.021314682278588e-06,
      "pct_error": 4.147278468993984
    },
    "dKg_yz": {
      "true": 0.0001939254724438144,
      "est": 0.0001902388845465568,
      "abs_error": 3.6865878972575734e-06,
      "pct_error": 1.9010333458518096
    },
    "dKg_zz": {
      "true": -2.999999999997449e-05,
      "est": -3.5071917482643045e-05,
      "abs_error": 5.071917482668553e-06,
      "pct_error": 16.90639160890955
    },
    "dKa_xx": {
      "true": -9.99999999995449e-06,
      "est": -7.732551516870245e-06,
      "abs_error": 2.2674484830842445e-06,
      "pct_error": 22.674484830945637
    },
    "dKa_xy": {
      "true": 4.84813681109536e-05,
      "est": 4.43806115960138e-05,
      "abs_error": 4.100756514939795e-06,
      "pct_error": 8.45841748020575
    },
    "dKa_xz": {
      "true": 9.69627362219072e-05,
      "est": 8.905519769440529e-05,
      "abs_error": 7.907538527501907e-06,
      "pct_error": 8.155234511333152
    },
    "dKa_yy": {
      "true": -2.0000000000020002e-05,
      "est": -2.0920590496409375e-05,
      "abs_error": 9.20590496389373e-07,
      "pct_error": 4.602952481942261
    },
    "dKa_yz": {
      "true": 0.0001939254724438144,
      "est": 0.00019090528177556813,
      "abs_error": 3.0201906682462553e-06,
      "pct_error": 1.5573976075377558
    },
    "dKa_zz": {
      "true": -2.999999999997449e-05,
      "est": -2.6688249259443353e-05,
      "abs_error": 3.3117507405311386e-06,
      "pct_error": 11.039169135113182
    },
    "Ka2_x": {
      "true": 1.0224607248440952e-06,
      "est": 6.804359209646065e-07,
      "abs_error": 3.4202480387948876e-07,
      "pct_error": 33.451143458996015
    },
    "Ka2_y": {
      "true": 2.0449214496881904e-06,
      "est": 1.6035665092399764e-06,
      "abs_error": 4.41354940448214e-07,
      "pct_error": 21.582977698997276
    },
    "Ka2_z": {
      "true": 3.0673821745322856e-06,
      "est": 2.314734277898663e-06,
      "abs_error": 7.526478966336225e-07,
      "pct_error": 24.537141243196608
    },
    "rx_x": {
      "true": 0.01,
      "est": 0.009720997707740646,
      "abs_error": 0.0002790022922593543,
      "pct_error": 2.790022922593543
    },
    "rx_y": {
      "true": 0.02,
      "est": 0.01805841005918427,
      "abs_error": 0.0019415899408157314,
      "pct_error": 9.707949704078658
    },
    "rx_z": {
      "true": 0.03,
      "est": 0.029202589571496858,
      "abs_error": 0.0007974104285031411,
      "pct_error": 2.658034761677137
    },
    "ry_x": {
      "true": 0.04,
      "est": 0.03829856511035614,
      "abs_error": 0.0017014348896438602,
      "pct_error": 4.25358722410965
    },
    "ry_y": {
      "true": 0.05,
      "est": 0.049274407971537953,
      "abs_error": 0.0007255920284620493,
      "pct_error": 1.4511840569240986
    },
    "ry_z": {
      "true": 0.06,
      "est": 0.0580469019486461,
      "abs_error": 0.0019530980513539006,
      "pct_error": 3.255163418923168
    }
  },
  "focus_scale_pct": {
    "dKg_xx": 60.433645287236416,
    "dKg_xy": 15.41086117737709,
    "dKg_yy": 22.774616939535402,
    "dKg_zz": 16.90639160890955,
    "dKa_xx": 22.674484830945637
  },
  "lever_guard_pct": {
    "rx_y": 9.707949704078658,
    "ry_z": 3.255163418923168
  },
  "overall": {
    "mean_pct_error": 10.759994235282472,
    "median_pct_error": 5.6201594756935,
    "max_pct_error": 60.433645287236416
  },
  "extra": {
    "noise_scale": 1.5,
    "noise_config": {
      "arw_dpsh": 0.0075,
      "vrw_ugpsHz": 7.5,
      "bi_g_dph": 0.003,
      "bi_a_ug": 7.5,
      "tau_g": 300.0,
      "tau_a": 300.0,
      "seed": 42,
      "base_family": "round53_round61_shared"
    },
    "comparison_mode": "shared_dataset_apples_to_apples",
    "mainline_rung": "kf36_noisy"
  }
}