{
  "variant": "probe3_l9_diag_bfly_flip_d8_kf36_noisy_noise0p08",
  "method_file": "search_ch3_12pos_closedloop_local_insertions.py",
  "source_file": "/root/.openclaw/workspace/tmp_psins_py/psins_py/test_calibration_markov_pruned.py",
  "param_order": [
    "eb_x",
    "eb_y",
    "eb_z",
    "db_x",
    "db_y",
    "db_z",
    "dKg_xx",
    "dKg_yx",
    "dKg_zx",
    "dKg_xy",
    "dKg_yy",
    "dKg_zy",
    "dKg_xz",
    "dKg_yz",
    "dKg_zz",
    "dKa_xx",
    "dKa_xy",
    "dKa_xz",
    "dKa_yy",
    "dKa_yz",
    "dKa_zz",
    "Ka2_x",
    "Ka2_y",
    "Ka2_z",
    "rx_x",
    "rx_y",
    "rx_z",
    "ry_x",
    "ry_y",
    "ry_z"
  ],
  "param_errors": {
    "eb_x": {
      "true": 4.84813681109536e-07,
      "est": 4.655125759965818e-07,
      "abs_error": 1.930110511295423e-08,
      "pct_error": 3.981138706478345
    },
    "eb_y": {
      "true": 9.69627362219072e-07,
      "est": 9.770925204719664e-07,
      "abs_error": 7.46515825289435e-09,
      "pct_error": 0.7698997103185827
    },
    "eb_z": {
      "true": 1.4544410433286078e-06,
      "est": 1.4467009234905122e-06,
      "abs_error": 7.740119838095582e-09,
      "pct_error": 0.5321714395780307
    },
    "db_x": {
      "true": 0.00097803267715,
      "est": 0.0009746011254486727,
      "abs_error": 3.4315517013272295e-06,
      "pct_error": 0.35086268398790277
    },
    "db_y": {
      "true": 0.0019560653543,
      "est": 0.001958119821186292,
      "abs_error": 2.0544668862922458e-06,
      "pct_error": 0.10503058508632805
    },
    "db_z": {
      "true": 0.00293409803145,
      "est": 0.002944453090616161,
      "abs_error": 1.0355059166160772e-05,
      "pct_error": 0.3529213766945412
    },
    "dKg_xx": {
      "true": -9.99999999995449e-06,
      "est": -1.6976077183983307e-06,
      "abs_error": 8.302392281556159e-06,
      "pct_error": 83.02392281593943
    },
    "dKg_yx": {
      "true": 0.0001454441043328608,
      "est": 0.00014555159231954937,
      "abs_error": 1.0748798668857814e-07,
      "pct_error": 0.07390329582736681
    },
    "dKg_zx": {
      "true": 0.00024240684055476798,
      "est": 0.0002415003261788172,
      "abs_error": 9.065143759507766e-07,
      "pct_error": 0.3739640242313888
    },
    "dKg_xy": {
      "true": 4.84813681109536e-05,
      "est": 4.849031352473309e-05,
      "abs_error": 8.94541377949342e-09,
      "pct_error": 0.018451240400273163
    },
    "dKg_yy": {
      "true": -2.0000000000020002e-05,
      "est": -1.9999743003706882e-05,
      "abs_error": 2.569963131193731e-10,
      "pct_error": 0.0012849815655955803
    },
    "dKg_zy": {
      "true": 0.0002908882086657216,
      "est": 0.0002999509741054877,
      "abs_error": 9.062765439766098e-06,
      "pct_error": 3.1155492624937255
    },
    "dKg_xz": {
      "true": 9.69627362219072e-05,
      "est": 9.824606966592146e-05,
      "abs_error": 1.2833334440142698e-06,
      "pct_error": 1.3235326209001113
    },
    "dKg_yz": {
      "true": 0.0001939254724438144,
      "est": 0.00018463574381641476,
      "abs_error": 9.289728627399625e-06,
      "pct_error": 4.79036018854672
    },
    "dKg_zz": {
      "true": -2.999999999997449e-05,
      "est": -2.1559392450631876e-05,
      "abs_error": 8.440607549342616e-06,
      "pct_error": 28.13535849783264
    },
    "dKa_xx": {
      "true": -9.99999999995449e-06,
      "est": -1.0360206709192354e-05,
      "abs_error": 3.602067092378647e-07,
      "pct_error": 3.60206709239504
    },
    "dKa_xy": {
      "true": 4.84813681109536e-05,
      "est": 4.625402022595915e-05,
      "abs_error": 2.22734788499445e-06,
      "pct_error": 4.594234799432601
    },
    "dKa_xz": {
      "true": 9.69627362219072e-05,
      "est": 9.732991600891404e-05,
      "abs_error": 3.671797870068475e-07,
      "pct_error": 0.37868133812408755
    },
    "dKa_yy": {
      "true": -2.0000000000020002e-05,
      "est": -1.8326434374493772e-06,
      "abs_error": 1.8167356562570625e-05,
      "pct_error": 90.83678281276228
    },
    "dKa_yz": {
      "true": 0.0001939254724438144,
      "est": 0.0001850843648742872,
      "abs_error": 8.841107569527198e-06,
      "pct_error": 4.559023349595662
    },
    "dKa_zz": {
      "true": -2.999999999997449e-05,
      "est": -3.0021532042123766e-05,
      "abs_error": 2.1532042149274844e-08,
      "pct_error": 0.07177347383097718
    },
    "Ka2_x": {
      "true": 1.0224607248440952e-06,
      "est": 1.0211041043703195e-06,
      "abs_error": 1.356620473775678e-09,
      "pct_error": 0.13268191538433277
    },
    "Ka2_y": {
      "true": 2.0449214496881904e-06,
      "est": 2.5753048546704266e-09,
      "abs_error": 2.04234614483352e-06,
      "pct_error": 99.87406338492546
    },
    "Ka2_z": {
      "true": 3.0673821745322856e-06,
      "est": 2.9767427384188176e-06,
      "abs_error": 9.063943611346805e-08,
      "pct_error": 2.9549443452473847
    },
    "rx_x": {
      "true": 0.01,
      "est": 0.010232376407183342,
      "abs_error": 0.00023237640718334202,
      "pct_error": 2.3237640718334203
    },
    "rx_y": {
      "true": 0.02,
      "est": 0.019867272690126257,
      "abs_error": 0.00013272730987374387,
      "pct_error": 0.6636365493687193
    },
    "rx_z": {
      "true": 0.03,
      "est": 0.030690165785203376,
      "abs_error": 0.0006901657852033775,
      "pct_error": 2.300552617344592
    },
    "ry_x": {
      "true": 0.04,
      "est": 0.04048515388146434,
      "abs_error": 0.0004851538814643411,
      "pct_error": 1.2128847036608528
    },
    "ry_y": {
      "true": 0.05,
      "est": 0.05018646562491532,
      "abs_error": 0.00018646562491531765,
      "pct_error": 0.3729312498306353
    },
    "ry_z": {
      "true": 0.06,
      "est": 0.06058402455583865,
      "abs_error": 0.0005840245558386553,
      "pct_error": 0.9733742597310923
    }
  },
  "focus_scale_pct": {
    "dKg_xx": 83.02392281593943,
    "dKg_xy": 0.018451240400273163,
    "dKg_yy": 0.0012849815655955803,
    "dKg_zz": 28.13535849783264,
    "dKa_xx": 3.60206709239504
  },
  "lever_guard_pct": {
    "rx_y": 0.6636365493687193,
    "ry_z": 0.9733742597310923
  },
  "overall": {
    "mean_pct_error": 11.393324913111602,
    "median_pct_error": 1.0931294816959725,
    "max_pct_error": 99.87406338492546
  },
  "extra": {
    "noise_scale": 0.08,
    "noise_config": {
      "arw_dpsh": 0.0004,
      "vrw_ugpsHz": 0.4,
      "bi_g_dph": 0.00016,
      "bi_a_ug": 0.4,
      "tau_g": 300.0,
      "tau_a": 300.0,
      "seed": 42,
      "base_family": "round53_round61_shared"
    },
    "comparison_mode": "ch3_closedloop_local_insertions",
    "candidate_name": "probe3_l9_diag_bfly_flip_d8",
    "method_key": "kf36_noisy",
    "legality": "faithful12_base_plus_closed_loop_local_insertions",
    "time_total_s": 1271.0
  }
}