{
  "variant": "frontz_l4_neg1_on_entry_kf36_noisy_noise0p08",
  "method_file": "search_ch3_12pos_closedloop_local_insertions.py",
  "source_file": "/root/.openclaw/workspace/tmp_psins_py/psins_py/test_calibration_markov_pruned.py",
  "param_order": [
    "eb_x",
    "eb_y",
    "eb_z",
    "db_x",
    "db_y",
    "db_z",
    "dKg_xx",
    "dKg_yx",
    "dKg_zx",
    "dKg_xy",
    "dKg_yy",
    "dKg_zy",
    "dKg_xz",
    "dKg_yz",
    "dKg_zz",
    "dKa_xx",
    "dKa_xy",
    "dKa_xz",
    "dKa_yy",
    "dKa_yz",
    "dKa_zz",
    "Ka2_x",
    "Ka2_y",
    "Ka2_z",
    "rx_x",
    "rx_y",
    "rx_z",
    "ry_x",
    "ry_y",
    "ry_z"
  ],
  "param_errors": {
    "eb_x": {
      "true": 4.84813681109536e-07,
      "est": 4.597255843791366e-07,
      "abs_error": 2.5088096730399472e-08,
      "pct_error": 5.174791411204258
    },
    "eb_y": {
      "true": 9.69627362219072e-07,
      "est": 9.67508713990349e-07,
      "abs_error": 2.118648228723077e-09,
      "pct_error": 0.21850128320165962
    },
    "eb_z": {
      "true": 1.4544410433286078e-06,
      "est": 1.449033760488164e-06,
      "abs_error": 5.407282840443806e-09,
      "pct_error": 0.37177738246913017
    },
    "db_x": {
      "true": 0.00097803267715,
      "est": 0.0009802555361677677,
      "abs_error": 2.2228590177678e-06,
      "pct_error": 0.22727860425330987
    },
    "db_y": {
      "true": 0.0019560653543,
      "est": 0.001968798786520841,
      "abs_error": 1.2733432220841164e-05,
      "pct_error": 0.6509717169137208
    },
    "db_z": {
      "true": 0.00293409803145,
      "est": 0.002934997164616938,
      "abs_error": 8.991331669379321e-07,
      "pct_error": 0.0306442783199575
    },
    "dKg_xx": {
      "true": -9.99999999995449e-06,
      "est": -1.0539235502315947e-05,
      "abs_error": 5.39235502361457e-07,
      "pct_error": 5.3923550236391105
    },
    "dKg_yx": {
      "true": 0.0001454441043328608,
      "est": 0.0001450794781070214,
      "abs_error": 3.6462622583939824e-07,
      "pct_error": 0.25069852608457827
    },
    "dKg_zx": {
      "true": 0.00024240684055476798,
      "est": 0.0002427623629698241,
      "abs_error": 3.55522415056126e-07,
      "pct_error": 0.1466635241161032
    },
    "dKg_xy": {
      "true": 4.84813681109536e-05,
      "est": 4.8402538960088935e-05,
      "abs_error": 7.882915086466146e-08,
      "pct_error": 0.16259679529722526
    },
    "dKg_yy": {
      "true": -2.0000000000020002e-05,
      "est": -1.9687563422188248e-05,
      "abs_error": 3.1243657783175394e-07,
      "pct_error": 1.5621828891572074
    },
    "dKg_zy": {
      "true": 0.0002908882086657216,
      "est": 0.0002915311655206788,
      "abs_error": 6.429568549572184e-07,
      "pct_error": 0.22103228518832183
    },
    "dKg_xz": {
      "true": 9.69627362219072e-05,
      "est": 9.787130214966674e-05,
      "abs_error": 9.085659277595419e-07,
      "pct_error": 0.9370258752601763
    },
    "dKg_yz": {
      "true": 0.0001939254724438144,
      "est": 0.00019384441486640228,
      "abs_error": 8.105757741210494e-08,
      "pct_error": 0.0417983137494171
    },
    "dKg_zz": {
      "true": -2.999999999997449e-05,
      "est": -2.9853598501494716e-05,
      "abs_error": 1.4640149847977568e-07,
      "pct_error": 0.48800499493300054
    },
    "dKa_xx": {
      "true": -9.99999999995449e-06,
      "est": -9.727018413396848e-06,
      "abs_error": 2.7298158655764126e-07,
      "pct_error": 2.729815865588836
    },
    "dKa_xy": {
      "true": 4.84813681109536e-05,
      "est": 4.8645863782837445e-05,
      "abs_error": 1.6449567188384832e-07,
      "pct_error": 0.3392966788960791
    },
    "dKa_xz": {
      "true": 9.69627362219072e-05,
      "est": 9.694152581879373e-05,
      "abs_error": 2.121040311346223e-08,
      "pct_error": 0.02187479844310548
    },
    "dKa_yy": {
      "true": -2.0000000000020002e-05,
      "est": -1.9733763275242566e-05,
      "abs_error": 2.6623672477743554e-07,
      "pct_error": 1.3311836238858465
    },
    "dKa_yz": {
      "true": 0.0001939254724438144,
      "est": 0.0001935259833575402,
      "abs_error": 3.9948908627418685e-07,
      "pct_error": 0.2060013474454368
    },
    "dKa_zz": {
      "true": -2.999999999997449e-05,
      "est": -2.9438020393568465e-05,
      "abs_error": 5.619796064060267e-07,
      "pct_error": 1.8732653546883484
    },
    "Ka2_x": {
      "true": 1.0224607248440952e-06,
      "est": 9.967518618751994e-07,
      "abs_error": 2.5708862968895774e-08,
      "pct_error": 2.514410807595163
    },
    "Ka2_y": {
      "true": 2.0449214496881904e-06,
      "est": 1.9506955785163717e-06,
      "abs_error": 9.422587117181875e-08,
      "pct_error": 4.607799051948245
    },
    "Ka2_z": {
      "true": 3.0673821745322856e-06,
      "est": 3.0700818978932114e-06,
      "abs_error": 2.6997233609257602e-09,
      "pct_error": 0.0880139222083539
    },
    "rx_x": {
      "true": 0.01,
      "est": 0.01008391061421752,
      "abs_error": 8.391061421752014e-05,
      "pct_error": 0.8391061421752013
    },
    "rx_y": {
      "true": 0.02,
      "est": 0.020067175903647098,
      "abs_error": 6.71759036470973e-05,
      "pct_error": 0.3358795182354865
    },
    "rx_z": {
      "true": 0.03,
      "est": 0.030180895683029306,
      "abs_error": 0.00018089568302930709,
      "pct_error": 0.6029856100976904
    },
    "ry_x": {
      "true": 0.04,
      "est": 0.040751735498272185,
      "abs_error": 0.0007517354982721838,
      "pct_error": 1.8793387456804596
    },
    "ry_y": {
      "true": 0.05,
      "est": 0.05027738483018984,
      "abs_error": 0.00027738483018983906,
      "pct_error": 0.5547696603796781
    },
    "ry_z": {
      "true": 0.06,
      "est": 0.061029505176890674,
      "abs_error": 0.0010295051768906757,
      "pct_error": 1.7158419614844596
    }
  },
  "focus_scale_pct": {
    "dKg_xx": 5.3923550236391105,
    "dKg_xy": 0.16259679529722526,
    "dKg_yy": 1.5621828891572074,
    "dKg_zz": 0.48800499493300054,
    "dKa_xx": 2.729815865588836
  },
  "lever_guard_pct": {
    "rx_y": 0.3358795182354865,
    "ry_z": 1.7158419614844596
  },
  "overall": {
    "mean_pct_error": 1.1838635330846519,
    "median_pct_error": 0.5213873276563393,
    "max_pct_error": 5.3923550236391105
  },
  "extra": {
    "noise_scale": 0.08,
    "noise_config": {
      "arw_dpsh": 0.0004,
      "vrw_ugpsHz": 0.4,
      "bi_g_dph": 0.00016,
      "bi_a_ug": 0.4,
      "tau_g": 300.0,
      "tau_a": 300.0,
      "seed": 42,
      "base_family": "round53_round61_shared"
    },
    "comparison_mode": "corrected_att0_hidden_next5",
    "candidate_name": "frontz_l4_neg1_on_entry",
    "method_key": "kf36_noisy",
    "legality": "faithful12_base_plus_closed_loop_local_insertions",
    "time_total_s": 1350.0,
    "att0_deg": [
      0.0,
      0.0,
      0.0
    ],
    "candidate_registry_key": "frontz_l4_neg1_on_entry",
    "family": "front_z_precursor_on_corrected_entry",
    "hypothesis_id": "H1"
  }
}