{
  "variant": "twoanchor_l10_ypair_neg2_plus_l11_maxbest_kf36_noisy_noise0p08",
  "method_file": "search_ch3_12pos_closedloop_local_insertions.py",
  "source_file": "/root/.openclaw/workspace/tmp_psins_py/psins_py/test_calibration_markov_pruned.py",
  "param_order": [
    "eb_x",
    "eb_y",
    "eb_z",
    "db_x",
    "db_y",
    "db_z",
    "dKg_xx",
    "dKg_yx",
    "dKg_zx",
    "dKg_xy",
    "dKg_yy",
    "dKg_zy",
    "dKg_xz",
    "dKg_yz",
    "dKg_zz",
    "dKa_xx",
    "dKa_xy",
    "dKa_xz",
    "dKa_yy",
    "dKa_yz",
    "dKa_zz",
    "Ka2_x",
    "Ka2_y",
    "Ka2_z",
    "rx_x",
    "rx_y",
    "rx_z",
    "ry_x",
    "ry_y",
    "ry_z"
  ],
  "param_errors": {
    "eb_x": {
      "true": 4.84813681109536e-07,
      "est": 4.5874044102750025e-07,
      "abs_error": 2.6073240082035798e-08,
      "pct_error": 5.3779918137551395
    },
    "eb_y": {
      "true": 9.69627362219072e-07,
      "est": 9.7212215242733e-07,
      "abs_error": 2.4947902082580082e-09,
      "pct_error": 0.25729370946674557
    },
    "eb_z": {
      "true": 1.4544410433286078e-06,
      "est": 1.4431819958890805e-06,
      "abs_error": 1.1259047439527296e-08,
      "pct_error": 0.7741150795469881
    },
    "db_x": {
      "true": 0.00097803267715,
      "est": 0.00097745458668589,
      "abs_error": 5.780904641099378e-07,
      "pct_error": 0.059107479495930655
    },
    "db_y": {
      "true": 0.0019560653543,
      "est": 0.001957997534366702,
      "abs_error": 1.9321800667020626e-06,
      "pct_error": 0.09877891157647517
    },
    "db_z": {
      "true": 0.00293409803145,
      "est": 0.002942759552229072,
      "abs_error": 8.661520779071862e-06,
      "pct_error": 0.2952021604674003
    },
    "dKg_xx": {
      "true": -9.99999999995449e-06,
      "est": -1.4983806607027361e-05,
      "abs_error": 4.9838066070728715e-06,
      "pct_error": 49.83806607095553
    },
    "dKg_yx": {
      "true": 0.0001454441043328608,
      "est": 0.00014545333659468992,
      "abs_error": 9.232261829133321e-09,
      "pct_error": 0.0063476356580288275
    },
    "dKg_zx": {
      "true": 0.00024240684055476798,
      "est": 0.0002412410686140518,
      "abs_error": 1.1657719407161759e-06,
      "pct_error": 0.480915446960247
    },
    "dKg_xy": {
      "true": 4.84813681109536e-05,
      "est": 4.855771812264458e-05,
      "abs_error": 7.635001169098053e-08,
      "pct_error": 0.1574832036840364
    },
    "dKg_yy": {
      "true": -2.0000000000020002e-05,
      "est": -1.9519445234372768e-05,
      "abs_error": 4.805547656472342e-07,
      "pct_error": 2.402773828233768
    },
    "dKg_zy": {
      "true": 0.0002908882086657216,
      "est": 0.0003065710772794858,
      "abs_error": 1.568286861376424e-05,
      "pct_error": 5.391373093361249
    },
    "dKg_xz": {
      "true": 9.69627362219072e-05,
      "est": 9.733959234661887e-05,
      "abs_error": 3.768561247116756e-07,
      "pct_error": 0.3886607777334268
    },
    "dKg_yz": {
      "true": 0.0001939254724438144,
      "est": 0.00017808824286209366,
      "abs_error": 1.583722958172073e-05,
      "pct_error": 8.166657727911025
    },
    "dKg_zz": {
      "true": -2.999999999997449e-05,
      "est": -1.4503600076931633e-05,
      "abs_error": 1.549639992304286e-05,
      "pct_error": 51.65466641018678
    },
    "dKa_xx": {
      "true": -9.99999999995449e-06,
      "est": -9.705099621504232e-06,
      "abs_error": 2.9490037845025796e-07,
      "pct_error": 2.9490037845160004
    },
    "dKa_xy": {
      "true": 4.84813681109536e-05,
      "est": 4.240186631070878e-05,
      "abs_error": 6.079501800244817e-06,
      "pct_error": 12.539872609063707
    },
    "dKa_xz": {
      "true": 9.69627362219072e-05,
      "est": 9.651217870207267e-05,
      "abs_error": 4.505575198345224e-07,
      "pct_error": 0.4646707976592003
    },
    "dKa_yy": {
      "true": -2.0000000000020002e-05,
      "est": -2.156817774601194e-06,
      "abs_error": 1.7843182225418808e-05,
      "pct_error": 89.21591112700482
    },
    "dKa_yz": {
      "true": 0.0001939254724438144,
      "est": 0.0001782897124640126,
      "abs_error": 1.5635759979801782e-05,
      "pct_error": 8.062767506899794
    },
    "dKa_zz": {
      "true": -2.999999999997449e-05,
      "est": -3.0226006197509037e-05,
      "abs_error": 2.260061975345451e-07,
      "pct_error": 0.7533539917824575
    },
    "Ka2_x": {
      "true": 1.0224607248440952e-06,
      "est": 1.0517944040162527e-06,
      "abs_error": 2.9333679172157504e-08,
      "pct_error": 2.8689296771404402
    },
    "Ka2_y": {
      "true": 2.0449214496881904e-06,
      "est": 8.339211859584696e-09,
      "abs_error": 2.0365822378286057e-06,
      "pct_error": 99.59219891498246
    },
    "Ka2_z": {
      "true": 3.0673821745322856e-06,
      "est": 3.0001704239131062e-06,
      "abs_error": 6.721175061917942e-08,
      "pct_error": 2.191176279800474
    },
    "rx_x": {
      "true": 0.01,
      "est": 0.00984786697717178,
      "abs_error": 0.0001521330228282207,
      "pct_error": 1.521330228282207
    },
    "rx_y": {
      "true": 0.02,
      "est": 0.01996861111452968,
      "abs_error": 3.1388885470318845e-05,
      "pct_error": 0.15694442735159422
    },
    "rx_z": {
      "true": 0.03,
      "est": 0.03056946110267167,
      "abs_error": 0.00056946110267167,
      "pct_error": 1.8982036755722336
    },
    "ry_x": {
      "true": 0.04,
      "est": 0.040390694410070024,
      "abs_error": 0.00039069441007002353,
      "pct_error": 0.9767360251750589
    },
    "ry_y": {
      "true": 0.05,
      "est": 0.04988314707783065,
      "abs_error": 0.00011685292216935539,
      "pct_error": 0.23370584433871078
    },
    "ry_z": {
      "true": 0.06,
      "est": 0.060738868716273896,
      "abs_error": 0.000738868716273898,
      "pct_error": 1.2314478604564967
    }
  },
  "focus_scale_pct": {
    "dKg_xx": 49.83806607095553,
    "dKg_xy": 0.1574832036840364,
    "dKg_yy": 2.402773828233768,
    "dKg_zz": 51.65466641018678,
    "dKa_xx": 2.9490037845160004
  },
  "lever_guard_pct": {
    "rx_y": 0.15694442735159422,
    "ry_z": 1.2314478604564967
  },
  "overall": {
    "mean_pct_error": 11.666856203300615,
    "median_pct_error": 1.3763890443693518,
    "max_pct_error": 99.59219891498246
  },
  "extra": {
    "noise_scale": 0.08,
    "noise_config": {
      "arw_dpsh": 0.0004,
      "vrw_ugpsHz": 0.4,
      "bi_g_dph": 0.00016,
      "bi_a_ug": 0.4,
      "tau_g": 300.0,
      "tau_a": 300.0,
      "seed": 42,
      "base_family": "round53_round61_shared"
    },
    "comparison_mode": "ch3_closedloop_local_insertions",
    "candidate_name": "twoanchor_l10_ypair_neg2_plus_l11_maxbest",
    "method_key": "kf36_noisy",
    "legality": "faithful12_base_plus_closed_loop_local_insertions",
    "time_total_s": 1290.0
  }
}