{
  "variant": "late11_yneg_xpair_outerhold_then_zquad_y12_x0_kf36_noisy_noise0p08",
  "method_file": "search_ch3_12pos_closedloop_local_insertions.py",
  "source_file": "/root/.openclaw/workspace/tmp_psins_py/psins_py/test_calibration_markov_pruned.py",
  "param_order": [
    "eb_x",
    "eb_y",
    "eb_z",
    "db_x",
    "db_y",
    "db_z",
    "dKg_xx",
    "dKg_yx",
    "dKg_zx",
    "dKg_xy",
    "dKg_yy",
    "dKg_zy",
    "dKg_xz",
    "dKg_yz",
    "dKg_zz",
    "dKa_xx",
    "dKa_xy",
    "dKa_xz",
    "dKa_yy",
    "dKa_yz",
    "dKa_zz",
    "Ka2_x",
    "Ka2_y",
    "Ka2_z",
    "rx_x",
    "rx_y",
    "rx_z",
    "ry_x",
    "ry_y",
    "ry_z"
  ],
  "param_errors": {
    "eb_x": {
      "true": 4.84813681109536e-07,
      "est": 4.6117995049990554e-07,
      "abs_error": 2.363373060963051e-08,
      "pct_error": 4.874806865091507
    },
    "eb_y": {
      "true": 9.69627362219072e-07,
      "est": 9.709869218764286e-07,
      "abs_error": 1.3595596573564841e-09,
      "pct_error": 0.14021465465300192
    },
    "eb_z": {
      "true": 1.4544410433286078e-06,
      "est": 1.44429129932126e-06,
      "abs_error": 1.0149744007347739e-08,
      "pct_error": 0.6978449937110697
    },
    "db_x": {
      "true": 0.00097803267715,
      "est": 0.0009779798193119285,
      "abs_error": 5.285783807136221e-08,
      "pct_error": 0.005404506342813683
    },
    "db_y": {
      "true": 0.0019560653543,
      "est": 0.0019578973732788667,
      "abs_error": 1.8320189788668777e-06,
      "pct_error": 0.09365837265301837
    },
    "db_z": {
      "true": 0.00293409803145,
      "est": 0.002942117163098713,
      "abs_error": 8.019131648712933e-06,
      "pct_error": 0.2733082386054417
    },
    "dKg_xx": {
      "true": -9.99999999995449e-06,
      "est": -1.1900566386335854e-05,
      "abs_error": 1.9005663863813638e-06,
      "pct_error": 19.005663863900132
    },
    "dKg_yx": {
      "true": 0.0001454441043328608,
      "est": 0.00014551186811855653,
      "abs_error": 6.776378569573914e-08,
      "pct_error": 0.04659094709033798
    },
    "dKg_zx": {
      "true": 0.00024240684055476798,
      "est": 0.00024140764381480118,
      "abs_error": 9.991967399668015e-07,
      "pct_error": 0.41219824394396526
    },
    "dKg_xy": {
      "true": 4.84813681109536e-05,
      "est": 4.826346803106672e-05,
      "abs_error": 2.179000798868791e-07,
      "pct_error": 0.4494511775909394
    },
    "dKg_yy": {
      "true": -2.0000000000020002e-05,
      "est": -1.939477610912732e-05,
      "abs_error": 6.05223890892681e-07,
      "pct_error": 3.0261194544603787
    },
    "dKg_zy": {
      "true": 0.0002908882086657216,
      "est": 0.00030355339338993556,
      "abs_error": 1.2665184724213981e-05,
      "pct_error": 4.353969788706136
    },
    "dKg_xz": {
      "true": 9.69627362219072e-05,
      "est": 9.69788402678578e-05,
      "abs_error": 1.6104045950601255e-08,
      "pct_error": 0.01660848958897552
    },
    "dKg_yz": {
      "true": 0.0001939254724438144,
      "est": 0.0001810297793444662,
      "abs_error": 1.2895693099348196e-05,
      "pct_error": 6.649819096397683
    },
    "dKg_zz": {
      "true": -2.999999999997449e-05,
      "est": -1.1191167165192084e-05,
      "abs_error": 1.8808832834782407e-05,
      "pct_error": 62.696109449328
    },
    "dKa_xx": {
      "true": -9.99999999995449e-06,
      "est": -9.714646707958963e-06,
      "abs_error": 2.8535329199552706e-07,
      "pct_error": 2.853532919968257
    },
    "dKa_xy": {
      "true": 4.84813681109536e-05,
      "est": 4.339569746261602e-05,
      "abs_error": 5.085670648337574e-06,
      "pct_error": 10.489948709158945
    },
    "dKa_xz": {
      "true": 9.69627362219072e-05,
      "est": 9.629258592722749e-05,
      "abs_error": 6.701502946797019e-07,
      "pct_error": 0.6911421034427162
    },
    "dKa_yy": {
      "true": -2.0000000000020002e-05,
      "est": -2.2806336739122912e-06,
      "abs_error": 1.771936632610771e-05,
      "pct_error": 88.59683163044994
    },
    "dKa_yz": {
      "true": 0.0001939254724438144,
      "est": 0.0001812104174325635,
      "abs_error": 1.2715055011250874e-05,
      "pct_error": 6.556670895792083
    },
    "dKa_zz": {
      "true": -2.999999999997449e-05,
      "est": -3.014797431943883e-05,
      "abs_error": 1.4797431946433903e-07,
      "pct_error": 0.49324773154821616
    },
    "Ka2_x": {
      "true": 1.0224607248440952e-06,
      "est": 1.0449137934335027e-06,
      "abs_error": 2.2453068589407457e-08,
      "pct_error": 2.195983478273075
    },
    "Ka2_y": {
      "true": 2.0449214496881904e-06,
      "est": 7.6402236523224e-09,
      "abs_error": 2.037281226035868e-06,
      "pct_error": 99.62638058036471
    },
    "Ka2_z": {
      "true": 3.0673821745322856e-06,
      "est": 3.0067053987063427e-06,
      "abs_error": 6.067677582594292e-08,
      "pct_error": 1.9781289833959121
    },
    "rx_x": {
      "true": 0.01,
      "est": 0.01006213521881979,
      "abs_error": 6.213521881979003e-05,
      "pct_error": 0.6213521881979003
    },
    "rx_y": {
      "true": 0.02,
      "est": 0.019890310876442645,
      "abs_error": 0.00010968912355735494,
      "pct_error": 0.5484456177867747
    },
    "rx_z": {
      "true": 0.03,
      "est": 0.030500055154649097,
      "abs_error": 0.0005000551546490983,
      "pct_error": 1.6668505154969946
    },
    "ry_x": {
      "true": 0.04,
      "est": 0.04058383867875447,
      "abs_error": 0.0005838386787544725,
      "pct_error": 1.459596696886181
    },
    "ry_y": {
      "true": 0.05,
      "est": 0.04983368075749553,
      "abs_error": 0.00016631924250447294,
      "pct_error": 0.3326384850089459
    },
    "ry_z": {
      "true": 0.06,
      "est": 0.060727277376127965,
      "abs_error": 0.0007272773761279674,
      "pct_error": 1.2121289602132792
    }
  },
  "focus_scale_pct": {
    "dKg_xx": 19.005663863900132,
    "dKg_xy": 0.4494511775909394,
    "dKg_yy": 3.0261194544603787,
    "dKg_zz": 62.696109449328,
    "dKa_xx": 2.853532919968257
  },
  "lever_guard_pct": {
    "rx_y": 0.5484456177867747,
    "ry_z": 1.2121289602132792
  },
  "overall": {
    "mean_pct_error": 10.73548825460158,
    "median_pct_error": 1.3358628285497303,
    "max_pct_error": 99.62638058036471
  },
  "extra": {
    "noise_scale": 0.08,
    "noise_config": {
      "arw_dpsh": 0.0004,
      "vrw_ugpsHz": 0.4,
      "bi_g_dph": 0.00016,
      "bi_a_ug": 0.4,
      "tau_g": 300.0,
      "tau_a": 300.0,
      "seed": 42,
      "base_family": "round53_round61_shared"
    },
    "comparison_mode": "ch3_closedloop_local_insertions",
    "candidate_name": "late11_yneg_xpair_outerhold_then_zquad_y12_x0",
    "method_key": "kf36_noisy",
    "legality": "faithful12_base_plus_closed_loop_local_insertions",
    "time_total_s": 1284.0
  }
}