{
  "variant": "late11_yneg_xpair_outerhold_then_zpair_pos_med_kf36_noisy_noise0p08",
  "method_file": "search_ch3_12pos_closedloop_local_insertions.py",
  "source_file": "/root/.openclaw/workspace/tmp_psins_py/psins_py/test_calibration_markov_pruned.py",
  "param_order": [
    "eb_x",
    "eb_y",
    "eb_z",
    "db_x",
    "db_y",
    "db_z",
    "dKg_xx",
    "dKg_yx",
    "dKg_zx",
    "dKg_xy",
    "dKg_yy",
    "dKg_zy",
    "dKg_xz",
    "dKg_yz",
    "dKg_zz",
    "dKa_xx",
    "dKa_xy",
    "dKa_xz",
    "dKa_yy",
    "dKa_yz",
    "dKa_zz",
    "Ka2_x",
    "Ka2_y",
    "Ka2_z",
    "rx_x",
    "rx_y",
    "rx_z",
    "ry_x",
    "ry_y",
    "ry_z"
  ],
  "param_errors": {
    "eb_x": {
      "true": 4.84813681109536e-07,
      "est": 4.588259863168548e-07,
      "abs_error": 2.598769479268126e-08,
      "pct_error": 5.360346831221074
    },
    "eb_y": {
      "true": 9.69627362219072e-07,
      "est": 9.742829111825152e-07,
      "abs_error": 4.6555489634430546e-09,
      "pct_error": 0.4801379524592259
    },
    "eb_z": {
      "true": 1.4544410433286078e-06,
      "est": 1.445088508126148e-06,
      "abs_error": 9.352535202459878e-09,
      "pct_error": 0.6430329538181784
    },
    "db_x": {
      "true": 0.00097803267715,
      "est": 0.0009776736674542502,
      "abs_error": 3.590096957497516e-07,
      "pct_error": 0.03670733137423492
    },
    "db_y": {
      "true": 0.0019560653543,
      "est": 0.0019573100234870186,
      "abs_error": 1.2446691870188036e-06,
      "pct_error": 0.06363126795751783
    },
    "db_z": {
      "true": 0.00293409803145,
      "est": 0.002941626348939377,
      "abs_error": 7.528317489376938e-06,
      "pct_error": 0.2565802985681608
    },
    "dKg_xx": {
      "true": -9.99999999995449e-06,
      "est": -1.2152993261294043e-05,
      "abs_error": 2.152993261339553e-06,
      "pct_error": 21.529932613493514
    },
    "dKg_yx": {
      "true": 0.0001454441043328608,
      "est": 0.00014554924121552184,
      "abs_error": 1.0513688266104888e-07,
      "pct_error": 0.07228679577168318
    },
    "dKg_zx": {
      "true": 0.00024240684055476798,
      "est": 0.00024152881407268206,
      "abs_error": 8.780264820859205e-07,
      "pct_error": 0.36221192441454403
    },
    "dKg_xy": {
      "true": 4.84813681109536e-05,
      "est": 4.861039857911622e-05,
      "abs_error": 1.2903046816262518e-07,
      "pct_error": 0.2661444451553602
    },
    "dKg_yy": {
      "true": -2.0000000000020002e-05,
      "est": -1.979838276078283e-05,
      "abs_error": 2.016172392371729e-07,
      "pct_error": 1.0080861961848562
    },
    "dKg_zy": {
      "true": 0.0002908882086657216,
      "est": 0.00030200289187954033,
      "abs_error": 1.1114683213818747e-05,
      "pct_error": 3.820946632660297
    },
    "dKg_xz": {
      "true": 9.69627362219072e-05,
      "est": 9.743945462183581e-05,
      "abs_error": 4.7671839992861616e-07,
      "pct_error": 0.49165114197850907
    },
    "dKg_yz": {
      "true": 0.0001939254724438144,
      "est": 0.00018227939034715036,
      "abs_error": 1.1646082096664024e-05,
      "pct_error": 6.005442168015457
    },
    "dKg_zz": {
      "true": -2.999999999997449e-05,
      "est": -1.3059610131094246e-06,
      "abs_error": 2.8694038986865067e-05,
      "pct_error": 95.64679662296489
    },
    "dKa_xx": {
      "true": -9.99999999995449e-06,
      "est": -9.726949700139542e-06,
      "abs_error": 2.7305029981494755e-07,
      "pct_error": 2.730502998161902
    },
    "dKa_xy": {
      "true": 4.84813681109536e-05,
      "est": 4.524634302405048e-05,
      "abs_error": 3.2350250869031143e-06,
      "pct_error": 6.672718227545669
    },
    "dKa_xz": {
      "true": 9.69627362219072e-05,
      "est": 9.654453023111686e-05,
      "abs_error": 4.1820599079033806e-07,
      "pct_error": 0.4313058883087202
    },
    "dKa_yy": {
      "true": -2.0000000000020002e-05,
      "est": -1.6491636962712164e-06,
      "abs_error": 1.8350836303748785e-05,
      "pct_error": 91.75418151865216
    },
    "dKa_yz": {
      "true": 0.0001939254724438144,
      "est": 0.00018278421906745728,
      "abs_error": 1.1141253376357107e-05,
      "pct_error": 5.745121172560267
    },
    "dKa_zz": {
      "true": -2.999999999997449e-05,
      "est": -2.9998170092859766e-05,
      "abs_error": 1.8299071147254153e-09,
      "pct_error": 0.006099690382423238
    },
    "Ka2_x": {
      "true": 1.0224607248440952e-06,
      "est": 1.050178052058982e-06,
      "abs_error": 2.7717327214886784e-08,
      "pct_error": 2.7108451739418276
    },
    "Ka2_y": {
      "true": 2.0449214496881904e-06,
      "est": 4.766587248484105e-09,
      "abs_error": 2.040154862439706e-06,
      "pct_error": 99.76690609562479
    },
    "Ka2_z": {
      "true": 3.0673821745322856e-06,
      "est": 3.009273946998622e-06,
      "abs_error": 5.810822753366359e-08,
      "pct_error": 1.8943915113063445
    },
    "rx_x": {
      "true": 0.01,
      "est": 0.00999218675017458,
      "abs_error": 7.813249825419644e-06,
      "pct_error": 0.07813249825419644
    },
    "rx_y": {
      "true": 0.02,
      "est": 0.01973171594383206,
      "abs_error": 0.00026828405616793893,
      "pct_error": 1.3414202808396947
    },
    "rx_z": {
      "true": 0.03,
      "est": 0.030392692364365544,
      "abs_error": 0.0003926923643655447,
      "pct_error": 1.308974547885149
    },
    "ry_x": {
      "true": 0.04,
      "est": 0.040448874390950657,
      "abs_error": 0.0004488743909506557,
      "pct_error": 1.1221859773766392
    },
    "ry_y": {
      "true": 0.05,
      "est": 0.0498780322875317,
      "abs_error": 0.00012196771246830024,
      "pct_error": 0.24393542493660048
    },
    "ry_z": {
      "true": 0.06,
      "est": 0.0607340325031416,
      "abs_error": 0.0007340325031416003,
      "pct_error": 1.2233875052360006
    }
  },
  "focus_scale_pct": {
    "dKg_xx": 21.529932613493514,
    "dKg_xy": 0.2661444451553602,
    "dKg_yy": 1.0080861961848562,
    "dKg_zz": 95.64679662296489,
    "dKa_xx": 2.730502998161902
  },
  "lever_guard_pct": {
    "rx_y": 1.3414202808396947,
    "ry_z": 1.2233875052360006
  },
  "overall": {
    "mean_pct_error": 11.769134789568334,
    "median_pct_error": 1.1727867413063198,
    "max_pct_error": 99.76690609562479
  },
  "extra": {
    "noise_scale": 0.08,
    "noise_config": {
      "arw_dpsh": 0.0004,
      "vrw_ugpsHz": 0.4,
      "bi_g_dph": 0.00016,
      "bi_a_ug": 0.4,
      "tau_g": 300.0,
      "tau_a": 300.0,
      "seed": 42,
      "base_family": "round53_round61_shared"
    },
    "comparison_mode": "ch3_closedloop_local_insertions",
    "candidate_name": "late11_yneg_xpair_outerhold_then_zpair_pos_med",
    "method_key": "kf36_noisy",
    "legality": "faithful12_base_plus_closed_loop_local_insertions",
    "time_total_s": 1270.0
  }
}