{
  "variant": "seedentry_l5neg6_l8x1_l9y1p5_unifiedcore_kf36_noisy_noise0p08",
  "method_file": "search_ch3_12pos_closedloop_local_insertions.py",
  "source_file": "/root/.openclaw/workspace/tmp_psins_py/psins_py/test_calibration_markov_pruned.py",
  "param_order": [
    "eb_x",
    "eb_y",
    "eb_z",
    "db_x",
    "db_y",
    "db_z",
    "dKg_xx",
    "dKg_yx",
    "dKg_zx",
    "dKg_xy",
    "dKg_yy",
    "dKg_zy",
    "dKg_xz",
    "dKg_yz",
    "dKg_zz",
    "dKa_xx",
    "dKa_xy",
    "dKa_xz",
    "dKa_yy",
    "dKa_yz",
    "dKa_zz",
    "Ka2_x",
    "Ka2_y",
    "Ka2_z",
    "rx_x",
    "rx_y",
    "rx_z",
    "ry_x",
    "ry_y",
    "ry_z"
  ],
  "param_errors": {
    "eb_x": {
      "true": 4.84813681109536e-07,
      "est": 4.6519320181064856e-07,
      "abs_error": 1.962047929888749e-08,
      "pct_error": 4.047014361060192
    },
    "eb_y": {
      "true": 9.69627362219072e-07,
      "est": 9.689579073529534e-07,
      "abs_error": 6.694548661187139e-10,
      "pct_error": 0.06904248912557616
    },
    "eb_z": {
      "true": 1.4544410433286078e-06,
      "est": 1.4468267947471458e-06,
      "abs_error": 7.614248581462023e-09,
      "pct_error": 0.5235171694574976
    },
    "db_x": {
      "true": 0.00097803267715,
      "est": 0.0009805663063301134,
      "abs_error": 2.533629180113484e-06,
      "pct_error": 0.25905363279849836
    },
    "db_y": {
      "true": 0.0019560653543,
      "est": 0.001961805044325587,
      "abs_error": 5.739690025587281e-06,
      "pct_error": 0.2934303811971198
    },
    "db_z": {
      "true": 0.00293409803145,
      "est": 0.0029461430391409514,
      "abs_error": 1.2045007690951199e-05,
      "pct_error": 0.4105182431480888
    },
    "dKg_xx": {
      "true": -9.99999999995449e-06,
      "est": -1.0567546700368524e-05,
      "abs_error": 5.675467004140344e-07,
      "pct_error": 5.6754670041661734
    },
    "dKg_yx": {
      "true": 0.0001454441043328608,
      "est": 0.0001450443082149505,
      "abs_error": 3.997961179102777e-07,
      "pct_error": 0.2748795626636824
    },
    "dKg_zx": {
      "true": 0.00024240684055476798,
      "est": 0.00024171965586394456,
      "abs_error": 6.87184690823428e-07,
      "pct_error": 0.28348403421733037
    },
    "dKg_xy": {
      "true": 4.84813681109536e-05,
      "est": 4.8753678834725315e-05,
      "abs_error": 2.723107237717181e-07,
      "pct_error": 0.5616811867778002
    },
    "dKg_yy": {
      "true": -2.0000000000020002e-05,
      "est": -1.982467117933595e-05,
      "abs_error": 1.7532882068405087e-07,
      "pct_error": 0.8766441034193776
    },
    "dKg_zy": {
      "true": 0.0002908882086657216,
      "est": 0.0002861276112060123,
      "abs_error": 4.760597459709285e-06,
      "pct_error": 1.636572854412258
    },
    "dKg_xz": {
      "true": 9.69627362219072e-05,
      "est": 9.784782056797045e-05,
      "abs_error": 8.850843460632581e-07,
      "pct_error": 0.9128087557653797
    },
    "dKg_yz": {
      "true": 0.0001939254724438144,
      "est": 0.00019880576646292823,
      "abs_error": 4.8802940191138456e-06,
      "pct_error": 2.5165822507034514
    },
    "dKg_zz": {
      "true": -2.999999999997449e-05,
      "est": -1.1623559947437911e-05,
      "abs_error": 1.837644005253658e-05,
      "pct_error": 61.25480017517402
    },
    "dKa_xx": {
      "true": -9.99999999995449e-06,
      "est": -9.556930527621077e-06,
      "abs_error": 4.4306947233341276e-07,
      "pct_error": 4.430694723354292
    },
    "dKa_xy": {
      "true": 4.84813681109536e-05,
      "est": 5.100185021639478e-05,
      "abs_error": 2.5204821054411835e-06,
      "pct_error": 5.198867531280992
    },
    "dKa_xz": {
      "true": 9.69627362219072e-05,
      "est": 9.730646962331767e-05,
      "abs_error": 3.437334014104774e-07,
      "pct_error": 0.35450051721293757
    },
    "dKa_yy": {
      "true": -2.0000000000020002e-05,
      "est": -2.200154341824856e-06,
      "abs_error": 1.7799845658195146e-05,
      "pct_error": 88.99922829088672
    },
    "dKa_yz": {
      "true": 0.0001939254724438144,
      "est": 0.0001986585304473792,
      "abs_error": 4.733058003564825e-06,
      "pct_error": 2.4406582301539186
    },
    "dKa_zz": {
      "true": -2.999999999997449e-05,
      "est": -3.0470407921923126e-05,
      "abs_error": 4.7040792194863457e-07,
      "pct_error": 1.568026406496782
    },
    "Ka2_x": {
      "true": 1.0224607248440952e-06,
      "est": 1.0305190286338728e-06,
      "abs_error": 8.058303789777562e-09,
      "pct_error": 0.7881284428804141
    },
    "Ka2_y": {
      "true": 2.0449214496881904e-06,
      "est": 1.0267294666534008e-08,
      "abs_error": 2.0346541550216565e-06,
      "pct_error": 99.4979125155101
    },
    "Ka2_z": {
      "true": 3.0673821745322856e-06,
      "est": 2.948031687140121e-06,
      "abs_error": 1.1935048739216454e-07,
      "pct_error": 3.890955890110534
    },
    "rx_x": {
      "true": 0.01,
      "est": 0.009763876566110639,
      "abs_error": 0.00023612343388936148,
      "pct_error": 2.361234338893615
    },
    "rx_y": {
      "true": 0.02,
      "est": 0.020227713297492612,
      "abs_error": 0.00022771329749261132,
      "pct_error": 1.1385664874630566
    },
    "rx_z": {
      "true": 0.03,
      "est": 0.03057085874535706,
      "abs_error": 0.0005708587453570613,
      "pct_error": 1.9028624845235376
    },
    "ry_x": {
      "true": 0.04,
      "est": 0.040228709821604945,
      "abs_error": 0.00022870982160494435,
      "pct_error": 0.5717745540123609
    },
    "ry_y": {
      "true": 0.05,
      "est": 0.05022511684873504,
      "abs_error": 0.000225116848735038,
      "pct_error": 0.450233697470076
    },
    "ry_z": {
      "true": 0.06,
      "est": 0.06062463770085164,
      "abs_error": 0.0006246377008516449,
      "pct_error": 1.0410628347527415
    }
  },
  "focus_scale_pct": {
    "dKg_xx": 5.6754670041661734,
    "dKg_xy": 0.5616811867778002,
    "dKg_yy": 0.8766441034193776,
    "dKg_zz": 61.25480017517402,
    "dKa_xx": 4.430694723354292
  },
  "lever_guard_pct": {
    "rx_y": 1.1385664874630566,
    "ry_z": 1.0410628347527415
  },
  "overall": {
    "mean_pct_error": 9.807673438302949,
    "median_pct_error": 1.0898146611078992,
    "max_pct_error": 99.4979125155101
  },
  "extra": {
    "noise_scale": 0.08,
    "noise_config": {
      "arw_dpsh": 0.0004,
      "vrw_ugpsHz": 0.4,
      "bi_g_dph": 0.00016,
      "bi_a_ug": 0.4,
      "tau_g": 300.0,
      "tau_a": 300.0,
      "seed": 42,
      "base_family": "round53_round61_shared"
    },
    "comparison_mode": "ch3_closedloop_local_insertions",
    "candidate_name": "seedentry_l5neg6_l8x1_l9y1p5_unifiedcore",
    "method_key": "kf36_noisy",
    "legality": "faithful12_base_plus_closed_loop_local_insertions",
    "time_total_s": 1361.0
  }
}