{
  "variant": "repair_B_break_late_Z_plus_pair_by_flipping_node11_kf36_noisy_noise0p08",
  "method_file": "benchmark_ch3_12pos_goalA_repairs.py",
  "source_file": "/root/.openclaw/workspace/tmp_psins_py/psins_py/test_calibration_markov_pruned.py",
  "param_order": [
    "eb_x",
    "eb_y",
    "eb_z",
    "db_x",
    "db_y",
    "db_z",
    "dKg_xx",
    "dKg_yx",
    "dKg_zx",
    "dKg_xy",
    "dKg_yy",
    "dKg_zy",
    "dKg_xz",
    "dKg_yz",
    "dKg_zz",
    "dKa_xx",
    "dKa_xy",
    "dKa_xz",
    "dKa_yy",
    "dKa_yz",
    "dKa_zz",
    "Ka2_x",
    "Ka2_y",
    "Ka2_z",
    "rx_x",
    "rx_y",
    "rx_z",
    "ry_x",
    "ry_y",
    "ry_z"
  ],
  "param_errors": {
    "eb_x": {
      "true": 4.84813681109536e-07,
      "est": 4.738395332720893e-07,
      "abs_error": 1.0974147837446764e-08,
      "pct_error": 2.263580477417948
    },
    "eb_y": {
      "true": 9.69627362219072e-07,
      "est": 9.768239112135103e-07,
      "abs_error": 7.196548994438157e-09,
      "pct_error": 0.7421973919927611
    },
    "eb_z": {
      "true": 1.4544410433286078e-06,
      "est": 1.4519282936236158e-06,
      "abs_error": 2.5127497049920403e-09,
      "pct_error": 0.17276394368254394
    },
    "db_x": {
      "true": 0.00097803267715,
      "est": 0.0009807429796221052,
      "abs_error": 2.710302472105257e-06,
      "pct_error": 0.27711778301754847
    },
    "db_y": {
      "true": 0.0019560653543,
      "est": 0.001945941217891588,
      "abs_error": 1.012413640841172e-05,
      "pct_error": 0.5175765925282572
    },
    "db_z": {
      "true": 0.00293409803145,
      "est": 0.003132968807353782,
      "abs_error": 0.00019887077590378206,
      "pct_error": 6.777918589362954
    },
    "dKg_xx": {
      "true": -9.99999999995449e-06,
      "est": -4.676490060528948e-06,
      "abs_error": 5.323509939425541e-06,
      "pct_error": 53.23509939449769
    },
    "dKg_yx": {
      "true": 0.0001454441043328608,
      "est": 0.00014643777366695127,
      "abs_error": 9.936693340904812e-07,
      "pct_error": 0.6831967088995146
    },
    "dKg_zx": {
      "true": 0.00024240684055476798,
      "est": 0.00022243564558561174,
      "abs_error": 1.9971194969156246e-05,
      "pct_error": 8.238709321671998
    },
    "dKg_xy": {
      "true": 4.84813681109536e-05,
      "est": 4.798152435367974e-05,
      "abs_error": 4.998437572738577e-07,
      "pct_error": 1.0310017574791293
    },
    "dKg_yy": {
      "true": -2.0000000000020002e-05,
      "est": -1.9476746476509987e-05,
      "abs_error": 5.232535235100144e-07,
      "pct_error": 2.6162676175474555
    },
    "dKg_zy": {
      "true": 0.0002908882086657216,
      "est": 0.0003020648679075057,
      "abs_error": 1.1176659241784103e-05,
      "pct_error": 3.8422524216606955
    },
    "dKg_xz": {
      "true": 9.69627362219072e-05,
      "est": 0.00011663394494015986,
      "abs_error": 1.9671208718252664e-05,
      "pct_error": 20.287390274582894
    },
    "dKg_yz": {
      "true": 0.0001939254724438144,
      "est": 0.00018298580571653126,
      "abs_error": 1.0939666727283122e-05,
      "pct_error": 5.64117059477715
    },
    "dKg_zz": {
      "true": -2.999999999997449e-05,
      "est": 2.59489871323737e-06,
      "abs_error": 3.259489871321186e-05,
      "pct_error": 108.64966237746525
    },
    "dKa_xx": {
      "true": -9.99999999995449e-06,
      "est": -9.458008634277704e-06,
      "abs_error": 5.419913656767861e-07,
      "pct_error": 5.419913656792527
    },
    "dKa_xy": {
      "true": 4.84813681109536e-05,
      "est": 4.436584333204553e-05,
      "abs_error": 4.11552477890807e-06,
      "pct_error": 8.488879211265973
    },
    "dKa_xz": {
      "true": 9.69627362219072e-05,
      "est": 0.0001164276242987723,
      "abs_error": 1.94648880768651e-05,
      "pct_error": 20.07460683897998
    },
    "dKa_yy": {
      "true": -2.0000000000020002e-05,
      "est": 2.909604988832193e-06,
      "abs_error": 2.2909604988852195e-05,
      "pct_error": 114.54802494414642
    },
    "dKa_yz": {
      "true": 0.0001939254724438144,
      "est": 0.00018296862590610918,
      "abs_error": 1.0956846537705204e-05,
      "pct_error": 5.650029570447332
    },
    "dKa_zz": {
      "true": -2.999999999997449e-05,
      "est": -2.9835736473415864e-05,
      "abs_error": 1.6426352655862786e-07,
      "pct_error": 0.5475450885292251
    },
    "Ka2_x": {
      "true": 1.0224607248440952e-06,
      "est": 1.0369216448887554e-06,
      "abs_error": 1.446092004466017e-08,
      "pct_error": 1.4143252345331083
    },
    "Ka2_y": {
      "true": 2.0449214496881904e-06,
      "est": 7.227168455728731e-10,
      "abs_error": 2.0441987328426177e-06,
      "pct_error": 99.96465796543515
    },
    "Ka2_z": {
      "true": 3.0673821745322856e-06,
      "est": 1.0490662380274224e-06,
      "abs_error": 2.018315936504863e-06,
      "pct_error": 65.79929795714536
    },
    "rx_x": {
      "true": 0.01,
      "est": 0.010408205962646116,
      "abs_error": 0.0004082059626461156,
      "pct_error": 4.082059626461156
    },
    "rx_y": {
      "true": 0.02,
      "est": 0.019886262508875485,
      "abs_error": 0.00011373749112451523,
      "pct_error": 0.5686874556225762
    },
    "rx_z": {
      "true": 0.03,
      "est": 0.03120314584001979,
      "abs_error": 0.0012031458400197925,
      "pct_error": 4.010486133399309
    },
    "ry_x": {
      "true": 0.04,
      "est": 0.040545467307498764,
      "abs_error": 0.0005454673074987634,
      "pct_error": 1.3636682687469086
    },
    "ry_y": {
      "true": 0.05,
      "est": 0.04999345961966128,
      "abs_error": 6.540380338725116e-06,
      "pct_error": 0.013080760677450232
    },
    "ry_z": {
      "true": 0.06,
      "est": 0.060181649785349886,
      "abs_error": 0.0001816497853498883,
      "pct_error": 0.3027496422498138
    }
  },
  "focus_scale_pct": {
    "dKg_xx": 53.23509939449769,
    "dKg_xy": 1.0310017574791293,
    "dKg_yy": 2.6162676175474555,
    "dKg_zz": 108.64966237746525,
    "dKa_xx": 5.419913656792527
  },
  "lever_guard_pct": {
    "rx_y": 0.5686874556225762,
    "ry_z": 0.3027496422498138
  },
  "overall": {
    "mean_pct_error": 18.240797253367205,
    "median_pct_error": 3.926369277530002,
    "max_pct_error": 114.54802494414642
  },
  "extra": {
    "noise_scale": 0.08,
    "noise_config": {
      "arw_dpsh": 0.0004,
      "vrw_ugpsHz": 0.4,
      "bi_g_dph": 0.00016,
      "bi_a_ug": 0.4,
      "tau_g": 300.0,
      "tau_a": 300.0,
      "seed": 42,
      "base_family": "round53_round61_shared"
    },
    "comparison_mode": "ch3_goalA_repair_benchmark",
    "candidate_name": "repair_B_break_late_Z_plus_pair_by_flipping_node11",
    "method_key": "kf36_noisy"
  }
}