{
  "variant": "legacy19pos_histatt0_scaled1200s_kf36_noisy_noise0p12",
  "method_file": "source_mod.run_calibration(n_states=36)",
  "source_file": "/root/.openclaw/workspace/tmp_psins_py/psins_py/test_calibration_markov_pruned.py",
  "param_order": [
    "eb_x",
    "eb_y",
    "eb_z",
    "db_x",
    "db_y",
    "db_z",
    "dKg_xx",
    "dKg_yx",
    "dKg_zx",
    "dKg_xy",
    "dKg_yy",
    "dKg_zy",
    "dKg_xz",
    "dKg_yz",
    "dKg_zz",
    "dKa_xx",
    "dKa_xy",
    "dKa_xz",
    "dKa_yy",
    "dKa_yz",
    "dKa_zz",
    "Ka2_x",
    "Ka2_y",
    "Ka2_z",
    "rx_x",
    "rx_y",
    "rx_z",
    "ry_x",
    "ry_y",
    "ry_z"
  ],
  "param_errors": {
    "eb_x": {
      "true": 4.84813681109536e-07,
      "est": 4.5602179054134353e-07,
      "abs_error": 2.8791890568192515e-08,
      "pct_error": 5.93875372953583
    },
    "eb_y": {
      "true": 9.69627362219072e-07,
      "est": 9.402924703108572e-07,
      "abs_error": 2.9334891908214897e-08,
      "pct_error": 3.02537789786373
    },
    "eb_z": {
      "true": 1.4544410433286078e-06,
      "est": 1.437448671213516e-06,
      "abs_error": 1.6992372115091737e-08,
      "pct_error": 1.1683094473326534
    },
    "db_x": {
      "true": 0.00097803267715,
      "est": 0.0009764678965085678,
      "abs_error": 1.564780641432153e-06,
      "pct_error": 0.15999267488607277
    },
    "db_y": {
      "true": 0.0019560653543,
      "est": 0.0019677919317523354,
      "abs_error": 1.1726577452335612e-05,
      "pct_error": 0.5994982440927747
    },
    "db_z": {
      "true": 0.00293409803145,
      "est": 0.0029308703200178316,
      "abs_error": 3.2277114321685625e-06,
      "pct_error": 0.11000693901742137
    },
    "dKg_xx": {
      "true": -9.99999999995449e-06,
      "est": -1.0429143703083454e-05,
      "abs_error": 4.2914370312896466e-07,
      "pct_error": 4.291437031309177
    },
    "dKg_yx": {
      "true": 0.0001454441043328608,
      "est": 0.0001457902273743023,
      "abs_error": 3.4612304144151e-07,
      "pct_error": 0.23797667360196256
    },
    "dKg_zx": {
      "true": 0.00024240684055476798,
      "est": 0.0002405593043362084,
      "abs_error": 1.847536218559597e-06,
      "pct_error": 0.7621634003113767
    },
    "dKg_xy": {
      "true": 4.84813681109536e-05,
      "est": 4.88045367649177e-05,
      "abs_error": 3.2316865396410247e-07,
      "pct_error": 0.6665831979504053
    },
    "dKg_yy": {
      "true": -2.0000000000020002e-05,
      "est": -2.036381594772152e-05,
      "abs_error": 3.6381594770151793e-07,
      "pct_error": 1.8190797385057702
    },
    "dKg_zy": {
      "true": 0.0002908882086657216,
      "est": 0.00029151926421941226,
      "abs_error": 6.310555536906772e-07,
      "pct_error": 0.21694091918860275
    },
    "dKg_xz": {
      "true": 9.69627362219072e-05,
      "est": 9.710385202577888e-05,
      "abs_error": 1.411158038716842e-07,
      "pct_error": 0.14553611971998098
    },
    "dKg_yz": {
      "true": 0.0001939254724438144,
      "est": 0.00019385590607592362,
      "abs_error": 6.956636789076675e-08,
      "pct_error": 0.03587273348575807
    },
    "dKg_zz": {
      "true": -2.999999999997449e-05,
      "est": -2.9918451516008915e-05,
      "abs_error": 8.154848396557668e-08,
      "pct_error": 0.27182827988548675
    },
    "dKa_xx": {
      "true": -9.99999999995449e-06,
      "est": -9.806778590526477e-06,
      "abs_error": 1.932214094280127e-07,
      "pct_error": 1.9322140942889205
    },
    "dKa_xy": {
      "true": 4.84813681109536e-05,
      "est": 4.8852047648507555e-05,
      "abs_error": 3.7067953755395817e-07,
      "pct_error": 0.7645814299333046
    },
    "dKa_xz": {
      "true": 9.69627362219072e-05,
      "est": 9.826023949064507e-05,
      "abs_error": 1.2975032687378795e-06,
      "pct_error": 1.3381463016559645
    },
    "dKa_yy": {
      "true": -2.0000000000020002e-05,
      "est": -2.0143686839668717e-05,
      "abs_error": 1.4368683964871565e-07,
      "pct_error": 0.7184341982428597
    },
    "dKa_yz": {
      "true": 0.0001939254724438144,
      "est": 0.00019298151940412756,
      "abs_error": 9.43953039686822e-07,
      "pct_error": 0.48676072709339996
    },
    "dKa_zz": {
      "true": -2.999999999997449e-05,
      "est": -2.955897342959979e-05,
      "abs_error": 4.4102657037470294e-07,
      "pct_error": 1.4700885679169264
    },
    "Ka2_x": {
      "true": 1.0224607248440952e-06,
      "est": 1.0249613914539114e-06,
      "abs_error": 2.500666609816139e-09,
      "pct_error": 0.2445733659058093
    },
    "Ka2_y": {
      "true": 2.0449214496881904e-06,
      "est": 2.0136604518709562e-06,
      "abs_error": 3.1260997817234216e-08,
      "pct_error": 1.5287138692784945
    },
    "Ka2_z": {
      "true": 3.0673821745322856e-06,
      "est": 3.174801113940441e-06,
      "abs_error": 1.0741893940815533e-07,
      "pct_error": 3.501974429532393
    },
    "rx_x": {
      "true": 0.01,
      "est": 0.010094666783731956,
      "abs_error": 9.466678373195626e-05,
      "pct_error": 0.9466678373195626
    },
    "rx_y": {
      "true": 0.02,
      "est": 0.02014268098968211,
      "abs_error": 0.00014268098968210977,
      "pct_error": 0.7134049484105488
    },
    "rx_z": {
      "true": 0.03,
      "est": 0.02988930650549126,
      "abs_error": 0.00011069349450873803,
      "pct_error": 0.36897831502912676
    },
    "ry_x": {
      "true": 0.04,
      "est": 0.0402447024942664,
      "abs_error": 0.00024470249426639806,
      "pct_error": 0.6117562356659951
    },
    "ry_y": {
      "true": 0.05,
      "est": 0.05007681861936157,
      "abs_error": 7.681861936156831e-05,
      "pct_error": 0.15363723872313662
    },
    "ry_z": {
      "true": 0.06,
      "est": 0.06029833588050537,
      "abs_error": 0.00029833588050537374,
      "pct_error": 0.49722646750895627
    }
  },
  "focus_scale_pct": {
    "dKg_xx": 4.291437031309177,
    "dKg_xy": 0.6665831979504053,
    "dKg_yy": 1.8190797385057702,
    "dKg_zz": 0.27182827988548675,
    "dKa_xx": 1.9322140942889205
  },
  "lever_guard_pct": {
    "rx_y": 0.7134049484105488,
    "ry_z": 0.49722646750895627
  },
  "overall": {
    "mean_pct_error": 1.1575505017730798,
    "median_pct_error": 0.689994073180477,
    "max_pct_error": 5.93875372953583
  },
  "extra": {
    "comparison_mode": "corrected_symmetric20_vs_legacy19pos_own_att0_normalized1200s",
    "case_key": "legacy19pos",
    "case_tag": "legacy19pos_histatt0_scaled1200s",
    "case_display_name": "legacy 19-position method",
    "method_key": "kf36_noisy",
    "noise_scale": 0.12,
    "noise_config": {
      "arw_dpsh": 0.0006,
      "vrw_ugpsHz": 0.6,
      "bi_g_dph": 0.00024,
      "bi_a_ug": 0.6,
      "tau_g": 300.0,
      "tau_a": 300.0,
      "seed": 42,
      "base_family": "round53_round61_shared"
    },
    "att0_deg": [
      1.0,
      -91.0,
      -91.0
    ],
    "n_motion_rows": 18,
    "claimed_position_count": 19,
    "total_time_s": 1200.0,
    "timing_note": "original 982 s over 18 motion rows, scaled uniformly by 1200/982 to preserve row timing proportions",
    "source_builder": "/root/.openclaw/workspace/tmp_psins_py/psins_py/test_system_calibration_19pos.py",
    "source_reference": "historical paras block + att0=[1,-91,-91] deg from original 19pos script",
    "rationale": "Historical 19-position calibration path, evaluated with its original initial attitude and fair-duration normalization only.",
    "timing_scale_factor": 1.2219959266802445,
    "raw_total_s_before_scaling": 982.0,
    "builder_method_tag": null
  }
}