{
  "variant": "late11_yneg_xpair_return_then_zpair_pos_med_kf36_noisy_noise0p08",
  "method_file": "search_ch3_12pos_closedloop_local_insertions.py",
  "source_file": "/root/.openclaw/workspace/tmp_psins_py/psins_py/test_calibration_markov_pruned.py",
  "param_order": [
    "eb_x",
    "eb_y",
    "eb_z",
    "db_x",
    "db_y",
    "db_z",
    "dKg_xx",
    "dKg_yx",
    "dKg_zx",
    "dKg_xy",
    "dKg_yy",
    "dKg_zy",
    "dKg_xz",
    "dKg_yz",
    "dKg_zz",
    "dKa_xx",
    "dKa_xy",
    "dKa_xz",
    "dKa_yy",
    "dKa_yz",
    "dKa_zz",
    "Ka2_x",
    "Ka2_y",
    "Ka2_z",
    "rx_x",
    "rx_y",
    "rx_z",
    "ry_x",
    "ry_y",
    "ry_z"
  ],
  "param_errors": {
    "eb_x": {
      "true": 4.84813681109536e-07,
      "est": 4.596477331279863e-07,
      "abs_error": 2.516594798154974e-08,
      "pct_error": 5.190849384438862
    },
    "eb_y": {
      "true": 9.69627362219072e-07,
      "est": 9.740251946676278e-07,
      "abs_error": 4.397832448555704e-09,
      "pct_error": 0.4535590289542678
    },
    "eb_z": {
      "true": 1.4544410433286078e-06,
      "est": 1.4456040599542044e-06,
      "abs_error": 8.836983374403418e-09,
      "pct_error": 0.607586221176711
    },
    "db_x": {
      "true": 0.00097803267715,
      "est": 0.0009781864698098555,
      "abs_error": 1.5379265985563696e-07,
      "pct_error": 0.015724695447169597
    },
    "db_y": {
      "true": 0.0019560653543,
      "est": 0.0019575770980241234,
      "abs_error": 1.511743724123566e-06,
      "pct_error": 0.07728492919729467
    },
    "db_z": {
      "true": 0.00293409803145,
      "est": 0.0029404203303340947,
      "abs_error": 6.322298884094569e-06,
      "pct_error": 0.21547674332374492
    },
    "dKg_xx": {
      "true": -9.99999999995449e-06,
      "est": -1.394485392336442e-05,
      "abs_error": 3.94485392340993e-06,
      "pct_error": 39.448539234278826
    },
    "dKg_yx": {
      "true": 0.0001454441043328608,
      "est": 0.0001454898148360442,
      "abs_error": 4.571050318341813e-08,
      "pct_error": 0.03142822694195008
    },
    "dKg_zx": {
      "true": 0.00024240684055476798,
      "est": 0.00024169210463139028,
      "abs_error": 7.147359233777048e-07,
      "pct_error": 0.2948497335066836
    },
    "dKg_xy": {
      "true": 4.84813681109536e-05,
      "est": 4.8439179043622865e-05,
      "abs_error": 4.2189067330731253e-08,
      "pct_error": 0.08702119798718985
    },
    "dKg_yy": {
      "true": -2.0000000000020002e-05,
      "est": -1.967833184690626e-05,
      "abs_error": 3.216681531137411e-07,
      "pct_error": 1.608340765567097
    },
    "dKg_zy": {
      "true": 0.0002908882086657216,
      "est": 0.00030672890234872556,
      "abs_error": 1.584069368300398e-05,
      "pct_error": 5.445629355574033
    },
    "dKg_xz": {
      "true": 9.69627362219072e-05,
      "est": 9.717801724866425e-05,
      "abs_error": 2.1528102675705165e-07,
      "pct_error": 0.22202449636359614
    },
    "dKg_yz": {
      "true": 0.0001939254724438144,
      "est": 0.00017766372205785448,
      "abs_error": 1.626175038595991e-05,
      "pct_error": 8.385566981496664
    },
    "dKg_zz": {
      "true": -2.999999999997449e-05,
      "est": -8.982441079830039e-07,
      "abs_error": 2.9101755891991488e-05,
      "pct_error": 97.00585297338745
    },
    "dKa_xx": {
      "true": -9.99999999995449e-06,
      "est": -9.79088816621676e-06,
      "abs_error": 2.0911183373772957e-07,
      "pct_error": 2.0911183373868125
    },
    "dKa_xy": {
      "true": 4.84813681109536e-05,
      "est": 4.538462825541867e-05,
      "abs_error": 3.096739855534929e-06,
      "pct_error": 6.387484462995734
    },
    "dKa_xz": {
      "true": 9.69627362219072e-05,
      "est": 9.635002839645864e-05,
      "abs_error": 6.127078254485497e-07,
      "pct_error": 0.6319003045111242
    },
    "dKa_yy": {
      "true": -2.0000000000020002e-05,
      "est": -2.059149596611576e-06,
      "abs_error": 1.7940850403408426e-05,
      "pct_error": 89.70425201695241
    },
    "dKa_yz": {
      "true": 0.0001939254724438144,
      "est": 0.00017814299303312798,
      "abs_error": 1.5782479410686407e-05,
      "pct_error": 8.138425144360047
    },
    "dKa_zz": {
      "true": -2.999999999997449e-05,
      "est": -3.002556785669519e-05,
      "abs_error": 2.55678567206985e-08,
      "pct_error": 0.08522618906906747
    },
    "Ka2_x": {
      "true": 1.0224607248440952e-06,
      "est": 1.0369567707151115e-06,
      "abs_error": 1.4496045871016239e-08,
      "pct_error": 1.4177606551319217
    },
    "Ka2_y": {
      "true": 2.0449214496881904e-06,
      "est": 1.2227479185167409e-09,
      "abs_error": 2.0436987017696737e-06,
      "pct_error": 99.94020562898868
    },
    "Ka2_z": {
      "true": 3.0673821745322856e-06,
      "est": 3.0207942057173454e-06,
      "abs_error": 4.658796881494023e-08,
      "pct_error": 1.5188185287685567
    },
    "rx_x": {
      "true": 0.01,
      "est": 0.009814878490977444,
      "abs_error": 0.00018512150902255664,
      "pct_error": 1.8512150902255664
    },
    "rx_y": {
      "true": 0.02,
      "est": 0.020082307047364127,
      "abs_error": 8.230704736412672e-05,
      "pct_error": 0.41153523682063364
    },
    "rx_z": {
      "true": 0.03,
      "est": 0.030394348413266124,
      "abs_error": 0.0003943484132661254,
      "pct_error": 1.3144947108870846
    },
    "ry_x": {
      "true": 0.04,
      "est": 0.04013986789945306,
      "abs_error": 0.0001398678994530625,
      "pct_error": 0.3496697486326562
    },
    "ry_y": {
      "true": 0.05,
      "est": 0.05015300923645358,
      "abs_error": 0.00015300923645357456,
      "pct_error": 0.3060184729071491
    },
    "ry_z": {
      "true": 0.06,
      "est": 0.060422130017903676,
      "abs_error": 0.00042213001790367827,
      "pct_error": 0.7035500298394638
    }
  },
  "focus_scale_pct": {
    "dKg_xx": 39.448539234278826,
    "dKg_xy": 0.08702119798718985,
    "dKg_yy": 1.608340765567097,
    "dKg_zz": 97.00585297338745,
    "dKa_xx": 2.0911183373868125
  },
  "lever_guard_pct": {
    "rx_y": 0.41153523682063364,
    "ry_z": 0.7035500298394638
  },
  "overall": {
    "mean_pct_error": 12.464713617503948,
    "median_pct_error": 1.0090223703632741,
    "max_pct_error": 99.94020562898868
  },
  "extra": {
    "noise_scale": 0.08,
    "noise_config": {
      "arw_dpsh": 0.0004,
      "vrw_ugpsHz": 0.4,
      "bi_g_dph": 0.00016,
      "bi_a_ug": 0.4,
      "tau_g": 300.0,
      "tau_a": 300.0,
      "seed": 42,
      "base_family": "round53_round61_shared"
    },
    "comparison_mode": "ch3_closedloop_local_insertions",
    "candidate_name": "late11_yneg_xpair_return_then_zpair_pos_med",
    "method_key": "kf36_noisy",
    "legality": "faithful12_base_plus_closed_loop_local_insertions",
    "time_total_s": 1270.0
  }
}