{
  "variant": "entryrelay_l8x1_l9y1_lowmaxcore_kf36_noisy_noise0p08",
  "method_file": "search_ch3_12pos_closedloop_local_insertions.py",
  "source_file": "/root/.openclaw/workspace/tmp_psins_py/psins_py/test_calibration_markov_pruned.py",
  "param_order": [
    "eb_x",
    "eb_y",
    "eb_z",
    "db_x",
    "db_y",
    "db_z",
    "dKg_xx",
    "dKg_yx",
    "dKg_zx",
    "dKg_xy",
    "dKg_yy",
    "dKg_zy",
    "dKg_xz",
    "dKg_yz",
    "dKg_zz",
    "dKa_xx",
    "dKa_xy",
    "dKa_xz",
    "dKa_yy",
    "dKa_yz",
    "dKa_zz",
    "Ka2_x",
    "Ka2_y",
    "Ka2_z",
    "rx_x",
    "rx_y",
    "rx_z",
    "ry_x",
    "ry_y",
    "ry_z"
  ],
  "param_errors": {
    "eb_x": {
      "true": 4.84813681109536e-07,
      "est": 4.646479507114457e-07,
      "abs_error": 2.0165730398090368e-08,
      "pct_error": 4.159480473393291
    },
    "eb_y": {
      "true": 9.69627362219072e-07,
      "est": 9.70855663225188e-07,
      "abs_error": 1.2283010061159446e-09,
      "pct_error": 0.1266776345198094
    },
    "eb_z": {
      "true": 1.4544410433286078e-06,
      "est": 1.4441022077478095e-06,
      "abs_error": 1.0338835580798297e-08,
      "pct_error": 0.7108459726313157
    },
    "db_x": {
      "true": 0.00097803267715,
      "est": 0.000981129134013094,
      "abs_error": 3.096456863094189e-06,
      "pct_error": 0.31660055286877586
    },
    "db_y": {
      "true": 0.0019560653543,
      "est": 0.001960878059357455,
      "abs_error": 4.8127050574549995e-06,
      "pct_error": 0.24604009507531413
    },
    "db_z": {
      "true": 0.00293409803145,
      "est": 0.0029408738285057177,
      "abs_error": 6.775797055717531e-06,
      "pct_error": 0.2309328789661811
    },
    "dKg_xx": {
      "true": -9.99999999995449e-06,
      "est": -1.3384239645697349e-05,
      "abs_error": 3.384239645742859e-06,
      "pct_error": 33.84239645758261
    },
    "dKg_yx": {
      "true": 0.0001454441043328608,
      "est": 0.0001452945026215782,
      "abs_error": 1.496017112825941e-07,
      "pct_error": 0.10285855997312775
    },
    "dKg_zx": {
      "true": 0.00024240684055476798,
      "est": 0.00024165398094477068,
      "abs_error": 7.528596099973012e-07,
      "pct_error": 0.3105768831747157
    },
    "dKg_xy": {
      "true": 4.84813681109536e-05,
      "est": 4.8560038014266474e-05,
      "abs_error": 7.866990331287742e-08,
      "pct_error": 0.16226832364308466
    },
    "dKg_yy": {
      "true": -2.0000000000020002e-05,
      "est": -1.947069555563452e-05,
      "abs_error": 5.293044443854811e-07,
      "pct_error": 2.6465222219247586
    },
    "dKg_zy": {
      "true": 0.0002908882086657216,
      "est": 0.0002876304141333794,
      "abs_error": 3.2577945323421535e-06,
      "pct_error": 1.119947263344007
    },
    "dKg_xz": {
      "true": 9.69627362219072e-05,
      "est": 9.697677925696439e-05,
      "abs_error": 1.4043035057197313e-08,
      "pct_error": 0.014482919525969928
    },
    "dKg_yz": {
      "true": 0.0001939254724438144,
      "est": 0.0001970698928183017,
      "abs_error": 3.144420374487318e-06,
      "pct_error": 1.621458148257622
    },
    "dKg_zz": {
      "true": -2.999999999997449e-05,
      "est": -1.639399833641697e-05,
      "abs_error": 1.3606001663557521e-05,
      "pct_error": 45.35333887856363
    },
    "dKa_xx": {
      "true": -9.99999999995449e-06,
      "est": -9.56904801063807e-06,
      "abs_error": 4.309519893164193e-07,
      "pct_error": 4.309519893183806
    },
    "dKa_xy": {
      "true": 4.84813681109536e-05,
      "est": 4.9412441305286836e-05,
      "abs_error": 9.310731943332391e-07,
      "pct_error": 1.9204763203101067
    },
    "dKa_xz": {
      "true": 9.69627362219072e-05,
      "est": 9.65142865975445e-05,
      "abs_error": 4.484496243626913e-07,
      "pct_error": 0.4624968744037683
    },
    "dKa_yy": {
      "true": -2.0000000000020002e-05,
      "est": -1.5999228311081026e-06,
      "abs_error": 1.84000771689119e-05,
      "pct_error": 92.00038584446749
    },
    "dKa_yz": {
      "true": 0.0001939254724438144,
      "est": 0.00019704303532484726,
      "abs_error": 3.1175628810328716e-06,
      "pct_error": 1.6076087590484618
    },
    "dKa_zz": {
      "true": -2.999999999997449e-05,
      "est": -3.0420842718426044e-05,
      "abs_error": 4.2084271845155286e-07,
      "pct_error": 1.4028090615063689
    },
    "Ka2_x": {
      "true": 1.0224607248440952e-06,
      "est": 1.0275951757898393e-06,
      "abs_error": 5.134450945744039e-09,
      "pct_error": 0.5021660804161392
    },
    "Ka2_y": {
      "true": 2.0449214496881904e-06,
      "est": 9.295085117157766e-09,
      "abs_error": 2.0356263645710327e-06,
      "pct_error": 99.54545515092646
    },
    "Ka2_z": {
      "true": 3.0673821745322856e-06,
      "est": 3.020164741601783e-06,
      "abs_error": 4.721743293050283e-08,
      "pct_error": 1.5393397445723418
    },
    "rx_x": {
      "true": 0.01,
      "est": 0.009779931580471328,
      "abs_error": 0.00022006841952867257,
      "pct_error": 2.2006841952867258
    },
    "rx_y": {
      "true": 0.02,
      "est": 0.020269066155339615,
      "abs_error": 0.00026906615533961453,
      "pct_error": 1.3453307766980727
    },
    "rx_z": {
      "true": 0.03,
      "est": 0.03056361390873691,
      "abs_error": 0.0005636139087369096,
      "pct_error": 1.8787130291230323
    },
    "ry_x": {
      "true": 0.04,
      "est": 0.040226654368019255,
      "abs_error": 0.0002266543680192537,
      "pct_error": 0.5666359200481342
    },
    "ry_y": {
      "true": 0.05,
      "est": 0.050279553229448895,
      "abs_error": 0.00027955322944889227,
      "pct_error": 0.5591064588977845
    },
    "ry_z": {
      "true": 0.06,
      "est": 0.06064477703806042,
      "abs_error": 0.000644777038060422,
      "pct_error": 1.07462839676737
    }
  },
  "focus_scale_pct": {
    "dKg_xx": 33.84239645758261,
    "dKg_xy": 0.16226832364308466,
    "dKg_yy": 2.6465222219247586,
    "dKg_zz": 45.35333887856363,
    "dKa_xx": 4.309519893183806
  },
  "lever_guard_pct": {
    "rx_y": 1.3453307766980727,
    "ry_z": 1.07462839676737
  },
  "overall": {
    "mean_pct_error": 10.062659458970009,
    "median_pct_error": 1.2326390200210398,
    "max_pct_error": 99.54545515092646
  },
  "extra": {
    "noise_scale": 0.08,
    "noise_config": {
      "arw_dpsh": 0.0004,
      "vrw_ugpsHz": 0.4,
      "bi_g_dph": 0.00016,
      "bi_a_ug": 0.4,
      "tau_g": 300.0,
      "tau_a": 300.0,
      "seed": 42,
      "base_family": "round53_round61_shared"
    },
    "comparison_mode": "ch3_closedloop_local_insertions",
    "candidate_name": "entryrelay_l8x1_l9y1_lowmaxcore",
    "method_key": "kf36_noisy",
    "legality": "faithful12_base_plus_closed_loop_local_insertions",
    "time_total_s": 1338.0
  }
}