{
  "variant": "relay_l12y0p625_on_entry_kf36_noisy_noise0p08",
  "method_file": "search_ch3_12pos_closedloop_local_insertions.py",
  "source_file": "/root/.openclaw/workspace/tmp_psins_py/psins_py/test_calibration_markov_pruned.py",
  "param_order": [
    "eb_x",
    "eb_y",
    "eb_z",
    "db_x",
    "db_y",
    "db_z",
    "dKg_xx",
    "dKg_yx",
    "dKg_zx",
    "dKg_xy",
    "dKg_yy",
    "dKg_zy",
    "dKg_xz",
    "dKg_yz",
    "dKg_zz",
    "dKa_xx",
    "dKa_xy",
    "dKa_xz",
    "dKa_yy",
    "dKa_yz",
    "dKa_zz",
    "Ka2_x",
    "Ka2_y",
    "Ka2_z",
    "rx_x",
    "rx_y",
    "rx_z",
    "ry_x",
    "ry_y",
    "ry_z"
  ],
  "param_errors": {
    "eb_x": {
      "true": 4.84813681109536e-07,
      "est": 4.6174362297096283e-07,
      "abs_error": 2.307005813857322e-08,
      "pct_error": 4.758541072062053
    },
    "eb_y": {
      "true": 9.69627362219072e-07,
      "est": 9.66458809537942e-07,
      "abs_error": 3.1685526811301985e-09,
      "pct_error": 0.326780452428519
    },
    "eb_z": {
      "true": 1.4544410433286078e-06,
      "est": 1.446253086638841e-06,
      "abs_error": 8.187956689766794e-09,
      "pct_error": 0.5629624333914549
    },
    "db_x": {
      "true": 0.00097803267715,
      "est": 0.000979124142464102,
      "abs_error": 1.0914653141020757e-06,
      "pct_error": 0.11159804161989967
    },
    "db_y": {
      "true": 0.0019560653543,
      "est": 0.0019662844505708337,
      "abs_error": 1.0219096270833866e-05,
      "pct_error": 0.5224312290164193
    },
    "db_z": {
      "true": 0.00293409803145,
      "est": 0.0029346377956088843,
      "abs_error": 5.39764158884095e-07,
      "pct_error": 0.018396255104583172
    },
    "dKg_xx": {
      "true": -9.99999999995449e-06,
      "est": -1.0476878871124029e-05,
      "abs_error": 4.768788711695393e-07,
      "pct_error": 4.768788711717096
    },
    "dKg_yx": {
      "true": 0.0001454441043328608,
      "est": 0.00014521477469948155,
      "abs_error": 2.293296333792411e-07,
      "pct_error": 0.15767544131895603
    },
    "dKg_zx": {
      "true": 0.00024240684055476798,
      "est": 0.0002421985806019703,
      "abs_error": 2.082599527976727e-07,
      "pct_error": 0.0859133976256828
    },
    "dKg_xy": {
      "true": 4.84813681109536e-05,
      "est": 4.834733058860805e-05,
      "abs_error": 1.3403752234554398e-07,
      "pct_error": 0.2764722357644448
    },
    "dKg_yy": {
      "true": -2.0000000000020002e-05,
      "est": -1.9587825887068533e-05,
      "abs_error": 4.121741129514689e-07,
      "pct_error": 2.0608705647552834
    },
    "dKg_zy": {
      "true": 0.0002908882086657216,
      "est": 0.0002914430883699661,
      "abs_error": 5.548797042445033e-07,
      "pct_error": 0.19075359114406437
    },
    "dKg_xz": {
      "true": 9.69627362219072e-05,
      "est": 9.77037405610619e-05,
      "abs_error": 7.410043391547122e-07,
      "pct_error": 0.764215582220022
    },
    "dKg_yz": {
      "true": 0.0001939254724438144,
      "est": 0.000193806863070286,
      "abs_error": 1.1860937352837749e-07,
      "pct_error": 0.061162348624800654
    },
    "dKg_zz": {
      "true": -2.999999999997449e-05,
      "est": -2.972996659278415e-05,
      "abs_error": 2.7003340719033986e-07,
      "pct_error": 0.9001113573018983
    },
    "dKa_xx": {
      "true": -9.99999999995449e-06,
      "est": -9.758045420138473e-06,
      "abs_error": 2.419545798160172e-07,
      "pct_error": 2.419545798171183
    },
    "dKa_xy": {
      "true": 4.84813681109536e-05,
      "est": 4.85717114677701e-05,
      "abs_error": 9.034335681650413e-08,
      "pct_error": 0.18634654989468516
    },
    "dKa_xz": {
      "true": 9.69627362219072e-05,
      "est": 9.697391165443672e-05,
      "abs_error": 1.1175432529530083e-08,
      "pct_error": 0.011525492127155104
    },
    "dKa_yy": {
      "true": -2.0000000000020002e-05,
      "est": -1.9754530349747057e-05,
      "abs_error": 2.4546965027294476e-07,
      "pct_error": 1.2273482513634963
    },
    "dKa_yz": {
      "true": 0.0001939254724438144,
      "est": 0.0001937962129196453,
      "abs_error": 1.2925952416908038e-07,
      "pct_error": 0.06665422677081809
    },
    "dKa_zz": {
      "true": -2.999999999997449e-05,
      "est": -2.9449349909116407e-05,
      "abs_error": 5.506500908580847e-07,
      "pct_error": 1.8355003028618428
    },
    "Ka2_x": {
      "true": 1.0224607248440952e-06,
      "est": 1.0107312698149746e-06,
      "abs_error": 1.1729455029120617e-08,
      "pct_error": 1.1471790303641367
    },
    "Ka2_y": {
      "true": 2.0449214496881904e-06,
      "est": 1.9815596579117817e-06,
      "abs_error": 6.336179177640871e-08,
      "pct_error": 3.0984951420050932
    },
    "Ka2_z": {
      "true": 3.0673821745322856e-06,
      "est": 3.0696197340229893e-06,
      "abs_error": 2.2375594907036944e-09,
      "pct_error": 0.07294687663251083
    },
    "rx_x": {
      "true": 0.01,
      "est": 0.010048610253591921,
      "abs_error": 4.8610253591921046e-05,
      "pct_error": 0.4861025359192105
    },
    "rx_y": {
      "true": 0.02,
      "est": 0.020223989666602923,
      "abs_error": 0.000223989666602923,
      "pct_error": 1.119948333014615
    },
    "rx_z": {
      "true": 0.03,
      "est": 0.030233076887181416,
      "abs_error": 0.00023307688718141734,
      "pct_error": 0.7769229572713912
    },
    "ry_x": {
      "true": 0.04,
      "est": 0.04065836172024195,
      "abs_error": 0.0006583617202419526,
      "pct_error": 1.6459043006048815
    },
    "ry_y": {
      "true": 0.05,
      "est": 0.05028649195422164,
      "abs_error": 0.00028649195422163903,
      "pct_error": 0.5729839084432781
    },
    "ry_z": {
      "true": 0.06,
      "est": 0.0610365238461727,
      "abs_error": 0.0010365238461726989,
      "pct_error": 1.7275397436211648
    }
  },
  "focus_scale_pct": {
    "dKg_xx": 4.768788711717096,
    "dKg_xy": 0.2764722357644448,
    "dKg_yy": 2.0608705647552834,
    "dKg_zz": 0.9001113573018983,
    "dKa_xx": 2.419545798171183
  },
  "lever_guard_pct": {
    "rx_y": 1.119948333014615,
    "ry_z": 1.7275397436211648
  },
  "overall": {
    "mean_pct_error": 1.0653872054386881,
    "median_pct_error": 0.5679731709173665,
    "max_pct_error": 4.768788711717096
  },
  "extra": {
    "noise_scale": 0.08,
    "noise_config": {
      "arw_dpsh": 0.0004,
      "vrw_ugpsHz": 0.4,
      "bi_g_dph": 0.00016,
      "bi_a_ug": 0.4,
      "tau_g": 300.0,
      "tau_a": 300.0,
      "seed": 42,
      "base_family": "round53_round61_shared"
    },
    "comparison_mode": "corrected_frontier_next2",
    "candidate_name": "relay_l12y0p625_on_entry",
    "method_key": "kf36_noisy",
    "legality": "faithful12_base_plus_closed_loop_local_insertions",
    "time_total_s": 1349.25,
    "att0_deg": [
      0.0,
      0.0,
      0.0
    ],
    "candidate_registry_key": "relay_l12y0p625_on_entry",
    "family": "terminal_y_reclosure_micro_ridge_around_leader",
    "hypothesis_id": "A"
  }
}