{
  "variant": "coupled_E_move7to4_move10to8_retime_kf36_noisy_noise0p08",
  "method_file": "benchmark_ch3_12pos_coupled_repairs.py",
  "source_file": "/root/.openclaw/workspace/tmp_psins_py/psins_py/test_calibration_markov_pruned.py",
  "param_order": [
    "eb_x",
    "eb_y",
    "eb_z",
    "db_x",
    "db_y",
    "db_z",
    "dKg_xx",
    "dKg_yx",
    "dKg_zx",
    "dKg_xy",
    "dKg_yy",
    "dKg_zy",
    "dKg_xz",
    "dKg_yz",
    "dKg_zz",
    "dKa_xx",
    "dKa_xy",
    "dKa_xz",
    "dKa_yy",
    "dKa_yz",
    "dKa_zz",
    "Ka2_x",
    "Ka2_y",
    "Ka2_z",
    "rx_x",
    "rx_y",
    "rx_z",
    "ry_x",
    "ry_y",
    "ry_z"
  ],
  "param_errors": {
    "eb_x": {
      "true": 4.84813681109536e-07,
      "est": 4.6581495542309676e-07,
      "abs_error": 1.899872568643929e-08,
      "pct_error": 3.918768472655133
    },
    "eb_y": {
      "true": 9.69627362219072e-07,
      "est": 9.747515806693355e-07,
      "abs_error": 5.124218450263375e-09,
      "pct_error": 0.5284729629056857
    },
    "eb_z": {
      "true": 1.4544410433286078e-06,
      "est": 1.4580278560465875e-06,
      "abs_error": 3.5868127179797194e-09,
      "pct_error": 0.24661107677290267
    },
    "db_x": {
      "true": 0.00097803267715,
      "est": 0.0009873894721015503,
      "abs_error": 9.356794951550411e-06,
      "pct_error": 0.9566955348379806
    },
    "db_y": {
      "true": 0.0019560653543,
      "est": 0.0019640822294827013,
      "abs_error": 8.016875182701496e-06,
      "pct_error": 0.40984700051448053
    },
    "db_z": {
      "true": 0.00293409803145,
      "est": 0.002942348020993149,
      "abs_error": 8.249989543148914e-06,
      "pct_error": 0.2811763429414748
    },
    "dKg_xx": {
      "true": -9.99999999995449e-06,
      "est": -8.764461233656817e-06,
      "abs_error": 1.2355387662976725e-06,
      "pct_error": 12.355387663032955
    },
    "dKg_yx": {
      "true": 0.0001454441043328608,
      "est": 0.00014527014085294175,
      "abs_error": 1.7396347991904316e-07,
      "pct_error": 0.11960847826524025
    },
    "dKg_zx": {
      "true": 0.00024240684055476798,
      "est": 0.0002416729971469946,
      "abs_error": 7.338434077733844e-07,
      "pct_error": 0.30273213664017207
    },
    "dKg_xy": {
      "true": 4.84813681109536e-05,
      "est": 4.799006148078617e-05,
      "abs_error": 4.9130663016743e-07,
      "pct_error": 1.0133926687939878
    },
    "dKg_yy": {
      "true": -2.0000000000020002e-05,
      "est": -1.951257546850549e-05,
      "abs_error": 4.874245315145131e-07,
      "pct_error": 2.4371226575701286
    },
    "dKg_zy": {
      "true": 0.0002908882086657216,
      "est": 0.0002910421847030708,
      "abs_error": 1.5397603734921975e-07,
      "pct_error": 0.05293306251755414
    },
    "dKg_xz": {
      "true": 9.69627362219072e-05,
      "est": 9.781969824086453e-05,
      "abs_error": 8.569620189573409e-07,
      "pct_error": 0.8838055240067823
    },
    "dKg_yz": {
      "true": 0.0001939254724438144,
      "est": 0.0001942411836152036,
      "abs_error": 3.157111713892203e-07,
      "pct_error": 0.16280025899160339
    },
    "dKg_zz": {
      "true": -2.999999999997449e-05,
      "est": -2.937504073230457e-05,
      "abs_error": 6.249592676699223e-07,
      "pct_error": 2.083197558901512
    },
    "dKa_xx": {
      "true": -9.99999999995449e-06,
      "est": -6.9066088641545065e-06,
      "abs_error": 3.0933911357999833e-06,
      "pct_error": 30.933911358140616
    },
    "dKa_xy": {
      "true": 4.84813681109536e-05,
      "est": 4.8650770062115253e-05,
      "abs_error": 1.6940195116165667e-07,
      "pct_error": 0.3494166063423919
    },
    "dKa_xz": {
      "true": 9.69627362219072e-05,
      "est": 9.745411474904908e-05,
      "abs_error": 4.91378527141888e-07,
      "pct_error": 0.5067704834745256
    },
    "dKa_yy": {
      "true": -2.0000000000020002e-05,
      "est": -2.016857002140604e-05,
      "abs_error": 1.685700213860386e-07,
      "pct_error": 0.8428501069293501
    },
    "dKa_yz": {
      "true": 0.0001939254724438144,
      "est": 0.00019474021556840758,
      "abs_error": 8.147431245931883e-07,
      "pct_error": 0.4201320818384197
    },
    "dKa_zz": {
      "true": -2.999999999997449e-05,
      "est": -3.0010724049178705e-05,
      "abs_error": 1.072404920421377e-08,
      "pct_error": 0.03574683068074296
    },
    "Ka2_x": {
      "true": 1.0224607248440952e-06,
      "est": 1.2247312389169516e-06,
      "abs_error": 2.022705140728564e-07,
      "pct_error": 19.78271723871825
    },
    "Ka2_y": {
      "true": 2.0449214496881904e-06,
      "est": 1.9829999331640745e-06,
      "abs_error": 6.192151652411594e-08,
      "pct_error": 3.0280633289634538
    },
    "Ka2_z": {
      "true": 3.0673821745322856e-06,
      "est": 3.0165263591421443e-06,
      "abs_error": 5.0855815390141396e-08,
      "pct_error": 1.6579549758222054
    },
    "rx_x": {
      "true": 0.01,
      "est": 0.01015323687040781,
      "abs_error": 0.00015323687040780937,
      "pct_error": 1.5323687040780936
    },
    "rx_y": {
      "true": 0.02,
      "est": 0.019642138976374707,
      "abs_error": 0.0003578610236252937,
      "pct_error": 1.7893051181264683
    },
    "rx_z": {
      "true": 0.03,
      "est": 0.030234268297967905,
      "abs_error": 0.00023426829796790657,
      "pct_error": 0.7808943265596886
    },
    "ry_x": {
      "true": 0.04,
      "est": 0.040087027485020556,
      "abs_error": 8.70274850205549e-05,
      "pct_error": 0.21756871255138727
    },
    "ry_y": {
      "true": 0.05,
      "est": 0.049802588974645866,
      "abs_error": 0.00019741102535413696,
      "pct_error": 0.3948220507082739
    },
    "ry_z": {
      "true": 0.06,
      "est": 0.0600868371663156,
      "abs_error": 8.683716631559951e-05,
      "pct_error": 0.1447286105259992
    }
  },
  "focus_scale_pct": {
    "dKg_xx": 12.355387663032955,
    "dKg_xy": 1.0133926687939878,
    "dKg_yy": 2.4371226575701286,
    "dKg_zz": 2.083197558901512,
    "dKa_xx": 30.933911358140616
  },
  "lever_guard_pct": {
    "rx_y": 1.7893051181264683,
    "ry_z": 0.1447286105259992
  },
  "overall": {
    "mean_pct_error": 2.9389933977602483,
    "median_pct_error": 0.6546836447326871,
    "max_pct_error": 30.933911358140616
  },
  "extra": {
    "noise_scale": 0.08,
    "noise_config": {
      "arw_dpsh": 0.0004,
      "vrw_ugpsHz": 0.4,
      "bi_g_dph": 0.00016,
      "bi_a_ug": 0.4,
      "tau_g": 300.0,
      "tau_a": 300.0,
      "seed": 42,
      "base_family": "round53_round61_shared"
    },
    "comparison_mode": "ch3_12pos_coupled_repairs",
    "candidate_name": "coupled_E_move7to4_move10to8_retime",
    "method_key": "kf36_noisy"
  }
}