{
  "variant": "kf36_shared_noise0p03",
  "method_file": "source_mod.run_calibration(n_states=36)",
  "source_file": "/root/.openclaw/workspace/tmp_psins_py/psins_py/test_calibration_markov_pruned.py",
  "param_order": [
    "eb_x",
    "eb_y",
    "eb_z",
    "db_x",
    "db_y",
    "db_z",
    "dKg_xx",
    "dKg_yx",
    "dKg_zx",
    "dKg_xy",
    "dKg_yy",
    "dKg_zy",
    "dKg_xz",
    "dKg_yz",
    "dKg_zz",
    "dKa_xx",
    "dKa_xy",
    "dKa_xz",
    "dKa_yy",
    "dKa_yz",
    "dKa_zz",
    "Ka2_x",
    "Ka2_y",
    "Ka2_z",
    "rx_x",
    "rx_y",
    "rx_z",
    "ry_x",
    "ry_y",
    "ry_z"
  ],
  "param_errors": {
    "eb_x": {
      "true": 4.84813681109536e-07,
      "est": 4.104344469016251e-07,
      "abs_error": 7.437923420791094e-08,
      "pct_error": 15.34181833270215
    },
    "eb_y": {
      "true": 9.69627362219072e-07,
      "est": 9.012173776066981e-07,
      "abs_error": 6.840998461237397e-08,
      "pct_error": 7.055286110719079
    },
    "eb_z": {
      "true": 1.4544410433286078e-06,
      "est": 1.419991621332134e-06,
      "abs_error": 3.4449421996473764e-08,
      "pct_error": 2.3685677844757067
    },
    "db_x": {
      "true": 0.00097803267715,
      "est": 0.0009780123573688321,
      "abs_error": 2.031978116778972e-08,
      "pct_error": 0.0020776178181491677
    },
    "db_y": {
      "true": 0.0019560653543,
      "est": 0.0019590050513154838,
      "abs_error": 2.9396970154839386e-06,
      "pct_error": 0.15028623706368657
    },
    "db_z": {
      "true": 0.00293409803145,
      "est": 0.0029381361642989347,
      "abs_error": 4.038132848934589e-06,
      "pct_error": 0.13762774132461372
    },
    "dKg_xx": {
      "true": -9.99999999995449e-06,
      "est": -9.893713341035948e-06,
      "abs_error": 1.0628665891854183e-07,
      "pct_error": 1.0628665891902553
    },
    "dKg_yx": {
      "true": 0.0001454441043328608,
      "est": 0.0001456233930082325,
      "abs_error": 1.7928867537171937e-07,
      "pct_error": 0.12326981295948751
    },
    "dKg_zx": {
      "true": 0.00024240684055476798,
      "est": 0.00024243856129744837,
      "abs_error": 3.1720742680381876e-08,
      "pct_error": 0.013085745685965936
    },
    "dKg_xy": {
      "true": 4.84813681109536e-05,
      "est": 4.7989826736310586e-05,
      "abs_error": 4.915413746430105e-07,
      "pct_error": 1.0138768640317197
    },
    "dKg_yy": {
      "true": -2.0000000000020002e-05,
      "est": -1.9896667942331803e-05,
      "abs_error": 1.0333205768819909e-07,
      "pct_error": 0.5166602884404787
    },
    "dKg_zy": {
      "true": 0.0002908882086657216,
      "est": 0.0002906776342350585,
      "abs_error": 2.1057443066308358e-07,
      "pct_error": 0.07239015690218928
    },
    "dKg_xz": {
      "true": 9.69627362219072e-05,
      "est": 9.67518723216574e-05,
      "abs_error": 2.1086390024979836e-07,
      "pct_error": 0.21746900764765859
    },
    "dKg_yz": {
      "true": 0.0001939254724438144,
      "est": 0.000193994968195142,
      "abs_error": 6.949575132760553e-08,
      "pct_error": 0.03583631920646236
    },
    "dKg_zz": {
      "true": -2.999999999997449e-05,
      "est": -3.0086067325019172e-05,
      "abs_error": 8.606732504468084e-08,
      "pct_error": 0.2868910834825134
    },
    "dKa_xx": {
      "true": -9.99999999995449e-06,
      "est": -9.742938113621591e-06,
      "abs_error": 2.5706188633289884e-07,
      "pct_error": 2.5706188633406875
    },
    "dKa_xy": {
      "true": 4.84813681109536e-05,
      "est": 4.812215197358921e-05,
      "abs_error": 3.592161373643888e-07,
      "pct_error": 0.7409364697429601
    },
    "dKa_xz": {
      "true": 9.69627362219072e-05,
      "est": 9.691254141499897e-05,
      "abs_error": 5.019480690822257e-08,
      "pct_error": 0.051767110607674714
    },
    "dKa_yy": {
      "true": -2.0000000000020002e-05,
      "est": -1.9771290583614487e-05,
      "abs_error": 2.287094164055148e-07,
      "pct_error": 1.1435470820264302
    },
    "dKa_yz": {
      "true": 0.0001939254724438144,
      "est": 0.00019383322902063,
      "abs_error": 9.22434231843993e-08,
      "pct_error": 0.04756642952674759
    },
    "dKa_zz": {
      "true": -2.999999999997449e-05,
      "est": -2.9712229920653144e-05,
      "abs_error": 2.877700793213478e-07,
      "pct_error": 0.9592335977386415
    },
    "Ka2_x": {
      "true": 1.0224607248440952e-06,
      "est": 1.0242106470525722e-06,
      "abs_error": 1.7499222084769973e-09,
      "pct_error": 0.17114811023609983
    },
    "Ka2_y": {
      "true": 2.0449214496881904e-06,
      "est": 2.018095731232715e-06,
      "abs_error": 2.6825718455475253e-08,
      "pct_error": 1.3118214618740311
    },
    "Ka2_z": {
      "true": 3.0673821745322856e-06,
      "est": 3.0529441761783294e-06,
      "abs_error": 1.4437998353956228e-08,
      "pct_error": 0.47069447276023674
    },
    "rx_x": {
      "true": 0.01,
      "est": 0.00989622904729575,
      "abs_error": 0.00010377095270425012,
      "pct_error": 1.0377095270425012
    },
    "rx_y": {
      "true": 0.02,
      "est": 0.020228575081431464,
      "abs_error": 0.00022857508143146396,
      "pct_error": 1.1428754071573197
    },
    "rx_z": {
      "true": 0.03,
      "est": 0.02986976459939311,
      "abs_error": 0.00013023540060688732,
      "pct_error": 0.43411800202295775
    },
    "ry_x": {
      "true": 0.04,
      "est": 0.03999121560118153,
      "abs_error": 8.784398818469097e-06,
      "pct_error": 0.021960997046172742
    },
    "ry_y": {
      "true": 0.05,
      "est": 0.05010418560818725,
      "abs_error": 0.00010418560818725026,
      "pct_error": 0.2083712163745005
    },
    "ry_z": {
      "true": 0.06,
      "est": 0.0598465241351634,
      "abs_error": 0.0001534758648365983,
      "pct_error": 0.2557931080609972
    }
  },
  "focus_scale_pct": {
    "dKg_xx": 1.0628665891902553,
    "dKg_xy": 1.0138768640317197,
    "dKg_yy": 0.5166602884404787,
    "dKg_zz": 0.2868910834825134,
    "dKa_xx": 2.5706188633406875
  },
  "lever_guard_pct": {
    "rx_y": 1.1428754071573197,
    "ry_z": 0.2557931080609972
  },
  "overall": {
    "mean_pct_error": 1.298872384906936,
    "median_pct_error": 0.3605045427527356,
    "max_pct_error": 15.34181833270215
  },
  "extra": {
    "noise_scale": 0.03,
    "noise_config": {
      "arw_dpsh": 0.00015,
      "vrw_ugpsHz": 0.15,
      "bi_g_dph": 6e-05,
      "bi_a_ug": 0.15,
      "tau_g": 300.0,
      "tau_a": 300.0,
      "seed": 42,
      "base_family": "round53_round61_shared"
    },
    "comparison_mode": "shared_dataset_apples_to_apples",
    "mainline_rung": "kf36_noisy"
  }
}