{
  "variant": "relay_l11back1_l12y0p125_on_entry_kf36_noisy_noise0p08",
  "method_file": "search_ch3_12pos_closedloop_local_insertions.py",
  "source_file": "/root/.openclaw/workspace/tmp_psins_py/psins_py/test_calibration_markov_pruned.py",
  "param_order": [
    "eb_x",
    "eb_y",
    "eb_z",
    "db_x",
    "db_y",
    "db_z",
    "dKg_xx",
    "dKg_yx",
    "dKg_zx",
    "dKg_xy",
    "dKg_yy",
    "dKg_zy",
    "dKg_xz",
    "dKg_yz",
    "dKg_zz",
    "dKa_xx",
    "dKa_xy",
    "dKa_xz",
    "dKa_yy",
    "dKa_yz",
    "dKa_zz",
    "Ka2_x",
    "Ka2_y",
    "Ka2_z",
    "rx_x",
    "rx_y",
    "rx_z",
    "ry_x",
    "ry_y",
    "ry_z"
  ],
  "param_errors": {
    "eb_x": {
      "true": 4.84813681109536e-07,
      "est": 4.6262483263324104e-07,
      "abs_error": 2.218884847629501e-08,
      "pct_error": 4.576778531809169
    },
    "eb_y": {
      "true": 9.69627362219072e-07,
      "est": 9.66845861232049e-07,
      "abs_error": 2.7815009870231586e-09,
      "pct_error": 0.2868628810822195
    },
    "eb_z": {
      "true": 1.4544410433286078e-06,
      "est": 1.4460476178674287e-06,
      "abs_error": 8.393425461179126e-09,
      "pct_error": 0.5770894254998526
    },
    "db_x": {
      "true": 0.00097803267715,
      "est": 0.0009793517532763552,
      "abs_error": 1.3190761263552793e-06,
      "pct_error": 0.13487035322777605
    },
    "db_y": {
      "true": 0.0019560653543,
      "est": 0.001966224155149027,
      "abs_error": 1.015880084902698e-05,
      "pct_error": 0.5193487439821468
    },
    "db_z": {
      "true": 0.00293409803145,
      "est": 0.0029344372560741244,
      "abs_error": 3.3922462412423054e-07,
      "pct_error": 0.01156146183556755
    },
    "dKg_xx": {
      "true": -9.99999999995449e-06,
      "est": -1.0466043943502257e-05,
      "abs_error": 4.66043943547767e-07,
      "pct_error": 4.66043943549888
    },
    "dKg_yx": {
      "true": 0.0001454441043328608,
      "est": 0.00014528855765657685,
      "abs_error": 1.5554667628394064e-07,
      "pct_error": 0.10694601682028945
    },
    "dKg_zx": {
      "true": 0.00024240684055476798,
      "est": 0.0002422025587960771,
      "abs_error": 2.0428175869088242e-07,
      "pct_error": 0.08427227475238191
    },
    "dKg_xy": {
      "true": 4.84813681109536e-05,
      "est": 4.83850446971985e-05,
      "abs_error": 9.632341375509382e-08,
      "pct_error": 0.19868130275253323
    },
    "dKg_yy": {
      "true": -2.0000000000020002e-05,
      "est": -1.9507149773945187e-05,
      "abs_error": 4.928502260748147e-07,
      "pct_error": 2.464251130371609
    },
    "dKg_zy": {
      "true": 0.0002908882086657216,
      "est": 0.00029137599068215054,
      "abs_error": 4.877820164289593e-07,
      "pct_error": 0.1676871051825621
    },
    "dKg_xz": {
      "true": 9.69627362219072e-05,
      "est": 9.771419464764806e-05,
      "abs_error": 7.514584257408698e-07,
      "pct_error": 0.7749971329409429
    },
    "dKg_yz": {
      "true": 0.0001939254724438144,
      "est": 0.00019366354810047633,
      "abs_error": 2.6192434333805327e-07,
      "pct_error": 0.13506443482505376
    },
    "dKg_zz": {
      "true": -2.999999999997449e-05,
      "est": -2.973404262651691e-05,
      "abs_error": 2.659573734575815e-07,
      "pct_error": 0.8865245781926921
    },
    "dKa_xx": {
      "true": -9.99999999995449e-06,
      "est": -9.743000719764083e-06,
      "abs_error": 2.569992801904064e-07,
      "pct_error": 2.5699928019157605
    },
    "dKa_xy": {
      "true": 4.84813681109536e-05,
      "est": 4.849280353989488e-05,
      "abs_error": 1.1435428941286314e-08,
      "pct_error": 0.023587265349268596
    },
    "dKa_xz": {
      "true": 9.69627362219072e-05,
      "est": 9.691501491695743e-05,
      "abs_error": 4.772130494976425e-08,
      "pct_error": 0.049216128596608615
    },
    "dKa_yy": {
      "true": -2.0000000000020002e-05,
      "est": -1.975278794263957e-05,
      "abs_error": 2.472120573804304e-07,
      "pct_error": 1.2360602869009158
    },
    "dKa_yz": {
      "true": 0.0001939254724438144,
      "est": 0.00019383108455619066,
      "abs_error": 9.438788762372976e-08,
      "pct_error": 0.04867224838195331
    },
    "dKa_zz": {
      "true": -2.999999999997449e-05,
      "est": -2.946271158643654e-05,
      "abs_error": 5.372884135379508e-07,
      "pct_error": 1.7909613784613587
    },
    "Ka2_x": {
      "true": 1.0224607248440952e-06,
      "est": 1.009835884312077e-06,
      "abs_error": 1.2624840532018215e-08,
      "pct_error": 1.2347506584121606
    },
    "Ka2_y": {
      "true": 2.0449214496881904e-06,
      "est": 1.9867322926974645e-06,
      "abs_error": 5.818915699072592e-08,
      "pct_error": 2.845544849637066
    },
    "Ka2_z": {
      "true": 3.0673821745322856e-06,
      "est": 3.0734505259500553e-06,
      "abs_error": 6.068351417769674e-09,
      "pct_error": 0.19783486610027573
    },
    "rx_x": {
      "true": 0.01,
      "est": 0.009935768759777716,
      "abs_error": 6.423124022228444e-05,
      "pct_error": 0.6423124022228444
    },
    "rx_y": {
      "true": 0.02,
      "est": 0.02020638077574527,
      "abs_error": 0.00020638077574526917,
      "pct_error": 1.031903878726346
    },
    "rx_z": {
      "true": 0.03,
      "est": 0.030296215466923314,
      "abs_error": 0.00029621546692331496,
      "pct_error": 0.9873848897443832
    },
    "ry_x": {
      "true": 0.04,
      "est": 0.04055213750692104,
      "abs_error": 0.000552137506921041,
      "pct_error": 1.3803437673026027
    },
    "ry_y": {
      "true": 0.05,
      "est": 0.05027917845123844,
      "abs_error": 0.00027917845123844043,
      "pct_error": 0.5583569024768809
    },
    "ry_z": {
      "true": 0.06,
      "est": 0.0610296804410743,
      "abs_error": 0.0010296804410743002,
      "pct_error": 1.716134068457167
    }
  },
  "focus_scale_pct": {
    "dKg_xx": 4.66043943549888,
    "dKg_xy": 0.19868130275253323,
    "dKg_yy": 2.464251130371609,
    "dKg_zz": 0.8865245781926921,
    "dKa_xx": 2.5699928019157605
  },
  "lever_guard_pct": {
    "rx_y": 1.031903878726346,
    "ry_z": 1.716134068457167
  },
  "overall": {
    "mean_pct_error": 1.0632810400486423,
    "median_pct_error": 0.6097009138613485,
    "max_pct_error": 4.66043943549888
  },
  "extra": {
    "noise_scale": 0.08,
    "noise_config": {
      "arw_dpsh": 0.0004,
      "vrw_ugpsHz": 0.4,
      "bi_g_dph": 0.00016,
      "bi_a_ug": 0.4,
      "tau_g": 300.0,
      "tau_a": 300.0,
      "seed": 42,
      "base_family": "round53_round61_shared"
    },
    "comparison_mode": "corrected_zcadence_handoff",
    "candidate_name": "relay_l11back1_l12y0p125_on_entry",
    "method_key": "kf36_noisy",
    "legality": "faithful12_base_plus_closed_loop_local_insertions",
    "time_total_s": 1346.875,
    "att0_deg": [
      0.0,
      0.0,
      0.0
    ],
    "candidate_registry_key": "relay_l11back1_l12y0p125_on_entry",
    "family": "closing_q4_back_dwell_microgrid",
    "hypothesis_id": "Z2"
  }
}