{
  "variant": "kf36_shared_noise3p0",
  "method_file": "source_mod.run_calibration(n_states=36)",
  "source_file": "/root/.openclaw/workspace/tmp_psins_py/psins_py/test_calibration_markov_pruned.py",
  "param_order": [
    "eb_x",
    "eb_y",
    "eb_z",
    "db_x",
    "db_y",
    "db_z",
    "dKg_xx",
    "dKg_yx",
    "dKg_zx",
    "dKg_xy",
    "dKg_yy",
    "dKg_zy",
    "dKg_xz",
    "dKg_yz",
    "dKg_zz",
    "dKa_xx",
    "dKa_xy",
    "dKa_xz",
    "dKa_yy",
    "dKa_yz",
    "dKa_zz",
    "Ka2_x",
    "Ka2_y",
    "Ka2_z",
    "rx_x",
    "rx_y",
    "rx_z",
    "ry_x",
    "ry_y",
    "ry_z"
  ],
  "param_errors": {
    "eb_x": {
      "true": 4.84813681109536e-07,
      "est": 5.917539296734213e-07,
      "abs_error": 1.0694024856388527e-07,
      "pct_error": 22.058009650046117
    },
    "eb_y": {
      "true": 9.69627362219072e-07,
      "est": 8.928675614384144e-07,
      "abs_error": 7.675980078065767e-08,
      "pct_error": 7.916422717794033
    },
    "eb_z": {
      "true": 1.4544410433286078e-06,
      "est": 1.2707581901733607e-06,
      "abs_error": 1.8368285315524715e-07,
      "pct_error": 12.629102705660303
    },
    "db_x": {
      "true": 0.00097803267715,
      "est": 0.0010815752703390068,
      "abs_error": 0.0001035425931890069,
      "pct_error": 10.586823488426928
    },
    "db_y": {
      "true": 0.0019560653543,
      "est": 0.002137965928968539,
      "abs_error": 0.00018190057466853935,
      "pct_error": 9.299309671257612
    },
    "db_z": {
      "true": 0.00293409803145,
      "est": 0.0032856981743918864,
      "abs_error": 0.0003516001429418863,
      "pct_error": 11.983244566921618
    },
    "dKg_xx": {
      "true": -9.99999999995449e-06,
      "est": 2.104112251322121e-06,
      "abs_error": 1.210411225127661e-05,
      "pct_error": 121.04112251331698
    },
    "dKg_yx": {
      "true": 0.0001454441043328608,
      "est": 0.00013757592417888484,
      "abs_error": 7.868180153975952e-06,
      "pct_error": 5.409762183256996
    },
    "dKg_zx": {
      "true": 0.00024240684055476798,
      "est": 0.00026014024216815214,
      "abs_error": 1.773340161338415e-05,
      "pct_error": 7.315553295773257
    },
    "dKg_xy": {
      "true": 4.84813681109536e-05,
      "est": 3.388770835070377e-05,
      "abs_error": 1.4593659760249824e-05,
      "pct_error": 30.101584028839767
    },
    "dKg_yy": {
      "true": -2.0000000000020002e-05,
      "est": -1.0896162384144148e-05,
      "abs_error": 9.103837615875854e-06,
      "pct_error": 45.519188079333745
    },
    "dKg_zy": {
      "true": 0.0002908882086657216,
      "est": 0.00029566864793760967,
      "abs_error": 4.7804392718880885e-06,
      "pct_error": 1.6433939669866782
    },
    "dKg_xz": {
      "true": 9.69627362219072e-05,
      "est": 8.905084408431402e-05,
      "abs_error": 7.91189213759317e-06,
      "pct_error": 8.159724494042901
    },
    "dKg_yz": {
      "true": 0.0001939254724438144,
      "est": 0.00018641079337692684,
      "abs_error": 7.514679066887543e-06,
      "pct_error": 3.875034554351674
    },
    "dKg_zz": {
      "true": -2.999999999997449e-05,
      "est": -4.0158965210368436e-05,
      "abs_error": 1.0158965210393944e-05,
      "pct_error": 33.863217368008605
    },
    "dKa_xx": {
      "true": -9.99999999995449e-06,
      "est": -5.678511897810878e-06,
      "abs_error": 4.321488102143611e-06,
      "pct_error": 43.214881021632785
    },
    "dKa_xy": {
      "true": 4.84813681109536e-05,
      "est": 4.056611001004028e-05,
      "abs_error": 7.915258100913317e-06,
      "pct_error": 16.32639178580645
    },
    "dKa_xz": {
      "true": 9.69627362219072e-05,
      "est": 8.10460745354661e-05,
      "abs_error": 1.5916661686441087e-05,
      "pct_error": 16.415235694271765
    },
    "dKa_yy": {
      "true": -2.0000000000020002e-05,
      "est": -2.2088057666458383e-05,
      "abs_error": 2.088057666438381e-06,
      "pct_error": 10.440288332181463
    },
    "dKa_yz": {
      "true": 0.0001939254724438144,
      "est": 0.00018793748924377147,
      "abs_error": 5.987983200042915e-06,
      "pct_error": 3.0877754864192997
    },
    "dKa_zz": {
      "true": -2.999999999997449e-05,
      "est": -2.3600562794712232e-05,
      "abs_error": 6.3994372052622595e-06,
      "pct_error": 21.331457350892336
    },
    "Ka2_x": {
      "true": 1.0224607248440952e-06,
      "est": 3.3011090193150963e-07,
      "abs_error": 6.923498229125856e-07,
      "pct_error": 67.71407508275246
    },
    "Ka2_y": {
      "true": 2.0449214496881904e-06,
      "est": 1.1798408742945332e-06,
      "abs_error": 8.650805753936572e-07,
      "pct_error": 42.30385355513605
    },
    "Ka2_z": {
      "true": 3.0673821745322856e-06,
      "est": 1.5606992027626456e-06,
      "abs_error": 1.50668297176964e-06,
      "pct_error": 49.1195060165393
    },
    "rx_x": {
      "true": 0.01,
      "est": 0.009538397645514046,
      "abs_error": 0.00046160235448595467,
      "pct_error": 4.616023544859547
    },
    "rx_y": {
      "true": 0.02,
      "est": 0.01583950379555225,
      "abs_error": 0.00416049620444775,
      "pct_error": 20.80248102223875
    },
    "rx_z": {
      "true": 0.03,
      "est": 0.02851980939191915,
      "abs_error": 0.0014801906080808488,
      "pct_error": 4.9339686936028295
    },
    "ry_x": {
      "true": 0.04,
      "est": 0.03656895757662216,
      "abs_error": 0.003431042423377842,
      "pct_error": 8.577606058444605
    },
    "ry_y": {
      "true": 0.05,
      "est": 0.0484254419091296,
      "abs_error": 0.0015745580908704052,
      "pct_error": 3.14911618174081
    },
    "ry_z": {
      "true": 0.06,
      "est": 0.05621269677715541,
      "abs_error": 0.003787303222844589,
      "pct_error": 6.312172038074316
    }
  },
  "focus_scale_pct": {
    "dKg_xx": 121.04112251331698,
    "dKg_xy": 30.101584028839767,
    "dKg_yy": 45.519188079333745,
    "dKg_zz": 33.863217368008605,
    "dKa_xx": 43.214881021632785
  },
  "lever_guard_pct": {
    "rx_y": 20.80248102223875,
    "ry_z": 6.312172038074316
  },
  "overall": {
    "mean_pct_error": 21.658210838287005,
    "median_pct_error": 11.285034027674273,
    "max_pct_error": 121.04112251331698
  },
  "extra": {
    "noise_scale": 3.0,
    "noise_config": {
      "arw_dpsh": 0.015,
      "vrw_ugpsHz": 15.0,
      "bi_g_dph": 0.006,
      "bi_a_ug": 15.0,
      "tau_g": 300.0,
      "tau_a": 300.0,
      "seed": 42,
      "base_family": "round53_round61_shared"
    },
    "comparison_mode": "shared_dataset_apples_to_apples",
    "mainline_rung": "kf36_noisy"
  }
}