{
  "variant": "kf36_shared_noise0p5",
  "method_file": "source_mod.run_calibration(n_states=36)",
  "source_file": "/root/.openclaw/workspace/tmp_psins_py/psins_py/test_calibration_markov_pruned.py",
  "param_order": [
    "eb_x",
    "eb_y",
    "eb_z",
    "db_x",
    "db_y",
    "db_z",
    "dKg_xx",
    "dKg_yx",
    "dKg_zx",
    "dKg_xy",
    "dKg_yy",
    "dKg_zy",
    "dKg_xz",
    "dKg_yz",
    "dKg_zz",
    "dKa_xx",
    "dKa_xy",
    "dKa_xz",
    "dKa_yy",
    "dKa_yz",
    "dKa_zz",
    "Ka2_x",
    "Ka2_y",
    "Ka2_z",
    "rx_x",
    "rx_y",
    "rx_z",
    "ry_x",
    "ry_y",
    "ry_z"
  ],
  "param_errors": {
    "eb_x": {
      "true": 4.84813681109536e-07,
      "est": 4.391601549643899e-07,
      "abs_error": 4.565352614514616e-08,
      "pct_error": 9.416715724825318
    },
    "eb_y": {
      "true": 9.69627362219072e-07,
      "est": 8.998801669383065e-07,
      "abs_error": 6.974719528076563e-08,
      "pct_error": 7.193195860432756
    },
    "eb_z": {
      "true": 1.4544410433286078e-06,
      "est": 1.3963820102270165e-06,
      "abs_error": 5.8059033101591297e-08,
      "pct_error": 3.9918450711978277
    },
    "db_x": {
      "true": 0.00097803267715,
      "est": 0.0009944116839872427,
      "abs_error": 1.6379006837242754e-05,
      "pct_error": 1.674689120303362
    },
    "db_y": {
      "true": 0.0019560653543,
      "est": 0.0019873059547337577,
      "abs_error": 3.124060043375792e-05,
      "pct_error": 1.5971143482032442
    },
    "db_z": {
      "true": 0.00293409803145,
      "est": 0.002993118822711985,
      "abs_error": 5.902079126198466e-05,
      "pct_error": 2.0115480338200293
    },
    "dKg_xx": {
      "true": -9.99999999995449e-06,
      "est": -7.9957232828054e-06,
      "abs_error": 2.0042767171490894e-06,
      "pct_error": 20.04276717158211
    },
    "dKg_yx": {
      "true": 0.0001454441043328608,
      "est": 0.00014435140142802643,
      "abs_error": 1.0927029048343631e-06,
      "pct_error": 0.751287176504331
    },
    "dKg_zx": {
      "true": 0.00024240684055476798,
      "est": 0.0002452414438448761,
      "abs_error": 2.8346032901081168e-06,
      "pct_error": 1.169357796843065
    },
    "dKg_xy": {
      "true": 4.84813681109536e-05,
      "est": 4.5758168559285675e-05,
      "abs_error": 2.723199551667922e-06,
      "pct_error": 5.617002278969636
    },
    "dKg_yy": {
      "true": -2.0000000000020002e-05,
      "est": -1.8474055360595543e-05,
      "abs_error": 1.5259446394244591e-06,
      "pct_error": 7.629723197114665
    },
    "dKg_zy": {
      "true": 0.0002908882086657216,
      "est": 0.0002914725608782296,
      "abs_error": 5.843522125079993e-07,
      "pct_error": 0.20088549315504092
    },
    "dKg_xz": {
      "true": 9.69627362219072e-05,
      "est": 9.553380711481958e-05,
      "abs_error": 1.4289291070876127e-06,
      "pct_error": 1.4736889270713143
    },
    "dKg_yz": {
      "true": 0.0001939254724438144,
      "est": 0.00019279354629826086,
      "abs_error": 1.1319261455535314e-06,
      "pct_error": 0.5836913177465544
    },
    "dKg_zz": {
      "true": -2.999999999997449e-05,
      "est": -3.16802453317333e-05,
      "abs_error": 1.6802453317588117e-06,
      "pct_error": 5.600817772534135
    },
    "dKa_xx": {
      "true": -9.99999999995449e-06,
      "est": -9.100441542342352e-06,
      "abs_error": 8.995584576121374e-07,
      "pct_error": 8.995584576162313
    },
    "dKa_xy": {
      "true": 4.84813681109536e-05,
      "est": 4.692550935756132e-05,
      "abs_error": 1.5558587533922775e-06,
      "pct_error": 3.2091890431630703
    },
    "dKa_xz": {
      "true": 9.69627362219072e-05,
      "est": 9.439942019881796e-05,
      "abs_error": 2.5633160230892306e-06,
      "pct_error": 2.643609414262889
    },
    "dKa_yy": {
      "true": -2.0000000000020002e-05,
      "est": -2.0139318342993207e-05,
      "abs_error": 1.3931834297320478e-07,
      "pct_error": 0.6965917148653272
    },
    "dKa_yz": {
      "true": 0.0001939254724438144,
      "est": 0.0001928949721726284,
      "abs_error": 1.0305002711859766e-06,
      "pct_error": 0.5313898469343894
    },
    "dKa_zz": {
      "true": -2.999999999997449e-05,
      "est": -2.874559143806188e-05,
      "abs_error": 1.2544085619126122e-06,
      "pct_error": 4.181361873045596
    },
    "Ka2_x": {
      "true": 1.0224607248440952e-06,
      "est": 9.142462186846472e-07,
      "abs_error": 1.08214506159448e-07,
      "pct_error": 10.58373231655901
    },
    "Ka2_y": {
      "true": 2.0449214496881904e-06,
      "est": 1.8856360217347616e-06,
      "abs_error": 1.5928542795342884e-07,
      "pct_error": 7.7893176766137735
    },
    "Ka2_z": {
      "true": 3.0673821745322856e-06,
      "est": 2.816997819894559e-06,
      "abs_error": 2.5038435463772683e-07,
      "pct_error": 8.162802689427034
    },
    "rx_x": {
      "true": 0.01,
      "est": 0.009840607472771871,
      "abs_error": 0.00015939252722812873,
      "pct_error": 1.5939252722812873
    },
    "rx_y": {
      "true": 0.02,
      "est": 0.01953519262847059,
      "abs_error": 0.00046480737152940904,
      "pct_error": 2.3240368576470454
    },
    "rx_z": {
      "true": 0.03,
      "est": 0.02965666308800157,
      "abs_error": 0.0003433369119984278,
      "pct_error": 1.1444563733280928
    },
    "ry_x": {
      "true": 0.04,
      "est": 0.03945028906131098,
      "abs_error": 0.0005497109386890242,
      "pct_error": 1.3742773467225606
    },
    "ry_y": {
      "true": 0.05,
      "est": 0.04983912438480816,
      "abs_error": 0.00016087561519183974,
      "pct_error": 0.3217512303836795
    },
    "ry_z": {
      "true": 0.06,
      "est": 0.05927091210209045,
      "abs_error": 0.0007290878979095486,
      "pct_error": 1.2151464965159144
    }
  },
  "focus_scale_pct": {
    "dKg_xx": 20.04276717158211,
    "dKg_xy": 5.617002278969636,
    "dKg_yy": 7.629723197114665,
    "dKg_zz": 5.600817772534135,
    "dKa_xx": 8.995584576162313
  },
  "lever_guard_pct": {
    "rx_y": 2.3240368576470454,
    "ry_z": 1.2151464965159144
  },
  "overall": {
    "mean_pct_error": 4.124050067273846,
    "median_pct_error": 2.1677924457335376,
    "max_pct_error": 20.04276717158211
  },
  "extra": {
    "noise_scale": 0.5,
    "noise_config": {
      "arw_dpsh": 0.0025,
      "vrw_ugpsHz": 2.5,
      "bi_g_dph": 0.001,
      "bi_a_ug": 2.5,
      "tau_g": 300.0,
      "tau_a": 300.0,
      "seed": 42,
      "base_family": "round53_round61_shared"
    },
    "comparison_mode": "shared_dataset_apples_to_apples",
    "mainline_rung": "kf36_noisy"
  }
}