{
  "variant": "legacy19pos_histatt0_scaled1200s_kf36_noisy_custom_arw0p0005_vrw0p5_big0p0007_bia5_tg300_ta300_seed42",
  "method_file": "source_mod.run_calibration(n_states=36)",
  "source_file": "/root/.openclaw/workspace/tmp_psins_py/psins_py/test_calibration_markov_pruned.py",
  "param_order": [
    "eb_x",
    "eb_y",
    "eb_z",
    "db_x",
    "db_y",
    "db_z",
    "dKg_xx",
    "dKg_yx",
    "dKg_zx",
    "dKg_xy",
    "dKg_yy",
    "dKg_zy",
    "dKg_xz",
    "dKg_yz",
    "dKg_zz",
    "dKa_xx",
    "dKa_xy",
    "dKa_xz",
    "dKa_yy",
    "dKa_yz",
    "dKa_zz",
    "Ka2_x",
    "Ka2_y",
    "Ka2_z",
    "rx_x",
    "rx_y",
    "rx_z",
    "ry_x",
    "ry_y",
    "ry_z"
  ],
  "param_errors": {
    "eb_x": {
      "true": 4.84813681109536e-07,
      "est": 4.563725951121747e-07,
      "abs_error": 2.8441085997361364e-08,
      "pct_error": 5.866395092702746
    },
    "eb_y": {
      "true": 9.69627362219072e-07,
      "est": 9.444589299242245e-07,
      "abs_error": 2.5168432294847546e-08,
      "pct_error": 2.5956809054199455
    },
    "eb_z": {
      "true": 1.4544410433286078e-06,
      "est": 1.4466851476340777e-06,
      "abs_error": 7.755895694530114e-09,
      "pct_error": 0.5332561075683143
    },
    "db_x": {
      "true": 0.00097803267715,
      "est": 0.0009549742684546493,
      "abs_error": 2.305840869535063e-05,
      "pct_error": 2.3576317268399594
    },
    "db_y": {
      "true": 0.0019560653543,
      "est": 0.002004531084963264,
      "abs_error": 4.8465730663263974e-05,
      "pct_error": 2.477715305202979
    },
    "db_z": {
      "true": 0.00293409803145,
      "est": 0.002953091861429325,
      "abs_error": 1.8993829979324986e-05,
      "pct_error": 0.6473481722742044
    },
    "dKg_xx": {
      "true": -9.99999999995449e-06,
      "est": -1.2927352987635032e-05,
      "abs_error": 2.9273529876805426e-06,
      "pct_error": 29.273529876938653
    },
    "dKg_yx": {
      "true": 0.0001454441043328608,
      "est": 0.00013992639549916832,
      "abs_error": 5.517708833692475e-06,
      "pct_error": 3.793697145031568
    },
    "dKg_zx": {
      "true": 0.00024240684055476798,
      "est": 0.00023895116601555617,
      "abs_error": 3.455674539211813e-06,
      "pct_error": 1.4255680785670972
    },
    "dKg_xy": {
      "true": 4.84813681109536e-05,
      "est": 4.9296262906241554e-05,
      "abs_error": 8.148947952879568e-07,
      "pct_error": 1.6808411706183766
    },
    "dKg_yy": {
      "true": -2.0000000000020002e-05,
      "est": -2.0220951517879726e-05,
      "abs_error": 2.2095151785972433e-07,
      "pct_error": 1.1047575892975168
    },
    "dKg_zy": {
      "true": 0.0002908882086657216,
      "est": 0.00029888967478532743,
      "abs_error": 8.001466119605851e-06,
      "pct_error": 2.7507014314220113
    },
    "dKg_xz": {
      "true": 9.69627362219072e-05,
      "est": 9.76398702568711e-05,
      "abs_error": 6.771340349639077e-07,
      "pct_error": 0.698344602625725
    },
    "dKg_yz": {
      "true": 0.0001939254724438144,
      "est": 0.00019513911593513358,
      "abs_error": 1.2136434913191934e-06,
      "pct_error": 0.6258298489750075
    },
    "dKg_zz": {
      "true": -2.999999999997449e-05,
      "est": -2.9272713483630142e-05,
      "abs_error": 7.272865163443498e-07,
      "pct_error": 2.4242883878165604
    },
    "dKa_xx": {
      "true": -9.99999999995449e-06,
      "est": -9.878367299709367e-06,
      "abs_error": 1.216327002451223e-07,
      "pct_error": 1.2163270024567585
    },
    "dKa_xy": {
      "true": 4.84813681109536e-05,
      "est": 5.4542253755595096e-05,
      "abs_error": 6.0608856446414994e-06,
      "pct_error": 12.501474031777867
    },
    "dKa_xz": {
      "true": 9.69627362219072e-05,
      "est": 0.00010029359503746564,
      "abs_error": 3.330858815558447e-06,
      "pct_error": 3.43519474113798
    },
    "dKa_yy": {
      "true": -2.0000000000020002e-05,
      "est": -2.2525792934491307e-05,
      "abs_error": 2.525792934471305e-06,
      "pct_error": 12.628964672343896
    },
    "dKa_yz": {
      "true": 0.0001939254724438144,
      "est": 0.00018469042326571194,
      "abs_error": 9.235049178102443e-06,
      "pct_error": 4.762164073509267
    },
    "dKa_zz": {
      "true": -2.999999999997449e-05,
      "est": -2.7640953360830167e-05,
      "abs_error": 2.3590466391443243e-06,
      "pct_error": 7.863488797154434
    },
    "Ka2_x": {
      "true": 1.0224607248440952e-06,
      "est": 1.183081730547134e-06,
      "abs_error": 1.6062100570303868e-07,
      "pct_error": 15.709259221426835
    },
    "Ka2_y": {
      "true": 2.0449214496881904e-06,
      "est": 2.3535731147977025e-06,
      "abs_error": 3.0865166510951205e-07,
      "pct_error": 15.093570716693067
    },
    "Ka2_z": {
      "true": 3.0673821745322856e-06,
      "est": 3.410074795967422e-06,
      "abs_error": 3.4269262143513643e-07,
      "pct_error": 11.172152732725266
    },
    "rx_x": {
      "true": 0.01,
      "est": 0.01046571973357477,
      "abs_error": 0.00046571973357477023,
      "pct_error": 4.657197335747703
    },
    "rx_y": {
      "true": 0.02,
      "est": 0.0202894416250909,
      "abs_error": 0.00028944162509090057,
      "pct_error": 1.4472081254545028
    },
    "rx_z": {
      "true": 0.03,
      "est": 0.029281530830714476,
      "abs_error": 0.0007184691692855225,
      "pct_error": 2.3948972309517416
    },
    "ry_x": {
      "true": 0.04,
      "est": 0.04077619889797298,
      "abs_error": 0.0007761988979729795,
      "pct_error": 1.9404972449324487
    },
    "ry_y": {
      "true": 0.05,
      "est": 0.05029695344566923,
      "abs_error": 0.0002969534456692263,
      "pct_error": 0.5939068913384526
    },
    "ry_z": {
      "true": 0.06,
      "est": 0.061396248889606854,
      "abs_error": 0.0013962488896068562,
      "pct_error": 2.3270814826780937
    }
  },
  "focus_scale_pct": {
    "dKg_xx": 29.273529876938653,
    "dKg_xy": 1.6808411706183766,
    "dKg_yy": 1.1047575892975168,
    "dKg_zz": 2.4242883878165604,
    "dKa_xx": 1.2163270024567585
  },
  "lever_guard_pct": {
    "rx_y": 1.4472081254545028,
    "ry_z": 2.3270814826780937
  },
  "overall": {
    "mean_pct_error": 5.199965658054299,
    "median_pct_error": 2.4510018465097696,
    "max_pct_error": 29.273529876938653
  },
  "extra": {
    "comparison_mode": "four_group_progression_19pos_markov_20pos_round61_custom_noise",
    "case_key": "legacy19pos",
    "case_tag": "legacy19pos_histatt0_scaled1200s",
    "case_display_name": "legacy 19-position method",
    "method_key": "kf36_noisy",
    "noise_tag": "custom_arw0p0005_vrw0p5_big0p0007_bia5_tg300_ta300_seed42",
    "noise_config": {
      "arw_dpsh": 0.0005,
      "vrw_ugpsHz": 0.5,
      "bi_g_dph": 0.0007,
      "bi_a_ug": 5.0,
      "tau_g": 300.0,
      "tau_a": 300.0,
      "seed": 42,
      "base_family": "user_explicit_custom_noise"
    },
    "att0_deg": [
      1.0,
      -91.0,
      -91.0
    ],
    "n_motion_rows": 18,
    "claimed_position_count": 19,
    "total_time_s": 1200.0,
    "timing_note": "original 982 s over 18 motion rows, scaled uniformly by 1200/982 to preserve row timing proportions",
    "source_builder": "/root/.openclaw/workspace/tmp_psins_py/psins_py/test_system_calibration_19pos.py",
    "source_reference": "historical paras block + att0=[1,-91,-91] deg from original 19pos script",
    "rationale": "Historical 19-position calibration path, evaluated with its original initial attitude and fair-duration normalization only.",
    "timing_scale_factor": 1.2219959266802445,
    "raw_total_s_before_scaling": 982.0,
    "builder_method_tag": null
  }
}