{
  "variant": "entryrelay_l8x1_l9y0p75_unifiedcore_kf36_noisy_noise0p08",
  "method_file": "search_ch3_12pos_closedloop_local_insertions.py",
  "source_file": "/root/.openclaw/workspace/tmp_psins_py/psins_py/test_calibration_markov_pruned.py",
  "param_order": [
    "eb_x",
    "eb_y",
    "eb_z",
    "db_x",
    "db_y",
    "db_z",
    "dKg_xx",
    "dKg_yx",
    "dKg_zx",
    "dKg_xy",
    "dKg_yy",
    "dKg_zy",
    "dKg_xz",
    "dKg_yz",
    "dKg_zz",
    "dKa_xx",
    "dKa_xy",
    "dKa_xz",
    "dKa_yy",
    "dKa_yz",
    "dKa_zz",
    "Ka2_x",
    "Ka2_y",
    "Ka2_z",
    "rx_x",
    "rx_y",
    "rx_z",
    "ry_x",
    "ry_y",
    "ry_z"
  ],
  "param_errors": {
    "eb_x": {
      "true": 4.84813681109536e-07,
      "est": 4.6348414947260323e-07,
      "abs_error": 2.1329531636932816e-08,
      "pct_error": 4.399531710433259
    },
    "eb_y": {
      "true": 9.69627362219072e-07,
      "est": 9.675227282847533e-07,
      "abs_error": 2.104633934318763e-09,
      "pct_error": 0.21705595534166183
    },
    "eb_z": {
      "true": 1.4544410433286078e-06,
      "est": 1.4457660581330957e-06,
      "abs_error": 8.67498519551216e-09,
      "pct_error": 0.5964480468495817
    },
    "db_x": {
      "true": 0.00097803267715,
      "est": 0.0009789747723246093,
      "abs_error": 9.420951746093829e-07,
      "pct_error": 0.09632553151032343
    },
    "db_y": {
      "true": 0.0019560653543,
      "est": 0.001966648856958396,
      "abs_error": 1.0583502658396016e-05,
      "pct_error": 0.5410607899746501
    },
    "db_z": {
      "true": 0.00293409803145,
      "est": 0.002934311381382526,
      "abs_error": 2.1334993252587406e-07,
      "pct_error": 0.0072713975551948005
    },
    "dKg_xx": {
      "true": -9.99999999995449e-06,
      "est": -1.0495942921906476e-05,
      "abs_error": 4.959429219519862e-07,
      "pct_error": 4.959429219542432
    },
    "dKg_yx": {
      "true": 0.0001454441043328608,
      "est": 0.0001453744023621079,
      "abs_error": 6.970197075290355e-08,
      "pct_error": 0.04792354497462809
    },
    "dKg_zx": {
      "true": 0.00024240684055476798,
      "est": 0.00024211757151475897,
      "abs_error": 2.892690400090178e-07,
      "pct_error": 0.11933204498148722
    },
    "dKg_xy": {
      "true": 4.84813681109536e-05,
      "est": 4.8422397485631505e-05,
      "abs_error": 5.897062532209216e-08,
      "pct_error": 0.12163564606331453
    },
    "dKg_yy": {
      "true": -2.0000000000020002e-05,
      "est": -1.9516146284814795e-05,
      "abs_error": 4.838537152052069e-07,
      "pct_error": 2.4192685760236152
    },
    "dKg_zy": {
      "true": 0.0002908882086657216,
      "est": 0.0002915239944201217,
      "abs_error": 6.357857544000999e-07,
      "pct_error": 0.21856704241000102
    },
    "dKg_xz": {
      "true": 9.69627362219072e-05,
      "est": 9.772491721969572e-05,
      "abs_error": 7.621809977885247e-07,
      "pct_error": 0.786055579170343
    },
    "dKg_yz": {
      "true": 0.0001939254724438144,
      "est": 0.00019359485511080246,
      "abs_error": 3.3061733301193125e-07,
      "pct_error": 0.17048680033909433
    },
    "dKg_zz": {
      "true": -2.999999999997449e-05,
      "est": -2.9748348762570487e-05,
      "abs_error": 2.5165123740400475e-07,
      "pct_error": 0.8388374580140624
    },
    "dKa_xx": {
      "true": -9.99999999995449e-06,
      "est": -9.741981979782821e-06,
      "abs_error": 2.5801802017166864e-07,
      "pct_error": 2.5801802017284285
    },
    "dKa_xy": {
      "true": 4.84813681109536e-05,
      "est": 4.8413898878305175e-05,
      "abs_error": 6.746923264842148e-08,
      "pct_error": 0.13916528199866926
    },
    "dKa_xz": {
      "true": 9.69627362219072e-05,
      "est": 9.696851949603862e-05,
      "abs_error": 5.7832741314248984e-09,
      "pct_error": 0.005964429590961006
    },
    "dKa_yy": {
      "true": -2.0000000000020002e-05,
      "est": -1.966124402752456e-05,
      "abs_error": 3.387559724954414e-07,
      "pct_error": 1.6937798624755134
    },
    "dKa_yz": {
      "true": 0.0001939254724438144,
      "est": 0.000193778081395149,
      "abs_error": 1.4739104866538354e-07,
      "pct_error": 0.07600396523880422
    },
    "dKa_zz": {
      "true": -2.999999999997449e-05,
      "est": -2.9496471020795667e-05,
      "abs_error": 5.035289791788244e-07,
      "pct_error": 1.6784299305975086
    },
    "Ka2_x": {
      "true": 1.0224607248440952e-06,
      "est": 1.010528692188889e-06,
      "abs_error": 1.193203265520623e-08,
      "pct_error": 1.1669917841612574
    },
    "Ka2_y": {
      "true": 2.0449214496881904e-06,
      "est": 1.9876789977270566e-06,
      "abs_error": 5.724245196113379e-08,
      "pct_error": 2.7992494269088977
    },
    "Ka2_z": {
      "true": 3.0673821745322856e-06,
      "est": 3.0696917144659925e-06,
      "abs_error": 2.3095399337068054e-09,
      "pct_error": 0.07529351747827001
    },
    "rx_x": {
      "true": 0.01,
      "est": 0.009945006513915907,
      "abs_error": 5.4993486084092824e-05,
      "pct_error": 0.5499348608409282
    },
    "rx_y": {
      "true": 0.02,
      "est": 0.020253699570265103,
      "abs_error": 0.0002536995702651021,
      "pct_error": 1.2684978513255105
    },
    "rx_z": {
      "true": 0.03,
      "est": 0.03027505199640586,
      "abs_error": 0.00027505199640586245,
      "pct_error": 0.9168399880195416
    },
    "ry_x": {
      "true": 0.04,
      "est": 0.040537318058376924,
      "abs_error": 0.0005373180583769233,
      "pct_error": 1.3432951459423081
    },
    "ry_y": {
      "true": 0.05,
      "est": 0.05030888152359837,
      "abs_error": 0.00030888152359836996,
      "pct_error": 0.6177630471967399
    },
    "ry_z": {
      "true": 0.06,
      "est": 0.06099475285799744,
      "abs_error": 0.0009947528579974454,
      "pct_error": 1.6579214299957425
    }
  },
  "focus_scale_pct": {
    "dKg_xx": 4.959429219542432,
    "dKg_xy": 0.12163564606331453,
    "dKg_yy": 2.4192685760236152,
    "dKg_zz": 0.8388374580140624,
    "dKa_xx": 2.5801802017284285
  },
  "lever_guard_pct": {
    "rx_y": 1.2684978513255105,
    "ry_z": 1.6579214299957425
  },
  "overall": {
    "mean_pct_error": 1.0702846688894243,
    "median_pct_error": 0.6071055470231608,
    "max_pct_error": 4.959429219542432
  },
  "extra": {
    "noise_scale": 0.08,
    "noise_config": {
      "arw_dpsh": 0.0004,
      "vrw_ugpsHz": 0.4,
      "bi_g_dph": 0.00016,
      "bi_a_ug": 0.4,
      "tau_g": 300.0,
      "tau_a": 300.0,
      "seed": 42,
      "base_family": "round53_round61_shared"
    },
    "comparison_mode": "corrected_frontier_refine",
    "candidate_name": "entryrelay_l8x1_l9y0p75_unifiedcore",
    "method_key": "kf36_noisy",
    "legality": "faithful12_base_plus_closed_loop_local_insertions",
    "time_total_s": 1337.5,
    "att0_deg": [
      0.0,
      0.0,
      0.0
    ],
    "candidate_registry_key": "entryrelay_l8x1_l9y0p75_unifiedcore",
    "family": "entry_relay_local_ridge_refine",
    "hypothesis_id": "H3"
  }
}