{
  "variant": "probe3_l9_diag_bfly_same_d8_kf36_noisy_noise0p08",
  "method_file": "search_ch3_12pos_closedloop_local_insertions.py",
  "source_file": "/root/.openclaw/workspace/tmp_psins_py/psins_py/test_calibration_markov_pruned.py",
  "param_order": [
    "eb_x",
    "eb_y",
    "eb_z",
    "db_x",
    "db_y",
    "db_z",
    "dKg_xx",
    "dKg_yx",
    "dKg_zx",
    "dKg_xy",
    "dKg_yy",
    "dKg_zy",
    "dKg_xz",
    "dKg_yz",
    "dKg_zz",
    "dKa_xx",
    "dKa_xy",
    "dKa_xz",
    "dKa_yy",
    "dKa_yz",
    "dKa_zz",
    "Ka2_x",
    "Ka2_y",
    "Ka2_z",
    "rx_x",
    "rx_y",
    "rx_z",
    "ry_x",
    "ry_y",
    "ry_z"
  ],
  "param_errors": {
    "eb_x": {
      "true": 4.84813681109536e-07,
      "est": 4.672039132702344e-07,
      "abs_error": 1.7609767839301666e-08,
      "pct_error": 3.632275351429906
    },
    "eb_y": {
      "true": 9.69627362219072e-07,
      "est": 9.748611990901937e-07,
      "abs_error": 5.2338368711216045e-09,
      "pct_error": 0.5397781740754034
    },
    "eb_z": {
      "true": 1.4544410433286078e-06,
      "est": 1.4490777852561409e-06,
      "abs_error": 5.3632580724669535e-09,
      "pct_error": 0.36875046239019055
    },
    "db_x": {
      "true": 0.00097803267715,
      "est": 0.0009754698615744697,
      "abs_error": 2.5628155755301864e-06,
      "pct_error": 0.2620378270998332
    },
    "db_y": {
      "true": 0.0019560653543,
      "est": 0.0019583892537366897,
      "abs_error": 2.3238994366898795e-06,
      "pct_error": 0.11880479512513596
    },
    "db_z": {
      "true": 0.00293409803145,
      "est": 0.0029473619476781524,
      "abs_error": 1.3263916228152279e-05,
      "pct_error": 0.4520611133635979
    },
    "dKg_xx": {
      "true": -9.99999999995449e-06,
      "est": -1.3707121617745344e-06,
      "abs_error": 8.629287838179955e-06,
      "pct_error": 86.29287838219227
    },
    "dKg_yx": {
      "true": 0.0001454441043328608,
      "est": 0.0001454352414412924,
      "abs_error": 8.86289156838303e-09,
      "pct_error": 0.006093675373805165
    },
    "dKg_zx": {
      "true": 0.00024240684055476798,
      "est": 0.0002410507005291261,
      "abs_error": 1.3561400256418708e-06,
      "pct_error": 0.5594479192659055
    },
    "dKg_xy": {
      "true": 4.84813681109536e-05,
      "est": 4.824688507458996e-05,
      "abs_error": 2.3448303636363878e-07,
      "pct_error": 0.48365598063776805
    },
    "dKg_yy": {
      "true": -2.0000000000020002e-05,
      "est": -1.9906913803158233e-05,
      "abs_error": 9.308619686176911e-08,
      "pct_error": 0.46543098430838004
    },
    "dKg_zy": {
      "true": 0.0002908882086657216,
      "est": 0.0002965236214345194,
      "abs_error": 5.6354127687978026e-06,
      "pct_error": 1.937312204797486
    },
    "dKg_xz": {
      "true": 9.69627362219072e-05,
      "est": 9.800699542673679e-05,
      "abs_error": 1.044259204829596e-06,
      "pct_error": 1.0769696127796178
    },
    "dKg_yz": {
      "true": 0.0001939254724438144,
      "est": 0.0001880725831323349,
      "abs_error": 5.852889311479476e-06,
      "pct_error": 3.0181126995450382
    },
    "dKg_zz": {
      "true": -2.999999999997449e-05,
      "est": -2.056172607423079e-05,
      "abs_error": 9.438273925743701e-06,
      "pct_error": 31.46091308583909
    },
    "dKa_xx": {
      "true": -9.99999999995449e-06,
      "est": -1.0549320451636035e-05,
      "abs_error": 5.493204516815453e-07,
      "pct_error": 5.493204516840453
    },
    "dKa_xy": {
      "true": 4.84813681109536e-05,
      "est": 4.847402551453792e-05,
      "abs_error": 7.342596415675336e-09,
      "pct_error": 0.015145192270298974
    },
    "dKa_xz": {
      "true": 9.69627362219072e-05,
      "est": 9.736178273431022e-05,
      "abs_error": 3.990465124030268e-07,
      "pct_error": 0.4115462578219493
    },
    "dKa_yy": {
      "true": -2.0000000000020002e-05,
      "est": -3.334966321544286e-06,
      "abs_error": 1.6665033678475716e-05,
      "pct_error": 83.32516839229524
    },
    "dKa_yz": {
      "true": 0.0001939254724438144,
      "est": 0.00018841255945393828,
      "abs_error": 5.512912989876108e-06,
      "pct_error": 2.8427998242847403
    },
    "dKa_zz": {
      "true": -2.999999999997449e-05,
      "est": -2.999473521692053e-05,
      "abs_error": 5.264783053959832e-09,
      "pct_error": 0.017549276846547696
    },
    "Ka2_x": {
      "true": 1.0224607248440952e-06,
      "est": 9.932083367410224e-07,
      "abs_error": 2.9252388103072853e-08,
      "pct_error": 2.8609791449479154
    },
    "Ka2_y": {
      "true": 2.0449214496881904e-06,
      "est": 1.1943190689899139e-09,
      "abs_error": 2.0437271306192005e-06,
      "pct_error": 99.94159584617923
    },
    "Ka2_z": {
      "true": 3.0673821745322856e-06,
      "est": 2.9469453103741916e-06,
      "abs_error": 1.2043686415809409e-07,
      "pct_error": 3.9263729560030547
    },
    "rx_x": {
      "true": 0.01,
      "est": 0.010287282782443858,
      "abs_error": 0.0002872827824438578,
      "pct_error": 2.872827824438578
    },
    "rx_y": {
      "true": 0.02,
      "est": 0.01981047599270587,
      "abs_error": 0.00018952400729413052,
      "pct_error": 0.9476200364706526
    },
    "rx_z": {
      "true": 0.03,
      "est": 0.030670626612887206,
      "abs_error": 0.0006706266128872068,
      "pct_error": 2.235422042957356
    },
    "ry_x": {
      "true": 0.04,
      "est": 0.0406052720246038,
      "abs_error": 0.0006052720246038021,
      "pct_error": 1.5131800615095052
    },
    "ry_y": {
      "true": 0.05,
      "est": 0.05011433589885003,
      "abs_error": 0.00011433589885002926,
      "pct_error": 0.22867179770005852
    },
    "ry_z": {
      "true": 0.06,
      "est": 0.060647104696970065,
      "abs_error": 0.0006471046969700675,
      "pct_error": 1.078507828283446
    }
  },
  "focus_scale_pct": {
    "dKg_xx": 86.29287838219227,
    "dKg_xy": 0.48365598063776805,
    "dKg_yy": 0.46543098430838004,
    "dKg_zz": 31.46091308583909,
    "dKa_xx": 5.493204516840453
  },
  "lever_guard_pct": {
    "rx_y": 0.9476200364706526,
    "ry_z": 1.078507828283446
  },
  "overall": {
    "mean_pct_error": 11.279503775569077,
    "median_pct_error": 1.0777387205315319,
    "max_pct_error": 99.94159584617923
  },
  "extra": {
    "noise_scale": 0.08,
    "noise_config": {
      "arw_dpsh": 0.0004,
      "vrw_ugpsHz": 0.4,
      "bi_g_dph": 0.00016,
      "bi_a_ug": 0.4,
      "tau_g": 300.0,
      "tau_a": 300.0,
      "seed": 42,
      "base_family": "round53_round61_shared"
    },
    "comparison_mode": "ch3_closedloop_local_insertions",
    "candidate_name": "probe3_l9_diag_bfly_same_d8",
    "method_key": "kf36_noisy",
    "legality": "faithful12_base_plus_closed_loop_local_insertions",
    "time_total_s": 1271.0
  }
}