{
  "variant": "twoanchor_l10_ypair_neg2_then_zpair_neg4_plus_l11_y10x0back2_kf36_noisy_noise0p08",
  "method_file": "search_ch3_12pos_closedloop_local_insertions.py",
  "source_file": "/root/.openclaw/workspace/tmp_psins_py/psins_py/test_calibration_markov_pruned.py",
  "param_order": [
    "eb_x",
    "eb_y",
    "eb_z",
    "db_x",
    "db_y",
    "db_z",
    "dKg_xx",
    "dKg_yx",
    "dKg_zx",
    "dKg_xy",
    "dKg_yy",
    "dKg_zy",
    "dKg_xz",
    "dKg_yz",
    "dKg_zz",
    "dKa_xx",
    "dKa_xy",
    "dKa_xz",
    "dKa_yy",
    "dKa_yz",
    "dKa_zz",
    "Ka2_x",
    "Ka2_y",
    "Ka2_z",
    "rx_x",
    "rx_y",
    "rx_z",
    "ry_x",
    "ry_y",
    "ry_z"
  ],
  "param_errors": {
    "eb_x": {
      "true": 4.84813681109536e-07,
      "est": 4.6178622209083567e-07,
      "abs_error": 2.302745901870038e-08,
      "pct_error": 4.749754372855184
    },
    "eb_y": {
      "true": 9.69627362219072e-07,
      "est": 9.721530804060695e-07,
      "abs_error": 2.5257181869974405e-09,
      "pct_error": 0.26048338623789724
    },
    "eb_z": {
      "true": 1.4544410433286078e-06,
      "est": 1.4442000215405913e-06,
      "abs_error": 1.0241021788016524e-08,
      "pct_error": 0.7041207916258403
    },
    "db_x": {
      "true": 0.00097803267715,
      "est": 0.0009793318075304912,
      "abs_error": 1.2991303804913042e-06,
      "pct_error": 0.13283097905041244
    },
    "db_y": {
      "true": 0.0019560653543,
      "est": 0.0019576360870500018,
      "abs_error": 1.5707327500019512e-06,
      "pct_error": 0.08030062730516771
    },
    "db_z": {
      "true": 0.00293409803145,
      "est": 0.002938686288198067,
      "abs_error": 4.588256748066632e-06,
      "pct_error": 0.156377077346634
    },
    "dKg_xx": {
      "true": -9.99999999995449e-06,
      "est": -1.4100807320671649e-05,
      "abs_error": 4.100807320717159e-06,
      "pct_error": 41.00807320735822
    },
    "dKg_yx": {
      "true": 0.0001454441043328608,
      "est": 0.00014543904568388414,
      "abs_error": 5.058648976650256e-09,
      "pct_error": 0.0034780708368027913
    },
    "dKg_zx": {
      "true": 0.00024240684055476798,
      "est": 0.00024168483689468217,
      "abs_error": 7.220036600858089e-07,
      "pct_error": 0.29784789011458757
    },
    "dKg_xy": {
      "true": 4.84813681109536e-05,
      "est": 4.879046434153096e-05,
      "abs_error": 3.090962305773599e-07,
      "pct_error": 0.6375567411174696
    },
    "dKg_yy": {
      "true": -2.0000000000020002e-05,
      "est": -1.9260419339861556e-05,
      "abs_error": 7.395806601584454e-07,
      "pct_error": 3.6979033007885285
    },
    "dKg_zy": {
      "true": 0.0002908882086657216,
      "est": 0.00030140454494121955,
      "abs_error": 1.0516336275497972e-05,
      "pct_error": 3.6152501071581673
    },
    "dKg_xz": {
      "true": 9.69627362219072e-05,
      "est": 9.677507379622928e-05,
      "abs_error": 1.8766242567791296e-07,
      "pct_error": 0.1935407693615742
    },
    "dKg_yz": {
      "true": 0.0001939254724438144,
      "est": 0.0001834937569351155,
      "abs_error": 1.0431715508698875e-05,
      "pct_error": 5.37923944556651
    },
    "dKg_zz": {
      "true": -2.999999999997449e-05,
      "est": -1.7544032173244517e-05,
      "abs_error": 1.2455967826729974e-05,
      "pct_error": 41.519892755801884
    },
    "dKa_xx": {
      "true": -9.99999999995449e-06,
      "est": -9.683086638734295e-06,
      "abs_error": 3.1691336122019464e-07,
      "pct_error": 3.169133612216369
    },
    "dKa_xy": {
      "true": 4.84813681109536e-05,
      "est": 4.0780222947467555e-05,
      "abs_error": 7.701145163486042e-06,
      "pct_error": 15.884752150272119
    },
    "dKa_xz": {
      "true": 9.69627362219072e-05,
      "est": 9.62084415858183e-05,
      "abs_error": 7.542946360888963e-07,
      "pct_error": 0.7779221848305012
    },
    "dKa_yy": {
      "true": -2.0000000000020002e-05,
      "est": -2.7813335441440046e-06,
      "abs_error": 1.7218666455875997e-05,
      "pct_error": 86.09333227929389
    },
    "dKa_yz": {
      "true": 0.0001939254724438144,
      "est": 0.0001835793952910506,
      "abs_error": 1.0346077152763777e-05,
      "pct_error": 5.335078998330827
    },
    "dKa_zz": {
      "true": -2.999999999997449e-05,
      "est": -3.0402895623504733e-05,
      "abs_error": 4.0289562353024166e-07,
      "pct_error": 1.3429854117686142
    },
    "Ka2_x": {
      "true": 1.0224607248440952e-06,
      "est": 1.029809825662756e-06,
      "abs_error": 7.349100818660878e-09,
      "pct_error": 0.7187660748320155
    },
    "Ka2_y": {
      "true": 2.0449214496881904e-06,
      "est": 8.001172829597838e-09,
      "abs_error": 2.0369202768585926e-06,
      "pct_error": 99.60872957585643
    },
    "Ka2_z": {
      "true": 3.0673821745322856e-06,
      "est": 3.045964486856904e-06,
      "abs_error": 2.1417687675381525e-08,
      "pct_error": 0.6982399471838652
    },
    "rx_x": {
      "true": 0.01,
      "est": 0.00981203395674037,
      "abs_error": 0.00018796604325962973,
      "pct_error": 1.8796604325962973
    },
    "rx_y": {
      "true": 0.02,
      "est": 0.02003471818976821,
      "abs_error": 3.4718189768211116e-05,
      "pct_error": 0.17359094884105558
    },
    "rx_z": {
      "true": 0.03,
      "est": 0.030564085519189856,
      "abs_error": 0.0005640855191898567,
      "pct_error": 1.880285063966189
    },
    "ry_x": {
      "true": 0.04,
      "est": 0.04020189383261801,
      "abs_error": 0.00020189383261801086,
      "pct_error": 0.5047345815450272
    },
    "ry_y": {
      "true": 0.05,
      "est": 0.050007571578141015,
      "abs_error": 7.571578141012114e-06,
      "pct_error": 0.015143156282024228
    },
    "ry_z": {
      "true": 0.06,
      "est": 0.060768233587171844,
      "abs_error": 0.000768233587171846,
      "pct_error": 1.2803893119530767
    }
  },
  "focus_scale_pct": {
    "dKg_xx": 41.00807320735822,
    "dKg_xy": 0.6375567411174696,
    "dKg_yy": 3.6979033007885285,
    "dKg_zz": 41.519892755801884,
    "dKa_xx": 3.169133612216369
  },
  "lever_guard_pct": {
    "rx_y": 0.17359094884105558,
    "ry_z": 1.2803893119530767
  },
  "overall": {
    "mean_pct_error": 10.726646441743108,
    "median_pct_error": 1.029155748391789,
    "max_pct_error": 99.60872957585643
  },
  "extra": {
    "noise_scale": 0.08,
    "noise_config": {
      "arw_dpsh": 0.0004,
      "vrw_ugpsHz": 0.4,
      "bi_g_dph": 0.00016,
      "bi_a_ug": 0.4,
      "tau_g": 300.0,
      "tau_a": 300.0,
      "seed": 42,
      "base_family": "round53_round61_shared"
    },
    "comparison_mode": "ch3_closedloop_local_insertions",
    "candidate_name": "twoanchor_l10_ypair_neg2_then_zpair_neg4_plus_l11_y10x0back2",
    "method_key": "kf36_noisy",
    "legality": "faithful12_base_plus_closed_loop_local_insertions",
    "time_total_s": 1314.0
  }
}