{
  "variant": "corrdiag_l9_bfly_same_d6_on_entry_markov42_noisy_noise0p08",
  "method_file": "search_ch3_12pos_closedloop_local_insertions.py",
  "source_file": "/root/.openclaw/workspace/tmp_psins_py/psins_py/test_calibration_markov_pruned.py",
  "param_order": [
    "eb_x",
    "eb_y",
    "eb_z",
    "db_x",
    "db_y",
    "db_z",
    "dKg_xx",
    "dKg_yx",
    "dKg_zx",
    "dKg_xy",
    "dKg_yy",
    "dKg_zy",
    "dKg_xz",
    "dKg_yz",
    "dKg_zz",
    "dKa_xx",
    "dKa_xy",
    "dKa_xz",
    "dKa_yy",
    "dKa_yz",
    "dKa_zz",
    "Ka2_x",
    "Ka2_y",
    "Ka2_z",
    "rx_x",
    "rx_y",
    "rx_z",
    "ry_x",
    "ry_y",
    "ry_z"
  ],
  "param_errors": {
    "eb_x": {
      "true": 4.84813681109536e-07,
      "est": 4.7305098295110506e-07,
      "abs_error": 1.1762698158430989e-08,
      "pct_error": 2.426230656591845
    },
    "eb_y": {
      "true": 9.69627362219072e-07,
      "est": 9.86238202746258e-07,
      "abs_error": 1.6610840527185806e-08,
      "pct_error": 1.7131159014706978
    },
    "eb_z": {
      "true": 1.4544410433286078e-06,
      "est": 1.4458756990132595e-06,
      "abs_error": 8.56534431534833e-09,
      "pct_error": 0.5889096952149971
    },
    "db_x": {
      "true": 0.00097803267715,
      "est": 0.0009741355954222735,
      "abs_error": 3.897081727726359e-06,
      "pct_error": 0.3984613008107773
    },
    "db_y": {
      "true": 0.0019560653543,
      "est": 0.001963378280303235,
      "abs_error": 7.312926003235232e-06,
      "pct_error": 0.37385898109995647
    },
    "db_z": {
      "true": 0.00293409803145,
      "est": 0.002940013831492023,
      "abs_error": 5.915800042022648e-06,
      "pct_error": 0.2016224399666402
    },
    "dKg_xx": {
      "true": -9.99999999995449e-06,
      "est": -9.440411994132702e-06,
      "abs_error": 5.595880058217872e-07,
      "pct_error": 5.595880058243339
    },
    "dKg_yx": {
      "true": 0.0001454441043328608,
      "est": 0.00014886820081637134,
      "abs_error": 3.4240964835105525e-06,
      "pct_error": 2.3542353258088937
    },
    "dKg_zx": {
      "true": 0.00024240684055476798,
      "est": 0.0002440917082846364,
      "abs_error": 1.6848677298684069e-06,
      "pct_error": 0.6950578317065841
    },
    "dKg_xy": {
      "true": 4.84813681109536e-05,
      "est": 4.729012650341965e-05,
      "abs_error": 1.1912416075339496e-06,
      "pct_error": 2.457112193714697
    },
    "dKg_yy": {
      "true": -2.0000000000020002e-05,
      "est": -2.1775636277920896e-05,
      "abs_error": 1.7756362779008938e-06,
      "pct_error": 8.878181389495591
    },
    "dKg_zy": {
      "true": 0.0002908882086657216,
      "est": 0.0002920887081421835,
      "abs_error": 1.2004994764619015e-06,
      "pct_error": 0.4127013198535912
    },
    "dKg_xz": {
      "true": 9.69627362219072e-05,
      "est": 9.637750742325135e-05,
      "abs_error": 5.852287986558385e-07,
      "pct_error": 0.6035605238248375
    },
    "dKg_yz": {
      "true": 0.0001939254724438144,
      "est": 0.00019077575390360883,
      "abs_error": 3.1497185402055592e-06,
      "pct_error": 1.6241902110709674
    },
    "dKg_zz": {
      "true": -2.999999999997449e-05,
      "est": -2.9678290757173542e-05,
      "abs_error": 3.2170924280094937e-07,
      "pct_error": 1.072364142670743
    },
    "dKa_xx": {
      "true": -9.99999999995449e-06,
      "est": -9.789015363415032e-06,
      "abs_error": 2.1098463653945743e-07,
      "pct_error": 2.1098463654041764
    },
    "dKa_xy": {
      "true": 4.84813681109536e-05,
      "est": 4.811733671317271e-05,
      "abs_error": 3.640313977808853e-07,
      "pct_error": 0.7508686573113397
    },
    "dKa_xz": {
      "true": 9.69627362219072e-05,
      "est": 9.582444426029343e-05,
      "abs_error": 1.1382919616137683e-06,
      "pct_error": 1.1739478545744557
    },
    "dKa_yy": {
      "true": -2.0000000000020002e-05,
      "est": -1.97007867641652e-05,
      "abs_error": 2.9921323585480053e-07,
      "pct_error": 1.4960661792725065
    },
    "dKa_yz": {
      "true": 0.0001939254724438144,
      "est": 0.00019384114219862664,
      "abs_error": 8.433024518774454e-08,
      "pct_error": 0.04348590421105064
    },
    "dKa_zz": {
      "true": -2.999999999997449e-05,
      "est": -2.948368876953822e-05,
      "abs_error": 5.163112304362727e-07,
      "pct_error": 1.7210374347890391
    },
    "Ka2_x": {
      "true": 1.0224607248440952e-06,
      "est": 1.0672161787181037e-06,
      "abs_error": 4.4755453874008467e-08,
      "pct_error": 4.377229636945984
    },
    "Ka2_y": {
      "true": 2.0449214496881904e-06,
      "est": 1.9852706771612155e-06,
      "abs_error": 5.965077252697496e-08,
      "pct_error": 2.91702023743115
    },
    "Ka2_z": {
      "true": 3.0673821745322856e-06,
      "est": 2.9909114948152586e-06,
      "abs_error": 7.647067971702702e-08,
      "pct_error": 2.4930274535708046
    },
    "rx_x": {
      "true": 0.01,
      "est": 0.009925197373687696,
      "abs_error": 7.480262631230465e-05,
      "pct_error": 0.7480262631230465
    },
    "rx_y": {
      "true": 0.02,
      "est": 0.020299169044109593,
      "abs_error": 0.0002991690441095929,
      "pct_error": 1.4958452205479644
    },
    "rx_z": {
      "true": 0.03,
      "est": 0.030100054263362448,
      "abs_error": 0.00010005426336244863,
      "pct_error": 0.3335142112081621
    },
    "ry_x": {
      "true": 0.04,
      "est": 0.04067368809542872,
      "abs_error": 0.0006736880954287192,
      "pct_error": 1.684220238571798
    },
    "ry_y": {
      "true": 0.05,
      "est": 0.05048227759098486,
      "abs_error": 0.0004822775909848545,
      "pct_error": 0.964555181969709
    },
    "ry_z": {
      "true": 0.06,
      "est": 0.06081485595221809,
      "abs_error": 0.0008148559522180923,
      "pct_error": 1.3580932536968207
    }
  },
  "focus_scale_pct": {
    "dKg_xx": 5.595880058243339,
    "dKg_xy": 2.457112193714697,
    "dKg_yy": 8.878181389495591,
    "dKg_zz": 1.072364142670743,
    "dKa_xx": 2.1098463654041764
  },
  "lever_guard_pct": {
    "rx_y": 1.4958452205479644,
    "ry_z": 1.3580932536968207
  },
  "overall": {
    "mean_pct_error": 1.768742202139072,
    "median_pct_error": 1.4269692371223925,
    "max_pct_error": 8.878181389495591
  },
  "extra": {
    "noise_scale": 0.08,
    "noise_config": {
      "arw_dpsh": 0.0004,
      "vrw_ugpsHz": 0.4,
      "bi_g_dph": 0.00016,
      "bi_a_ug": 0.4,
      "tau_g": 300.0,
      "tau_a": 300.0,
      "seed": 42,
      "base_family": "round53_round61_shared"
    },
    "comparison_mode": "corrected_att0_hidden_next3",
    "candidate_name": "corrdiag_l9_bfly_same_d6_on_entry",
    "method_key": "markov42_noisy",
    "legality": "faithful12_base_plus_closed_loop_local_insertions",
    "time_total_s": 1401.0,
    "att0_deg": [
      0.0,
      0.0,
      0.0
    ],
    "candidate_registry_key": "corrdiag_l9_bfly_same_d6_on_entry",
    "family": "anchor9_gateway_diagonal_butterfly_control_on_corrected_entry",
    "hypothesis_id": "H3"
  }
}