{
  "variant": "z10_small_pos_noise0p08",
  "method_file": "ad-hoc targeted probe",
  "source_file": "/root/.openclaw/workspace/tmp_psins_py/psins_py/test_calibration_markov_pruned.py",
  "param_order": [
    "eb_x",
    "eb_y",
    "eb_z",
    "db_x",
    "db_y",
    "db_z",
    "dKg_xx",
    "dKg_yx",
    "dKg_zx",
    "dKg_xy",
    "dKg_yy",
    "dKg_zy",
    "dKg_xz",
    "dKg_yz",
    "dKg_zz",
    "dKa_xx",
    "dKa_xy",
    "dKa_xz",
    "dKa_yy",
    "dKa_yz",
    "dKa_zz",
    "Ka2_x",
    "Ka2_y",
    "Ka2_z",
    "rx_x",
    "rx_y",
    "rx_z",
    "ry_x",
    "ry_y",
    "ry_z"
  ],
  "param_errors": {
    "eb_x": {
      "true": 4.84813681109536e-07,
      "est": 4.706682844714794e-07,
      "abs_error": 1.4145396638056664e-08,
      "pct_error": 2.9176974968370857
    },
    "eb_y": {
      "true": 9.69627362219072e-07,
      "est": 9.651274969826208e-07,
      "abs_error": 4.499865236451319e-09,
      "pct_error": 0.4640819155673378
    },
    "eb_z": {
      "true": 1.4544410433286078e-06,
      "est": 1.439803235517368e-06,
      "abs_error": 1.4637807811239734e-08,
      "pct_error": 1.0064215306891993
    },
    "db_x": {
      "true": 0.00097803267715,
      "est": 0.0009718862750751774,
      "abs_error": 6.146402074822498e-06,
      "pct_error": 0.6284454720606262
    },
    "db_y": {
      "true": 0.0019560653543,
      "est": 0.001960833384936685,
      "abs_error": 4.768030636685076e-06,
      "pct_error": 0.24375620304319381
    },
    "db_z": {
      "true": 0.00293409803145,
      "est": 0.0029471006195001597,
      "abs_error": 1.3002588050159587e-05,
      "pct_error": 0.44315452008717804
    },
    "dKg_xx": {
      "true": -9.99999999995449e-06,
      "est": -1.19184902858116e-05,
      "abs_error": 1.9184902858571107e-06,
      "pct_error": 19.18490285865842
    },
    "dKg_yx": {
      "true": 0.0001454441043328608,
      "est": 0.00014491353410792468,
      "abs_error": 5.305702249361137e-07,
      "pct_error": 0.3647932154897528
    },
    "dKg_zx": {
      "true": 0.00024240684055476798,
      "est": 0.0002411062440855483,
      "abs_error": 1.3005964692196963e-06,
      "pct_error": 0.5365345574585165
    },
    "dKg_xy": {
      "true": 4.84813681109536e-05,
      "est": 4.88951605246668e-05,
      "abs_error": 4.137924137132031e-07,
      "pct_error": 0.8535081204107218
    },
    "dKg_yy": {
      "true": -2.0000000000020002e-05,
      "est": -2.0316565689126875e-05,
      "abs_error": 3.1656568910687355e-07,
      "pct_error": 1.5828284455327846
    },
    "dKg_zy": {
      "true": 0.0002908882086657216,
      "est": 0.0003008661282870698,
      "abs_error": 9.977919621348245e-06,
      "pct_error": 3.4301560957441612
    },
    "dKg_xz": {
      "true": 9.69627362219072e-05,
      "est": 9.750394790139512e-05,
      "abs_error": 5.412116794879237e-07,
      "pct_error": 0.558164611041211
    },
    "dKg_yz": {
      "true": 0.0001939254724438144,
      "est": 0.00018446215953647643,
      "abs_error": 9.463312907337953e-06,
      "pct_error": 4.879871008219273
    },
    "dKg_zz": {
      "true": -2.999999999997449e-05,
      "est": -6.044218084255704e-06,
      "abs_error": 2.3955781915718788e-05,
      "pct_error": 79.85260638579719
    },
    "dKa_xx": {
      "true": -9.99999999995449e-06,
      "est": -1.007188535107062e-05,
      "abs_error": 7.188535111612993e-08,
      "pct_error": 0.7188535111645707
    },
    "dKa_xy": {
      "true": 4.84813681109536e-05,
      "est": 5.226451482741009e-05,
      "abs_error": 3.7831467164564964e-06,
      "pct_error": 7.803300244742381
    },
    "dKa_xz": {
      "true": 9.69627362219072e-05,
      "est": 9.702987317387387e-05,
      "abs_error": 6.713695196667853e-08,
      "pct_error": 0.06923995194713782
    },
    "dKa_yy": {
      "true": -2.0000000000020002e-05,
      "est": -2.911151464335404e-06,
      "abs_error": 1.7088848535684598e-05,
      "pct_error": 85.44424267833753
    },
    "dKa_yz": {
      "true": 0.0001939254724438144,
      "est": 0.00018524436847456856,
      "abs_error": 8.681103969245831e-06,
      "pct_error": 4.476515570568476
    },
    "dKa_zz": {
      "true": -2.999999999997449e-05,
      "est": -2.9956182473700466e-05,
      "abs_error": 4.381752627402591e-08,
      "pct_error": 0.14605842091354387
    },
    "Ka2_x": {
      "true": 1.0224607248440952e-06,
      "est": 1.0686355255239056e-06,
      "abs_error": 4.617480067981037e-08,
      "pct_error": 4.516046392574258
    },
    "Ka2_y": {
      "true": 2.0449214496881904e-06,
      "est": 9.645035191427755e-10,
      "abs_error": 2.0439569461690476e-06,
      "pct_error": 99.95283420205261
    },
    "Ka2_z": {
      "true": 3.0673821745322856e-06,
      "est": 2.960357286113096e-06,
      "abs_error": 1.0702488841918947e-07,
      "pct_error": 3.4891279380766638
    },
    "rx_x": {
      "true": 0.01,
      "est": 0.009897515061028907,
      "abs_error": 0.0001024849389710935,
      "pct_error": 1.024849389710935
    },
    "rx_y": {
      "true": 0.02,
      "est": 0.019817092112384794,
      "abs_error": 0.00018290788761520654,
      "pct_error": 0.9145394380760328
    },
    "rx_z": {
      "true": 0.03,
      "est": 0.029976309348550428,
      "abs_error": 2.3690651449571193e-05,
      "pct_error": 0.07896883816523731
    },
    "ry_x": {
      "true": 0.04,
      "est": 0.040757148889952584,
      "abs_error": 0.000757148889952583,
      "pct_error": 1.8928722248814576
    },
    "ry_y": {
      "true": 0.05,
      "est": 0.05023891586493794,
      "abs_error": 0.00023891586493793998,
      "pct_error": 0.47783172987587996
    },
    "ry_z": {
      "true": 0.06,
      "est": 0.060013581145207495,
      "abs_error": 1.3581145207497425e-05,
      "pct_error": 0.02263524201249571
    }
  },
  "focus_scale_pct": {
    "dKg_xx": 19.18490285865842,
    "dKg_xy": 0.8535081204107218,
    "dKg_yy": 1.5828284455327846,
    "dKg_zz": 79.85260638579719,
    "dKa_xx": 0.7188535111645707
  },
  "lever_guard_pct": {
    "rx_y": 0.9145394380760328,
    "ry_z": 0.02263524201249571
  },
  "overall": {
    "mean_pct_error": 10.932494606991193,
    "median_pct_error": 0.960480484382616,
    "max_pct_error": 99.95283420205261
  },
  "extra": {
    "noise_scale": 0.08,
    "noise_config": {
      "arw_dpsh": 0.0004,
      "vrw_ugpsHz": 0.4,
      "bi_g_dph": 0.00016,
      "bi_a_ug": 0.4,
      "tau_g": 300.0,
      "tau_a": 300.0,
      "seed": 42,
      "base_family": "round53_round61_shared"
    },
    "candidate_name": "z10_small_pos"
  }
}