{
  "variant": "relay_l11back0p25_l12y0p1875_on_entry_markov42_noisy_noise0p08",
  "method_file": "search_ch3_12pos_closedloop_local_insertions.py",
  "source_file": "/root/.openclaw/workspace/tmp_psins_py/psins_py/test_calibration_markov_pruned.py",
  "param_order": [
    "eb_x",
    "eb_y",
    "eb_z",
    "db_x",
    "db_y",
    "db_z",
    "dKg_xx",
    "dKg_yx",
    "dKg_zx",
    "dKg_xy",
    "dKg_yy",
    "dKg_zy",
    "dKg_xz",
    "dKg_yz",
    "dKg_zz",
    "dKa_xx",
    "dKa_xy",
    "dKa_xz",
    "dKa_yy",
    "dKa_yz",
    "dKa_zz",
    "Ka2_x",
    "Ka2_y",
    "Ka2_z",
    "rx_x",
    "rx_y",
    "rx_z",
    "ry_x",
    "ry_y",
    "ry_z"
  ],
  "param_errors": {
    "eb_x": {
      "true": 4.84813681109536e-07,
      "est": 4.6278794758172364e-07,
      "abs_error": 2.2025733527812407e-08,
      "pct_error": 4.5431336585643995
    },
    "eb_y": {
      "true": 9.69627362219072e-07,
      "est": 9.66806751404833e-07,
      "abs_error": 2.8206108142390185e-09,
      "pct_error": 0.29089637154873793
    },
    "eb_z": {
      "true": 1.4544410433286078e-06,
      "est": 1.446006884875717e-06,
      "abs_error": 8.434158452890754e-09,
      "pct_error": 0.5798900197142739
    },
    "db_x": {
      "true": 0.00097803267715,
      "est": 0.0009793683703892032,
      "abs_error": 1.3356932392033331e-06,
      "pct_error": 0.13656938775251976
    },
    "db_y": {
      "true": 0.0019560653543,
      "est": 0.001966091584440292,
      "abs_error": 1.0026230140292025e-05,
      "pct_error": 0.512571326834835
    },
    "db_z": {
      "true": 0.00293409803145,
      "est": 0.002934227186061422,
      "abs_error": 1.291546114219437e-07,
      "pct_error": 0.004401850587047934
    },
    "dKg_xx": {
      "true": -9.99999999995449e-06,
      "est": -1.0457570592370402e-05,
      "abs_error": 4.5757059241591236e-07,
      "pct_error": 4.575705924179948
    },
    "dKg_yx": {
      "true": 0.0001454441043328608,
      "est": 0.0001453058496375237,
      "abs_error": 1.3825469533709084e-07,
      "pct_error": 0.09505692648818793
    },
    "dKg_zx": {
      "true": 0.00024240684055476798,
      "est": 0.00024219342486902785,
      "abs_error": 2.1341568574013525e-07,
      "pct_error": 0.0880402901385604
    },
    "dKg_xy": {
      "true": 4.84813681109536e-05,
      "est": 4.8369113937092715e-05,
      "abs_error": 1.1225417386088137e-07,
      "pct_error": 0.23154085421842563
    },
    "dKg_yy": {
      "true": -2.0000000000020002e-05,
      "est": -1.950478416934409e-05,
      "abs_error": 4.952158306759102e-07,
      "pct_error": 2.476079153377075
    },
    "dKg_zy": {
      "true": 0.0002908882086657216,
      "est": 0.00029138639844166533,
      "abs_error": 4.981897759437468e-07,
      "pct_error": 0.1712650293488688
    },
    "dKg_xz": {
      "true": 9.69627362219072e-05,
      "est": 9.772119090637642e-05,
      "abs_error": 7.584546844692291e-07,
      "pct_error": 0.7822125426962407
    },
    "dKg_yz": {
      "true": 0.0001939254724438144,
      "est": 0.00019366231884477119,
      "abs_error": 2.631535990432006e-07,
      "pct_error": 0.13569831529967963
    },
    "dKg_zz": {
      "true": -2.999999999997449e-05,
      "est": -2.9734862279751084e-05,
      "abs_error": 2.651377202234073e-07,
      "pct_error": 0.8837924007454425
    },
    "dKa_xx": {
      "true": -9.99999999995449e-06,
      "est": -9.74325962399547e-06,
      "abs_error": 2.567403759590192e-07,
      "pct_error": 2.5674037596018766
    },
    "dKa_xy": {
      "true": 4.84813681109536e-05,
      "est": 4.84893922857663e-05,
      "abs_error": 8.024174812702267e-09,
      "pct_error": 0.01655104863034864
    },
    "dKa_xz": {
      "true": 9.69627362219072e-05,
      "est": 9.692425329458992e-05,
      "abs_error": 3.848292731727836e-08,
      "pct_error": 0.039688367734597566
    },
    "dKa_yy": {
      "true": -2.0000000000020002e-05,
      "est": -1.9749444933880866e-05,
      "abs_error": 2.5055506613913536e-07,
      "pct_error": 1.252775330694424
    },
    "dKa_yz": {
      "true": 0.0001939254724438144,
      "est": 0.000193845253993676,
      "abs_error": 8.021845013838941e-08,
      "pct_error": 0.04136560768809313
    },
    "dKa_zz": {
      "true": -2.999999999997449e-05,
      "est": -2.947205777625861e-05,
      "abs_error": 5.279422237158826e-07,
      "pct_error": 1.7598074123877718
    },
    "Ka2_x": {
      "true": 1.0224607248440952e-06,
      "est": 1.0095277022675893e-06,
      "abs_error": 1.2933022576505925e-08,
      "pct_error": 1.264891869414148
    },
    "Ka2_y": {
      "true": 2.0449214496881904e-06,
      "est": 1.9895835774175123e-06,
      "abs_error": 5.533787227067814e-08,
      "pct_error": 2.706112368233805
    },
    "Ka2_z": {
      "true": 3.0673821745322856e-06,
      "est": 3.0744436743845885e-06,
      "abs_error": 7.061499852302865e-09,
      "pct_error": 0.2302125868414034
    },
    "rx_x": {
      "true": 0.01,
      "est": 0.00994210857808632,
      "abs_error": 5.789142191368023e-05,
      "pct_error": 0.5789142191368023
    },
    "rx_y": {
      "true": 0.02,
      "est": 0.020216099670529158,
      "abs_error": 0.00021609967052915735,
      "pct_error": 1.0804983526457868
    },
    "rx_z": {
      "true": 0.03,
      "est": 0.03028727277336318,
      "abs_error": 0.00028727277336318066,
      "pct_error": 0.9575759112106021
    },
    "ry_x": {
      "true": 0.04,
      "est": 0.04055169642320143,
      "abs_error": 0.0005516964232014296,
      "pct_error": 1.3792410580035739
    },
    "ry_y": {
      "true": 0.05,
      "est": 0.05027838062741723,
      "abs_error": 0.000278380627417224,
      "pct_error": 0.556761254834448
    },
    "ry_z": {
      "true": 0.06,
      "est": 0.061023402685405216,
      "abs_error": 0.0010234026854052183,
      "pct_error": 1.7056711423420308
    }
  },
  "focus_scale_pct": {
    "dKg_xx": 4.575705924179948,
    "dKg_xy": 0.23154085421842563,
    "dKg_yy": 2.476079153377075,
    "dKg_zz": 0.8837924007454425,
    "dKa_xx": 2.5674037596018766
  },
  "lever_guard_pct": {
    "rx_y": 1.0804983526457868,
    "ry_z": 1.7056711423420308
  },
  "overall": {
    "mean_pct_error": 1.0548108113631318,
    "median_pct_error": 0.5794021194255381,
    "max_pct_error": 4.575705924179948
  },
  "extra": {
    "noise_scale": 0.08,
    "noise_config": {
      "arw_dpsh": 0.0004,
      "vrw_ugpsHz": 0.4,
      "bi_g_dph": 0.00016,
      "bi_a_ug": 0.4,
      "tau_g": 300.0,
      "tau_a": 300.0,
      "seed": 42,
      "base_family": "round53_round61_shared"
    },
    "comparison_mode": "corrected_zcadence_handoff_refine",
    "candidate_name": "relay_l11back0p25_l12y0p1875_on_entry",
    "method_key": "markov42_noisy",
    "legality": "faithful12_base_plus_closed_loop_local_insertions",
    "time_total_s": 1346.25,
    "att0_deg": [
      0.0,
      0.0,
      0.0
    ],
    "candidate_registry_key": "relay_l11back0p25_l12y0p1875_on_entry",
    "family": "q4_low_point_terminal_reclosure_compensation",
    "hypothesis_id": "R1"
  }
}