{
  "variant": "relay_z9_z10_x11_y9x0_markov42_noisy_noise0p08",
  "method_file": "search_ch3_12pos_closedloop_local_insertions.py",
  "source_file": "/root/.openclaw/workspace/tmp_psins_py/psins_py/test_calibration_markov_pruned.py",
  "param_order": [
    "eb_x",
    "eb_y",
    "eb_z",
    "db_x",
    "db_y",
    "db_z",
    "dKg_xx",
    "dKg_yx",
    "dKg_zx",
    "dKg_xy",
    "dKg_yy",
    "dKg_zy",
    "dKg_xz",
    "dKg_yz",
    "dKg_zz",
    "dKa_xx",
    "dKa_xy",
    "dKa_xz",
    "dKa_yy",
    "dKa_yz",
    "dKa_zz",
    "Ka2_x",
    "Ka2_y",
    "Ka2_z",
    "rx_x",
    "rx_y",
    "rx_z",
    "ry_x",
    "ry_y",
    "ry_z"
  ],
  "param_errors": {
    "eb_x": {
      "true": 4.84813681109536e-07,
      "est": 4.653081825443055e-07,
      "abs_error": 1.950549856523056e-08,
      "pct_error": 4.023297882310297
    },
    "eb_y": {
      "true": 9.69627362219072e-07,
      "est": 9.686909218202126e-07,
      "abs_error": 9.364403988594609e-10,
      "pct_error": 0.09657734871635015
    },
    "eb_z": {
      "true": 1.4544410433286078e-06,
      "est": 1.4456853247383551e-06,
      "abs_error": 8.755718590252698e-09,
      "pct_error": 0.6019988661908575
    },
    "db_x": {
      "true": 0.00097803267715,
      "est": 0.000979352151259293,
      "abs_error": 1.3194741092931173e-06,
      "pct_error": 0.13491104542008578
    },
    "db_y": {
      "true": 0.0019560653543,
      "est": 0.0019606611864696707,
      "abs_error": 4.595832169670879e-06,
      "pct_error": 0.23495289457317495
    },
    "db_z": {
      "true": 0.00293409803145,
      "est": 0.0029350362237066086,
      "abs_error": 9.381922566084437e-07,
      "pct_error": 0.03197549115783289
    },
    "dKg_xx": {
      "true": -9.99999999995449e-06,
      "est": -1.1693012143432213e-05,
      "abs_error": 1.6930121434777234e-06,
      "pct_error": 16.930121434854286
    },
    "dKg_yx": {
      "true": 0.0001454441043328608,
      "est": 0.00014537446009752926,
      "abs_error": 6.964423533153356e-08,
      "pct_error": 0.04788384902295317
    },
    "dKg_zx": {
      "true": 0.00024240684055476798,
      "est": 0.00024210091950737327,
      "abs_error": 3.059210473947162e-07,
      "pct_error": 0.12620149113555984
    },
    "dKg_xy": {
      "true": 4.84813681109536e-05,
      "est": 4.8504821829538675e-05,
      "abs_error": 2.3453718585078587e-08,
      "pct_error": 0.04837676719725158
    },
    "dKg_yy": {
      "true": -2.0000000000020002e-05,
      "est": -1.9475451747075212e-05,
      "abs_error": 5.245482529447898e-07,
      "pct_error": 2.622741264721326
    },
    "dKg_zy": {
      "true": 0.0002908882086657216,
      "est": 0.0002944538393590723,
      "abs_error": 3.565630693350705e-06,
      "pct_error": 1.225773540187805
    },
    "dKg_xz": {
      "true": 9.69627362219072e-05,
      "est": 9.689023524306085e-05,
      "abs_error": 7.250097884634737e-08,
      "pct_error": 0.07477200177233337
    },
    "dKg_yz": {
      "true": 0.0001939254724438144,
      "est": 0.0001898636817395224,
      "abs_error": 4.061790704292e-06,
      "pct_error": 2.0945111815926163
    },
    "dKg_zz": {
      "true": -2.999999999997449e-05,
      "est": -1.431169290411205e-05,
      "abs_error": 1.568830709586244e-05,
      "pct_error": 52.2943569862526
    },
    "dKa_xx": {
      "true": -9.99999999995449e-06,
      "est": -9.578683298538948e-06,
      "abs_error": 4.2131670141554167e-07,
      "pct_error": 4.213167014174591
    },
    "dKa_xy": {
      "true": 4.84813681109536e-05,
      "est": 4.085744899948973e-05,
      "abs_error": 7.6239191114638695e-06,
      "pct_error": 15.7254619836963
    },
    "dKa_xz": {
      "true": 9.69627362219072e-05,
      "est": 9.62855697185783e-05,
      "abs_error": 6.771665033288997e-07,
      "pct_error": 0.6983780880307963
    },
    "dKa_yy": {
      "true": -2.0000000000020002e-05,
      "est": -3.0957969985312417e-06,
      "abs_error": 1.690420300148876e-05,
      "pct_error": 84.52101500735927
    },
    "dKa_yz": {
      "true": 0.0001939254724438144,
      "est": 0.00019010881894376898,
      "abs_error": 3.816653500045411e-06,
      "pct_error": 1.968103236747922
    },
    "dKa_zz": {
      "true": -2.999999999997449e-05,
      "est": -3.0238658828896092e-05,
      "abs_error": 2.3865882892160073e-07,
      "pct_error": 0.7955294297393455
    },
    "Ka2_x": {
      "true": 1.0224607248440952e-06,
      "est": 1.0438246131193248e-06,
      "abs_error": 2.1363888275229588e-08,
      "pct_error": 2.0894580844156287
    },
    "Ka2_y": {
      "true": 2.0449214496881904e-06,
      "est": 4.328228542066156e-09,
      "abs_error": 2.0405932211461245e-06,
      "pct_error": 99.78834255258431
    },
    "Ka2_z": {
      "true": 3.0673821745322856e-06,
      "est": 3.0842436359172355e-06,
      "abs_error": 1.686146138494986e-08,
      "pct_error": 0.549702007299462
    },
    "rx_x": {
      "true": 0.01,
      "est": 0.009877281331347637,
      "abs_error": 0.00012271866865236347,
      "pct_error": 1.2271866865236347
    },
    "rx_y": {
      "true": 0.02,
      "est": 0.01991454180691861,
      "abs_error": 8.545819308139121e-05,
      "pct_error": 0.4272909654069561
    },
    "rx_z": {
      "true": 0.03,
      "est": 0.0303523408714762,
      "abs_error": 0.00035234087147619983,
      "pct_error": 1.1744695715873328
    },
    "ry_x": {
      "true": 0.04,
      "est": 0.04026178633812668,
      "abs_error": 0.0002617863381266794,
      "pct_error": 0.6544658453166985
    },
    "ry_y": {
      "true": 0.05,
      "est": 0.04993889561089892,
      "abs_error": 6.110438910108401e-05,
      "pct_error": 0.12220877820216802
    },
    "ry_z": {
      "true": 0.06,
      "est": 0.06083879718608645,
      "abs_error": 0.000838797186086454,
      "pct_error": 1.39799531014409
    }
  },
  "focus_scale_pct": {
    "dKg_xx": 16.930121434854286,
    "dKg_xy": 0.04837676719725158,
    "dKg_yy": 2.622741264721326,
    "dKg_zz": 52.2943569862526,
    "dKa_xx": 4.213167014174591
  },
  "lever_guard_pct": {
    "rx_y": 0.4272909654069561,
    "ry_z": 1.39799531014409
  },
  "overall": {
    "mean_pct_error": 9.86470755354446,
    "median_pct_error": 0.9849995006633392,
    "max_pct_error": 99.78834255258431
  },
  "extra": {
    "noise_scale": 0.08,
    "noise_config": {
      "arw_dpsh": 0.0004,
      "vrw_ugpsHz": 0.4,
      "bi_g_dph": 0.00016,
      "bi_a_ug": 0.4,
      "tau_g": 300.0,
      "tau_a": 300.0,
      "seed": 42,
      "base_family": "round53_round61_shared"
    },
    "comparison_mode": "ch3_closedloop_local_insertions",
    "candidate_name": "relay_z9_z10_x11_y9x0",
    "method_key": "markov42_noisy",
    "legality": "faithful12_base_plus_closed_loop_local_insertions",
    "time_total_s": 1300.0
  }
}