{
  "variant": "prezdiag_l3_bfly_same_d4_plus_zseed_l5_neg6_plus_relaymax_unified_l9y2p5_markov42_noisy_noise0p08",
  "method_file": "search_ch3_12pos_closedloop_local_insertions.py",
  "source_file": "/root/.openclaw/workspace/tmp_psins_py/psins_py/test_calibration_markov_pruned.py",
  "param_order": [
    "eb_x",
    "eb_y",
    "eb_z",
    "db_x",
    "db_y",
    "db_z",
    "dKg_xx",
    "dKg_yx",
    "dKg_zx",
    "dKg_xy",
    "dKg_yy",
    "dKg_zy",
    "dKg_xz",
    "dKg_yz",
    "dKg_zz",
    "dKa_xx",
    "dKa_xy",
    "dKa_xz",
    "dKa_yy",
    "dKa_yz",
    "dKa_zz",
    "Ka2_x",
    "Ka2_y",
    "Ka2_z",
    "rx_x",
    "rx_y",
    "rx_z",
    "ry_x",
    "ry_y",
    "ry_z"
  ],
  "param_errors": {
    "eb_x": {
      "true": 4.84813681109536e-07,
      "est": 4.665518667905692e-07,
      "abs_error": 1.8261814318966848e-08,
      "pct_error": 3.766769592222147
    },
    "eb_y": {
      "true": 9.69627362219072e-07,
      "est": 9.74054711912343e-07,
      "abs_error": 4.427349693270963e-09,
      "pct_error": 0.45660321333533826
    },
    "eb_z": {
      "true": 1.4544410433286078e-06,
      "est": 1.4404443397274355e-06,
      "abs_error": 1.3996703601172314e-08,
      "pct_error": 0.9623424521312812
    },
    "db_x": {
      "true": 0.00097803267715,
      "est": 0.0009794485163324926,
      "abs_error": 1.4158391824926463e-06,
      "pct_error": 0.14476399567941026
    },
    "db_y": {
      "true": 0.0019560653543,
      "est": 0.0019576826880509934,
      "abs_error": 1.61733375099362e-06,
      "pct_error": 0.08268301196778781
    },
    "db_z": {
      "true": 0.00293409803145,
      "est": 0.002940017286184677,
      "abs_error": 5.919254734676992e-06,
      "pct_error": 0.20174018288515597
    },
    "dKg_xx": {
      "true": -9.99999999995449e-06,
      "est": -2.024894484309314e-06,
      "abs_error": 7.975105515645176e-06,
      "pct_error": 79.75105515681472
    },
    "dKg_yx": {
      "true": 0.0001454441043328608,
      "est": 0.00014562427829583114,
      "abs_error": 1.801739629703463e-07,
      "pct_error": 0.12387849187616665
    },
    "dKg_zx": {
      "true": 0.00024240684055476798,
      "est": 0.0002418008338667717,
      "abs_error": 6.060066879962946e-07,
      "pct_error": 0.24999570416800054
    },
    "dKg_xy": {
      "true": 4.84813681109536e-05,
      "est": 4.835231937079375e-05,
      "abs_error": 1.2904874015984882e-07,
      "pct_error": 0.26618213385503103
    },
    "dKg_yy": {
      "true": -2.0000000000020002e-05,
      "est": -2.040399261149517e-05,
      "abs_error": 4.0399261147516796e-07,
      "pct_error": 2.0199630573738196
    },
    "dKg_zy": {
      "true": 0.0002908882086657216,
      "est": 0.00029816816646801084,
      "abs_error": 7.279957802289259e-06,
      "pct_error": 2.5026651426270528
    },
    "dKg_xz": {
      "true": 9.69627362219072e-05,
      "est": 9.81192290829809e-05,
      "abs_error": 1.1564928610737038e-06,
      "pct_error": 1.1927188795775883
    },
    "dKg_yz": {
      "true": 0.0001939254724438144,
      "est": 0.00018689224084507224,
      "abs_error": 7.0332315987421494e-06,
      "pct_error": 3.626770382513763
    },
    "dKg_zz": {
      "true": -2.999999999997449e-05,
      "est": -2.274954832381937e-05,
      "abs_error": 7.250451676155123e-06,
      "pct_error": 24.16817225387096
    },
    "dKa_xx": {
      "true": -9.99999999995449e-06,
      "est": -9.232568620287651e-06,
      "abs_error": 7.674313796668386e-07,
      "pct_error": 7.674313796703312
    },
    "dKa_xy": {
      "true": 4.84813681109536e-05,
      "est": 4.519136483563014e-05,
      "abs_error": 3.2900032753234573e-06,
      "pct_error": 6.786118881369053
    },
    "dKa_xz": {
      "true": 9.69627362219072e-05,
      "est": 9.797897961153304e-05,
      "abs_error": 1.0162433896258416e-06,
      "pct_error": 1.0480762293053334
    },
    "dKa_yy": {
      "true": -2.0000000000020002e-05,
      "est": -1.5473064798321445e-06,
      "abs_error": 1.8452693520187857e-05,
      "pct_error": 92.26346760084702
    },
    "dKa_yz": {
      "true": 0.0001939254724438144,
      "est": 0.0001867948698752571,
      "abs_error": 7.130602568557274e-06,
      "pct_error": 3.676980893071285
    },
    "dKa_zz": {
      "true": -2.999999999997449e-05,
      "est": -3.03288691265724e-05,
      "abs_error": 3.2886912659790823e-07,
      "pct_error": 1.0962304219939596
    },
    "Ka2_x": {
      "true": 1.0224607248440952e-06,
      "est": 1.0863361145398103e-06,
      "abs_error": 6.387538969571508e-08,
      "pct_error": 6.247221838809974
    },
    "Ka2_y": {
      "true": 2.0449214496881904e-06,
      "est": 9.121544826315593e-09,
      "abs_error": 2.035799904861875e-06,
      "pct_error": 99.55394155468873
    },
    "Ka2_z": {
      "true": 3.0673821745322856e-06,
      "est": 2.9813618544281576e-06,
      "abs_error": 8.6020320104128e-08,
      "pct_error": 2.804356132024676
    },
    "rx_x": {
      "true": 0.01,
      "est": 0.009815740140790442,
      "abs_error": 0.00018425985920955852,
      "pct_error": 1.8425985920955852
    },
    "rx_y": {
      "true": 0.02,
      "est": 0.020159409283429436,
      "abs_error": 0.00015940928342943542,
      "pct_error": 0.797046417147177
    },
    "rx_z": {
      "true": 0.03,
      "est": 0.030398089134780953,
      "abs_error": 0.00039808913478095453,
      "pct_error": 1.326963782603182
    },
    "ry_x": {
      "true": 0.04,
      "est": 0.040301733754402935,
      "abs_error": 0.00030173375440293443,
      "pct_error": 0.754334386007336
    },
    "ry_y": {
      "true": 0.05,
      "est": 0.050217593595840576,
      "abs_error": 0.00021759359584057336,
      "pct_error": 0.4351871916811467
    },
    "ry_z": {
      "true": 0.06,
      "est": 0.0606433998461076,
      "abs_error": 0.0006433998461076035,
      "pct_error": 1.072333076846006
    }
  },
  "focus_scale_pct": {
    "dKg_xx": 79.75105515681472,
    "dKg_xy": 0.26618213385503103,
    "dKg_yy": 2.0199630573738196,
    "dKg_zz": 24.16817225387096,
    "dKa_xx": 7.674313796703312
  },
  "lever_guard_pct": {
    "rx_y": 0.797046417147177,
    "ry_z": 1.072333076846006
  },
  "overall": {
    "mean_pct_error": 11.5631824815364,
    "median_pct_error": 1.259841331090385,
    "max_pct_error": 99.55394155468873
  },
  "extra": {
    "noise_scale": 0.08,
    "noise_config": {
      "arw_dpsh": 0.0004,
      "vrw_ugpsHz": 0.4,
      "bi_g_dph": 0.00016,
      "bi_a_ug": 0.4,
      "tau_g": 300.0,
      "tau_a": 300.0,
      "seed": 42,
      "base_family": "round53_round61_shared"
    },
    "comparison_mode": "ch3_closedloop_local_insertions",
    "candidate_name": "prezdiag_l3_bfly_same_d4_plus_zseed_l5_neg6_plus_relaymax_unified_l9y2p5",
    "method_key": "markov42_noisy",
    "legality": "faithful12_base_plus_closed_loop_local_insertions",
    "time_total_s": 1406.0
  }
}