{
  "variant": "twoanchor_l10_zpair_neg6_plus_l11_ypos10x1yneg8x1_markov42_noisy_noise0p08",
  "method_file": "search_ch3_12pos_closedloop_local_insertions.py",
  "source_file": "/root/.openclaw/workspace/tmp_psins_py/psins_py/test_calibration_markov_pruned.py",
  "param_order": [
    "eb_x",
    "eb_y",
    "eb_z",
    "db_x",
    "db_y",
    "db_z",
    "dKg_xx",
    "dKg_yx",
    "dKg_zx",
    "dKg_xy",
    "dKg_yy",
    "dKg_zy",
    "dKg_xz",
    "dKg_yz",
    "dKg_zz",
    "dKa_xx",
    "dKa_xy",
    "dKa_xz",
    "dKa_yy",
    "dKa_yz",
    "dKa_zz",
    "Ka2_x",
    "Ka2_y",
    "Ka2_z",
    "rx_x",
    "rx_y",
    "rx_z",
    "ry_x",
    "ry_y",
    "ry_z"
  ],
  "param_errors": {
    "eb_x": {
      "true": 4.84813681109536e-07,
      "est": 4.6234757060539677e-07,
      "abs_error": 2.246611050413928e-08,
      "pct_error": 4.633967930262144
    },
    "eb_y": {
      "true": 9.69627362219072e-07,
      "est": 9.715722014784133e-07,
      "abs_error": 1.9448392593412194e-09,
      "pct_error": 0.20057594650488147
    },
    "eb_z": {
      "true": 1.4544410433286078e-06,
      "est": 1.4439493182590543e-06,
      "abs_error": 1.0491725069553575e-08,
      "pct_error": 0.7213578795564239
    },
    "db_x": {
      "true": 0.00097803267715,
      "est": 0.0009795023160295302,
      "abs_error": 1.4696388795302617e-06,
      "pct_error": 0.15026480340235754
    },
    "db_y": {
      "true": 0.0019560653543,
      "est": 0.001959322331523027,
      "abs_error": 3.2569772230269835e-06,
      "pct_error": 0.1665065646128439
    },
    "db_z": {
      "true": 0.00293409803145,
      "est": 0.002940854720589147,
      "abs_error": 6.7566891391469125e-06,
      "pct_error": 0.2302816424919459
    },
    "dKg_xx": {
      "true": -9.99999999995449e-06,
      "est": -1.1586068008329065e-05,
      "abs_error": 1.5860680083745748e-06,
      "pct_error": 15.860680083817929
    },
    "dKg_yx": {
      "true": 0.0001454441043328608,
      "est": 0.00014533226695591684,
      "abs_error": 1.1183737694394832e-07,
      "pct_error": 0.07689371628842329
    },
    "dKg_zx": {
      "true": 0.00024240684055476798,
      "est": 0.0002415008960147307,
      "abs_error": 9.059445400372952e-07,
      "pct_error": 0.37372895004281503
    },
    "dKg_xy": {
      "true": 4.84813681109536e-05,
      "est": 4.868180670519535e-05,
      "abs_error": 2.0043859424175405e-07,
      "pct_error": 0.4134342780571576
    },
    "dKg_yy": {
      "true": -2.0000000000020002e-05,
      "est": -1.9239596763309663e-05,
      "abs_error": 7.604032367103386e-07,
      "pct_error": 3.8020161835478907
    },
    "dKg_zy": {
      "true": 0.0002908882086657216,
      "est": 0.00029986851002136044,
      "abs_error": 8.98030135563886e-06,
      "pct_error": 3.0872001986023108
    },
    "dKg_xz": {
      "true": 9.69627362219072e-05,
      "est": 9.708111841664463e-05,
      "abs_error": 1.183821947374345e-07,
      "pct_error": 0.1220904023031148
    },
    "dKg_yz": {
      "true": 0.0001939254724438144,
      "est": 0.00018473291257144181,
      "abs_error": 9.192559872372573e-06,
      "pct_error": 4.740253952474404
    },
    "dKg_zz": {
      "true": -2.999999999997449e-05,
      "est": -1.1826231973710577e-05,
      "abs_error": 1.8173768026263915e-05,
      "pct_error": 60.57922675426456
    },
    "dKa_xx": {
      "true": -9.99999999995449e-06,
      "est": -9.686279133669373e-06,
      "abs_error": 3.1372086628511653e-07,
      "pct_error": 3.1372086628654428
    },
    "dKa_xy": {
      "true": 4.84813681109536e-05,
      "est": 4.258399835068978e-05,
      "abs_error": 5.897369760263818e-06,
      "pct_error": 12.164198309683014
    },
    "dKa_xz": {
      "true": 9.69627362219072e-05,
      "est": 9.638797364522428e-05,
      "abs_error": 5.747625766829099e-07,
      "pct_error": 0.5927664575879115
    },
    "dKa_yy": {
      "true": -2.0000000000020002e-05,
      "est": -2.7416474568386917e-06,
      "abs_error": 1.725835254318131e-05,
      "pct_error": 86.29176271582025
    },
    "dKa_yz": {
      "true": 0.0001939254724438144,
      "est": 0.00018495168717981892,
      "abs_error": 8.973785263995468e-06,
      "pct_error": 4.627440196952684
    },
    "dKa_zz": {
      "true": -2.999999999997449e-05,
      "est": -3.0310206072803325e-05,
      "abs_error": 3.102060728288336e-07,
      "pct_error": 1.0340202427636578
    },
    "Ka2_x": {
      "true": 1.0224607248440952e-06,
      "est": 1.0382289542333098e-06,
      "abs_error": 1.5768229389214574e-08,
      "pct_error": 1.542184360344884
    },
    "Ka2_y": {
      "true": 2.0449214496881904e-06,
      "est": 6.369570221452003e-09,
      "abs_error": 2.0385518794667383e-06,
      "pct_error": 99.68851760920091
    },
    "Ka2_z": {
      "true": 3.0673821745322856e-06,
      "est": 3.0260611016410815e-06,
      "abs_error": 4.1321072891204153e-08,
      "pct_error": 1.347111984749823
    },
    "rx_x": {
      "true": 0.01,
      "est": 0.010019179022187174,
      "abs_error": 1.917902218717335e-05,
      "pct_error": 0.1917902218717335
    },
    "rx_y": {
      "true": 0.02,
      "est": 0.019955585037222015,
      "abs_error": 4.441496277798537e-05,
      "pct_error": 0.22207481388992686
    },
    "rx_z": {
      "true": 0.03,
      "est": 0.03045890410553396,
      "abs_error": 0.0004589041055339596,
      "pct_error": 1.5296803517798654
    },
    "ry_x": {
      "true": 0.04,
      "est": 0.040523996585017985,
      "abs_error": 0.0005239965850179842,
      "pct_error": 1.3099914625449607
    },
    "ry_y": {
      "true": 0.05,
      "est": 0.049953747630079544,
      "abs_error": 4.625236992045895e-05,
      "pct_error": 0.0925047398409179
    },
    "ry_z": {
      "true": 0.06,
      "est": 0.060727944135915944,
      "abs_error": 0.0007279441359159464,
      "pct_error": 1.2132402265265774
    }
  },
  "focus_scale_pct": {
    "dKg_xx": 15.860680083817929,
    "dKg_xy": 0.4134342780571576,
    "dKg_yy": 3.8020161835478907,
    "dKg_zz": 60.57922675426456,
    "dKa_xx": 3.1372086628654428
  },
  "lever_guard_pct": {
    "rx_y": 0.22207481388992686,
    "ry_z": 1.2132402265265774
  },
  "overall": {
    "mean_pct_error": 10.338099054755059,
    "median_pct_error": 1.261615844535769,
    "max_pct_error": 99.68851760920091
  },
  "extra": {
    "noise_scale": 0.08,
    "noise_config": {
      "arw_dpsh": 0.0004,
      "vrw_ugpsHz": 0.4,
      "bi_g_dph": 0.00016,
      "bi_a_ug": 0.4,
      "tau_g": 300.0,
      "tau_a": 300.0,
      "seed": 42,
      "base_family": "round53_round61_shared"
    },
    "comparison_mode": "ch3_closedloop_local_insertions",
    "candidate_name": "twoanchor_l10_zpair_neg6_plus_l11_ypos10x1yneg8x1",
    "method_key": "markov42_noisy",
    "legality": "faithful12_base_plus_closed_loop_local_insertions",
    "time_total_s": 1302.0
  }
}