{
  "variant": "relay_r3_l9y0p8125_l12y0p25_on_entry_markov42_noisy_noise0p08",
  "method_file": "search_ch3_12pos_closedloop_local_insertions.py",
  "source_file": "/root/.openclaw/workspace/tmp_psins_py/psins_py/test_calibration_markov_pruned.py",
  "param_order": [
    "eb_x",
    "eb_y",
    "eb_z",
    "db_x",
    "db_y",
    "db_z",
    "dKg_xx",
    "dKg_yx",
    "dKg_zx",
    "dKg_xy",
    "dKg_yy",
    "dKg_zy",
    "dKg_xz",
    "dKg_yz",
    "dKg_zz",
    "dKa_xx",
    "dKa_xy",
    "dKa_xz",
    "dKa_yy",
    "dKa_yz",
    "dKa_zz",
    "Ka2_x",
    "Ka2_y",
    "Ka2_z",
    "rx_x",
    "rx_y",
    "rx_z",
    "ry_x",
    "ry_y",
    "ry_z"
  ],
  "param_errors": {
    "eb_x": {
      "true": 4.84813681109536e-07,
      "est": 4.6266930332901996e-07,
      "abs_error": 2.2144377780516092e-08,
      "pct_error": 4.5676057923606574
    },
    "eb_y": {
      "true": 9.69627362219072e-07,
      "est": 9.66971478520524e-07,
      "abs_error": 2.655883698548012e-09,
      "pct_error": 0.2739076682479137
    },
    "eb_z": {
      "true": 1.4544410433286078e-06,
      "est": 1.44624098390682e-06,
      "abs_error": 8.200059421787768e-09,
      "pct_error": 0.5637945559499105
    },
    "db_x": {
      "true": 0.00097803267715,
      "est": 0.0009792836006005904,
      "abs_error": 1.250923450590467e-06,
      "pct_error": 0.12790200980152058
    },
    "db_y": {
      "true": 0.0019560653543,
      "est": 0.0019659752352117676,
      "abs_error": 9.909880911767796e-06,
      "pct_error": 0.5066232010082382
    },
    "db_z": {
      "true": 0.00293409803145,
      "est": 0.0029341202720458634,
      "abs_error": 2.2240595863240453e-08,
      "pct_error": 0.0007580045255764473
    },
    "dKg_xx": {
      "true": -9.99999999995449e-06,
      "est": -1.0470081672764309e-05,
      "abs_error": 4.7008167280981894e-07,
      "pct_error": 4.700816728119583
    },
    "dKg_yx": {
      "true": 0.0001454441043328608,
      "est": 0.00014527646826111942,
      "abs_error": 1.676360717413664e-07,
      "pct_error": 0.11525807285919096
    },
    "dKg_zx": {
      "true": 0.00024240684055476798,
      "est": 0.0002422481516339214,
      "abs_error": 1.5868892084657926e-07,
      "pct_error": 0.06546387902396096
    },
    "dKg_xy": {
      "true": 4.84813681109536e-05,
      "est": 4.841857304200549e-05,
      "abs_error": 6.279506894810426e-08,
      "pct_error": 0.12952412729853785
    },
    "dKg_yy": {
      "true": -2.0000000000020002e-05,
      "est": -1.9508963313707994e-05,
      "abs_error": 4.910366863120075e-07,
      "pct_error": 2.455183431557582
    },
    "dKg_zy": {
      "true": 0.0002908882086657216,
      "est": 0.00029131408781247895,
      "abs_error": 4.2587914675737025e-07,
      "pct_error": 0.1464064661509795
    },
    "dKg_xz": {
      "true": 9.69627362219072e-05,
      "est": 9.771650295185736e-05,
      "abs_error": 7.537667299501713e-07,
      "pct_error": 0.7773777425433974
    },
    "dKg_yz": {
      "true": 0.0001939254724438144,
      "est": 0.00019367743189483962,
      "abs_error": 2.480405489747699e-07,
      "pct_error": 0.1279050894392608
    },
    "dKg_zz": {
      "true": -2.999999999997449e-05,
      "est": -2.9742161008705637e-05,
      "abs_error": 2.57838991268855e-07,
      "pct_error": 0.8594633042302475
    },
    "dKa_xx": {
      "true": -9.99999999995449e-06,
      "est": -9.747619670763541e-06,
      "abs_error": 2.5238032919094877e-07,
      "pct_error": 2.5238032919209736
    },
    "dKa_xy": {
      "true": 4.84813681109536e-05,
      "est": 4.848295167000224e-05,
      "abs_error": 1.5835590486403222e-09,
      "pct_error": 0.0032663250034863233
    },
    "dKa_xz": {
      "true": 9.69627362219072e-05,
      "est": 9.689253128980168e-05,
      "abs_error": 7.020493210551011e-08,
      "pct_error": 0.07240403359166799
    },
    "dKa_yy": {
      "true": -2.0000000000020002e-05,
      "est": -1.974710074614805e-05,
      "abs_error": 2.528992538719521e-07,
      "pct_error": 1.264496269358496
    },
    "dKa_yz": {
      "true": 0.0001939254724438144,
      "est": 0.0001938517515015048,
      "abs_error": 7.372094230957845e-08,
      "pct_error": 0.03801508970459642
    },
    "dKa_zz": {
      "true": -2.999999999997449e-05,
      "est": -2.9465408334150567e-05,
      "abs_error": 5.345916658239247e-07,
      "pct_error": 1.7819722194145977
    },
    "Ka2_x": {
      "true": 1.0224607248440952e-06,
      "est": 1.0107978317753204e-06,
      "abs_error": 1.1662893068774839e-08,
      "pct_error": 1.1406690531368036
    },
    "Ka2_y": {
      "true": 2.0449214496881904e-06,
      "est": 1.9867206724909767e-06,
      "abs_error": 5.820077719721372e-08,
      "pct_error": 2.8461130967200803
    },
    "Ka2_z": {
      "true": 3.0673821745322856e-06,
      "est": 3.074370407763082e-06,
      "abs_error": 6.988233230796236e-09,
      "pct_error": 0.2278240151754746
    },
    "rx_x": {
      "true": 0.01,
      "est": 0.009935493356044791,
      "abs_error": 6.450664395520923e-05,
      "pct_error": 0.6450664395520923
    },
    "rx_y": {
      "true": 0.02,
      "est": 0.020215020053705336,
      "abs_error": 0.0002150200537053351,
      "pct_error": 1.0751002685266755
    },
    "rx_z": {
      "true": 0.03,
      "est": 0.03030999374436601,
      "abs_error": 0.00030999374436601126,
      "pct_error": 1.0333124812200376
    },
    "ry_x": {
      "true": 0.04,
      "est": 0.04054473981299846,
      "abs_error": 0.0005447398129984626,
      "pct_error": 1.3618495324961566
    },
    "ry_y": {
      "true": 0.05,
      "est": 0.050285640045699374,
      "abs_error": 0.00028564004569937157,
      "pct_error": 0.5712800913987431
    },
    "ry_z": {
      "true": 0.06,
      "est": 0.06103914743230955,
      "abs_error": 0.0010391474323095534,
      "pct_error": 1.7319123871825892
    }
  },
  "focus_scale_pct": {
    "dKg_xx": 4.700816728119583,
    "dKg_xy": 0.12952412729853785,
    "dKg_yy": 2.455183431557582,
    "dKg_zz": 0.8594633042302475,
    "dKa_xx": 2.5238032919209736
  },
  "lever_guard_pct": {
    "rx_y": 1.0751002685266755,
    "ry_z": 1.7319123871825892
  },
  "overall": {
    "mean_pct_error": 1.057835822250634,
    "median_pct_error": 0.6081732654754177,
    "max_pct_error": 4.700816728119583
  },
  "extra": {
    "noise_scale": 0.08,
    "noise_config": {
      "arw_dpsh": 0.0004,
      "vrw_ugpsHz": 0.4,
      "bi_g_dph": 0.00016,
      "bi_a_ug": 0.4,
      "tau_g": 300.0,
      "tau_a": 300.0,
      "seed": 42,
      "base_family": "round53_round61_shared"
    },
    "comparison_mode": "corrected_frontier_relaunch_batch3",
    "candidate_name": "relay_r3_l9y0p8125_l12y0p25_on_entry",
    "method_key": "markov42_noisy",
    "legality": "faithful12_base_plus_closed_loop_local_insertions",
    "time_total_s": 1348.125,
    "att0_deg": [
      0.0,
      0.0,
      0.0
    ],
    "candidate_registry_key": "relay_r3_l9y0p8125_l12y0p25_on_entry",
    "family": "minimal_l9_l12_compatibility_tweaks_around_batch2_incumbent",
    "hypothesis_id": "B"
  }
}