{
  "variant": "legacy19pos_histatt0_scaled1200s_markov42_noisy_noise0p12",
  "method_file": "source_mod.run_calibration(n_states=42)",
  "source_file": "/root/.openclaw/workspace/tmp_psins_py/psins_py/test_calibration_markov_pruned.py",
  "param_order": [
    "eb_x",
    "eb_y",
    "eb_z",
    "db_x",
    "db_y",
    "db_z",
    "dKg_xx",
    "dKg_yx",
    "dKg_zx",
    "dKg_xy",
    "dKg_yy",
    "dKg_zy",
    "dKg_xz",
    "dKg_yz",
    "dKg_zz",
    "dKa_xx",
    "dKa_xy",
    "dKa_xz",
    "dKa_yy",
    "dKa_yz",
    "dKa_zz",
    "Ka2_x",
    "Ka2_y",
    "Ka2_z",
    "rx_x",
    "rx_y",
    "rx_z",
    "ry_x",
    "ry_y",
    "ry_z"
  ],
  "param_errors": {
    "eb_x": {
      "true": 4.84813681109536e-07,
      "est": 4.560111041301996e-07,
      "abs_error": 2.8802576979336443e-08,
      "pct_error": 5.940957960059909
    },
    "eb_y": {
      "true": 9.69627362219072e-07,
      "est": 9.402830893486214e-07,
      "abs_error": 2.9344272870450717e-08,
      "pct_error": 3.0263453790427213
    },
    "eb_z": {
      "true": 1.4544410433286078e-06,
      "est": 1.4374463014808453e-06,
      "abs_error": 1.6994741847762548e-08,
      "pct_error": 1.1684723781493875
    },
    "db_x": {
      "true": 0.00097803267715,
      "est": 0.0009764654344813786,
      "abs_error": 1.5672426686212616e-06,
      "pct_error": 0.16024440749650895
    },
    "db_y": {
      "true": 0.0019560653543,
      "est": 0.0019677908654889592,
      "abs_error": 1.1725511188959408e-05,
      "pct_error": 0.5994437334715493
    },
    "db_z": {
      "true": 0.00293409803145,
      "est": 0.0029308929618305766,
      "abs_error": 3.2050696194235555e-06,
      "pct_error": 0.10923526020838656
    },
    "dKg_xx": {
      "true": -9.99999999995449e-06,
      "est": -1.0429050261606676e-05,
      "abs_error": 4.290502616521863e-07,
      "pct_error": 4.290502616541389
    },
    "dKg_yx": {
      "true": 0.0001454441043328608,
      "est": 0.00014579092724504244,
      "abs_error": 3.468229121816478e-07,
      "pct_error": 0.2384578692773377
    },
    "dKg_zx": {
      "true": 0.00024240684055476798,
      "est": 0.00024055834459592234,
      "abs_error": 1.8484959588456473e-06,
      "pct_error": 0.7625593215996761
    },
    "dKg_xy": {
      "true": 4.84813681109536e-05,
      "est": 4.8804515979657176e-05,
      "abs_error": 3.2314786870357937e-07,
      "pct_error": 0.6665403252730594
    },
    "dKg_yy": {
      "true": -2.0000000000020002e-05,
      "est": -2.0364353133128787e-05,
      "abs_error": 3.643531331087857e-07,
      "pct_error": 1.8217656655421066
    },
    "dKg_zy": {
      "true": 0.0002908882086657216,
      "est": 0.000291518792177381,
      "abs_error": 6.305835116594003e-07,
      "pct_error": 0.21677864309173306
    },
    "dKg_xz": {
      "true": 9.69627362219072e-05,
      "est": 9.710385961224431e-05,
      "abs_error": 1.411233903371163e-07,
      "pct_error": 0.14554394382409322
    },
    "dKg_yz": {
      "true": 0.0001939254724438144,
      "est": 0.00019385583344725773,
      "abs_error": 6.963899655665199e-08,
      "pct_error": 0.03591018533000009
    },
    "dKg_zz": {
      "true": -2.999999999997449e-05,
      "est": -2.991848361322269e-05,
      "abs_error": 8.151638675180095e-08,
      "pct_error": 0.2717212891729009
    },
    "dKa_xx": {
      "true": -9.99999999995449e-06,
      "est": -9.80662775895702e-06,
      "abs_error": 1.933722409974692e-07,
      "pct_error": 1.9337224099834922
    },
    "dKa_xy": {
      "true": 4.84813681109536e-05,
      "est": 4.885139172299983e-05,
      "abs_error": 3.7002361204623566e-07,
      "pct_error": 0.7632284864556755
    },
    "dKa_xz": {
      "true": 9.69627362219072e-05,
      "est": 9.82612455271172e-05,
      "abs_error": 1.2985093052100122e-06,
      "pct_error": 1.3391838512459744
    },
    "dKa_yy": {
      "true": -2.0000000000020002e-05,
      "est": -2.0143585840015632e-05,
      "abs_error": 1.4358583999563024e-07,
      "pct_error": 0.7179291999774332
    },
    "dKa_yz": {
      "true": 0.0001939254724438144,
      "est": 0.00019298198988044825,
      "abs_error": 9.434825633661324e-07,
      "pct_error": 0.4865181203255728
    },
    "dKa_zz": {
      "true": -2.999999999997449e-05,
      "est": -2.9559109386623206e-05,
      "abs_error": 4.4089061335128577e-07,
      "pct_error": 1.4696353778388687
    },
    "Ka2_x": {
      "true": 1.0224607248440952e-06,
      "est": 1.0249008711767665e-06,
      "abs_error": 2.4401463326712512e-09,
      "pct_error": 0.23865428503802186
    },
    "Ka2_y": {
      "true": 2.0449214496881904e-06,
      "est": 2.0136406870321754e-06,
      "abs_error": 3.1280762656015064e-08,
      "pct_error": 1.5296804021878079
    },
    "Ka2_z": {
      "true": 3.0673821745322856e-06,
      "est": 3.174831880245101e-06,
      "abs_error": 1.074497057128153e-07,
      "pct_error": 3.502977444576147
    },
    "rx_x": {
      "true": 0.01,
      "est": 0.010094690319564505,
      "abs_error": 9.469031956450477e-05,
      "pct_error": 0.9469031956450478
    },
    "rx_y": {
      "true": 0.02,
      "est": 0.020142611086880247,
      "abs_error": 0.00014261108688024687,
      "pct_error": 0.7130554344012343
    },
    "rx_z": {
      "true": 0.03,
      "est": 0.029889450670329432,
      "abs_error": 0.0001105493296705666,
      "pct_error": 0.36849776556855535
    },
    "ry_x": {
      "true": 0.04,
      "est": 0.04024486957848202,
      "abs_error": 0.00024486957848202096,
      "pct_error": 0.6121739462050524
    },
    "ry_y": {
      "true": 0.05,
      "est": 0.05007678945603728,
      "abs_error": 7.67894560372781e-05,
      "pct_error": 0.1535789120745562
    },
    "ry_z": {
      "true": 0.06,
      "est": 0.06029810203100916,
      "abs_error": 0.000298102031009162,
      "pct_error": 0.4968367183486033
    }
  },
  "focus_scale_pct": {
    "dKg_xx": 4.290502616541389,
    "dKg_xy": 0.6665403252730594,
    "dKg_yy": 1.8217656655421066,
    "dKg_zz": 0.2717212891729009,
    "dKa_xx": 1.9337224099834922
  },
  "lever_guard_pct": {
    "rx_y": 0.7130554344012343,
    "ry_z": 0.4968367183486033
  },
  "overall": {
    "mean_pct_error": 1.1575684842650937,
    "median_pct_error": 0.6897978798371469,
    "max_pct_error": 5.940957960059909
  },
  "extra": {
    "comparison_mode": "corrected_symmetric20_vs_legacy19pos_own_att0_normalized1200s",
    "case_key": "legacy19pos",
    "case_tag": "legacy19pos_histatt0_scaled1200s",
    "case_display_name": "legacy 19-position method",
    "method_key": "markov42_noisy",
    "noise_scale": 0.12,
    "noise_config": {
      "arw_dpsh": 0.0006,
      "vrw_ugpsHz": 0.6,
      "bi_g_dph": 0.00024,
      "bi_a_ug": 0.6,
      "tau_g": 300.0,
      "tau_a": 300.0,
      "seed": 42,
      "base_family": "round53_round61_shared"
    },
    "att0_deg": [
      1.0,
      -91.0,
      -91.0
    ],
    "n_motion_rows": 18,
    "claimed_position_count": 19,
    "total_time_s": 1200.0,
    "timing_note": "original 982 s over 18 motion rows, scaled uniformly by 1200/982 to preserve row timing proportions",
    "source_builder": "/root/.openclaw/workspace/tmp_psins_py/psins_py/test_system_calibration_19pos.py",
    "source_reference": "historical paras block + att0=[1,-91,-91] deg from original 19pos script",
    "rationale": "Historical 19-position calibration path, evaluated with its original initial attitude and fair-duration normalization only.",
    "timing_scale_factor": 1.2219959266802445,
    "raw_total_s_before_scaling": 982.0,
    "builder_method_tag": null
  }
}