{
  "variant": "midgw_l6_bfly_same_d8_markov42_noisy_noise0p08",
  "method_file": "search_ch3_12pos_closedloop_local_insertions.py",
  "source_file": "/root/.openclaw/workspace/tmp_psins_py/psins_py/test_calibration_markov_pruned.py",
  "param_order": [
    "eb_x",
    "eb_y",
    "eb_z",
    "db_x",
    "db_y",
    "db_z",
    "dKg_xx",
    "dKg_yx",
    "dKg_zx",
    "dKg_xy",
    "dKg_yy",
    "dKg_zy",
    "dKg_xz",
    "dKg_yz",
    "dKg_zz",
    "dKa_xx",
    "dKa_xy",
    "dKa_xz",
    "dKa_yy",
    "dKa_yz",
    "dKa_zz",
    "Ka2_x",
    "Ka2_y",
    "Ka2_z",
    "rx_x",
    "rx_y",
    "rx_z",
    "ry_x",
    "ry_y",
    "ry_z"
  ],
  "param_errors": {
    "eb_x": {
      "true": 4.84813681109536e-07,
      "est": 4.5550917905594284e-07,
      "abs_error": 2.9304502053593207e-08,
      "pct_error": 6.044487438252039
    },
    "eb_y": {
      "true": 9.69627362219072e-07,
      "est": 9.760600706286018e-07,
      "abs_error": 6.432708409529751e-09,
      "pct_error": 0.6634206768678607
    },
    "eb_z": {
      "true": 1.4544410433286078e-06,
      "est": 1.4471075020925898e-06,
      "abs_error": 7.333541236018035e-09,
      "pct_error": 0.5042171540507839
    },
    "db_x": {
      "true": 0.00097803267715,
      "est": 0.0009761172345744665,
      "abs_error": 1.915442575533416e-06,
      "pct_error": 0.19584648041771371
    },
    "db_y": {
      "true": 0.0019560653543,
      "est": 0.0019596469703506685,
      "abs_error": 3.581616050668708e-06,
      "pct_error": 0.18310308716399867
    },
    "db_z": {
      "true": 0.00293409803145,
      "est": 0.003003920741101635,
      "abs_error": 6.982270965163496e-05,
      "pct_error": 2.3796992773663166
    },
    "dKg_xx": {
      "true": -9.99999999995449e-06,
      "est": 2.4064308372651055e-06,
      "abs_error": 1.2406430837219595e-05,
      "pct_error": 124.06430837276056
    },
    "dKg_yx": {
      "true": 0.0001454441043328608,
      "est": 0.00014535002685270656,
      "abs_error": 9.40774801542262e-08,
      "pct_error": 0.06468291072075506
    },
    "dKg_zx": {
      "true": 0.00024240684055476798,
      "est": 0.00023507367791398767,
      "abs_error": 7.333162640780312e-06,
      "pct_error": 3.0251467425579928
    },
    "dKg_xy": {
      "true": 4.84813681109536e-05,
      "est": 4.82162069739274e-05,
      "abs_error": 2.651611370261991e-07,
      "pct_error": 0.5469341055296872
    },
    "dKg_yy": {
      "true": -2.0000000000020002e-05,
      "est": -2.0105631489908404e-05,
      "abs_error": 1.0563148988840254e-07,
      "pct_error": 0.5281574494414845
    },
    "dKg_zy": {
      "true": 0.0002908882086657216,
      "est": 0.00030538107756988847,
      "abs_error": 1.4492868904166889e-05,
      "pct_error": 4.982281327470918
    },
    "dKg_xz": {
      "true": 9.69627362219072e-05,
      "est": 0.00010426625811094692,
      "abs_error": 7.303521889039723e-06,
      "pct_error": 7.532297636821028
    },
    "dKg_yz": {
      "true": 0.0001939254724438144,
      "est": 0.00017910657791972388,
      "abs_error": 1.4818894524090508e-05,
      "pct_error": 7.641541019519214
    },
    "dKg_zz": {
      "true": -2.999999999997449e-05,
      "est": -1.6674244466274857e-05,
      "abs_error": 1.3325755533699635e-05,
      "pct_error": 44.41918511236989
    },
    "dKa_xx": {
      "true": -9.99999999995449e-06,
      "est": -1.2111543096882116e-05,
      "abs_error": 2.111543096927626e-06,
      "pct_error": 21.11543096937236
    },
    "dKa_xy": {
      "true": 4.84813681109536e-05,
      "est": 4.45853461112016e-05,
      "abs_error": 3.896021999751994e-06,
      "pct_error": 8.0361222291327
    },
    "dKa_xz": {
      "true": 9.69627362219072e-05,
      "est": 0.00010318284516747053,
      "abs_error": 6.220108945563337e-06,
      "pct_error": 6.414947832462263
    },
    "dKa_yy": {
      "true": -2.0000000000020002e-05,
      "est": -2.5377268564330535e-06,
      "abs_error": 1.7462273143586948e-05,
      "pct_error": 87.31136571784742
    },
    "dKa_yz": {
      "true": 0.0001939254724438144,
      "est": 0.00017967589545439902,
      "abs_error": 1.4249576989415372e-05,
      "pct_error": 7.347965592062112
    },
    "dKa_zz": {
      "true": -2.999999999997449e-05,
      "est": -3.0099636974867394e-05,
      "abs_error": 9.963697489290269e-08,
      "pct_error": 0.3321232496432913
    },
    "Ka2_x": {
      "true": 1.0224607248440952e-06,
      "est": 8.201615770887212e-07,
      "abs_error": 2.0229914775537406e-07,
      "pct_error": 19.78551770643519
    },
    "Ka2_y": {
      "true": 2.0449214496881904e-06,
      "est": 7.579207954079261e-10,
      "abs_error": 2.0441635288927826e-06,
      "pct_error": 99.96293643476997
    },
    "Ka2_z": {
      "true": 3.0673821745322856e-06,
      "est": 2.363836866853671e-06,
      "abs_error": 7.035453076786147e-07,
      "pct_error": 22.9363433588412
    },
    "rx_x": {
      "true": 0.01,
      "est": 0.010547150553805552,
      "abs_error": 0.0005471505538055515,
      "pct_error": 5.471505538055514
    },
    "rx_y": {
      "true": 0.02,
      "est": 0.019843716403179775,
      "abs_error": 0.0001562835968202253,
      "pct_error": 0.7814179841011265
    },
    "rx_z": {
      "true": 0.03,
      "est": 0.030526072012650455,
      "abs_error": 0.000526072012650456,
      "pct_error": 1.7535733755015201
    },
    "ry_x": {
      "true": 0.04,
      "est": 0.04063306767530406,
      "abs_error": 0.0006330676753040568,
      "pct_error": 1.582669188260142
    },
    "ry_y": {
      "true": 0.05,
      "est": 0.05016126610510099,
      "abs_error": 0.0001612661051009906,
      "pct_error": 0.3225322102019812
    },
    "ry_z": {
      "true": 0.06,
      "est": 0.06073107850496553,
      "abs_error": 0.0007310785049655308,
      "pct_error": 1.2184641749425513
    }
  },
  "focus_scale_pct": {
    "dKg_xx": 124.06430837276056,
    "dKg_xy": 0.5469341055296872,
    "dKg_yy": 0.5281574494414845,
    "dKg_zz": 44.41918511236989,
    "dKa_xx": 21.11543096937236
  },
  "lever_guard_pct": {
    "rx_y": 0.7814179841011265,
    "ry_z": 1.2184641749425513
  },
  "overall": {
    "mean_pct_error": 16.238274145097986,
    "median_pct_error": 4.003714035014456,
    "max_pct_error": 124.06430837276056
  },
  "extra": {
    "noise_scale": 0.08,
    "noise_config": {
      "arw_dpsh": 0.0004,
      "vrw_ugpsHz": 0.4,
      "bi_g_dph": 0.00016,
      "bi_a_ug": 0.4,
      "tau_g": 300.0,
      "tau_a": 300.0,
      "seed": 42,
      "base_family": "round53_round61_shared"
    },
    "comparison_mode": "ch3_closedloop_local_insertions",
    "candidate_name": "midgw_l6_bfly_same_d8",
    "method_key": "markov42_noisy",
    "legality": "faithful12_base_plus_closed_loop_local_insertions",
    "time_total_s": 1271.0
  }
}