{
  "variant": "tmp_entryrelay_l8x1_l9y1_lowmaxcore_markov42_noisy_noise0p08",
  "method_file": "search_ch3_12pos_closedloop_local_insertions.py",
  "source_file": "/root/.openclaw/workspace/tmp_psins_py/psins_py/test_calibration_markov_pruned.py",
  "param_order": [
    "eb_x",
    "eb_y",
    "eb_z",
    "db_x",
    "db_y",
    "db_z",
    "dKg_xx",
    "dKg_yx",
    "dKg_zx",
    "dKg_xy",
    "dKg_yy",
    "dKg_zy",
    "dKg_xz",
    "dKg_yz",
    "dKg_zz",
    "dKa_xx",
    "dKa_xy",
    "dKa_xz",
    "dKa_yy",
    "dKa_yz",
    "dKa_zz",
    "Ka2_x",
    "Ka2_y",
    "Ka2_z",
    "rx_x",
    "rx_y",
    "rx_z",
    "ry_x",
    "ry_y",
    "ry_z"
  ],
  "param_errors": {
    "eb_x": {
      "true": 4.84813681109536e-07,
      "est": 4.646457052574465e-07,
      "abs_error": 2.0167975852089536e-08,
      "pct_error": 4.159943631527366
    },
    "eb_y": {
      "true": 9.69627362219072e-07,
      "est": 9.708549632920424e-07,
      "abs_error": 1.2276010729703512e-09,
      "pct_error": 0.12660544873247853
    },
    "eb_z": {
      "true": 1.4544410433286078e-06,
      "est": 1.4440981195846697e-06,
      "abs_error": 1.034292374393812e-08,
      "pct_error": 0.7111270540239629
    },
    "db_x": {
      "true": 0.00097803267715,
      "est": 0.0009811342215919104,
      "abs_error": 3.101544441910537e-06,
      "pct_error": 0.3171207378212023
    },
    "db_y": {
      "true": 0.0019560653543,
      "est": 0.001960880006135463,
      "abs_error": 4.81465183546333e-06,
      "pct_error": 0.24613962027798952
    },
    "db_z": {
      "true": 0.00293409803145,
      "est": 0.0029408726377986483,
      "abs_error": 6.77460634864813e-06,
      "pct_error": 0.23089229725907257
    },
    "dKg_xx": {
      "true": -9.99999999995449e-06,
      "est": -1.3382866269395777e-05,
      "abs_error": 3.382866269441287e-06,
      "pct_error": 33.82866269456682
    },
    "dKg_yx": {
      "true": 0.0001454441043328608,
      "est": 0.0001452945667012137,
      "abs_error": 1.4953763164708895e-07,
      "pct_error": 0.10281450206112157
    },
    "dKg_zx": {
      "true": 0.00024240684055476798,
      "est": 0.00024165364490679375,
      "abs_error": 7.531956479742326e-07,
      "pct_error": 0.31071550879112253
    },
    "dKg_xy": {
      "true": 4.84813681109536e-05,
      "est": 4.856006149516527e-05,
      "abs_error": 7.869338421167556e-08,
      "pct_error": 0.16231675647349572
    },
    "dKg_yy": {
      "true": -2.0000000000020002e-05,
      "est": -1.9470753813477515e-05,
      "abs_error": 5.292461865424869e-07,
      "pct_error": 2.646230932709788
    },
    "dKg_zy": {
      "true": 0.0002908882086657216,
      "est": 0.0002876369075170285,
      "abs_error": 3.251301148693073e-06,
      "pct_error": 1.1177150024768976
    },
    "dKg_xz": {
      "true": 9.69627362219072e-05,
      "est": 9.697707752623588e-05,
      "abs_error": 1.4341304328688515e-08,
      "pct_error": 0.014790531793437903
    },
    "dKg_yz": {
      "true": 0.0001939254724438144,
      "est": 0.0001970635596810617,
      "abs_error": 3.1380872372473157e-06,
      "pct_error": 1.6181923899432589
    },
    "dKg_zz": {
      "true": -2.999999999997449e-05,
      "est": -1.639532692099266e-05,
      "abs_error": 1.3604673078981833e-05,
      "pct_error": 45.34891026331134
    },
    "dKa_xx": {
      "true": -9.99999999995449e-06,
      "est": -9.569207282345005e-06,
      "abs_error": 4.30792717609485e-07,
      "pct_error": 4.307927176114455
    },
    "dKa_xy": {
      "true": 4.84813681109536e-05,
      "est": 4.941236313513943e-05,
      "abs_error": 9.309950241858346e-07,
      "pct_error": 1.92031508280702
    },
    "dKa_xz": {
      "true": 9.69627362219072e-05,
      "est": 9.651456268044276e-05,
      "abs_error": 4.4817354146443563e-07,
      "pct_error": 0.4622121434761841
    },
    "dKa_yy": {
      "true": -2.0000000000020002e-05,
      "est": -1.6005912450989257e-06,
      "abs_error": 1.8399408754921076e-05,
      "pct_error": 91.99704377451337
    },
    "dKa_yz": {
      "true": 0.0001939254724438144,
      "est": 0.00019703651563900558,
      "abs_error": 3.1110431951911894e-06,
      "pct_error": 1.6042468047061456
    },
    "dKa_zz": {
      "true": -2.999999999997449e-05,
      "est": -3.0420785341211953e-05,
      "abs_error": 4.207853412374618e-07,
      "pct_error": 1.4026178041260653
    },
    "Ka2_x": {
      "true": 1.0224607248440952e-06,
      "est": 1.0275820393203712e-06,
      "abs_error": 5.121314476276023e-09,
      "pct_error": 0.5008812907759288
    },
    "Ka2_y": {
      "true": 2.0449214496881904e-06,
      "est": 9.295023988206943e-09,
      "abs_error": 2.0356264256999834e-06,
      "pct_error": 99.54545814023203
    },
    "Ka2_z": {
      "true": 3.0673821745322856e-06,
      "est": 3.0201370195265346e-06,
      "abs_error": 4.724515500575109e-08,
      "pct_error": 1.5402435144213822
    },
    "rx_x": {
      "true": 0.01,
      "est": 0.009779906684957223,
      "abs_error": 0.00022009331504277765,
      "pct_error": 2.2009331504277765
    },
    "rx_y": {
      "true": 0.02,
      "est": 0.02026907658973073,
      "abs_error": 0.00026907658973072957,
      "pct_error": 1.345382948653648
    },
    "rx_z": {
      "true": 0.03,
      "est": 0.0305636154135125,
      "abs_error": 0.000563615413512502,
      "pct_error": 1.8787180450416732
    },
    "ry_x": {
      "true": 0.04,
      "est": 0.0402265959091799,
      "abs_error": 0.00022659590917990108,
      "pct_error": 0.5664897729497527
    },
    "ry_y": {
      "true": 0.05,
      "est": 0.05027955211852954,
      "abs_error": 0.00027955211852953576,
      "pct_error": 0.5591042370590715
    },
    "ry_z": {
      "true": 0.06,
      "est": 0.060644752953269425,
      "abs_error": 0.0006447529532694271,
      "pct_error": 1.0745882554490451
    }
  },
  "focus_scale_pct": {
    "dKg_xx": 33.82866269456682,
    "dKg_xy": 0.16231675647349572,
    "dKg_yy": 2.646230932709788,
    "dKg_zz": 45.34891026331134,
    "dKa_xx": 4.307927176114455
  },
  "lever_guard_pct": {
    "rx_y": 1.345382948653648,
    "ry_z": 1.0745882554490451
  },
  "overall": {
    "mean_pct_error": 10.061611317084097,
    "median_pct_error": 1.2315489755652727,
    "max_pct_error": 99.54545814023203
  },
  "extra": {
    "noise_scale": 0.08,
    "noise_config": {
      "arw_dpsh": 0.0004,
      "vrw_ugpsHz": 0.4,
      "bi_g_dph": 0.00016,
      "bi_a_ug": 0.4,
      "tau_g": 300.0,
      "tau_a": 300.0,
      "seed": 42,
      "base_family": "round53_round61_shared"
    },
    "comparison_mode": "ch3_closedloop_local_insertions",
    "candidate_name": "tmp_entryrelay_l8x1_l9y1_lowmaxcore",
    "method_key": "markov42_noisy",
    "legality": "faithful12_base_plus_closed_loop_local_insertions",
    "time_total_s": 1338.0
  }
}