{
  "variant": "twoanchor_l10_zpair_neg6_then_ypair_neg1_plus_l11_y10x0back2_markov42_noisy_noise0p08",
  "method_file": "search_ch3_12pos_closedloop_local_insertions.py",
  "source_file": "/root/.openclaw/workspace/tmp_psins_py/psins_py/test_calibration_markov_pruned.py",
  "param_order": [
    "eb_x",
    "eb_y",
    "eb_z",
    "db_x",
    "db_y",
    "db_z",
    "dKg_xx",
    "dKg_yx",
    "dKg_zx",
    "dKg_xy",
    "dKg_yy",
    "dKg_zy",
    "dKg_xz",
    "dKg_yz",
    "dKg_zz",
    "dKa_xx",
    "dKa_xy",
    "dKa_xz",
    "dKa_yy",
    "dKa_yz",
    "dKa_zz",
    "Ka2_x",
    "Ka2_y",
    "Ka2_z",
    "rx_x",
    "rx_y",
    "rx_z",
    "ry_x",
    "ry_y",
    "ry_z"
  ],
  "param_errors": {
    "eb_x": {
      "true": 4.84813681109536e-07,
      "est": 4.6449193673566234e-07,
      "abs_error": 2.032174437387371e-08,
      "pct_error": 4.191660665880081
    },
    "eb_y": {
      "true": 9.69627362219072e-07,
      "est": 9.708526323201122e-07,
      "abs_error": 1.2252701010400848e-09,
      "pct_error": 0.12636504999569662
    },
    "eb_z": {
      "true": 1.4544410433286078e-06,
      "est": 1.4455886863573545e-06,
      "abs_error": 8.852356971253293e-09,
      "pct_error": 0.6086432318352312
    },
    "db_x": {
      "true": 0.00097803267715,
      "est": 0.0009801608974491886,
      "abs_error": 2.128220299188726e-06,
      "pct_error": 0.21760216697364224
    },
    "db_y": {
      "true": 0.0019560653543,
      "est": 0.0019581303516002114,
      "abs_error": 2.06499730021157e-06,
      "pct_error": 0.10556893181877108
    },
    "db_z": {
      "true": 0.00293409803145,
      "est": 0.002939282079929797,
      "abs_error": 5.184048479796657e-06,
      "pct_error": 0.17668286554266066
    },
    "dKg_xx": {
      "true": -9.99999999995449e-06,
      "est": -1.1001467203453075e-05,
      "abs_error": 1.001467203498585e-06,
      "pct_error": 10.014672035031428
    },
    "dKg_yx": {
      "true": 0.0001454441043328608,
      "est": 0.00014540962238667138,
      "abs_error": 3.4481946189411595e-08,
      "pct_error": 0.023708039832605953
    },
    "dKg_zx": {
      "true": 0.00024240684055476798,
      "est": 0.00024164721296320902,
      "abs_error": 7.596275915589597e-07,
      "pct_error": 0.31336887598571456
    },
    "dKg_xy": {
      "true": 4.84813681109536e-05,
      "est": 4.870275817771607e-05,
      "abs_error": 2.2139006676247648e-07,
      "pct_error": 0.4566497922579394
    },
    "dKg_yy": {
      "true": -2.0000000000020002e-05,
      "est": -1.922780146279557e-05,
      "abs_error": 7.721985372244333e-07,
      "pct_error": 3.8609926861183053
    },
    "dKg_zy": {
      "true": 0.0002908882086657216,
      "est": 0.0002945111392276577,
      "abs_error": 3.6229305619361017e-06,
      "pct_error": 1.24547178400739
    },
    "dKg_xz": {
      "true": 9.69627362219072e-05,
      "est": 9.697184143154924e-05,
      "abs_error": 9.105209642043554e-09,
      "pct_error": 0.009390421513276537
    },
    "dKg_yz": {
      "true": 0.0001939254724438144,
      "est": 0.0001903793705706006,
      "abs_error": 3.5461018732137997e-06,
      "pct_error": 1.8285900395272745
    },
    "dKg_zz": {
      "true": -2.999999999997449e-05,
      "est": -1.1203610192911384e-05,
      "abs_error": 1.8796389807063107e-05,
      "pct_error": 62.65463269026363
    },
    "dKa_xx": {
      "true": -9.99999999995449e-06,
      "est": -9.74120225727404e-06,
      "abs_error": 2.5879774268044997e-07,
      "pct_error": 2.587977426816278
    },
    "dKa_xy": {
      "true": 4.84813681109536e-05,
      "est": 4.090142588637853e-05,
      "abs_error": 7.579942224575065e-06,
      "pct_error": 15.634753143161603
    },
    "dKa_xz": {
      "true": 9.69627362219072e-05,
      "est": 9.644052017979621e-05,
      "abs_error": 5.222160421109785e-07,
      "pct_error": 0.5385739537257325
    },
    "dKa_yy": {
      "true": -2.0000000000020002e-05,
      "est": -3.0961621135805473e-06,
      "abs_error": 1.6903837886439455e-05,
      "pct_error": 84.51918943211275
    },
    "dKa_yz": {
      "true": 0.0001939254724438144,
      "est": 0.00019046353695511872,
      "abs_error": 3.461935488695663e-06,
      "pct_error": 1.7851886320393944
    },
    "dKa_zz": {
      "true": -2.999999999997449e-05,
      "est": -3.0334852979319038e-05,
      "abs_error": 3.348529793445465e-07,
      "pct_error": 1.116176597816104
    },
    "Ka2_x": {
      "true": 1.0224607248440952e-06,
      "est": 1.0159504514896952e-06,
      "abs_error": 6.510273354400022e-09,
      "pct_error": 0.6367260077782165
    },
    "Ka2_y": {
      "true": 2.0449214496881904e-06,
      "est": 7.149756730803439e-09,
      "abs_error": 2.037771692957387e-06,
      "pct_error": 99.65036521418004
    },
    "Ka2_z": {
      "true": 3.0673821745322856e-06,
      "est": 3.0379497013937457e-06,
      "abs_error": 2.9432473138539905e-08,
      "pct_error": 0.9595306832943882
    },
    "rx_x": {
      "true": 0.01,
      "est": 0.009835008396548309,
      "abs_error": 0.00016499160345169114,
      "pct_error": 1.6499160345169115
    },
    "rx_y": {
      "true": 0.02,
      "est": 0.019960609256610487,
      "abs_error": 3.93907433895134e-05,
      "pct_error": 0.196953716947567
    },
    "rx_z": {
      "true": 0.03,
      "est": 0.030576645054302614,
      "abs_error": 0.0005766450543026151,
      "pct_error": 1.9221501810087174
    },
    "ry_x": {
      "true": 0.04,
      "est": 0.04027340037444767,
      "abs_error": 0.00027340037444766735,
      "pct_error": 0.6835009361191684
    },
    "ry_y": {
      "true": 0.05,
      "est": 0.04997340002915467,
      "abs_error": 2.659997084532989e-05,
      "pct_error": 0.05319994169065978
    },
    "ry_z": {
      "true": 0.06,
      "est": 0.06076523174918179,
      "abs_error": 0.0007652317491817912,
      "pct_error": 1.2753862486363188
    }
  },
  "focus_scale_pct": {
    "dKg_xx": 10.014672035031428,
    "dKg_xy": 0.4566497922579394,
    "dKg_yy": 3.8609926861183053,
    "dKg_zz": 62.65463269026363,
    "dKa_xx": 2.587977426816278
  },
  "lever_guard_pct": {
    "rx_y": 0.196953716947567,
    "ry_z": 1.2753862486363188
  },
  "overall": {
    "mean_pct_error": 9.968119580880916,
    "median_pct_error": 1.037853640555246,
    "max_pct_error": 99.65036521418004
  },
  "extra": {
    "noise_scale": 0.08,
    "noise_config": {
      "arw_dpsh": 0.0004,
      "vrw_ugpsHz": 0.4,
      "bi_g_dph": 0.00016,
      "bi_a_ug": 0.4,
      "tau_g": 300.0,
      "tau_a": 300.0,
      "seed": 42,
      "base_family": "round53_round61_shared"
    },
    "comparison_mode": "ch3_closedloop_local_insertions",
    "candidate_name": "twoanchor_l10_zpair_neg6_then_ypair_neg1_plus_l11_y10x0back2",
    "method_key": "markov42_noisy",
    "legality": "faithful12_base_plus_closed_loop_local_insertions",
    "time_total_s": 1316.0
  }
}