{
  "variant": "probe_l9_diag45_pos_l11_bestmean_markov42_noisy_noise0p08",
  "method_file": "search_ch3_12pos_closedloop_local_insertions.py",
  "source_file": "/root/.openclaw/workspace/tmp_psins_py/psins_py/test_calibration_markov_pruned.py",
  "param_order": [
    "eb_x",
    "eb_y",
    "eb_z",
    "db_x",
    "db_y",
    "db_z",
    "dKg_xx",
    "dKg_yx",
    "dKg_zx",
    "dKg_xy",
    "dKg_yy",
    "dKg_zy",
    "dKg_xz",
    "dKg_yz",
    "dKg_zz",
    "dKa_xx",
    "dKa_xy",
    "dKa_xz",
    "dKa_yy",
    "dKa_yz",
    "dKa_zz",
    "Ka2_x",
    "Ka2_y",
    "Ka2_z",
    "rx_x",
    "rx_y",
    "rx_z",
    "ry_x",
    "ry_y",
    "ry_z"
  ],
  "param_errors": {
    "eb_x": {
      "true": 4.84813681109536e-07,
      "est": 4.615525136913605e-07,
      "abs_error": 2.326116741817557e-08,
      "pct_error": 4.797960190591254
    },
    "eb_y": {
      "true": 9.69627362219072e-07,
      "est": 9.763146704307899e-07,
      "abs_error": 6.687308211717782e-09,
      "pct_error": 0.6896781663022923
    },
    "eb_z": {
      "true": 1.4544410433286078e-06,
      "est": 1.4464019502670683e-06,
      "abs_error": 8.039093061539488e-09,
      "pct_error": 0.5527273242469398
    },
    "db_x": {
      "true": 0.00097803267715,
      "est": 0.0009773388888863852,
      "abs_error": 6.937882636147159e-07,
      "pct_error": 0.07093712509038287
    },
    "db_y": {
      "true": 0.0019560653543,
      "est": 0.001958166958837053,
      "abs_error": 2.101604537053242e-06,
      "pct_error": 0.10744040491455487
    },
    "db_z": {
      "true": 0.00293409803145,
      "est": 0.00293478288475615,
      "abs_error": 6.848533061500593e-07,
      "pct_error": 0.02334118692726882
    },
    "dKg_xx": {
      "true": -9.99999999995449e-06,
      "est": 4.930380844703208e-06,
      "abs_error": 1.4930380844657698e-05,
      "pct_error": 149.30380844725647
    },
    "dKg_yx": {
      "true": 0.0001454441043328608,
      "est": 0.00014539377622189794,
      "abs_error": 5.032811096285271e-08,
      "pct_error": 0.03460306018845061
    },
    "dKg_zx": {
      "true": 0.00024240684055476798,
      "est": 0.00024220508948574247,
      "abs_error": 2.0175106902551579e-07,
      "pct_error": 0.08322829032538516
    },
    "dKg_xy": {
      "true": 4.84813681109536e-05,
      "est": 4.833091751958296e-05,
      "abs_error": 1.504505913706359e-07,
      "pct_error": 0.3103266207882528
    },
    "dKg_yy": {
      "true": -2.0000000000020002e-05,
      "est": -1.984306355873322e-05,
      "abs_error": 1.569364412867813e-07,
      "pct_error": 0.7846822064331217
    },
    "dKg_zy": {
      "true": 0.0002908882086657216,
      "est": 0.00030196388382623614,
      "abs_error": 1.1075675160514557e-05,
      "pct_error": 3.8075366517321885
    },
    "dKg_xz": {
      "true": 9.69627362219072e-05,
      "est": 9.675753258467858e-05,
      "abs_error": 2.0520363722860966e-07,
      "pct_error": 0.2116314423707931
    },
    "dKg_yz": {
      "true": 0.0001939254724438144,
      "est": 0.00018277642625705914,
      "abs_error": 1.1149046186755251e-05,
      "pct_error": 5.749139628877501
    },
    "dKg_zz": {
      "true": -2.999999999997449e-05,
      "est": -1.5702381653603936e-05,
      "abs_error": 1.4297618346370555e-05,
      "pct_error": 47.65872782127571
    },
    "dKa_xx": {
      "true": -9.99999999995449e-06,
      "est": -9.765633907976579e-06,
      "abs_error": 2.3436609197791114e-07,
      "pct_error": 2.3436609197897775
    },
    "dKa_xy": {
      "true": 4.84813681109536e-05,
      "est": 3.694983713628567e-05,
      "abs_error": 1.1531530974667929e-05,
      "pct_error": 23.785490022222707
    },
    "dKa_xz": {
      "true": 9.69627362219072e-05,
      "est": 9.605105351494387e-05,
      "abs_error": 9.116827069633279e-07,
      "pct_error": 0.9402402845530958
    },
    "dKa_yy": {
      "true": -2.0000000000020002e-05,
      "est": -4.611598879877832e-06,
      "abs_error": 1.538840112014217e-05,
      "pct_error": 76.9420056006339
    },
    "dKa_yz": {
      "true": 0.0001939254724438144,
      "est": 0.00018314473775700362,
      "abs_error": 1.0780734686810766e-05,
      "pct_error": 5.559215378440935
    },
    "dKa_zz": {
      "true": -2.999999999997449e-05,
      "est": -3.0145280270010844e-05,
      "abs_error": 1.4528027003635202e-07,
      "pct_error": 0.4842675667882519
    },
    "Ka2_x": {
      "true": 1.0224607248440952e-06,
      "est": 1.0427899940455008e-06,
      "abs_error": 2.0329269201405608e-08,
      "pct_error": 1.988268958155377
    },
    "Ka2_y": {
      "true": 2.0449214496881904e-06,
      "est": 1.494244296457439e-09,
      "abs_error": 2.043427205391733e-06,
      "pct_error": 99.92692901252099
    },
    "Ka2_z": {
      "true": 3.0673821745322856e-06,
      "est": 3.085371344695848e-06,
      "abs_error": 1.7989170163562457e-08,
      "pct_error": 0.5864665418258631
    },
    "rx_x": {
      "true": 0.01,
      "est": 0.009985538747038808,
      "abs_error": 1.4461252961192259e-05,
      "pct_error": 0.14461252961192259
    },
    "rx_y": {
      "true": 0.02,
      "est": 0.020044438640523615,
      "abs_error": 4.4438640523614126e-05,
      "pct_error": 0.22219320261807063
    },
    "rx_z": {
      "true": 0.03,
      "est": 0.03063162255782826,
      "abs_error": 0.0006316225578282611,
      "pct_error": 2.105408526094204
    },
    "ry_x": {
      "true": 0.04,
      "est": 0.040223053941895764,
      "abs_error": 0.0002230539418957636,
      "pct_error": 0.557634854739409
    },
    "ry_y": {
      "true": 0.05,
      "est": 0.050226849499654024,
      "abs_error": 0.00022684949965402074,
      "pct_error": 0.4536989993080415
    },
    "ry_z": {
      "true": 0.06,
      "est": 0.060591143399665794,
      "abs_error": 0.0005911433996657958,
      "pct_error": 0.9852389994429931
    }
  },
  "focus_scale_pct": {
    "dKg_xx": 149.30380844725647,
    "dKg_xy": 0.3103266207882528,
    "dKg_yy": 0.7846822064331217,
    "dKg_zz": 47.65872782127571,
    "dKa_xx": 2.3436609197897775
  },
  "lever_guard_pct": {
    "rx_y": 0.22219320261807063,
    "ry_z": 0.9852389994429931
  },
  "overall": {
    "mean_pct_error": 14.373703332135536,
    "median_pct_error": 0.737180186367707,
    "max_pct_error": 149.30380844725647
  },
  "extra": {
    "noise_scale": 0.08,
    "noise_config": {
      "arw_dpsh": 0.0004,
      "vrw_ugpsHz": 0.4,
      "bi_g_dph": 0.00016,
      "bi_a_ug": 0.4,
      "tau_g": 300.0,
      "tau_a": 300.0,
      "seed": 42,
      "base_family": "round53_round61_shared"
    },
    "comparison_mode": "ch3_closedloop_local_insertions",
    "candidate_name": "probe_l9_diag45_pos_l11_bestmean",
    "method_key": "markov42_noisy",
    "legality": "faithful12_base_plus_closed_loop_local_insertions",
    "time_total_s": 1286.0
  }
}