{
  "variant": "probe2_l9_diag_butterfly_flip_markov42_noisy_noise0p08",
  "method_file": "search_ch3_12pos_closedloop_local_insertions.py",
  "source_file": "/root/.openclaw/workspace/tmp_psins_py/psins_py/test_calibration_markov_pruned.py",
  "param_order": [
    "eb_x",
    "eb_y",
    "eb_z",
    "db_x",
    "db_y",
    "db_z",
    "dKg_xx",
    "dKg_yx",
    "dKg_zx",
    "dKg_xy",
    "dKg_yy",
    "dKg_zy",
    "dKg_xz",
    "dKg_yz",
    "dKg_zz",
    "dKa_xx",
    "dKa_xy",
    "dKa_xz",
    "dKa_yy",
    "dKa_yz",
    "dKa_zz",
    "Ka2_x",
    "Ka2_y",
    "Ka2_z",
    "rx_x",
    "rx_y",
    "rx_z",
    "ry_x",
    "ry_y",
    "ry_z"
  ],
  "param_errors": {
    "eb_x": {
      "true": 4.84813681109536e-07,
      "est": 4.6386907488996774e-07,
      "abs_error": 2.094460621956831e-08,
      "pct_error": 4.320135143800987
    },
    "eb_y": {
      "true": 9.69627362219072e-07,
      "est": 9.764980581365881e-07,
      "abs_error": 6.870695917516029e-09,
      "pct_error": 0.7085913811045798
    },
    "eb_z": {
      "true": 1.4544410433286078e-06,
      "est": 1.4459695824757663e-06,
      "abs_error": 8.4714608528415e-09,
      "pct_error": 0.582454743813738
    },
    "db_x": {
      "true": 0.00097803267715,
      "est": 0.0009754016231548547,
      "abs_error": 2.6310539951451698e-06,
      "pct_error": 0.2690149374980083
    },
    "db_y": {
      "true": 0.0019560653543,
      "est": 0.0019580968879796827,
      "abs_error": 2.0315336796829057e-06,
      "pct_error": 0.10385816993368881
    },
    "db_z": {
      "true": 0.00293409803145,
      "est": 0.0029498070845571486,
      "abs_error": 1.570905310714849e-05,
      "pct_error": 0.5353963275516477
    },
    "dKg_xx": {
      "true": -9.99999999995449e-06,
      "est": -1.8325202695290699e-06,
      "abs_error": 8.16747973042542e-06,
      "pct_error": 81.6747973046259
    },
    "dKg_yx": {
      "true": 0.0001454441043328608,
      "est": 0.00014563774515025912,
      "abs_error": 1.9364081739833448e-07,
      "pct_error": 0.1331376189406561
    },
    "dKg_zx": {
      "true": 0.00024240684055476798,
      "est": 0.00024105711971291656,
      "abs_error": 1.3497208418514228e-06,
      "pct_error": 0.556799815864303
    },
    "dKg_xy": {
      "true": 4.84813681109536e-05,
      "est": 4.8625434636878845e-05,
      "abs_error": 1.4406652592524843e-07,
      "pct_error": 0.29715854056663654
    },
    "dKg_yy": {
      "true": -2.0000000000020002e-05,
      "est": -1.999642403704982e-05,
      "abs_error": 3.575962970181479e-09,
      "pct_error": 0.017879814850889512
    },
    "dKg_zy": {
      "true": 0.0002908882086657216,
      "est": 0.00030011214609937007,
      "abs_error": 9.223937433648491e-06,
      "pct_error": 3.1709561126447428
    },
    "dKg_xz": {
      "true": 9.69627362219072e-05,
      "est": 9.861564484400398e-05,
      "abs_error": 1.6529086220967829e-06,
      "pct_error": 1.7046843834047396
    },
    "dKg_yz": {
      "true": 0.0001939254724438144,
      "est": 0.0001848240979930885,
      "abs_error": 9.101374450725899e-06,
      "pct_error": 4.693233094153126
    },
    "dKg_zz": {
      "true": -2.999999999997449e-05,
      "est": -2.0375050958199026e-05,
      "abs_error": 9.624949041775466e-06,
      "pct_error": 32.08316347261216
    },
    "dKa_xx": {
      "true": -9.99999999995449e-06,
      "est": -1.085085399754604e-05,
      "abs_error": 8.508539975915497e-07,
      "pct_error": 8.50853997595422
    },
    "dKa_xy": {
      "true": 4.84813681109536e-05,
      "est": 4.634849830924307e-05,
      "abs_error": 2.132869801710528e-06,
      "pct_error": 4.3993597640010496
    },
    "dKa_xz": {
      "true": 9.69627362219072e-05,
      "est": 9.779394246206175e-05,
      "abs_error": 8.312062401545585e-07,
      "pct_error": 0.8572429703842872
    },
    "dKa_yy": {
      "true": -2.0000000000020002e-05,
      "est": -1.7588978939997446e-06,
      "abs_error": 1.8241102106020257e-05,
      "pct_error": 91.20551053001007
    },
    "dKa_yz": {
      "true": 0.0001939254724438144,
      "est": 0.00018524015562377806,
      "abs_error": 8.685316820036327e-06,
      "pct_error": 4.4786879776986
    },
    "dKa_zz": {
      "true": -2.999999999997449e-05,
      "est": -2.998976679502441e-05,
      "abs_error": 1.0233204950083064e-08,
      "pct_error": 0.03411068316697255
    },
    "Ka2_x": {
      "true": 1.0224607248440952e-06,
      "est": 9.564656215597007e-07,
      "abs_error": 6.59951032843945e-08,
      "pct_error": 6.454536754402711
    },
    "Ka2_y": {
      "true": 2.0449214496881904e-06,
      "est": 2.3434656234503795e-09,
      "abs_error": 2.04257798406474e-06,
      "pct_error": 99.88540070212439
    },
    "Ka2_z": {
      "true": 3.0673821745322856e-06,
      "est": 2.9215812094378928e-06,
      "abs_error": 1.4580096509439288e-07,
      "pct_error": 4.753270274077426
    },
    "rx_x": {
      "true": 0.01,
      "est": 0.010243298340862234,
      "abs_error": 0.0002432983408622337,
      "pct_error": 2.432983408622337
    },
    "rx_y": {
      "true": 0.02,
      "est": 0.019897033977253238,
      "abs_error": 0.00010296602274676228,
      "pct_error": 0.5148301137338114
    },
    "rx_z": {
      "true": 0.03,
      "est": 0.030717654173393616,
      "abs_error": 0.000717654173393617,
      "pct_error": 2.3921805779787237
    },
    "ry_x": {
      "true": 0.04,
      "est": 0.040488790926031436,
      "abs_error": 0.0004887909260314349,
      "pct_error": 1.2219773150785873
    },
    "ry_y": {
      "true": 0.05,
      "est": 0.050224255103212684,
      "abs_error": 0.00022425510321268105,
      "pct_error": 0.4485102064253621
    },
    "ry_z": {
      "true": 0.06,
      "est": 0.060595348996422826,
      "abs_error": 0.0005953489964228287,
      "pct_error": 0.9922483273713811
    }
  },
  "focus_scale_pct": {
    "dKg_xx": 81.6747973046259,
    "dKg_xy": 0.29715854056663654,
    "dKg_yy": 0.017879814850889512,
    "dKg_zz": 32.08316347261216,
    "dKa_xx": 8.50853997595422
  },
  "lever_guard_pct": {
    "rx_y": 0.5148301137338114,
    "ry_z": 0.9922483273713811
  },
  "overall": {
    "mean_pct_error": 11.98102168141319,
    "median_pct_error": 1.4633308492416635,
    "max_pct_error": 99.88540070212439
  },
  "extra": {
    "noise_scale": 0.08,
    "noise_config": {
      "arw_dpsh": 0.0004,
      "vrw_ugpsHz": 0.4,
      "bi_g_dph": 0.00016,
      "bi_a_ug": 0.4,
      "tau_g": 300.0,
      "tau_a": 300.0,
      "seed": 42,
      "base_family": "round53_round61_shared"
    },
    "comparison_mode": "ch3_closedloop_local_insertions",
    "candidate_name": "probe2_l9_diag_butterfly_flip",
    "method_key": "markov42_noisy",
    "legality": "faithful12_base_plus_closed_loop_local_insertions",
    "time_total_s": 1263.0
  }
}