{
  "variant": "entryx_l8_xpair_pos2_plus_l11_y8x0_markov42_noisy_noise0p08",
  "method_file": "search_ch3_12pos_closedloop_local_insertions.py",
  "source_file": "/root/.openclaw/workspace/tmp_psins_py/psins_py/test_calibration_markov_pruned.py",
  "param_order": [
    "eb_x",
    "eb_y",
    "eb_z",
    "db_x",
    "db_y",
    "db_z",
    "dKg_xx",
    "dKg_yx",
    "dKg_zx",
    "dKg_xy",
    "dKg_yy",
    "dKg_zy",
    "dKg_xz",
    "dKg_yz",
    "dKg_zz",
    "dKa_xx",
    "dKa_xy",
    "dKa_xz",
    "dKa_yy",
    "dKa_yz",
    "dKa_zz",
    "Ka2_x",
    "Ka2_y",
    "Ka2_z",
    "rx_x",
    "rx_y",
    "rx_z",
    "ry_x",
    "ry_y",
    "ry_z"
  ],
  "param_errors": {
    "eb_x": {
      "true": 4.84813681109536e-07,
      "est": 4.6335445129755545e-07,
      "abs_error": 2.1459229811980597e-08,
      "pct_error": 4.426283879380091
    },
    "eb_y": {
      "true": 9.69627362219072e-07,
      "est": 9.71356735608742e-07,
      "abs_error": 1.729373389669942e-09,
      "pct_error": 0.1783544335745774
    },
    "eb_z": {
      "true": 1.4544410433286078e-06,
      "est": 1.44242285313427e-06,
      "abs_error": 1.2018190194337916e-08,
      "pct_error": 0.8263098906252878
    },
    "db_x": {
      "true": 0.00097803267715,
      "est": 0.0009769743613141945,
      "abs_error": 1.0583158358053874e-06,
      "pct_error": 0.1082086376591561
    },
    "db_y": {
      "true": 0.0019560653543,
      "est": 0.001957960928509251,
      "abs_error": 1.8955742092513495e-06,
      "pct_error": 0.09690750899934537
    },
    "db_z": {
      "true": 0.00293409803145,
      "est": 0.0029444156353725043,
      "abs_error": 1.0317603922504158e-05,
      "pct_error": 0.3516448261752627
    },
    "dKg_xx": {
      "true": -9.99999999995449e-06,
      "est": -1.3263010025355015e-05,
      "abs_error": 3.2630100254005256e-06,
      "pct_error": 32.63010025415375
    },
    "dKg_yx": {
      "true": 0.0001454441043328608,
      "est": 0.0001454595581802452,
      "abs_error": 1.5453847384416667e-08,
      "pct_error": 0.010625282788396336
    },
    "dKg_zx": {
      "true": 0.00024240684055476798,
      "est": 0.00024126647954897309,
      "abs_error": 1.140361005794898e-06,
      "pct_error": 0.4704326838240572
    },
    "dKg_xy": {
      "true": 4.84813681109536e-05,
      "est": 4.847652889130264e-05,
      "abs_error": 4.839219650954569e-09,
      "pct_error": 0.009981607036912855
    },
    "dKg_yy": {
      "true": -2.0000000000020002e-05,
      "est": -1.9650116076963542e-05,
      "abs_error": 3.498839230564599e-07,
      "pct_error": 1.7494196152805497
    },
    "dKg_zy": {
      "true": 0.0002908882086657216,
      "est": 0.00030176027058975073,
      "abs_error": 1.087206192402915e-05,
      "pct_error": 3.737539577110511
    },
    "dKg_xz": {
      "true": 9.69627362219072e-05,
      "est": 9.760282885072845e-05,
      "abs_error": 6.400926288212602e-07,
      "pct_error": 0.6601429103200591
    },
    "dKg_yz": {
      "true": 0.0001939254724438144,
      "est": 0.00018281744580206334,
      "abs_error": 1.110802664175105e-05,
      "pct_error": 5.727987407620913
    },
    "dKg_zz": {
      "true": -2.999999999997449e-05,
      "est": -1.0359508185731059e-05,
      "abs_error": 1.9640491814243433e-05,
      "pct_error": 65.46830604753377
    },
    "dKa_xx": {
      "true": -9.99999999995449e-06,
      "est": -9.714617456912933e-06,
      "abs_error": 2.8538254304155686e-07,
      "pct_error": 2.8538254304285564
    },
    "dKa_xy": {
      "true": 4.84813681109536e-05,
      "est": 4.471167496042703e-05,
      "abs_error": 3.7696931505265636e-06,
      "pct_error": 7.775550273043678
    },
    "dKa_xz": {
      "true": 9.69627362219072e-05,
      "est": 9.683164644428625e-05,
      "abs_error": 1.310897776209412e-07,
      "pct_error": 0.13519603790979193
    },
    "dKa_yy": {
      "true": -2.0000000000020002e-05,
      "est": -2.037484047701099e-06,
      "abs_error": 1.7962515952318903e-05,
      "pct_error": 89.8125797615047
    },
    "dKa_yz": {
      "true": 0.0001939254724438144,
      "est": 0.0001829917223789874,
      "abs_error": 1.0933750064826979e-05,
      "pct_error": 5.638119596689285
    },
    "dKa_zz": {
      "true": -2.999999999997449e-05,
      "est": -3.0194960045637487e-05,
      "abs_error": 1.9496004566299519e-07,
      "pct_error": 0.6498668188772032
    },
    "Ka2_x": {
      "true": 1.0224607248440952e-06,
      "est": 1.0562228935724158e-06,
      "abs_error": 3.3762168728320627e-08,
      "pct_error": 3.3020504267749433
    },
    "Ka2_y": {
      "true": 2.0449214496881904e-06,
      "est": 9.480941298771845e-09,
      "abs_error": 2.0354405083894187e-06,
      "pct_error": 99.53636647998302
    },
    "Ka2_z": {
      "true": 3.0673821745322856e-06,
      "est": 2.9849148338833477e-06,
      "abs_error": 8.246734064893794e-08,
      "pct_error": 2.68852513174406
    },
    "rx_x": {
      "true": 0.01,
      "est": 0.010033913254050016,
      "abs_error": 3.39132540500154e-05,
      "pct_error": 0.33913254050015396
    },
    "rx_y": {
      "true": 0.02,
      "est": 0.02024952170770668,
      "abs_error": 0.00024952170770668053,
      "pct_error": 1.2476085385334026
    },
    "rx_z": {
      "true": 0.03,
      "est": 0.030433155730262892,
      "abs_error": 0.00043315573026289286,
      "pct_error": 1.4438524342096428
    },
    "ry_x": {
      "true": 0.04,
      "est": 0.040604458954951454,
      "abs_error": 0.0006044589549514534,
      "pct_error": 1.5111473873786334
    },
    "ry_y": {
      "true": 0.05,
      "est": 0.050160334577388194,
      "abs_error": 0.0001603345773881909,
      "pct_error": 0.3206691547763818
    },
    "ry_z": {
      "true": 0.06,
      "est": 0.06066364546407558,
      "abs_error": 0.000663645464075581,
      "pct_error": 1.1060757734593016
    }
  },
  "focus_scale_pct": {
    "dKg_xx": 32.63010025415375,
    "dKg_xy": 0.009981607036912855,
    "dKg_yy": 1.7494196152805497,
    "dKg_zz": 65.46830604753377,
    "dKa_xx": 2.8538254304285564
  },
  "lever_guard_pct": {
    "rx_y": 1.2476085385334026,
    "ry_z": 1.1060757734593016
  },
  "overall": {
    "mean_pct_error": 11.160427011596514,
    "median_pct_error": 1.3457304863715227,
    "max_pct_error": 99.53636647998302
  },
  "extra": {
    "noise_scale": 0.08,
    "noise_config": {
      "arw_dpsh": 0.0004,
      "vrw_ugpsHz": 0.4,
      "bi_g_dph": 0.00016,
      "bi_a_ug": 0.4,
      "tau_g": 300.0,
      "tau_a": 300.0,
      "seed": 42,
      "base_family": "round53_round61_shared"
    },
    "comparison_mode": "ch3_closedloop_local_insertions",
    "candidate_name": "entryx_l8_xpair_pos2_plus_l11_y8x0",
    "method_key": "markov42_noisy",
    "legality": "faithful12_base_plus_closed_loop_local_insertions",
    "time_total_s": 1290.0
  }
}