{
  "variant": "twoanchor_l10_ypair_neg2_then_zpair_neg4_plus_l11_maxbest_markov42_noisy_noise0p08",
  "method_file": "search_ch3_12pos_closedloop_local_insertions.py",
  "source_file": "/root/.openclaw/workspace/tmp_psins_py/psins_py/test_calibration_markov_pruned.py",
  "param_order": [
    "eb_x",
    "eb_y",
    "eb_z",
    "db_x",
    "db_y",
    "db_z",
    "dKg_xx",
    "dKg_yx",
    "dKg_zx",
    "dKg_xy",
    "dKg_yy",
    "dKg_zy",
    "dKg_xz",
    "dKg_yz",
    "dKg_zz",
    "dKa_xx",
    "dKa_xy",
    "dKa_xz",
    "dKa_yy",
    "dKa_yz",
    "dKa_zz",
    "Ka2_x",
    "Ka2_y",
    "Ka2_z",
    "rx_x",
    "rx_y",
    "rx_z",
    "ry_x",
    "ry_y",
    "ry_z"
  ],
  "param_errors": {
    "eb_x": {
      "true": 4.84813681109536e-07,
      "est": 4.61179479216818e-07,
      "abs_error": 2.363420189271804e-08,
      "pct_error": 4.874904074206244
    },
    "eb_y": {
      "true": 9.69627362219072e-07,
      "est": 9.713927238127032e-07,
      "abs_error": 1.7653615936311319e-09,
      "pct_error": 0.1820659835331953
    },
    "eb_z": {
      "true": 1.4544410433286078e-06,
      "est": 1.443320950037579e-06,
      "abs_error": 1.1120093291028797e-08,
      "pct_error": 0.7645612960412304
    },
    "db_x": {
      "true": 0.00097803267715,
      "est": 0.0009796250175175064,
      "abs_error": 1.5923403675064448e-06,
      "pct_error": 0.16281054863591526
    },
    "db_y": {
      "true": 0.0019560653543,
      "est": 0.0019581167455154946,
      "abs_error": 2.051391215494771e-06,
      "pct_error": 0.10487334745667967
    },
    "db_z": {
      "true": 0.00293409803145,
      "est": 0.0029396994201102934,
      "abs_error": 5.601388660293229e-06,
      "pct_error": 0.190906663657897
    },
    "dKg_xx": {
      "true": -9.99999999995449e-06,
      "est": -1.4558618510962518e-05,
      "abs_error": 4.558618511008028e-06,
      "pct_error": 45.586185110287744
    },
    "dKg_yx": {
      "true": 0.0001454441043328608,
      "est": 0.0001454228359458576,
      "abs_error": 2.1268387003192364e-08,
      "pct_error": 0.014623065748005785
    },
    "dKg_zx": {
      "true": 0.00024240684055476798,
      "est": 0.00024159472872409732,
      "abs_error": 8.121118306706648e-07,
      "pct_error": 0.3350201788085188
    },
    "dKg_xy": {
      "true": 4.84813681109536e-05,
      "est": 4.869060332643056e-05,
      "abs_error": 2.0923521547696255e-07,
      "pct_error": 0.43157861180425133
    },
    "dKg_yy": {
      "true": -2.0000000000020002e-05,
      "est": -1.9162377617787385e-05,
      "abs_error": 8.376223822326168e-07,
      "pct_error": 4.188111911158895
    },
    "dKg_zy": {
      "true": 0.0002908882086657216,
      "est": 0.00030377515556421786,
      "abs_error": 1.2886946898496283e-05,
      "pct_error": 4.430206008558259
    },
    "dKg_xz": {
      "true": 9.69627362219072e-05,
      "est": 9.683581039653608e-05,
      "abs_error": 1.269258253711118e-07,
      "pct_error": 0.13090165388962582
    },
    "dKg_yz": {
      "true": 0.0001939254724438144,
      "est": 0.00018107854871041493,
      "abs_error": 1.2846923733399456e-05,
      "pct_error": 6.624670586852156
    },
    "dKg_zz": {
      "true": -2.999999999997449e-05,
      "est": -1.6938641877350946e-05,
      "abs_error": 1.3061358122623545e-05,
      "pct_error": 43.53786040878217
    },
    "dKa_xx": {
      "true": -9.99999999995449e-06,
      "est": -9.790626525951751e-06,
      "abs_error": 2.0937347400273865e-07,
      "pct_error": 2.093734740036915
    },
    "dKa_xy": {
      "true": 4.84813681109536e-05,
      "est": 4.2115204376257304e-05,
      "abs_error": 6.3661637346962925e-06,
      "pct_error": 13.13115529274422
    },
    "dKa_xz": {
      "true": 9.69627362219072e-05,
      "est": 9.621429030922281e-05,
      "abs_error": 7.484459126843814e-07,
      "pct_error": 0.7718902558313757
    },
    "dKa_yy": {
      "true": -2.0000000000020002e-05,
      "est": -2.9700618946471025e-06,
      "abs_error": 1.70299381053729e-05,
      "pct_error": 85.14969052677934
    },
    "dKa_yz": {
      "true": 0.0001939254724438144,
      "est": 0.00018110703249768934,
      "abs_error": 1.2818439946125047e-05,
      "pct_error": 6.609982579693809
    },
    "dKa_zz": {
      "true": -2.999999999997449e-05,
      "est": -3.0380771790072814e-05,
      "abs_error": 3.8077179009832207e-07,
      "pct_error": 1.2692393003288194
    },
    "Ka2_x": {
      "true": 1.0224607248440952e-06,
      "est": 1.0232433022649677e-06,
      "abs_error": 7.825774208725284e-10,
      "pct_error": 0.07653862900131013
    },
    "Ka2_y": {
      "true": 2.0449214496881904e-06,
      "est": 7.769754259514406e-09,
      "abs_error": 2.037151695428676e-06,
      "pct_error": 99.62004632203848
    },
    "Ka2_z": {
      "true": 3.0673821745322856e-06,
      "est": 3.0364379998590525e-06,
      "abs_error": 3.0944174673233153e-08,
      "pct_error": 1.0088137999286482
    },
    "rx_x": {
      "true": 0.01,
      "est": 0.009810342610593731,
      "abs_error": 0.0001896573894062687,
      "pct_error": 1.896573894062687
    },
    "rx_y": {
      "true": 0.02,
      "est": 0.02001083272728815,
      "abs_error": 1.0832727288148658e-05,
      "pct_error": 0.05416363644074329
    },
    "rx_z": {
      "true": 0.03,
      "est": 0.030578124832623503,
      "abs_error": 0.0005781248326235042,
      "pct_error": 1.9270827754116808
    },
    "ry_x": {
      "true": 0.04,
      "est": 0.040223178380215434,
      "abs_error": 0.00022317838021543301,
      "pct_error": 0.5579459505385825
    },
    "ry_y": {
      "true": 0.05,
      "est": 0.0499823150096473,
      "abs_error": 1.7684990352699603e-05,
      "pct_error": 0.03536998070539921
    },
    "ry_z": {
      "true": 0.06,
      "est": 0.0607329360109548,
      "abs_error": 0.000732936010954803,
      "pct_error": 1.221560018258005
    }
  },
  "focus_scale_pct": {
    "dKg_xx": 45.586185110287744,
    "dKg_xy": 0.43157861180425133,
    "dKg_yy": 4.188111911158895,
    "dKg_zz": 43.53786040878217,
    "dKa_xx": 2.093734740036915
  },
  "lever_guard_pct": {
    "rx_y": 0.05416363644074329,
    "ry_z": 1.221560018258005
  },
  "overall": {
    "mean_pct_error": 10.89943557170736,
    "median_pct_error": 1.1151869090933266,
    "max_pct_error": 99.62004632203848
  },
  "extra": {
    "noise_scale": 0.08,
    "noise_config": {
      "arw_dpsh": 0.0004,
      "vrw_ugpsHz": 0.4,
      "bi_g_dph": 0.00016,
      "bi_a_ug": 0.4,
      "tau_g": 300.0,
      "tau_a": 300.0,
      "seed": 42,
      "base_family": "round53_round61_shared"
    },
    "comparison_mode": "ch3_closedloop_local_insertions",
    "candidate_name": "twoanchor_l10_ypair_neg2_then_zpair_neg4_plus_l11_maxbest",
    "method_key": "markov42_noisy",
    "legality": "faithful12_base_plus_closed_loop_local_insertions",
    "time_total_s": 1308.0
  }
}