{
  "variant": "y7_med_neg_noise0p08",
  "method_file": "ad-hoc targeted probe",
  "source_file": "/root/.openclaw/workspace/tmp_psins_py/psins_py/test_calibration_markov_pruned.py",
  "param_order": [
    "eb_x",
    "eb_y",
    "eb_z",
    "db_x",
    "db_y",
    "db_z",
    "dKg_xx",
    "dKg_yx",
    "dKg_zx",
    "dKg_xy",
    "dKg_yy",
    "dKg_zy",
    "dKg_xz",
    "dKg_yz",
    "dKg_zz",
    "dKa_xx",
    "dKa_xy",
    "dKa_xz",
    "dKa_yy",
    "dKa_yz",
    "dKa_zz",
    "Ka2_x",
    "Ka2_y",
    "Ka2_z",
    "rx_x",
    "rx_y",
    "rx_z",
    "ry_x",
    "ry_y",
    "ry_z"
  ],
  "param_errors": {
    "eb_x": {
      "true": 4.84813681109536e-07,
      "est": 4.770233882037073e-07,
      "abs_error": 7.790292905828779e-09,
      "pct_error": 1.6068632568289023
    },
    "eb_y": {
      "true": 9.69627362219072e-07,
      "est": 9.56586905288311e-07,
      "abs_error": 1.3040456930761019e-08,
      "pct_error": 1.344893661098513
    },
    "eb_z": {
      "true": 1.4544410433286078e-06,
      "est": 1.436388135701072e-06,
      "abs_error": 1.8052907627535837e-08,
      "pct_error": 1.2412264979968026
    },
    "db_x": {
      "true": 0.00097803267715,
      "est": 0.0009684123584720138,
      "abs_error": 9.620318677986133e-06,
      "pct_error": 0.983639800872489
    },
    "db_y": {
      "true": 0.0019560653543,
      "est": 0.0019618066220599742,
      "abs_error": 5.7412677599744284e-06,
      "pct_error": 0.2935110397693745
    },
    "db_z": {
      "true": 0.00293409803145,
      "est": 0.0029559487332373917,
      "abs_error": 2.1850701787391562e-05,
      "pct_error": 0.7447161462629515
    },
    "dKg_xx": {
      "true": -9.99999999995449e-06,
      "est": -2.1329389669366705e-05,
      "abs_error": 1.1329389669412215e-05,
      "pct_error": 113.29389669463777
    },
    "dKg_yx": {
      "true": 0.0001454441043328608,
      "est": 0.00014441649165137344,
      "abs_error": 1.027612681487347e-06,
      "pct_error": 0.706534435480156
    },
    "dKg_zx": {
      "true": 0.00024240684055476798,
      "est": 0.0002398643554244501,
      "abs_error": 2.5424851303178795e-06,
      "pct_error": 1.048850405582282
    },
    "dKg_xy": {
      "true": 4.84813681109536e-05,
      "est": 4.890328985622973e-05,
      "abs_error": 4.2192174527613585e-07,
      "pct_error": 0.870276070408189
    },
    "dKg_yy": {
      "true": -2.0000000000020002e-05,
      "est": -2.1387658729610237e-05,
      "abs_error": 1.3876587295902354e-06,
      "pct_error": 6.9382936479442385
    },
    "dKg_zy": {
      "true": 0.0002908882086657216,
      "est": 0.00029898737032640346,
      "abs_error": 8.099161660681876e-06,
      "pct_error": 2.7842866845074306
    },
    "dKg_xz": {
      "true": 9.69627362219072e-05,
      "est": 9.769221082972153e-05,
      "abs_error": 7.294746078143386e-07,
      "pct_error": 0.7523246932150058
    },
    "dKg_yz": {
      "true": 0.0001939254724438144,
      "est": 0.0001867901688153936,
      "abs_error": 7.135303628420792e-06,
      "pct_error": 3.6794050510760457
    },
    "dKg_zz": {
      "true": -2.999999999997449e-05,
      "est": -1.1014813916521149e-05,
      "abs_error": 1.8985186083453343e-05,
      "pct_error": 63.28395361156495
    },
    "dKa_xx": {
      "true": -9.99999999995449e-06,
      "est": -1.0017202360490529e-05,
      "abs_error": 1.7202360536039407e-08,
      "pct_error": 0.17202360536117695
    },
    "dKa_xy": {
      "true": 4.84813681109536e-05,
      "est": 6.0287481169109094e-05,
      "abs_error": 1.1806113058155498e-05,
      "pct_error": 24.35185622471758
    },
    "dKa_xz": {
      "true": 9.69627362219072e-05,
      "est": 9.789566531867728e-05,
      "abs_error": 9.329290967700839e-07,
      "pct_error": 0.9621521969377999
    },
    "dKa_yy": {
      "true": -2.0000000000020002e-05,
      "est": -2.702872001769663e-06,
      "abs_error": 1.729712799825034e-05,
      "pct_error": 86.4856399911652
    },
    "dKa_yz": {
      "true": 0.0001939254724438144,
      "est": 0.00018726120868161483,
      "abs_error": 6.664263762199557e-06,
      "pct_error": 3.436507684224093
    },
    "dKa_zz": {
      "true": -2.999999999997449e-05,
      "est": -2.996395633236837e-05,
      "abs_error": 3.6043667606122654e-08,
      "pct_error": 0.12014555868717768
    },
    "Ka2_x": {
      "true": 1.0224607248440952e-06,
      "est": 1.1155521298095099e-06,
      "abs_error": 9.309140496541465e-08,
      "pct_error": 9.10464360179793
    },
    "Ka2_y": {
      "true": 2.0449214496881904e-06,
      "est": 1.9589317643623003e-09,
      "abs_error": 2.042962517923828e-06,
      "pct_error": 99.90420503610731
    },
    "Ka2_z": {
      "true": 3.0673821745322856e-06,
      "est": 2.8637106049654788e-06,
      "abs_error": 2.0367156956680686e-07,
      "pct_error": 6.639915014758886
    },
    "rx_x": {
      "true": 0.01,
      "est": 0.010531009331269664,
      "abs_error": 0.0005310093312696634,
      "pct_error": 5.310093312696634
    },
    "rx_y": {
      "true": 0.02,
      "est": 0.020284675116741105,
      "abs_error": 0.0002846751167411045,
      "pct_error": 1.4233755837055224
    },
    "rx_z": {
      "true": 0.03,
      "est": 0.030887170880190076,
      "abs_error": 0.0008871708801900767,
      "pct_error": 2.9572362673002557
    },
    "ry_x": {
      "true": 0.04,
      "est": 0.040666855147125675,
      "abs_error": 0.0006668551471256737,
      "pct_error": 1.6671378678141842
    },
    "ry_y": {
      "true": 0.05,
      "est": 0.05024863580619144,
      "abs_error": 0.00024863580619143705,
      "pct_error": 0.4972716123828741
    },
    "ry_z": {
      "true": 0.06,
      "est": 0.05994220175561415,
      "abs_error": 5.779824438584963e-05,
      "pct_error": 0.09633040730974939
    }
  },
  "focus_scale_pct": {
    "dKg_xx": 113.29389669463777,
    "dKg_xy": 0.870276070408189,
    "dKg_yy": 6.9382936479442385,
    "dKg_zz": 63.28395361156495,
    "dKa_xx": 0.17202360536117695
  },
  "lever_guard_pct": {
    "rx_y": 1.4233755837055224,
    "ry_z": 0.09633040730974939
  },
  "overall": {
    "mean_pct_error": 14.75670685540705,
    "median_pct_error": 1.5151194202672125,
    "max_pct_error": 113.29389669463777
  },
  "extra": {
    "noise_scale": 0.08,
    "noise_config": {
      "arw_dpsh": 0.0004,
      "vrw_ugpsHz": 0.4,
      "bi_g_dph": 0.00016,
      "bi_a_ug": 0.4,
      "tau_g": 300.0,
      "tau_a": 300.0,
      "seed": 42,
      "base_family": "round53_round61_shared"
    },
    "candidate_name": "y7_med_neg"
  }
}