{
  "variant": "late11_yneg_xpair_outerhold_then_zbipolar_p8_x5_n12_x5_markov42_noisy_noise0p08",
  "method_file": "search_ch3_12pos_closedloop_local_insertions.py",
  "source_file": "/root/.openclaw/workspace/tmp_psins_py/psins_py/test_calibration_markov_pruned.py",
  "param_order": [
    "eb_x",
    "eb_y",
    "eb_z",
    "db_x",
    "db_y",
    "db_z",
    "dKg_xx",
    "dKg_yx",
    "dKg_zx",
    "dKg_xy",
    "dKg_yy",
    "dKg_zy",
    "dKg_xz",
    "dKg_yz",
    "dKg_zz",
    "dKa_xx",
    "dKa_xy",
    "dKa_xz",
    "dKa_yy",
    "dKa_yz",
    "dKa_zz",
    "Ka2_x",
    "Ka2_y",
    "Ka2_z",
    "rx_x",
    "rx_y",
    "rx_z",
    "ry_x",
    "ry_y",
    "ry_z"
  ],
  "param_errors": {
    "eb_x": {
      "true": 4.84813681109536e-07,
      "est": 4.562693204950061e-07,
      "abs_error": 2.8544360614529924e-08,
      "pct_error": 5.8876970116032625
    },
    "eb_y": {
      "true": 9.69627362219072e-07,
      "est": 9.73054470238704e-07,
      "abs_error": 3.4271080196318046e-09,
      "pct_error": 0.3534458858286121
    },
    "eb_z": {
      "true": 1.4544410433286078e-06,
      "est": 1.4443797998240339e-06,
      "abs_error": 1.0061243504573961e-08,
      "pct_error": 0.6917601473586017
    },
    "db_x": {
      "true": 0.00097803267715,
      "est": 0.0009784345512750415,
      "abs_error": 4.0187412504158124e-07,
      "pct_error": 0.04109005091861018
    },
    "db_y": {
      "true": 0.0019560653543,
      "est": 0.0019585669527102285,
      "abs_error": 2.5015984102287267e-06,
      "pct_error": 0.127889306189565
    },
    "db_z": {
      "true": 0.00293409803145,
      "est": 0.002939902471468118,
      "abs_error": 5.804440018117741e-06,
      "pct_error": 0.19782706494129126
    },
    "dKg_xx": {
      "true": -9.99999999995449e-06,
      "est": -1.175581994572461e-05,
      "abs_error": 1.7558199457701207e-06,
      "pct_error": 17.558199457781114
    },
    "dKg_yx": {
      "true": 0.0001454441043328608,
      "est": 0.00014538550089048156,
      "abs_error": 5.860344237922782e-08,
      "pct_error": 0.040292758959214345
    },
    "dKg_zx": {
      "true": 0.00024240684055476798,
      "est": 0.0002415438576069057,
      "abs_error": 8.629829478622847e-07,
      "pct_error": 0.35600602107072443
    },
    "dKg_xy": {
      "true": 4.84813681109536e-05,
      "est": 4.8785977886900674e-05,
      "abs_error": 3.046097759470777e-07,
      "pct_error": 0.6283027641669542
    },
    "dKg_yy": {
      "true": -2.0000000000020002e-05,
      "est": -1.956574237071962e-05,
      "abs_error": 4.3425762930038303e-07,
      "pct_error": 2.1712881464997436
    },
    "dKg_zy": {
      "true": 0.0002908882086657216,
      "est": 0.0002996403003905315,
      "abs_error": 8.752091724809931e-06,
      "pct_error": 3.008747506457893
    },
    "dKg_xz": {
      "true": 9.69627362219072e-05,
      "est": 9.731554183361449e-05,
      "abs_error": 3.5280561170729407e-07,
      "pct_error": 0.3638569057084666
    },
    "dKg_yz": {
      "true": 0.0001939254724438144,
      "est": 0.00018485723995104785,
      "abs_error": 9.068232492766536e-06,
      "pct_error": 4.676143045310283
    },
    "dKg_zz": {
      "true": -2.999999999997449e-05,
      "est": -5.720865590141955e-07,
      "abs_error": 2.9427913440960296e-05,
      "pct_error": 98.09304480328439
    },
    "dKa_xx": {
      "true": -9.99999999995449e-06,
      "est": -9.72872662341473e-06,
      "abs_error": 2.7127337653976014e-07,
      "pct_error": 2.712733765409947
    },
    "dKa_xy": {
      "true": 4.84813681109536e-05,
      "est": 4.251983900791863e-05,
      "abs_error": 5.9615291030349645e-06,
      "pct_error": 12.296536453739332
    },
    "dKa_xz": {
      "true": 9.69627362219072e-05,
      "est": 9.627379728448633e-05,
      "abs_error": 6.889389374208597e-07,
      "pct_error": 0.7105192822159704
    },
    "dKa_yy": {
      "true": -2.0000000000020002e-05,
      "est": -2.1092107294062856e-06,
      "abs_error": 1.7890789270613716e-05,
      "pct_error": 89.45394635297912
    },
    "dKa_yz": {
      "true": 0.0001939254724438144,
      "est": 0.00018532329737818947,
      "abs_error": 8.602175065624916e-06,
      "pct_error": 4.435814933036817
    },
    "dKa_zz": {
      "true": -2.999999999997449e-05,
      "est": -3.0180104865884516e-05,
      "abs_error": 1.8010486591002461e-07,
      "pct_error": 0.6003495530339259
    },
    "Ka2_x": {
      "true": 1.0224607248440952e-06,
      "est": 1.040157073253598e-06,
      "abs_error": 1.769634840950289e-08,
      "pct_error": 1.7307607010725257
    },
    "Ka2_y": {
      "true": 2.0449214496881904e-06,
      "est": 5.3816019700107285e-09,
      "abs_error": 2.0395398477181797e-06,
      "pct_error": 99.73683087089573
    },
    "Ka2_z": {
      "true": 3.0673821745322856e-06,
      "est": 3.031633450238163e-06,
      "abs_error": 3.574872429412252e-08,
      "pct_error": 1.165447350869263
    },
    "rx_x": {
      "true": 0.01,
      "est": 0.009982655650184318,
      "abs_error": 1.7344349815682364e-05,
      "pct_error": 0.17344349815682364
    },
    "rx_y": {
      "true": 0.02,
      "est": 0.01966728837341306,
      "abs_error": 0.0003327116265869415,
      "pct_error": 1.6635581329347073
    },
    "rx_z": {
      "true": 0.03,
      "est": 0.030377855853621447,
      "abs_error": 0.0003778558536214477,
      "pct_error": 1.2595195120714924
    },
    "ry_x": {
      "true": 0.04,
      "est": 0.040375223283739894,
      "abs_error": 0.0003752232837398936,
      "pct_error": 0.938058209349734
    },
    "ry_y": {
      "true": 0.05,
      "est": 0.049831824612350084,
      "abs_error": 0.00016817538764991868,
      "pct_error": 0.33635077529983737
    },
    "ry_z": {
      "true": 0.06,
      "est": 0.06074766665088676,
      "abs_error": 0.0007476666508867622,
      "pct_error": 1.2461110848112702
    }
  },
  "focus_scale_pct": {
    "dKg_xx": 17.558199457781114,
    "dKg_xy": 0.6283027641669542,
    "dKg_yy": 2.1712881464997436,
    "dKg_zz": 98.09304480328439,
    "dKa_xx": 2.712733765409947
  },
  "lever_guard_pct": {
    "rx_y": 1.6635581329347073,
    "ry_z": 1.2461110848112702
  },
  "overall": {
    "mean_pct_error": 11.755185711731839,
    "median_pct_error": 1.2057792178402666,
    "max_pct_error": 99.73683087089573
  },
  "extra": {
    "noise_scale": 0.08,
    "noise_config": {
      "arw_dpsh": 0.0004,
      "vrw_ugpsHz": 0.4,
      "bi_g_dph": 0.00016,
      "bi_a_ug": 0.4,
      "tau_g": 300.0,
      "tau_a": 300.0,
      "seed": 42,
      "base_family": "round53_round61_shared"
    },
    "comparison_mode": "ch3_closedloop_local_insertions",
    "candidate_name": "late11_yneg_xpair_outerhold_then_zbipolar_p8_x5_n12_x5",
    "method_key": "markov42_noisy",
    "legality": "faithful12_base_plus_closed_loop_local_insertions",
    "time_total_s": 1290.0
  }
}