{
  "variant": "late11_yneg_xpair_outerhold_then_zquad_ypos10_x1_yneg8_x1_markov42_noisy_noise0p08",
  "method_file": "search_ch3_12pos_closedloop_local_insertions.py",
  "source_file": "/root/.openclaw/workspace/tmp_psins_py/psins_py/test_calibration_markov_pruned.py",
  "param_order": [
    "eb_x",
    "eb_y",
    "eb_z",
    "db_x",
    "db_y",
    "db_z",
    "dKg_xx",
    "dKg_yx",
    "dKg_zx",
    "dKg_xy",
    "dKg_yy",
    "dKg_zy",
    "dKg_xz",
    "dKg_yz",
    "dKg_zz",
    "dKa_xx",
    "dKa_xy",
    "dKa_xz",
    "dKa_yy",
    "dKa_yz",
    "dKa_zz",
    "Ka2_x",
    "Ka2_y",
    "Ka2_z",
    "rx_x",
    "rx_y",
    "rx_z",
    "ry_x",
    "ry_y",
    "ry_z"
  ],
  "param_errors": {
    "eb_x": {
      "true": 4.84813681109536e-07,
      "est": 4.61956397476102e-07,
      "abs_error": 2.2857283633434027e-08,
      "pct_error": 4.714653179985195
    },
    "eb_y": {
      "true": 9.69627362219072e-07,
      "est": 9.71275098624876e-07,
      "abs_error": 1.6477364058038082e-09,
      "pct_error": 0.1699350152447047
    },
    "eb_z": {
      "true": 1.4544410433286078e-06,
      "est": 1.445029648256956e-06,
      "abs_error": 9.411395071651795e-09,
      "pct_error": 0.6470798603230451
    },
    "db_x": {
      "true": 0.00097803267715,
      "est": 0.0009780325379586425,
      "abs_error": 1.3919135744173972e-10,
      "pct_error": 1.4231769622191475e-05
    },
    "db_y": {
      "true": 0.0019560653543,
      "est": 0.0019582114623617483,
      "abs_error": 2.1461080617485306e-06,
      "pct_error": 0.10971556022045796
    },
    "db_z": {
      "true": 0.00293409803145,
      "est": 0.002942819876046624,
      "abs_error": 8.721844596623705e-06,
      "pct_error": 0.29725811827471427
    },
    "dKg_xx": {
      "true": -9.99999999995449e-06,
      "est": -1.1830164530435283e-05,
      "abs_error": 1.8301645304807934e-06,
      "pct_error": 18.301645304891228
    },
    "dKg_yx": {
      "true": 0.0001454441043328608,
      "est": 0.00014549790925437177,
      "abs_error": 5.380492151097578e-08,
      "pct_error": 0.03699353903533882
    },
    "dKg_zx": {
      "true": 0.00024240684055476798,
      "est": 0.00024135976255006825,
      "abs_error": 1.0470780046997372e-06,
      "pct_error": 0.4319506835299751
    },
    "dKg_xy": {
      "true": 4.84813681109536e-05,
      "est": 4.815403268770074e-05,
      "abs_error": 3.273354232528585e-07,
      "pct_error": 0.6751777765506214
    },
    "dKg_yy": {
      "true": -2.0000000000020002e-05,
      "est": -1.9396366027102374e-05,
      "abs_error": 6.036339729176277e-07,
      "pct_error": 3.01816986458512
    },
    "dKg_zy": {
      "true": 0.0002908882086657216,
      "est": 0.00030430654928712746,
      "abs_error": 1.3418340621405877e-05,
      "pct_error": 4.612885714053043
    },
    "dKg_xz": {
      "true": 9.69627362219072e-05,
      "est": 9.701524418979388e-05,
      "abs_error": 5.250796788668565e-08,
      "pct_error": 0.05415272911287987
    },
    "dKg_yz": {
      "true": 0.0001939254724438144,
      "est": 0.00018012578097632801,
      "abs_error": 1.3799691467486372e-05,
      "pct_error": 7.115976717026963
    },
    "dKg_zz": {
      "true": -2.999999999997449e-05,
      "est": -1.1410325447158698e-05,
      "abs_error": 1.8589674552815794e-05,
      "pct_error": 61.965581842771996
    },
    "dKa_xx": {
      "true": -9.99999999995449e-06,
      "est": -9.717051141278077e-06,
      "abs_error": 2.8294885867641284e-07,
      "pct_error": 2.8294885867770057
    },
    "dKa_xy": {
      "true": 4.84813681109536e-05,
      "est": 4.4866078299852876e-05,
      "abs_error": 3.615289811100721e-06,
      "pct_error": 7.457070524137918
    },
    "dKa_xz": {
      "true": 9.69627362219072e-05,
      "est": 9.635063550451603e-05,
      "abs_error": 6.121007173911602e-07,
      "pct_error": 0.6312741793819817
    },
    "dKa_yy": {
      "true": -2.0000000000020002e-05,
      "est": -2.428304557655636e-06,
      "abs_error": 1.7571695442364366e-05,
      "pct_error": 87.85847721173397
    },
    "dKa_yz": {
      "true": 0.0001939254724438144,
      "est": 0.00018035517254110008,
      "abs_error": 1.357029990271431e-05,
      "pct_error": 6.997688200370894
    },
    "dKa_zz": {
      "true": -2.999999999997449e-05,
      "est": -3.0093088105198618e-05,
      "abs_error": 9.308810522412614e-08,
      "pct_error": 0.3102936840806843
    },
    "Ka2_x": {
      "true": 1.0224607248440952e-06,
      "est": 1.0464097665629045e-06,
      "abs_error": 2.3949041718809326e-08,
      "pct_error": 2.3422945387424123
    },
    "Ka2_y": {
      "true": 2.0449214496881904e-06,
      "est": 7.233983307973684e-09,
      "abs_error": 2.0376874663802166e-06,
      "pct_error": 99.64624639694219
    },
    "Ka2_z": {
      "true": 3.0673821745322856e-06,
      "est": 2.9964571894317776e-06,
      "abs_error": 7.092498510050801e-08,
      "pct_error": 2.3122317684891236
    },
    "rx_x": {
      "true": 0.01,
      "est": 0.010041512138651405,
      "abs_error": 4.151213865140509e-05,
      "pct_error": 0.41512138651405084
    },
    "rx_y": {
      "true": 0.02,
      "est": 0.019888313825240183,
      "abs_error": 0.00011168617475981746,
      "pct_error": 0.5584308737990873
    },
    "rx_z": {
      "true": 0.03,
      "est": 0.030514171764373457,
      "abs_error": 0.0005141717643734577,
      "pct_error": 1.7139058812448589
    },
    "ry_x": {
      "true": 0.04,
      "est": 0.040578414578500185,
      "abs_error": 0.0005784145785001846,
      "pct_error": 1.4460364462504613
    },
    "ry_y": {
      "true": 0.05,
      "est": 0.04984387350214161,
      "abs_error": 0.0001561264978583929,
      "pct_error": 0.3122529957167858
    },
    "ry_z": {
      "true": 0.06,
      "est": 0.060700332322623896,
      "abs_error": 0.0007003323226238978,
      "pct_error": 1.1672205377064964
    }
  },
  "focus_scale_pct": {
    "dKg_xx": 18.301645304891228,
    "dKg_xy": 0.6751777765506214,
    "dKg_yy": 3.01816986458512,
    "dKg_zz": 61.965581842771996,
    "dKa_xx": 2.8294885867770057
  },
  "lever_guard_pct": {
    "rx_y": 0.5584308737990873,
    "ry_z": 1.1672205377064964
  },
  "overall": {
    "mean_pct_error": 10.604974111642091,
    "median_pct_error": 1.3066284919784787,
    "max_pct_error": 99.64624639694219
  },
  "extra": {
    "noise_scale": 0.08,
    "noise_config": {
      "arw_dpsh": 0.0004,
      "vrw_ugpsHz": 0.4,
      "bi_g_dph": 0.00016,
      "bi_a_ug": 0.4,
      "tau_g": 300.0,
      "tau_a": 300.0,
      "seed": 42,
      "base_family": "round53_round61_shared"
    },
    "comparison_mode": "ch3_closedloop_local_insertions",
    "candidate_name": "late11_yneg_xpair_outerhold_then_zquad_ypos10_x1_yneg8_x1",
    "method_key": "markov42_noisy",
    "legality": "faithful12_base_plus_closed_loop_local_insertions",
    "time_total_s": 1280.0
  }
}