{
  "variant": "y7_double_small_pos_noise0p08",
  "method_file": "ad-hoc targeted probe",
  "source_file": "/root/.openclaw/workspace/tmp_psins_py/psins_py/test_calibration_markov_pruned.py",
  "param_order": [
    "eb_x",
    "eb_y",
    "eb_z",
    "db_x",
    "db_y",
    "db_z",
    "dKg_xx",
    "dKg_yx",
    "dKg_zx",
    "dKg_xy",
    "dKg_yy",
    "dKg_zy",
    "dKg_xz",
    "dKg_yz",
    "dKg_zz",
    "dKa_xx",
    "dKa_xy",
    "dKa_xz",
    "dKa_yy",
    "dKa_yz",
    "dKa_zz",
    "Ka2_x",
    "Ka2_y",
    "Ka2_z",
    "rx_x",
    "rx_y",
    "rx_z",
    "ry_x",
    "ry_y",
    "ry_z"
  ],
  "param_errors": {
    "eb_x": {
      "true": 4.84813681109536e-07,
      "est": 4.8229620945269e-07,
      "abs_error": 2.517471656846029e-09,
      "pct_error": 0.5192658035319028
    },
    "eb_y": {
      "true": 9.69627362219072e-07,
      "est": 9.500956079914637e-07,
      "abs_error": 1.953175422760842e-08,
      "pct_error": 2.0143567507117774
    },
    "eb_z": {
      "true": 1.4544410433286078e-06,
      "est": 1.4317854989084097e-06,
      "abs_error": 2.2655544420198118e-08,
      "pct_error": 1.5576804934182167
    },
    "db_x": {
      "true": 0.00097803267715,
      "est": 0.0009650201071233883,
      "abs_error": 1.3012570026611596e-05,
      "pct_error": 1.3304841781493841
    },
    "db_y": {
      "true": 0.0019560653543,
      "est": 0.00196298094982407,
      "abs_error": 6.915595524070294e-06,
      "pct_error": 0.3535462406134747
    },
    "db_z": {
      "true": 0.00293409803145,
      "est": 0.002960975159626281,
      "abs_error": 2.6877128176281025e-05,
      "pct_error": 0.9160269318949317
    },
    "dKg_xx": {
      "true": -9.99999999995449e-06,
      "est": -3.0137073903091505e-05,
      "abs_error": 2.0137073903137015e-05,
      "pct_error": 201.37073903228656
    },
    "dKg_yx": {
      "true": 0.0001454441043328608,
      "est": 0.00014419092161712424,
      "abs_error": 1.253182715736553e-06,
      "pct_error": 0.8616249668453672
    },
    "dKg_zx": {
      "true": 0.00024240684055476798,
      "est": 0.00023916969023949535,
      "abs_error": 3.2371503152726357e-06,
      "pct_error": 1.3354203651448742
    },
    "dKg_xy": {
      "true": 4.84813681109536e-05,
      "est": 4.8552865471048634e-05,
      "abs_error": 7.149736009503692e-08,
      "pct_error": 0.14747389127181668
    },
    "dKg_yy": {
      "true": -2.0000000000020002e-05,
      "est": -2.187619612969982e-05,
      "abs_error": 1.876196129679819e-06,
      "pct_error": 9.380980648389714
    },
    "dKg_zy": {
      "true": 0.0002908882086657216,
      "est": 0.0002880058955132391,
      "abs_error": 2.8823131524824647e-06,
      "pct_error": 0.9908662732337552
    },
    "dKg_xz": {
      "true": 9.69627362219072e-05,
      "est": 9.769244605643289e-05,
      "abs_error": 7.297098345256982e-07,
      "pct_error": 0.7525672881752195
    },
    "dKg_yz": {
      "true": 0.0001939254724438144,
      "est": 0.0001978447112683646,
      "abs_error": 3.919238824550211e-06,
      "pct_error": 2.0210025919548675
    },
    "dKg_zz": {
      "true": -2.999999999997449e-05,
      "est": -1.4448770941477562e-05,
      "abs_error": 1.555122905849693e-05,
      "pct_error": 51.83743019503384
    },
    "dKa_xx": {
      "true": -9.99999999995449e-06,
      "est": -9.990300785966966e-06,
      "abs_error": 9.699213987524047e-09,
      "pct_error": 0.09699213987568188
    },
    "dKa_xy": {
      "true": 4.84813681109536e-05,
      "est": 6.355308487209398e-05,
      "abs_error": 1.5071716761140381e-05,
      "pct_error": 31.087647375477356
    },
    "dKa_xz": {
      "true": 9.69627362219072e-05,
      "est": 9.831846420903443e-05,
      "abs_error": 1.355727987127235e-06,
      "pct_error": 1.3981948529428254
    },
    "dKa_yy": {
      "true": -2.0000000000020002e-05,
      "est": -3.6256357671682338e-06,
      "abs_error": 1.6374364232851768e-05,
      "pct_error": 81.87182116417696
    },
    "dKa_yz": {
      "true": 0.0001939254724438144,
      "est": 0.00019813151397211036,
      "abs_error": 4.206041528295973e-06,
      "pct_error": 2.1688958522530246
    },
    "dKa_zz": {
      "true": -2.999999999997449e-05,
      "est": -2.9895043472283334e-05,
      "abs_error": 1.0495652769115793e-07,
      "pct_error": 0.34985509230415723
    },
    "Ka2_x": {
      "true": 1.0224607248440952e-06,
      "est": 1.1590266684328114e-06,
      "abs_error": 1.3656594358871618e-07,
      "pct_error": 13.356595541558796
    },
    "Ka2_y": {
      "true": 2.0449214496881904e-06,
      "est": 2.136591439180227e-09,
      "abs_error": 2.0427848582490104e-06,
      "pct_error": 99.89551718773815
    },
    "Ka2_z": {
      "true": 3.0673821745322856e-06,
      "est": 2.8108041617293483e-06,
      "abs_error": 2.5657801280293734e-07,
      "pct_error": 8.364722691982793
    },
    "rx_x": {
      "true": 0.01,
      "est": 0.010613794226338076,
      "abs_error": 0.0006137942263380759,
      "pct_error": 6.137942263380759
    },
    "rx_y": {
      "true": 0.02,
      "est": 0.0204190499408699,
      "abs_error": 0.00041904994086990055,
      "pct_error": 2.0952497043495026
    },
    "rx_z": {
      "true": 0.03,
      "est": 0.030484204545576606,
      "abs_error": 0.0004842045455766067,
      "pct_error": 1.6140151519220225
    },
    "ry_x": {
      "true": 0.04,
      "est": 0.040734514824492016,
      "abs_error": 0.0007345148244920149,
      "pct_error": 1.8362870612300373
    },
    "ry_y": {
      "true": 0.05,
      "est": 0.05033888186654502,
      "abs_error": 0.0003388818665450155,
      "pct_error": 0.677763733090031
    },
    "ry_z": {
      "true": 0.06,
      "est": 0.05995791462700675,
      "abs_error": 4.208537299324466e-05,
      "pct_error": 0.07014228832207445
    }
  },
  "focus_scale_pct": {
    "dKg_xx": 201.37073903228656,
    "dKg_xy": 0.14747389127181668,
    "dKg_yy": 9.380980648389714,
    "dKg_zz": 51.83743019503384,
    "dKa_xx": 0.09699213987568188
  },
  "lever_guard_pct": {
    "rx_y": 2.0952497043495026,
    "ry_z": 0.07014228832207445
  },
  "overall": {
    "mean_pct_error": 17.547036925041997,
    "median_pct_error": 1.5858478226701196,
    "max_pct_error": 201.37073903228656
  },
  "extra": {
    "noise_scale": 0.08,
    "noise_config": {
      "arw_dpsh": 0.0004,
      "vrw_ugpsHz": 0.4,
      "bi_g_dph": 0.00016,
      "bi_a_ug": 0.4,
      "tau_g": 300.0,
      "tau_a": 300.0,
      "seed": 42,
      "base_family": "round53_round61_shared"
    },
    "candidate_name": "y7_double_small_pos"
  }
}