{
  "variant": "frontzseed_l4_neg4_plus_relaymax_unified_l9y2p5_markov42_noisy_noise0p08",
  "method_file": "search_ch3_12pos_closedloop_local_insertions.py",
  "source_file": "/root/.openclaw/workspace/tmp_psins_py/psins_py/test_calibration_markov_pruned.py",
  "param_order": [
    "eb_x",
    "eb_y",
    "eb_z",
    "db_x",
    "db_y",
    "db_z",
    "dKg_xx",
    "dKg_yx",
    "dKg_zx",
    "dKg_xy",
    "dKg_yy",
    "dKg_zy",
    "dKg_xz",
    "dKg_yz",
    "dKg_zz",
    "dKa_xx",
    "dKa_xy",
    "dKa_xz",
    "dKa_yy",
    "dKa_yz",
    "dKa_zz",
    "Ka2_x",
    "Ka2_y",
    "Ka2_z",
    "rx_x",
    "rx_y",
    "rx_z",
    "ry_x",
    "ry_y",
    "ry_z"
  ],
  "param_errors": {
    "eb_x": {
      "true": 4.84813681109536e-07,
      "est": 4.625350774696139e-07,
      "abs_error": 2.2278603639922142e-08,
      "pct_error": 4.5952918632443955
    },
    "eb_y": {
      "true": 9.69627362219072e-07,
      "est": 9.708434823875562e-07,
      "abs_error": 1.2161201684840789e-09,
      "pct_error": 0.12542139546277734
    },
    "eb_z": {
      "true": 1.4544410433286078e-06,
      "est": 1.4469778267643334e-06,
      "abs_error": 7.463216564274405e-09,
      "pct_error": 0.5131329728700601
    },
    "db_x": {
      "true": 0.00097803267715,
      "est": 0.000981420688406495,
      "abs_error": 3.388011256495087e-06,
      "pct_error": 0.3464108445095921
    },
    "db_y": {
      "true": 0.0019560653543,
      "est": 0.001961117061165862,
      "abs_error": 5.051706865862125e-06,
      "pct_error": 0.25825859318846406
    },
    "db_z": {
      "true": 0.00293409803145,
      "est": 0.0029422613366342594,
      "abs_error": 8.163305184259208e-06,
      "pct_error": 0.2782219645273743
    },
    "dKg_xx": {
      "true": -9.99999999995449e-06,
      "est": -1.2816291505179933e-05,
      "abs_error": 2.8162915052254434e-06,
      "pct_error": 28.162915052382605
    },
    "dKg_yx": {
      "true": 0.0001454441043328608,
      "est": 0.000145162850795785,
      "abs_error": 2.812535370757803e-07,
      "pct_error": 0.1933756877708212
    },
    "dKg_zx": {
      "true": 0.00024240684055476798,
      "est": 0.00024188636796270655,
      "abs_error": 5.204725920614336e-07,
      "pct_error": 0.21471035671695127
    },
    "dKg_xy": {
      "true": 4.84813681109536e-05,
      "est": 4.88931302816815e-05,
      "abs_error": 4.1176217072790434e-07,
      "pct_error": 0.8493204436507501
    },
    "dKg_yy": {
      "true": -2.0000000000020002e-05,
      "est": -1.949085466779188e-05,
      "abs_error": 5.091453322281225e-07,
      "pct_error": 2.5457266611380667
    },
    "dKg_zy": {
      "true": 0.0002908882086657216,
      "est": 0.0002889786419712508,
      "abs_error": 1.90956669447078e-06,
      "pct_error": 0.6564606737515395
    },
    "dKg_xz": {
      "true": 9.69627362219072e-05,
      "est": 9.700584608546353e-05,
      "abs_error": 4.3109863556335e-08,
      "pct_error": 0.044460238268930995
    },
    "dKg_yz": {
      "true": 0.0001939254724438144,
      "est": 0.00019579635839262166,
      "abs_error": 1.8708859488072711e-06,
      "pct_error": 0.964744819352867
    },
    "dKg_zz": {
      "true": -2.999999999997449e-05,
      "est": -1.9484912948009026e-05,
      "abs_error": 1.0515087051965466e-05,
      "pct_error": 35.05029017324802
    },
    "dKa_xx": {
      "true": -9.99999999995449e-06,
      "est": -9.536804887133599e-06,
      "abs_error": 4.631951128208911e-07,
      "pct_error": 4.631951128229991
    },
    "dKa_xy": {
      "true": 4.84813681109536e-05,
      "est": 5.1972458266739284e-05,
      "abs_error": 3.491090155785687e-06,
      "pct_error": 7.200890345742801
    },
    "dKa_xz": {
      "true": 9.69627362219072e-05,
      "est": 9.64979816432525e-05,
      "abs_error": 4.6475457865468824e-07,
      "pct_error": 0.4793125655933009
    },
    "dKa_yy": {
      "true": -2.0000000000020002e-05,
      "est": -1.592504650371751e-06,
      "abs_error": 1.840749534964825e-05,
      "pct_error": 92.0374767481492
    },
    "dKa_yz": {
      "true": 0.0001939254724438144,
      "est": 0.00019582006811911414,
      "abs_error": 1.894595675299755e-06,
      "pct_error": 0.9769710247057266
    },
    "dKa_zz": {
      "true": -2.999999999997449e-05,
      "est": -3.046150234187195e-05,
      "abs_error": 4.615023418974573e-07,
      "pct_error": 1.538341139659499
    },
    "Ka2_x": {
      "true": 1.0224607248440952e-06,
      "est": 1.0300236701526766e-06,
      "abs_error": 7.562945308581394e-09,
      "pct_error": 0.7396807647290894
    },
    "Ka2_y": {
      "true": 2.0449214496881904e-06,
      "est": 7.185360927512457e-09,
      "abs_error": 2.037736088760678e-06,
      "pct_error": 99.6486241107888
    },
    "Ka2_z": {
      "true": 3.0673821745322856e-06,
      "est": 3.000265901971689e-06,
      "abs_error": 6.71162725605968e-08,
      "pct_error": 2.188063591092319
    },
    "rx_x": {
      "true": 0.01,
      "est": 0.009814956442550418,
      "abs_error": 0.00018504355744958234,
      "pct_error": 1.8504355744958234
    },
    "rx_y": {
      "true": 0.02,
      "est": 0.019929571387870815,
      "abs_error": 7.0428612129185e-05,
      "pct_error": 0.352143060645925
    },
    "rx_z": {
      "true": 0.03,
      "est": 0.03059667796841807,
      "abs_error": 0.0005966779684180717,
      "pct_error": 1.9889265613935725
    },
    "ry_x": {
      "true": 0.04,
      "est": 0.040244175853665985,
      "abs_error": 0.0002441758536659844,
      "pct_error": 0.6104396341649609
    },
    "ry_y": {
      "true": 0.05,
      "est": 0.049979463175120975,
      "abs_error": 2.053682487902775e-05,
      "pct_error": 0.0410736497580555
    },
    "ry_z": {
      "true": 0.06,
      "est": 0.06065640046836131,
      "abs_error": 0.0006564004683613095,
      "pct_error": 1.0940007806021825
    }
  },
  "focus_scale_pct": {
    "dKg_xx": 28.162915052382605,
    "dKg_xy": 0.8493204436507501,
    "dKg_yy": 2.5457266611380667,
    "dKg_zz": 35.05029017324802,
    "dKa_xx": 4.631951128229991
  },
  "lever_guard_pct": {
    "rx_y": 0.352143060645925,
    "ry_z": 1.0940007806021825
  },
  "overall": {
    "mean_pct_error": 9.672569080661146,
    "median_pct_error": 0.9070326315018086,
    "max_pct_error": 99.6486241107888
  },
  "extra": {
    "noise_scale": 0.08,
    "noise_config": {
      "arw_dpsh": 0.0004,
      "vrw_ugpsHz": 0.4,
      "bi_g_dph": 0.00016,
      "bi_a_ug": 0.4,
      "tau_g": 300.0,
      "tau_a": 300.0,
      "seed": 42,
      "base_family": "round53_round61_shared"
    },
    "comparison_mode": "ch3_closedloop_local_insertions",
    "candidate_name": "frontzseed_l4_neg4_plus_relaymax_unified_l9y2p5",
    "method_key": "markov42_noisy",
    "legality": "faithful12_base_plus_closed_loop_local_insertions",
    "time_total_s": 1347.0
  }
}