{
  "variant": "midgw_l6_pair_pos_d8_markov42_noisy_noise0p08",
  "method_file": "search_ch3_12pos_closedloop_local_insertions.py",
  "source_file": "/root/.openclaw/workspace/tmp_psins_py/psins_py/test_calibration_markov_pruned.py",
  "param_order": [
    "eb_x",
    "eb_y",
    "eb_z",
    "db_x",
    "db_y",
    "db_z",
    "dKg_xx",
    "dKg_yx",
    "dKg_zx",
    "dKg_xy",
    "dKg_yy",
    "dKg_zy",
    "dKg_xz",
    "dKg_yz",
    "dKg_zz",
    "dKa_xx",
    "dKa_xy",
    "dKa_xz",
    "dKa_yy",
    "dKa_yz",
    "dKa_zz",
    "Ka2_x",
    "Ka2_y",
    "Ka2_z",
    "rx_x",
    "rx_y",
    "rx_z",
    "ry_x",
    "ry_y",
    "ry_z"
  ],
  "param_errors": {
    "eb_x": {
      "true": 4.84813681109536e-07,
      "est": 4.623905904979007e-07,
      "abs_error": 2.242309061163534e-08,
      "pct_error": 4.625094440470049
    },
    "eb_y": {
      "true": 9.69627362219072e-07,
      "est": 9.749983189134327e-07,
      "abs_error": 5.370956694360633e-09,
      "pct_error": 0.5539196709619205
    },
    "eb_z": {
      "true": 1.4544410433286078e-06,
      "est": 1.4502623118242978e-06,
      "abs_error": 4.178731504310001e-09,
      "pct_error": 0.28730841469838
    },
    "db_x": {
      "true": 0.00097803267715,
      "est": 0.0009754897685155222,
      "abs_error": 2.5429086344776804e-06,
      "pct_error": 0.26000242056203576
    },
    "db_y": {
      "true": 0.0019560653543,
      "est": 0.0019565991668250692,
      "abs_error": 5.338125250694062e-07,
      "pct_error": 0.027290117065666093
    },
    "db_z": {
      "true": 0.00293409803145,
      "est": 0.0030254715905590705,
      "abs_error": 9.13735591090703e-05,
      "pct_error": 3.1141958492748265
    },
    "dKg_xx": {
      "true": -9.99999999995449e-06,
      "est": 4.919507922140909e-06,
      "abs_error": 1.4919507922095399e-05,
      "pct_error": 149.19507922163297
    },
    "dKg_yx": {
      "true": 0.0001454441043328608,
      "est": 0.00014552234203689006,
      "abs_error": 7.823770402926576e-08,
      "pct_error": 0.05379228287604724
    },
    "dKg_zx": {
      "true": 0.00024240684055476798,
      "est": 0.0002337576224223519,
      "abs_error": 8.649218132416079e-06,
      "pct_error": 3.56805860454335
    },
    "dKg_xy": {
      "true": 4.84813681109536e-05,
      "est": 4.8258077345259915e-05,
      "abs_error": 2.232907656936822e-07,
      "pct_error": 0.46057026522573147
    },
    "dKg_yy": {
      "true": -2.0000000000020002e-05,
      "est": -2.033880226637308e-05,
      "abs_error": 3.3880226635307764e-07,
      "pct_error": 1.694011331763694
    },
    "dKg_zy": {
      "true": 0.0002908882086657216,
      "est": 0.0002971748492608611,
      "abs_error": 6.286640595139529e-06,
      "pct_error": 2.1611878405026426
    },
    "dKg_xz": {
      "true": 9.69627362219072e-05,
      "est": 0.00010596274930746089,
      "abs_error": 9.000013085553693e-06,
      "pct_error": 9.281929776565322
    },
    "dKg_yz": {
      "true": 0.0001939254724438144,
      "est": 0.00018717695765725132,
      "abs_error": 6.748514786563065e-06,
      "pct_error": 3.4799527372652386
    },
    "dKg_zz": {
      "true": -2.999999999997449e-05,
      "est": -1.5281864627736397e-05,
      "abs_error": 1.4718135372238095e-05,
      "pct_error": 49.06045124083536
    },
    "dKa_xx": {
      "true": -9.99999999995449e-06,
      "est": -1.773427381279724e-05,
      "abs_error": 7.734273812842751e-06,
      "pct_error": 77.3427381287795
    },
    "dKa_xy": {
      "true": 4.84813681109536e-05,
      "est": 4.777125648722381e-05,
      "abs_error": 7.101116237297889e-07,
      "pct_error": 1.4647103648243591
    },
    "dKa_xz": {
      "true": 9.69627362219072e-05,
      "est": 0.00010529692001219956,
      "abs_error": 8.33418379029237e-06,
      "pct_error": 8.595244023661735
    },
    "dKa_yy": {
      "true": -2.0000000000020002e-05,
      "est": -8.61184576317342e-07,
      "abs_error": 1.913881542370266e-05,
      "pct_error": 95.6940771184176
    },
    "dKa_yz": {
      "true": 0.0001939254724438144,
      "est": 0.00018789917667372345,
      "abs_error": 6.026295770090941e-06,
      "pct_error": 3.107531823513761
    },
    "dKa_zz": {
      "true": -2.999999999997449e-05,
      "est": -2.9941256664667293e-05,
      "abs_error": 5.874333530719866e-08,
      "pct_error": 0.19581111769082868
    },
    "Ka2_x": {
      "true": 1.0224607248440952e-06,
      "est": 2.5414663113185586e-07,
      "abs_error": 7.683140937122394e-07,
      "pct_error": 75.14362899654576
    },
    "Ka2_y": {
      "true": 2.0449214496881904e-06,
      "est": 2.005893507539483e-09,
      "abs_error": 2.042915556180651e-06,
      "pct_error": 99.90190853013718
    },
    "Ka2_z": {
      "true": 3.0673821745322856e-06,
      "est": 2.14590165279751e-06,
      "abs_error": 9.214805217347756e-07,
      "pct_error": 30.041268720461378
    },
    "rx_x": {
      "true": 0.01,
      "est": 0.01082366701159841,
      "abs_error": 0.0008236670115984099,
      "pct_error": 8.236670115984099
    },
    "rx_y": {
      "true": 0.02,
      "est": 0.019862763714167266,
      "abs_error": 0.00013723628583273487,
      "pct_error": 0.6861814291636743
    },
    "rx_z": {
      "true": 0.03,
      "est": 0.030769995382252537,
      "abs_error": 0.0007699953822525377,
      "pct_error": 2.5666512741751255
    },
    "ry_x": {
      "true": 0.04,
      "est": 0.041155205551885905,
      "abs_error": 0.0011552055518859045,
      "pct_error": 2.888013879714761
    },
    "ry_y": {
      "true": 0.05,
      "est": 0.05013104265848477,
      "abs_error": 0.0001310426584847646,
      "pct_error": 0.2620853169695292
    },
    "ry_z": {
      "true": 0.06,
      "est": 0.06054280305528131,
      "abs_error": 0.0005428030552813157,
      "pct_error": 0.9046717588021929
    }
  },
  "focus_scale_pct": {
    "dKg_xx": 149.19507922163297,
    "dKg_xy": 0.46057026522573147,
    "dKg_yy": 1.694011331763694,
    "dKg_zz": 49.06045124083536,
    "dKa_xx": 77.3427381287795
  },
  "lever_guard_pct": {
    "rx_y": 0.6861814291636743,
    "ry_z": 0.9046717588021929
  },
  "overall": {
    "mean_pct_error": 21.161801227102828,
    "median_pct_error": 2.997772851614261,
    "max_pct_error": 149.19507922163297
  },
  "extra": {
    "noise_scale": 0.08,
    "noise_config": {
      "arw_dpsh": 0.0004,
      "vrw_ugpsHz": 0.4,
      "bi_g_dph": 0.00016,
      "bi_a_ug": 0.4,
      "tau_g": 300.0,
      "tau_a": 300.0,
      "seed": 42,
      "base_family": "round53_round61_shared"
    },
    "comparison_mode": "ch3_closedloop_local_insertions",
    "candidate_name": "midgw_l6_pair_pos_d8",
    "method_key": "markov42_noisy",
    "legality": "faithful12_base_plus_closed_loop_local_insertions",
    "time_total_s": 1241.0
  }
}