{
  "variant": "late10_zpair_pos_med_then_late11_yneg_xpair_return_markov42_noisy_noise0p08",
  "method_file": "search_ch3_12pos_closedloop_local_insertions.py",
  "source_file": "/root/.openclaw/workspace/tmp_psins_py/psins_py/test_calibration_markov_pruned.py",
  "param_order": [
    "eb_x",
    "eb_y",
    "eb_z",
    "db_x",
    "db_y",
    "db_z",
    "dKg_xx",
    "dKg_yx",
    "dKg_zx",
    "dKg_xy",
    "dKg_yy",
    "dKg_zy",
    "dKg_xz",
    "dKg_yz",
    "dKg_zz",
    "dKa_xx",
    "dKa_xy",
    "dKa_xz",
    "dKa_yy",
    "dKa_yz",
    "dKa_zz",
    "Ka2_x",
    "Ka2_y",
    "Ka2_z",
    "rx_x",
    "rx_y",
    "rx_z",
    "ry_x",
    "ry_y",
    "ry_z"
  ],
  "param_errors": {
    "eb_x": {
      "true": 4.84813681109536e-07,
      "est": 4.5901204150996293e-07,
      "abs_error": 2.5801639599573115e-08,
      "pct_error": 5.321970192863357
    },
    "eb_y": {
      "true": 9.69627362219072e-07,
      "est": 9.746087963160111e-07,
      "abs_error": 4.981434096939052e-09,
      "pct_error": 0.5137472694189065
    },
    "eb_z": {
      "true": 1.4544410433286078e-06,
      "est": 1.4464265320174698e-06,
      "abs_error": 8.014511311138054e-09,
      "pct_error": 0.5510372075856844
    },
    "db_x": {
      "true": 0.00097803267715,
      "est": 0.0009785681811969997,
      "abs_error": 5.355040469997435e-07,
      "pct_error": 0.05475318560523043
    },
    "db_y": {
      "true": 0.0019560653543,
      "est": 0.0019574119080017554,
      "abs_error": 1.3465537017556123e-06,
      "pct_error": 0.06883991369692716
    },
    "db_z": {
      "true": 0.00293409803145,
      "est": 0.002939277947339105,
      "abs_error": 5.179915889104696e-06,
      "pct_error": 0.17654201848684778
    },
    "dKg_xx": {
      "true": -9.99999999995449e-06,
      "est": -1.4135716255303521e-05,
      "abs_error": 4.135716255349031e-06,
      "pct_error": 41.35716255367853
    },
    "dKg_yx": {
      "true": 0.0001454441043328608,
      "est": 0.00014551223392413466,
      "abs_error": 6.812959127386916e-08,
      "pct_error": 0.0468424564793283
    },
    "dKg_zx": {
      "true": 0.00024240684055476798,
      "est": 0.0002418138277143046,
      "abs_error": 5.930128404633788e-07,
      "pct_error": 0.24463535728043817
    },
    "dKg_xy": {
      "true": 4.84813681109536e-05,
      "est": 4.848870476899355e-05,
      "abs_error": 7.336658039955085e-09,
      "pct_error": 0.015132943491125376
    },
    "dKg_yy": {
      "true": -2.0000000000020002e-05,
      "est": -1.9665046265382458e-05,
      "abs_error": 3.349537346375442e-07,
      "pct_error": 1.6747686731860458
    },
    "dKg_zy": {
      "true": 0.0002908882086657216,
      "est": 0.0003076737391549562,
      "abs_error": 1.6785530489234635e-05,
      "pct_error": 5.770440323527851
    },
    "dKg_xz": {
      "true": 9.69627362219072e-05,
      "est": 9.72633423502462e-05,
      "abs_error": 3.0060612833900156e-07,
      "pct_error": 0.3100223240926697
    },
    "dKg_yz": {
      "true": 0.0001939254724438144,
      "est": 0.0001768542842727745,
      "abs_error": 1.707118817103988e-05,
      "pct_error": 8.80296330126816
    },
    "dKg_zz": {
      "true": -2.999999999997449e-05,
      "est": 1.9246077836987396e-06,
      "abs_error": 3.192460778367323e-05,
      "pct_error": 106.41535927900125
    },
    "dKa_xx": {
      "true": -9.99999999995449e-06,
      "est": -9.759507816342605e-06,
      "abs_error": 2.404921836118845e-07,
      "pct_error": 2.4049218361297897
    },
    "dKa_xy": {
      "true": 4.84813681109536e-05,
      "est": 4.519422182781384e-05,
      "abs_error": 3.2871462831397534e-06,
      "pct_error": 6.780225911976842
    },
    "dKa_xz": {
      "true": 9.69627362219072e-05,
      "est": 9.634119356429584e-05,
      "abs_error": 6.215426576113578e-07,
      "pct_error": 0.6410118792325604
    },
    "dKa_yy": {
      "true": -2.0000000000020002e-05,
      "est": -4.06648849393676e-06,
      "abs_error": 1.5933511506083242e-05,
      "pct_error": 79.66755753033654
    },
    "dKa_yz": {
      "true": 0.0001939254724438144,
      "est": 0.0001773685238029446,
      "abs_error": 1.655694864086978e-05,
      "pct_error": 8.537789508630327
    },
    "dKa_zz": {
      "true": -2.999999999997449e-05,
      "est": -3.0044939884232846e-05,
      "abs_error": 4.493988425835482e-08,
      "pct_error": 0.14979961419464347
    },
    "Ka2_x": {
      "true": 1.0224607248440952e-06,
      "est": 1.0357090417110329e-06,
      "abs_error": 1.3248316866937661e-08,
      "pct_error": 1.2957286813102542
    },
    "Ka2_y": {
      "true": 2.0449214496881904e-06,
      "est": 8.544842836474645e-10,
      "abs_error": 2.044066965404543e-06,
      "pct_error": 99.95821432242408
    },
    "Ka2_z": {
      "true": 3.0673821745322856e-06,
      "est": 3.0311996379095822e-06,
      "abs_error": 3.61825366227034e-08,
      "pct_error": 1.1795901053060176
    },
    "rx_x": {
      "true": 0.01,
      "est": 0.009775258259783865,
      "abs_error": 0.00022474174021613544,
      "pct_error": 2.2474174021613544
    },
    "rx_y": {
      "true": 0.02,
      "est": 0.02001932753352515,
      "abs_error": 1.932753352515068e-05,
      "pct_error": 0.0966376676257534
    },
    "rx_z": {
      "true": 0.03,
      "est": 0.030381136398174934,
      "abs_error": 0.00038113639817493467,
      "pct_error": 1.2704546605831157
    },
    "ry_x": {
      "true": 0.04,
      "est": 0.04005929316114548,
      "abs_error": 5.929316114548083e-05,
      "pct_error": 0.14823290286370208
    },
    "ry_y": {
      "true": 0.05,
      "est": 0.050211926831637166,
      "abs_error": 0.00021192683163716308,
      "pct_error": 0.42385366327432616
    },
    "ry_z": {
      "true": 0.06,
      "est": 0.06043744692137515,
      "abs_error": 0.00043744692137515084,
      "pct_error": 0.7290782022919181
    }
  },
  "focus_scale_pct": {
    "dKg_xx": 41.35716255367853,
    "dKg_xy": 0.015132943491125376,
    "dKg_yy": 1.6747686731860458,
    "dKg_zz": 106.41535927900125,
    "dKa_xx": 2.4049218361297897
  },
  "lever_guard_pct": {
    "rx_y": 0.0966376676257534,
    "ry_z": 0.7290782022919181
  },
  "overall": {
    "mean_pct_error": 12.561824362933455,
    "median_pct_error": 0.9543341537989678,
    "max_pct_error": 106.41535927900125
  },
  "extra": {
    "noise_scale": 0.08,
    "noise_config": {
      "arw_dpsh": 0.0004,
      "vrw_ugpsHz": 0.4,
      "bi_g_dph": 0.00016,
      "bi_a_ug": 0.4,
      "tau_g": 300.0,
      "tau_a": 300.0,
      "seed": 42,
      "base_family": "round53_round61_shared"
    },
    "comparison_mode": "ch3_closedloop_local_insertions",
    "candidate_name": "late10_zpair_pos_med_then_late11_yneg_xpair_return",
    "method_key": "markov42_noisy",
    "legality": "faithful12_base_plus_closed_loop_local_insertions",
    "time_total_s": 1270.0
  }
}