{
  "variant": "splitbookend_l7neg1_l12x2_on_entry_markov42_noisy_noise0p08",
  "method_file": "search_ch3_12pos_closedloop_local_insertions.py",
  "source_file": "/root/.openclaw/workspace/tmp_psins_py/psins_py/test_calibration_markov_pruned.py",
  "param_order": [
    "eb_x",
    "eb_y",
    "eb_z",
    "db_x",
    "db_y",
    "db_z",
    "dKg_xx",
    "dKg_yx",
    "dKg_zx",
    "dKg_xy",
    "dKg_yy",
    "dKg_zy",
    "dKg_xz",
    "dKg_yz",
    "dKg_zz",
    "dKa_xx",
    "dKa_xy",
    "dKa_xz",
    "dKa_yy",
    "dKa_yz",
    "dKa_zz",
    "Ka2_x",
    "Ka2_y",
    "Ka2_z",
    "rx_x",
    "rx_y",
    "rx_z",
    "ry_x",
    "ry_y",
    "ry_z"
  ],
  "param_errors": {
    "eb_x": {
      "true": 4.84813681109536e-07,
      "est": 4.5328097360621876e-07,
      "abs_error": 3.153270750331729e-08,
      "pct_error": 6.504087803618101
    },
    "eb_y": {
      "true": 9.69627362219072e-07,
      "est": 9.664612299108849e-07,
      "abs_error": 3.166132308187213e-09,
      "pct_error": 0.32653083355045365
    },
    "eb_z": {
      "true": 1.4544410433286078e-06,
      "est": 1.4509419621274314e-06,
      "abs_error": 3.4990812011764657e-09,
      "pct_error": 0.24057910200117366
    },
    "db_x": {
      "true": 0.00097803267715,
      "est": 0.0009800511713998943,
      "abs_error": 2.018494249894382e-06,
      "pct_error": 0.20638310938406482
    },
    "db_y": {
      "true": 0.0019560653543,
      "est": 0.0019685893482755254,
      "abs_error": 1.2523993975525546e-05,
      "pct_error": 0.6402645979079467
    },
    "db_z": {
      "true": 0.00293409803145,
      "est": 0.0029352455163887204,
      "abs_error": 1.14748493872021e-06,
      "pct_error": 0.039108609406384935
    },
    "dKg_xx": {
      "true": -9.99999999995449e-06,
      "est": -1.0345373534503821e-05,
      "abs_error": 3.453735345493314e-07,
      "pct_error": 3.453735345509032
    },
    "dKg_yx": {
      "true": 0.0001454441043328608,
      "est": 0.000144973590739822,
      "abs_error": 4.705135930387853e-07,
      "pct_error": 0.3235013170159006
    },
    "dKg_zx": {
      "true": 0.00024240684055476798,
      "est": 0.00024273151772304582,
      "abs_error": 3.246771682778376e-07,
      "pct_error": 0.13393894641536816
    },
    "dKg_xy": {
      "true": 4.84813681109536e-05,
      "est": 4.8671798691990503e-05,
      "abs_error": 1.904305810369067e-07,
      "pct_error": 0.39279126901099537
    },
    "dKg_yy": {
      "true": -2.0000000000020002e-05,
      "est": -1.9751701108683406e-05,
      "abs_error": 2.4829889133659577e-07,
      "pct_error": 1.2414944566817374
    },
    "dKg_zy": {
      "true": 0.0002908882086657216,
      "est": 0.00029116236974454176,
      "abs_error": 2.741610788201815e-07,
      "pct_error": 0.09424963633889942
    },
    "dKg_xz": {
      "true": 9.69627362219072e-05,
      "est": 9.799250846196294e-05,
      "abs_error": 1.0297722400557491e-06,
      "pct_error": 1.0620288578686874
    },
    "dKg_yz": {
      "true": 0.0001939254724438144,
      "est": 0.00019396300032204023,
      "abs_error": 3.7527878225845e-08,
      "pct_error": 0.019351701327796365
    },
    "dKg_zz": {
      "true": -2.999999999997449e-05,
      "est": -2.9851720185103403e-05,
      "abs_error": 1.4827981487108843e-07,
      "pct_error": 0.49426604957071507
    },
    "dKa_xx": {
      "true": -9.99999999995449e-06,
      "est": -9.736101756363524e-06,
      "abs_error": 2.6389824359096536e-07,
      "pct_error": 2.638982435921664
    },
    "dKa_xy": {
      "true": 4.84813681109536e-05,
      "est": 4.866279775055178e-05,
      "abs_error": 1.8142963959818072e-07,
      "pct_error": 0.3742254945919927
    },
    "dKa_xz": {
      "true": 9.69627362219072e-05,
      "est": 9.682286047300379e-05,
      "abs_error": 1.3987574890340112e-07,
      "pct_error": 0.14425722123113768
    },
    "dKa_yy": {
      "true": -2.0000000000020002e-05,
      "est": -1.9749468591845343e-05,
      "abs_error": 2.50531408174659e-07,
      "pct_error": 1.2526570408720423
    },
    "dKa_yz": {
      "true": 0.0001939254724438144,
      "est": 0.0001940585074487084,
      "abs_error": 1.3303500489401e-07,
      "pct_error": 0.06860109877136122
    },
    "dKa_zz": {
      "true": -2.999999999997449e-05,
      "est": -2.9215671764282192e-05,
      "abs_error": 7.843282356922998e-07,
      "pct_error": 2.6144274523098887
    },
    "Ka2_x": {
      "true": 1.0224607248440952e-06,
      "est": 9.947754042181175e-07,
      "abs_error": 2.7685320625977752e-08,
      "pct_error": 2.7077148249581136
    },
    "Ka2_y": {
      "true": 2.0449214496881904e-06,
      "est": 1.954033098998106e-06,
      "abs_error": 9.088835069008424e-08,
      "pct_error": 4.444588847358557
    },
    "Ka2_z": {
      "true": 3.0673821745322856e-06,
      "est": 3.079301648423376e-06,
      "abs_error": 1.191947389109016e-08,
      "pct_error": 0.38858783199741453
    },
    "rx_x": {
      "true": 0.01,
      "est": 0.010040530067028547,
      "abs_error": 4.0530067028546335e-05,
      "pct_error": 0.40530067028546335
    },
    "rx_y": {
      "true": 0.02,
      "est": 0.0201808328515755,
      "abs_error": 0.00018083285157549991,
      "pct_error": 0.9041642578774995
    },
    "rx_z": {
      "true": 0.03,
      "est": 0.030262975848442196,
      "abs_error": 0.00026297584844219707,
      "pct_error": 0.8765861614739903
    },
    "ry_x": {
      "true": 0.04,
      "est": 0.04068211117025106,
      "abs_error": 0.0006821111702510624,
      "pct_error": 1.705277925627656
    },
    "ry_y": {
      "true": 0.05,
      "est": 0.05029216191529037,
      "abs_error": 0.0002921619152903704,
      "pct_error": 0.5843238305807408
    },
    "ry_z": {
      "true": 0.06,
      "est": 0.06075356707537056,
      "abs_error": 0.0007535670753705606,
      "pct_error": 1.255945125617601
    }
  },
  "focus_scale_pct": {
    "dKg_xx": 3.453735345509032,
    "dKg_xy": 0.39279126901099537,
    "dKg_yy": 1.2414944566817374,
    "dKg_zz": 0.49426604957071507,
    "dKa_xx": 2.638982435921664
  },
  "lever_guard_pct": {
    "rx_y": 0.9041642578774995,
    "ry_z": 1.255945125617601
  },
  "overall": {
    "mean_pct_error": 1.1845983951694128,
    "median_pct_error": 0.5392949400757279,
    "max_pct_error": 6.504087803618101
  },
  "extra": {
    "noise_scale": 0.08,
    "noise_config": {
      "arw_dpsh": 0.0004,
      "vrw_ugpsHz": 0.4,
      "bi_g_dph": 0.00016,
      "bi_a_ug": 0.4,
      "tau_g": 300.0,
      "tau_a": 300.0,
      "seed": 42,
      "base_family": "round53_round61_shared"
    },
    "comparison_mode": "corrected_att0_hidden_next3",
    "candidate_name": "splitbookend_l7neg1_l12x2_on_entry",
    "method_key": "markov42_noisy",
    "legality": "faithful12_base_plus_closed_loop_local_insertions",
    "time_total_s": 1364.0,
    "att0_deg": [
      0.0,
      0.0,
      0.0
    ],
    "candidate_registry_key": "splitbookend_l7neg1_l12x2_on_entry",
    "family": "anchor7_to12_split_bookend_chain_on_corrected_entry",
    "hypothesis_id": "H2"
  }
}