{
  "variant": "twoanchor_l10_zpair_pos4_plus_l11_bestmean_markov42_noisy_noise0p08",
  "method_file": "search_ch3_12pos_closedloop_local_insertions.py",
  "source_file": "/root/.openclaw/workspace/tmp_psins_py/psins_py/test_calibration_markov_pruned.py",
  "param_order": [
    "eb_x",
    "eb_y",
    "eb_z",
    "db_x",
    "db_y",
    "db_z",
    "dKg_xx",
    "dKg_yx",
    "dKg_zx",
    "dKg_xy",
    "dKg_yy",
    "dKg_zy",
    "dKg_xz",
    "dKg_yz",
    "dKg_zz",
    "dKa_xx",
    "dKa_xy",
    "dKa_xz",
    "dKa_yy",
    "dKa_yz",
    "dKa_zz",
    "Ka2_x",
    "Ka2_y",
    "Ka2_z",
    "rx_x",
    "rx_y",
    "rx_z",
    "ry_x",
    "ry_y",
    "ry_z"
  ],
  "param_errors": {
    "eb_x": {
      "true": 4.84813681109536e-07,
      "est": 4.6498018823724987e-07,
      "abs_error": 1.9833492872286177e-08,
      "pct_error": 4.090951564505274
    },
    "eb_y": {
      "true": 9.69627362219072e-07,
      "est": 9.711837573744163e-07,
      "abs_error": 1.5563951553441693e-09,
      "pct_error": 0.16051477258049224
    },
    "eb_z": {
      "true": 1.4544410433286078e-06,
      "est": 1.44381100115383e-06,
      "abs_error": 1.063004217477792e-08,
      "pct_error": 0.7308678631930102
    },
    "db_x": {
      "true": 0.00097803267715,
      "est": 0.0009789141303611778,
      "abs_error": 8.814532111778902e-07,
      "pct_error": 0.09012512892171011
    },
    "db_y": {
      "true": 0.0019560653543,
      "est": 0.001958980015771948,
      "abs_error": 2.9146614719480907e-06,
      "pct_error": 0.14900634406416013
    },
    "db_z": {
      "true": 0.00293409803145,
      "est": 0.0029413577995475127,
      "abs_error": 7.259768097512588e-06,
      "pct_error": 0.24742759170609196
    },
    "dKg_xx": {
      "true": -9.99999999995449e-06,
      "est": -1.2286358187285629e-05,
      "abs_error": 2.286358187331139e-06,
      "pct_error": 22.86358187341544
    },
    "dKg_yx": {
      "true": 0.0001454441043328608,
      "est": 0.00014537539652625765,
      "abs_error": 6.870780660313703e-08,
      "pct_error": 0.047240008055530094
    },
    "dKg_zx": {
      "true": 0.00024240684055476798,
      "est": 0.00024140972227937747,
      "abs_error": 9.971182753905166e-07,
      "pct_error": 0.4113408157577276
    },
    "dKg_xy": {
      "true": 4.84813681109536e-05,
      "est": 4.860719603211042e-05,
      "abs_error": 1.2582792115682612e-07,
      "pct_error": 0.25953871777887655
    },
    "dKg_yy": {
      "true": -2.0000000000020002e-05,
      "est": -1.9286846698607363e-05,
      "abs_error": 7.13153301412639e-07,
      "pct_error": 3.565766507059629
    },
    "dKg_zy": {
      "true": 0.0002908882086657216,
      "est": 0.00029949997980611385,
      "abs_error": 8.611771140392267e-06,
      "pct_error": 2.9605088428622452
    },
    "dKg_xz": {
      "true": 9.69627362219072e-05,
      "est": 9.698696995791856e-05,
      "abs_error": 2.4233736011365593e-08,
      "pct_error": 0.024992834315138032
    },
    "dKg_yz": {
      "true": 0.0001939254724438144,
      "est": 0.00018505392986881687,
      "abs_error": 8.871542574997521e-06,
      "pct_error": 4.574717525861825
    },
    "dKg_zz": {
      "true": -2.999999999997449e-05,
      "est": -1.1184968923716454e-05,
      "abs_error": 1.8815031076258038e-05,
      "pct_error": 62.71677025424679
    },
    "dKa_xx": {
      "true": -9.99999999995449e-06,
      "est": -9.595817896279613e-06,
      "abs_error": 4.0418210367487717e-07,
      "pct_error": 4.041821036767166
    },
    "dKa_xy": {
      "true": 4.84813681109536e-05,
      "est": 4.365375387038109e-05,
      "abs_error": 4.827614240572508e-06,
      "pct_error": 9.957669159674117
    },
    "dKa_xz": {
      "true": 9.69627362219072e-05,
      "est": 9.637560777402899e-05,
      "abs_error": 5.871284478782015e-07,
      "pct_error": 0.6055196777187781
    },
    "dKa_yy": {
      "true": -2.0000000000020002e-05,
      "est": -2.6085413922238843e-06,
      "abs_error": 1.7391458607796118e-05,
      "pct_error": 86.95729303889362
    },
    "dKa_yz": {
      "true": 0.0001939254724438144,
      "est": 0.00018524034822719237,
      "abs_error": 8.685124216622017e-06,
      "pct_error": 4.478588659433762
    },
    "dKa_zz": {
      "true": -2.999999999997449e-05,
      "est": -3.0316565764243464e-05,
      "abs_error": 3.165657642689723e-07,
      "pct_error": 1.055219214230805
    },
    "Ka2_x": {
      "true": 1.0224607248440952e-06,
      "est": 1.053564980172194e-06,
      "abs_error": 3.1104255328098725e-08,
      "pct_error": 3.042097810929755
    },
    "Ka2_y": {
      "true": 2.0449214496881904e-06,
      "est": 6.936895555019675e-09,
      "abs_error": 2.037984554133171e-06,
      "pct_error": 99.6607744734607
    },
    "Ka2_z": {
      "true": 3.0673821745322856e-06,
      "est": 3.0204916196364253e-06,
      "abs_error": 4.6890554895860336e-08,
      "pct_error": 1.5286831645949108
    },
    "rx_x": {
      "true": 0.01,
      "est": 0.010018178897354976,
      "abs_error": 1.8178897354975687e-05,
      "pct_error": 0.18178897354975687
    },
    "rx_y": {
      "true": 0.02,
      "est": 0.019901099360747604,
      "abs_error": 9.890063925239653e-05,
      "pct_error": 0.4945031962619827
    },
    "rx_z": {
      "true": 0.03,
      "est": 0.030394074276604354,
      "abs_error": 0.0003940742766043552,
      "pct_error": 1.3135809220145174
    },
    "ry_x": {
      "true": 0.04,
      "est": 0.04052803732784276,
      "abs_error": 0.0005280373278427619,
      "pct_error": 1.320093319606905
    },
    "ry_y": {
      "true": 0.05,
      "est": 0.04993807429240167,
      "abs_error": 6.192570759833149e-05,
      "pct_error": 0.12385141519666298
    },
    "ry_z": {
      "true": 0.06,
      "est": 0.06070673102048279,
      "abs_error": 0.0007067310204827912,
      "pct_error": 1.1778850341379854
    }
  },
  "focus_scale_pct": {
    "dKg_xx": 22.86358187341544,
    "dKg_xy": 0.25953871777887655,
    "dKg_yy": 3.565766507059629,
    "dKg_zz": 62.71677025424679,
    "dKa_xx": 4.041821036767166
  },
  "lever_guard_pct": {
    "rx_y": 0.4945031962619827,
    "ry_z": 1.1778850341379854
  },
  "overall": {
    "mean_pct_error": 10.62775732469318,
    "median_pct_error": 1.2457329780762514,
    "max_pct_error": 99.6607744734607
  },
  "extra": {
    "noise_scale": 0.08,
    "noise_config": {
      "arw_dpsh": 0.0004,
      "vrw_ugpsHz": 0.4,
      "bi_g_dph": 0.00016,
      "bi_a_ug": 0.4,
      "tau_g": 300.0,
      "tau_a": 300.0,
      "seed": 42,
      "base_family": "round53_round61_shared"
    },
    "comparison_mode": "ch3_closedloop_local_insertions",
    "candidate_name": "twoanchor_l10_zpair_pos4_plus_l11_bestmean",
    "method_key": "markov42_noisy",
    "legality": "faithful12_base_plus_closed_loop_local_insertions",
    "time_total_s": 1302.0
  }
}