{
  "variant": "42state_gm1_shared_noise1p5",
  "method_file": "baseline_direct_run_calibration_shared_noise1p5",
  "source_file": "/root/.openclaw/workspace/tmp_psins_py/psins_py/test_calibration_markov_pruned.py",
  "param_order": [
    "eb_x",
    "eb_y",
    "eb_z",
    "db_x",
    "db_y",
    "db_z",
    "dKg_xx",
    "dKg_yx",
    "dKg_zx",
    "dKg_xy",
    "dKg_yy",
    "dKg_zy",
    "dKg_xz",
    "dKg_yz",
    "dKg_zz",
    "dKa_xx",
    "dKa_xy",
    "dKa_xz",
    "dKa_yy",
    "dKa_yz",
    "dKa_zz",
    "Ka2_x",
    "Ka2_y",
    "Ka2_z",
    "rx_x",
    "rx_y",
    "rx_z",
    "ry_x",
    "ry_y",
    "ry_z"
  ],
  "param_errors": {
    "eb_x": {
      "true": 4.84813681109536e-07,
      "est": 4.951016618831674e-07,
      "abs_error": 1.0287980773631348e-08,
      "pct_error": 2.1220483609469225
    },
    "eb_y": {
      "true": 9.69627362219072e-07,
      "est": 9.017088438558679e-07,
      "abs_error": 6.79185183632042e-08,
      "pct_error": 7.004600015388084
    },
    "eb_z": {
      "true": 1.4544410433286078e-06,
      "est": 1.34889292239776e-06,
      "abs_error": 1.0554812093084786e-07,
      "pct_error": 7.25695423784881
    },
    "db_x": {
      "true": 0.00097803267715,
      "est": 0.0010066492429555759,
      "abs_error": 2.8616565805575974e-05,
      "pct_error": 2.925931461611796
    },
    "db_y": {
      "true": 0.0019560653543,
      "est": 0.002021187930801597,
      "abs_error": 6.512257650159725e-05,
      "pct_error": 3.329263838676909
    },
    "db_z": {
      "true": 0.00293409803145,
      "est": 0.0031058617844346324,
      "abs_error": 0.00017176375298463224,
      "pct_error": 5.854056379286973
    },
    "dKg_xx": {
      "true": -9.99999999995449e-06,
      "est": -4.094073994487246e-06,
      "abs_error": 5.9059260054672436e-06,
      "pct_error": 59.05926005494122
    },
    "dKg_yx": {
      "true": 0.0001454441043328608,
      "est": 0.00013932341953478133,
      "abs_error": 6.120684798079464e-06,
      "pct_error": 4.208272879918029
    },
    "dKg_zx": {
      "true": 0.00024240684055476798,
      "est": 0.00025079611394275477,
      "abs_error": 8.389273387986786e-06,
      "pct_error": 3.460823699854032
    },
    "dKg_xy": {
      "true": 4.84813681109536e-05,
      "est": 4.113921879494087e-05,
      "abs_error": 7.342149316012725e-06,
      "pct_error": 15.144270061046159
    },
    "dKg_yy": {
      "true": -2.0000000000020002e-05,
      "est": -1.593909676755878e-05,
      "abs_error": 4.0609032324612215e-06,
      "pct_error": 20.3045161622858
    },
    "dKg_zy": {
      "true": 0.0002908882086657216,
      "est": 0.0002934526866376379,
      "abs_error": 2.5644779719163164e-06,
      "pct_error": 0.8816025866704427
    },
    "dKg_xz": {
      "true": 9.69627362219072e-05,
      "est": 9.279226690101435e-05,
      "abs_error": 4.17046932089284e-06,
      "pct_error": 4.301105232167107
    },
    "dKg_yz": {
      "true": 0.0001939254724438144,
      "est": 0.0001902466525257905,
      "abs_error": 3.678819918023898e-06,
      "pct_error": 1.8970276940228958
    },
    "dKg_zz": {
      "true": -2.999999999997449e-05,
      "est": -3.3689021521343676e-05,
      "abs_error": 3.6890215213691846e-06,
      "pct_error": 12.296738404574405
    },
    "dKa_xx": {
      "true": -9.99999999995449e-06,
      "est": -7.5254877625052785e-06,
      "abs_error": 2.4745122374492112e-06,
      "pct_error": 24.745122374604726
    },
    "dKa_xy": {
      "true": 4.84813681109536e-05,
      "est": 4.6738969141447885e-05,
      "abs_error": 1.7423989695057121e-06,
      "pct_error": 3.593955858502361
    },
    "dKa_xz": {
      "true": 9.69627362219072e-05,
      "est": 8.940724431209057e-05,
      "abs_error": 7.555491909816623e-06,
      "pct_error": 7.792160374399149
    },
    "dKa_yy": {
      "true": -2.0000000000020002e-05,
      "est": -2.0705157619094194e-05,
      "abs_error": 7.051576190741926e-07,
      "pct_error": 3.5257880953674365
    },
    "dKa_yz": {
      "true": 0.0001939254724438144,
      "est": 0.00019064179769505453,
      "abs_error": 3.283674748759852e-06,
      "pct_error": 1.6932663395785843
    },
    "dKa_zz": {
      "true": -2.999999999997449e-05,
      "est": -2.6976369741804618e-05,
      "abs_error": 3.0236302581698737e-06,
      "pct_error": 10.078767527241482
    },
    "Ka2_x": {
      "true": 1.0224607248440952e-06,
      "est": 7.230408464742909e-07,
      "abs_error": 2.9941987836980437e-07,
      "pct_error": 29.284242523394717
    },
    "Ka2_y": {
      "true": 2.0449214496881904e-06,
      "est": 1.7046156501244117e-06,
      "abs_error": 3.403057995637787e-07,
      "pct_error": 16.64150960985169
    },
    "Ka2_z": {
      "true": 3.0673821745322856e-06,
      "est": 2.3820300077273513e-06,
      "abs_error": 6.853521668049343e-07,
      "pct_error": 22.343227149692776
    },
    "rx_x": {
      "true": 0.01,
      "est": 0.010007842963260578,
      "abs_error": 7.842963260578165e-06,
      "pct_error": 0.07842963260578165
    },
    "rx_y": {
      "true": 0.02,
      "est": 0.01831050939955853,
      "abs_error": 0.0016894906004414692,
      "pct_error": 8.447453002207347
    },
    "rx_z": {
      "true": 0.03,
      "est": 0.0291301921336533,
      "abs_error": 0.0008698078663466995,
      "pct_error": 2.8993595544889983
    },
    "ry_x": {
      "true": 0.04,
      "est": 0.03886596199586208,
      "abs_error": 0.001134038004137923,
      "pct_error": 2.8350950103448076
    },
    "ry_y": {
      "true": 0.05,
      "est": 0.04942383736962274,
      "abs_error": 0.0005761626303772624,
      "pct_error": 1.152325260754525
    },
    "ry_z": {
      "true": 0.06,
      "est": 0.05796600795319319,
      "abs_error": 0.002033992046806807,
      "pct_error": 3.389986744678011
    }
  },
  "focus_scale_pct": {
    "dKg_xx": 59.05926005494122,
    "dKg_xy": 15.144270061046159,
    "dKg_yy": 20.3045161622858,
    "dKg_zz": 12.296738404574405,
    "dKa_xx": 24.745122374604726
  },
  "lever_guard_pct": {
    "rx_y": 8.447453002207347,
    "ry_z": 3.389986744678011
  },
  "overall": {
    "mean_pct_error": 9.6182386708984,
    "median_pct_error": 4.254689056042568,
    "max_pct_error": 59.05926005494122
  },
  "extra": {
    "noise_scale": 1.5,
    "noise_config": {
      "arw_dpsh": 0.0075,
      "vrw_ugpsHz": 7.5,
      "bi_g_dph": 0.003,
      "bi_a_ug": 7.5,
      "tau_g": 300.0,
      "tau_a": 300.0,
      "seed": 42,
      "base_family": "round53_round61_shared"
    },
    "comparison_mode": "shared_dataset_apples_to_apples",
    "label": "42-GM1-BASELINE-SHARED-NOISE1P5"
  }
}