{
  "variant": "probe3_l9_diag_bfly_flip_d4_markov42_noisy_noise0p08",
  "method_file": "search_ch3_12pos_closedloop_local_insertions.py",
  "source_file": "/root/.openclaw/workspace/tmp_psins_py/psins_py/test_calibration_markov_pruned.py",
  "param_order": [
    "eb_x",
    "eb_y",
    "eb_z",
    "db_x",
    "db_y",
    "db_z",
    "dKg_xx",
    "dKg_yx",
    "dKg_zx",
    "dKg_xy",
    "dKg_yy",
    "dKg_zy",
    "dKg_xz",
    "dKg_yz",
    "dKg_zz",
    "dKa_xx",
    "dKa_xy",
    "dKa_xz",
    "dKa_yy",
    "dKa_yz",
    "dKa_zz",
    "Ka2_x",
    "Ka2_y",
    "Ka2_z",
    "rx_x",
    "rx_y",
    "rx_z",
    "ry_x",
    "ry_y",
    "ry_z"
  ],
  "param_errors": {
    "eb_x": {
      "true": 4.84813681109536e-07,
      "est": 4.644975020501787e-07,
      "abs_error": 2.0316179059357338e-08,
      "pct_error": 4.190512737359657
    },
    "eb_y": {
      "true": 9.69627362219072e-07,
      "est": 9.773089309567196e-07,
      "abs_error": 7.681568737647533e-09,
      "pct_error": 0.7922186436723103
    },
    "eb_z": {
      "true": 1.4544410433286078e-06,
      "est": 1.4455454900302116e-06,
      "abs_error": 8.895553298396256e-09,
      "pct_error": 0.611613192518141
    },
    "db_x": {
      "true": 0.00097803267715,
      "est": 0.000975834946744286,
      "abs_error": 2.1977304057138906e-06,
      "pct_error": 0.22470930236381323
    },
    "db_y": {
      "true": 0.0019560653543,
      "est": 0.0019557281205105853,
      "abs_error": 3.372337894144706e-07,
      "pct_error": 0.01724041523833203
    },
    "db_z": {
      "true": 0.00293409803145,
      "est": 0.0029588655352511583,
      "abs_error": 2.47675038011581e-05,
      "pct_error": 0.8441266629703665
    },
    "dKg_xx": {
      "true": -9.99999999995449e-06,
      "est": -2.0828618476631533e-06,
      "abs_error": 7.917138152291336e-06,
      "pct_error": 79.17138152327368
    },
    "dKg_yx": {
      "true": 0.0001454441043328608,
      "est": 0.00014576368206517236,
      "abs_error": 3.1957773231157047e-07,
      "pct_error": 0.21972546345377506
    },
    "dKg_zx": {
      "true": 0.00024240684055476798,
      "est": 0.00024027625354570756,
      "abs_error": 2.1305870090604275e-06,
      "pct_error": 0.8789302332328592
    },
    "dKg_xy": {
      "true": 4.84813681109536e-05,
      "est": 4.868196626249413e-05,
      "abs_error": 2.0059815154053069e-07,
      "pct_error": 0.41376338861033235
    },
    "dKg_yy": {
      "true": -2.0000000000020002e-05,
      "est": -2.0051663627285166e-05,
      "abs_error": 5.1663627265163825e-08,
      "pct_error": 0.2583181363255608
    },
    "dKg_zy": {
      "true": 0.0002908882086657216,
      "est": 0.00030165973326448143,
      "abs_error": 1.0771524598759854e-05,
      "pct_error": 3.7029773905817227
    },
    "dKg_xz": {
      "true": 9.69627362219072e-05,
      "est": 9.911645258167815e-05,
      "abs_error": 2.153716359770959e-06,
      "pct_error": 2.221179438296793
    },
    "dKg_yz": {
      "true": 0.0001939254724438144,
      "est": 0.00018330853274451194,
      "abs_error": 1.0616939699302442e-05,
      "pct_error": 5.47475252503431
    },
    "dKg_zz": {
      "true": -2.999999999997449e-05,
      "est": -1.9035642748521653e-05,
      "abs_error": 1.0964357251452839e-05,
      "pct_error": 36.54785750487387
    },
    "dKa_xx": {
      "true": -9.99999999995449e-06,
      "est": -1.1674046868526133e-05,
      "abs_error": 1.6740468685716436e-06,
      "pct_error": 16.740468685792624
    },
    "dKa_xy": {
      "true": 4.84813681109536e-05,
      "est": 4.755309014150181e-05,
      "abs_error": 9.282779694517863e-07,
      "pct_error": 1.9147107551242073
    },
    "dKa_xz": {
      "true": 9.69627362219072e-05,
      "est": 9.855880282914931e-05,
      "abs_error": 1.596066607242118e-06,
      "pct_error": 1.6460618475012796
    },
    "dKa_yy": {
      "true": -2.0000000000020002e-05,
      "est": -1.1218649469402209e-06,
      "abs_error": 1.887813505307978e-05,
      "pct_error": 94.39067526530451
    },
    "dKa_yz": {
      "true": 0.0001939254724438144,
      "est": 0.0001836860935761693,
      "abs_error": 1.0239378867645096e-05,
      "pct_error": 5.280058745563572
    },
    "dKa_zz": {
      "true": -2.999999999997449e-05,
      "est": -2.9980202230994735e-05,
      "abs_error": 1.9797768979756825e-08,
      "pct_error": 0.0659925632659122
    },
    "Ka2_x": {
      "true": 1.0224607248440952e-06,
      "est": 8.671480073354201e-07,
      "abs_error": 1.5531271750867514e-07,
      "pct_error": 15.190091290045125
    },
    "Ka2_y": {
      "true": 2.0449214496881904e-06,
      "est": 2.8826259397150806e-09,
      "abs_error": 2.042038823748475e-06,
      "pct_error": 99.85903488174792
    },
    "Ka2_z": {
      "true": 3.0673821745322856e-06,
      "est": 2.8299170706012965e-06,
      "abs_error": 2.3746510393098915e-07,
      "pct_error": 7.741621044244278
    },
    "rx_x": {
      "true": 0.01,
      "est": 0.010274680249095995,
      "abs_error": 0.00027468024909599494,
      "pct_error": 2.7468024909599493
    },
    "rx_y": {
      "true": 0.02,
      "est": 0.019810795802212275,
      "abs_error": 0.00018920419778772554,
      "pct_error": 0.9460209889386277
    },
    "rx_z": {
      "true": 0.03,
      "est": 0.030743638635838587,
      "abs_error": 0.000743638635838588,
      "pct_error": 2.478795452795293
    },
    "ry_x": {
      "true": 0.04,
      "est": 0.04059588183287827,
      "abs_error": 0.0005958818328782658,
      "pct_error": 1.4897045821956647
    },
    "ry_y": {
      "true": 0.05,
      "est": 0.05020998504857407,
      "abs_error": 0.00020998504857406425,
      "pct_error": 0.4199700971481285
    },
    "ry_z": {
      "true": 0.06,
      "est": 0.060479892157897994,
      "abs_error": 0.0004798921578979959,
      "pct_error": 0.7998202631633266
    }
  },
  "focus_scale_pct": {
    "dKg_xx": 79.17138152327368,
    "dKg_xy": 0.41376338861033235,
    "dKg_yy": 0.2583181363255608,
    "dKg_zz": 36.54785750487387,
    "dKa_xx": 16.740468685792624
  },
  "lever_guard_pct": {
    "rx_y": 0.9460209889386277,
    "ry_z": 0.7998202631633266
  },
  "overall": {
    "mean_pct_error": 12.909304517053199,
    "median_pct_error": 1.7803863013127434,
    "max_pct_error": 99.85903488174792
  },
  "extra": {
    "noise_scale": 0.08,
    "noise_config": {
      "arw_dpsh": 0.0004,
      "vrw_ugpsHz": 0.4,
      "bi_g_dph": 0.00016,
      "bi_a_ug": 0.4,
      "tau_g": 300.0,
      "tau_a": 300.0,
      "seed": 42,
      "base_family": "round53_round61_shared"
    },
    "comparison_mode": "ch3_closedloop_local_insertions",
    "candidate_name": "probe3_l9_diag_bfly_flip_d4",
    "method_key": "markov42_noisy",
    "legality": "faithful12_base_plus_closed_loop_local_insertions",
    "time_total_s": 1255.0
  }
}