{
  "variant": "probe5_l9_diag_bfly_same_split_10_6_markov42_noisy_noise0p08",
  "method_file": "search_ch3_12pos_closedloop_local_insertions.py",
  "source_file": "/root/.openclaw/workspace/tmp_psins_py/psins_py/test_calibration_markov_pruned.py",
  "param_order": [
    "eb_x",
    "eb_y",
    "eb_z",
    "db_x",
    "db_y",
    "db_z",
    "dKg_xx",
    "dKg_yx",
    "dKg_zx",
    "dKg_xy",
    "dKg_yy",
    "dKg_zy",
    "dKg_xz",
    "dKg_yz",
    "dKg_zz",
    "dKa_xx",
    "dKa_xy",
    "dKa_xz",
    "dKa_yy",
    "dKa_yz",
    "dKa_zz",
    "Ka2_x",
    "Ka2_y",
    "Ka2_z",
    "rx_x",
    "rx_y",
    "rx_z",
    "ry_x",
    "ry_y",
    "ry_z"
  ],
  "param_errors": {
    "eb_x": {
      "true": 4.84813681109536e-07,
      "est": 4.67023769841115e-07,
      "abs_error": 1.7789911268421032e-08,
      "pct_error": 3.6694326009339
    },
    "eb_y": {
      "true": 9.69627362219072e-07,
      "est": 9.7505213879561e-07,
      "abs_error": 5.4247765765379175e-09,
      "pct_error": 0.55947024474669
    },
    "eb_z": {
      "true": 1.4544410433286078e-06,
      "est": 1.448784632175889e-06,
      "abs_error": 5.656411152718733e-09,
      "pct_error": 0.38890618348981487
    },
    "db_x": {
      "true": 0.00097803267715,
      "est": 0.0009754017248247008,
      "abs_error": 2.630952325299125e-06,
      "pct_error": 0.26900454215556013
    },
    "db_y": {
      "true": 0.0019560653543,
      "est": 0.0019576316307671317,
      "abs_error": 1.566276467131894e-06,
      "pct_error": 0.08007280859449627
    },
    "db_z": {
      "true": 0.00293409803145,
      "est": 0.002947271037047506,
      "abs_error": 1.317300559750597e-05,
      "pct_error": 0.44896269505337594
    },
    "dKg_xx": {
      "true": -9.99999999995449e-06,
      "est": -1.9343772810209714e-06,
      "abs_error": 8.065622718933518e-06,
      "pct_error": 80.65622718970225
    },
    "dKg_yx": {
      "true": 0.0001454441043328608,
      "est": 0.00014554968685061151,
      "abs_error": 1.0558251775072392e-07,
      "pct_error": 0.07259319188977895
    },
    "dKg_zx": {
      "true": 0.00024240684055476798,
      "est": 0.0002410544562601266,
      "abs_error": 1.3523842946413936e-06,
      "pct_error": 0.5578985690116463
    },
    "dKg_xy": {
      "true": 4.84813681109536e-05,
      "est": 4.822401866626335e-05,
      "abs_error": 2.5734944469024657e-07,
      "pct_error": 0.5308213334683155
    },
    "dKg_yy": {
      "true": -2.0000000000020002e-05,
      "est": -1.99317900502205e-05,
      "abs_error": 6.820994979950257e-08,
      "pct_error": 0.3410497489971717
    },
    "dKg_zy": {
      "true": 0.0002908882086657216,
      "est": 0.00029646040833864476,
      "abs_error": 5.5721996729231815e-06,
      "pct_error": 1.9155811431760563
    },
    "dKg_xz": {
      "true": 9.69627362219072e-05,
      "est": 9.802336083047614e-05,
      "abs_error": 1.0606246085689478e-06,
      "pct_error": 1.0938476469368823
    },
    "dKg_yz": {
      "true": 0.0001939254724438144,
      "est": 0.0001881612145499731,
      "abs_error": 5.7642578938413e-06,
      "pct_error": 2.9724088440786787
    },
    "dKg_zz": {
      "true": -2.999999999997449e-05,
      "est": -2.0728395333735605e-05,
      "abs_error": 9.271604666238886e-06,
      "pct_error": 30.905348887489232
    },
    "dKa_xx": {
      "true": -9.99999999995449e-06,
      "est": -1.0566902181263771e-05,
      "abs_error": 5.669021813092812e-07,
      "pct_error": 5.669021813118611
    },
    "dKa_xy": {
      "true": 4.84813681109536e-05,
      "est": 4.789951765900862e-05,
      "abs_error": 5.818504519449782e-07,
      "pct_error": 1.2001527073521638
    },
    "dKa_xz": {
      "true": 9.69627362219072e-05,
      "est": 9.736230795236566e-05,
      "abs_error": 3.9957173045846177e-07,
      "pct_error": 0.41208792782415815
    },
    "dKa_yy": {
      "true": -2.0000000000020002e-05,
      "est": -3.3507351426820264e-06,
      "abs_error": 1.6649264857337975e-05,
      "pct_error": 83.24632428660662
    },
    "dKa_yz": {
      "true": 0.0001939254724438144,
      "est": 0.00018847483679392004,
      "abs_error": 5.450635649894344e-06,
      "pct_error": 2.810685765622433
    },
    "dKa_zz": {
      "true": -2.999999999997449e-05,
      "est": -2.999732395569943e-05,
      "abs_error": 2.67604427506285e-09,
      "pct_error": 0.008920147583550418
    },
    "Ka2_x": {
      "true": 1.0224607248440952e-06,
      "est": 9.920163183925353e-07,
      "abs_error": 3.044440645155993e-08,
      "pct_error": 2.977562434606189
    },
    "Ka2_y": {
      "true": 2.0449214496881904e-06,
      "est": 1.2602598282484006e-09,
      "abs_error": 2.043661189859942e-06,
      "pct_error": 99.93837123531367
    },
    "Ka2_z": {
      "true": 3.0673821745322856e-06,
      "est": 2.947574041740624e-06,
      "abs_error": 1.1980813279166152e-07,
      "pct_error": 3.9058756286190475
    },
    "rx_x": {
      "true": 0.01,
      "est": 0.010281960532725272,
      "abs_error": 0.0002819605327252714,
      "pct_error": 2.819605327252714
    },
    "rx_y": {
      "true": 0.02,
      "est": 0.019808625104607177,
      "abs_error": 0.00019137489539282349,
      "pct_error": 0.9568744769641174
    },
    "rx_z": {
      "true": 0.03,
      "est": 0.03067161826001266,
      "abs_error": 0.0006716182600126595,
      "pct_error": 2.238727533375532
    },
    "ry_x": {
      "true": 0.04,
      "est": 0.04056981142324686,
      "abs_error": 0.0005698114232468576,
      "pct_error": 1.424528558117144
    },
    "ry_y": {
      "true": 0.05,
      "est": 0.05008101315264896,
      "abs_error": 8.101315264895381e-05,
      "pct_error": 0.16202630529790762
    },
    "ry_z": {
      "true": 0.06,
      "est": 0.060624012536784226,
      "abs_error": 0.0006240125367842284,
      "pct_error": 1.0400208946403806
    }
  },
  "focus_scale_pct": {
    "dKg_xx": 80.65622718970225,
    "dKg_xy": 0.5308213334683155,
    "dKg_yy": 0.3410497489971717,
    "dKg_zz": 30.905348887489232,
    "dKa_xx": 5.669021813118611
  },
  "lever_guard_pct": {
    "rx_y": 0.9568744769641174,
    "ry_z": 1.0400208946403806
  },
  "overall": {
    "mean_pct_error": 11.109080355733937,
    "median_pct_error": 1.147000177144523,
    "max_pct_error": 99.93837123531367
  },
  "extra": {
    "noise_scale": 0.08,
    "noise_config": {
      "arw_dpsh": 0.0004,
      "vrw_ugpsHz": 0.4,
      "bi_g_dph": 0.00016,
      "bi_a_ug": 0.4,
      "tau_g": 300.0,
      "tau_a": 300.0,
      "seed": 42,
      "base_family": "round53_round61_shared"
    },
    "comparison_mode": "ch3_closedloop_local_insertions",
    "candidate_name": "probe5_l9_diag_bfly_same_split_10_6",
    "method_key": "markov42_noisy",
    "legality": "faithful12_base_plus_closed_loop_local_insertions",
    "time_total_s": 1271.0
  }
}