{
  "variant": "late11_yneg_xpair_d11_then_zquad_y8_x0_markov42_noisy_noise0p08",
  "method_file": "search_ch3_12pos_closedloop_local_insertions.py",
  "source_file": "/root/.openclaw/workspace/tmp_psins_py/psins_py/test_calibration_markov_pruned.py",
  "param_order": [
    "eb_x",
    "eb_y",
    "eb_z",
    "db_x",
    "db_y",
    "db_z",
    "dKg_xx",
    "dKg_yx",
    "dKg_zx",
    "dKg_xy",
    "dKg_yy",
    "dKg_zy",
    "dKg_xz",
    "dKg_yz",
    "dKg_zz",
    "dKa_xx",
    "dKa_xy",
    "dKa_xz",
    "dKa_yy",
    "dKa_yz",
    "dKa_zz",
    "Ka2_x",
    "Ka2_y",
    "Ka2_z",
    "rx_x",
    "rx_y",
    "rx_z",
    "ry_x",
    "ry_y",
    "ry_z"
  ],
  "param_errors": {
    "eb_x": {
      "true": 4.84813681109536e-07,
      "est": 4.6089127308833104e-07,
      "abs_error": 2.3922408021205012e-08,
      "pct_error": 4.934350855457835
    },
    "eb_y": {
      "true": 9.69627362219072e-07,
      "est": 9.710470704973659e-07,
      "abs_error": 1.4197082782937552e-09,
      "pct_error": 0.14641792647483007
    },
    "eb_z": {
      "true": 1.4544410433286078e-06,
      "est": 1.4451956252843626e-06,
      "abs_error": 9.245418044245251e-09,
      "pct_error": 0.6356681205232185
    },
    "db_x": {
      "true": 0.00097803267715,
      "est": 0.0009778274192928974,
      "abs_error": 2.0525785710250738e-07,
      "pct_error": 0.020986809735297544
    },
    "db_y": {
      "true": 0.0019560653543,
      "est": 0.0019577479636249404,
      "abs_error": 1.682609324940576e-06,
      "pct_error": 0.08602009750040876
    },
    "db_z": {
      "true": 0.00293409803145,
      "est": 0.0029426895847494993,
      "abs_error": 8.591553299499167e-06,
      "pct_error": 0.2928175271380865
    },
    "dKg_xx": {
      "true": -9.99999999995449e-06,
      "est": -1.2131966440787068e-05,
      "abs_error": 2.131966440832578e-06,
      "pct_error": 21.319664408422803
    },
    "dKg_yx": {
      "true": 0.0001454441043328608,
      "est": 0.0001455201091143092,
      "abs_error": 7.600478144840746e-08,
      "pct_error": 0.05225703839769557
    },
    "dKg_zx": {
      "true": 0.00024240684055476798,
      "est": 0.0002413935800042157,
      "abs_error": 1.0132605505522828e-06,
      "pct_error": 0.41799998227498564
    },
    "dKg_xy": {
      "true": 4.84813681109536e-05,
      "est": 4.819440419659959e-05,
      "abs_error": 2.869639143540057e-07,
      "pct_error": 0.5919055619413734
    },
    "dKg_yy": {
      "true": -2.0000000000020002e-05,
      "est": -1.939839457221204e-05,
      "abs_error": 6.016054278079608e-07,
      "pct_error": 3.0080271390367956
    },
    "dKg_zy": {
      "true": 0.0002908882086657216,
      "est": 0.00030470947226372033,
      "abs_error": 1.382126359799875e-05,
      "pct_error": 4.751400430218763
    },
    "dKg_xz": {
      "true": 9.69627362219072e-05,
      "est": 9.716217613796854e-05,
      "abs_error": 1.994399160613452e-07,
      "pct_error": 0.20568717822165264
    },
    "dKg_yz": {
      "true": 0.0001939254724438144,
      "est": 0.000179699882748469,
      "abs_error": 1.4225589695345377e-05,
      "pct_error": 7.335596255652763
    },
    "dKg_zz": {
      "true": -2.999999999997449e-05,
      "est": -1.0586457754202527e-05,
      "abs_error": 1.9413542245771964e-05,
      "pct_error": 64.71180748596157
    },
    "dKa_xx": {
      "true": -9.99999999995449e-06,
      "est": -9.73899623257779e-06,
      "abs_error": 2.610037673766996e-07,
      "pct_error": 2.6100376737788746
    },
    "dKa_xy": {
      "true": 4.84813681109536e-05,
      "est": 4.416498989608618e-05,
      "abs_error": 4.316378214867415e-06,
      "pct_error": 8.903169161788151
    },
    "dKa_xz": {
      "true": 9.69627362219072e-05,
      "est": 9.638560750734461e-05,
      "abs_error": 5.771287145625863e-07,
      "pct_error": 0.5952067124444382
    },
    "dKa_yy": {
      "true": -2.0000000000020002e-05,
      "est": -2.5850373173152974e-06,
      "abs_error": 1.7414962682704704e-05,
      "pct_error": 87.07481341343643
    },
    "dKa_yz": {
      "true": 0.0001939254724438144,
      "est": 0.00017994541537453946,
      "abs_error": 1.3980057069274923e-05,
      "pct_error": 7.208984406793355
    },
    "dKa_zz": {
      "true": -2.999999999997449e-05,
      "est": -3.00689240002594e-05,
      "abs_error": 6.892400028490897e-08,
      "pct_error": 0.2297466676165586
    },
    "Ka2_x": {
      "true": 1.0224607248440952e-06,
      "est": 1.0445372037202568e-06,
      "abs_error": 2.2076478876161542e-08,
      "pct_error": 2.1591517737297696
    },
    "Ka2_y": {
      "true": 2.0449214496881904e-06,
      "est": 8.027961694442733e-09,
      "abs_error": 2.0368934879937476e-06,
      "pct_error": 99.60741955659633
    },
    "Ka2_z": {
      "true": 3.0673821745322856e-06,
      "est": 2.9967505282216346e-06,
      "abs_error": 7.063164631065106e-08,
      "pct_error": 2.3026686044239324
    },
    "rx_x": {
      "true": 0.01,
      "est": 0.010067934896487532,
      "abs_error": 6.793489648753218e-05,
      "pct_error": 0.6793489648753217
    },
    "rx_y": {
      "true": 0.02,
      "est": 0.019889889491872138,
      "abs_error": 0.00011011050812786277,
      "pct_error": 0.5505525406393139
    },
    "rx_z": {
      "true": 0.03,
      "est": 0.030531569733817154,
      "abs_error": 0.0005315697338171554,
      "pct_error": 1.7718991127238515
    },
    "ry_x": {
      "true": 0.04,
      "est": 0.04060875907635674,
      "abs_error": 0.0006087590763567408,
      "pct_error": 1.5218976908918518
    },
    "ry_y": {
      "true": 0.05,
      "est": 0.04982463374904045,
      "abs_error": 0.00017536625095955494,
      "pct_error": 0.3507325019191099
    },
    "ry_z": {
      "true": 0.06,
      "est": 0.060716307857810466,
      "abs_error": 0.0007163078578104679,
      "pct_error": 1.1938464296841131
    }
  },
  "focus_scale_pct": {
    "dKg_xx": 21.319664408422803,
    "dKg_xy": 0.5919055619413734,
    "dKg_yy": 3.0080271390367956,
    "dKg_zz": 64.71180748596157,
    "dKa_xx": 2.6100376737788746
  },
  "lever_guard_pct": {
    "rx_y": 0.5505525406393139,
    "ry_z": 1.1938464296841131
  },
  "overall": {
    "mean_pct_error": 10.842336067609983,
    "median_pct_error": 1.3578720602879826,
    "max_pct_error": 99.60741955659633
  },
  "extra": {
    "noise_scale": 0.08,
    "noise_config": {
      "arw_dpsh": 0.0004,
      "vrw_ugpsHz": 0.4,
      "bi_g_dph": 0.00016,
      "bi_a_ug": 0.4,
      "tau_g": 300.0,
      "tau_a": 300.0,
      "seed": 42,
      "base_family": "round53_round61_shared"
    },
    "comparison_mode": "ch3_closedloop_local_insertions",
    "candidate_name": "late11_yneg_xpair_d11_then_zquad_y8_x0",
    "method_key": "markov42_noisy",
    "legality": "faithful12_base_plus_closed_loop_local_insertions",
    "time_total_s": 1278.0
  }
}