{
  "variant": "relay_l12y0p5_on_entry_markov42_noisy_noise0p08",
  "method_file": "search_ch3_12pos_closedloop_local_insertions.py",
  "source_file": "/root/.openclaw/workspace/tmp_psins_py/psins_py/test_calibration_markov_pruned.py",
  "param_order": [
    "eb_x",
    "eb_y",
    "eb_z",
    "db_x",
    "db_y",
    "db_z",
    "dKg_xx",
    "dKg_yx",
    "dKg_zx",
    "dKg_xy",
    "dKg_yy",
    "dKg_zy",
    "dKg_xz",
    "dKg_yz",
    "dKg_zz",
    "dKa_xx",
    "dKa_xy",
    "dKa_xz",
    "dKa_yy",
    "dKa_yz",
    "dKa_zz",
    "Ka2_x",
    "Ka2_y",
    "Ka2_z",
    "rx_x",
    "rx_y",
    "rx_z",
    "ry_x",
    "ry_y",
    "ry_z"
  ],
  "param_errors": {
    "eb_x": {
      "true": 4.84813681109536e-07,
      "est": 4.618127455443133e-07,
      "abs_error": 2.300093556522274e-08,
      "pct_error": 4.744283517862616
    },
    "eb_y": {
      "true": 9.69627362219072e-07,
      "est": 9.66490410110837e-07,
      "abs_error": 3.136952108235162e-09,
      "pct_error": 0.323521409405773
    },
    "eb_z": {
      "true": 1.4544410433286078e-06,
      "est": 1.4462221570113153e-06,
      "abs_error": 8.218886317292493e-09,
      "pct_error": 0.5650889979344158
    },
    "db_x": {
      "true": 0.00097803267715,
      "est": 0.0009791237189700943,
      "abs_error": 1.0910418200944186e-06,
      "pct_error": 0.11155474102089602
    },
    "db_y": {
      "true": 0.0019560653543,
      "est": 0.0019663560626434276,
      "abs_error": 1.0290708343427789e-05,
      "pct_error": 0.5260922555990178
    },
    "db_z": {
      "true": 0.00293409803145,
      "est": 0.002934635661541733,
      "abs_error": 5.376300917328027e-07,
      "pct_error": 0.018323521776370626
    },
    "dKg_xx": {
      "true": -9.99999999995449e-06,
      "est": -1.0485865877374323e-05,
      "abs_error": 4.858658774198332e-07,
      "pct_error": 4.858658774220444
    },
    "dKg_yx": {
      "true": 0.0001454441043328608,
      "est": 0.00014521509324091276,
      "abs_error": 2.290110919480259e-07,
      "pct_error": 0.15745642836365178
    },
    "dKg_zx": {
      "true": 0.00024240684055476798,
      "est": 0.00024219013952759028,
      "abs_error": 2.1670102717769946e-07,
      "pct_error": 0.08939559076870988
    },
    "dKg_xy": {
      "true": 4.84813681109536e-05,
      "est": 4.835162671515268e-05,
      "abs_error": 1.2974139580091722e-07,
      "pct_error": 0.2676108386710403
    },
    "dKg_yy": {
      "true": -2.0000000000020002e-05,
      "est": -1.958875347418676e-05,
      "abs_error": 4.1124652583324206e-07,
      "pct_error": 2.056232629164154
    },
    "dKg_zy": {
      "true": 0.0002908882086657216,
      "est": 0.00029145190417868724,
      "abs_error": 5.636955129656625e-07,
      "pct_error": 0.1937842429403666
    },
    "dKg_xz": {
      "true": 9.69627362219072e-05,
      "est": 9.769897271630038e-05,
      "abs_error": 7.362364943931887e-07,
      "pct_error": 0.7592983893402626
    },
    "dKg_yz": {
      "true": 0.0001939254724438144,
      "est": 0.00019380373975366353,
      "abs_error": 1.217326901508547e-07,
      "pct_error": 0.06277292436975966
    },
    "dKg_zz": {
      "true": -2.999999999997449e-05,
      "est": -2.9730086631651886e-05,
      "abs_error": 2.6991336832260515e-07,
      "pct_error": 0.8997112277427822
    },
    "dKa_xx": {
      "true": -9.99999999995449e-06,
      "est": -9.759940930109678e-06,
      "abs_error": 2.400590698448113e-07,
      "pct_error": 2.4005906984590384
    },
    "dKa_xy": {
      "true": 4.84813681109536e-05,
      "est": 4.856942614144533e-05,
      "abs_error": 8.805803049173106e-08,
      "pct_error": 0.1816327259787781
    },
    "dKa_xz": {
      "true": 9.69627362219072e-05,
      "est": 9.697764738881266e-05,
      "abs_error": 1.4911166905466058e-08,
      "pct_error": 0.015378244763370361
    },
    "dKa_yy": {
      "true": -2.0000000000020002e-05,
      "est": -1.975917805929761e-05,
      "abs_error": 2.4082194072239105e-07,
      "pct_error": 1.204109703610751
    },
    "dKa_yz": {
      "true": 0.0001939254724438144,
      "est": 0.0001937851787141568,
      "abs_error": 1.40293729657576e-07,
      "pct_error": 0.07234414741375607
    },
    "dKa_zz": {
      "true": -2.999999999997449e-05,
      "est": -2.9450951250842294e-05,
      "abs_error": 5.490487491321971e-07,
      "pct_error": 1.83016249710888
    },
    "Ka2_x": {
      "true": 1.0224607248440952e-06,
      "est": 1.0113133348517971e-06,
      "abs_error": 1.1147389992298087e-08,
      "pct_error": 1.0902511677402418
    },
    "Ka2_y": {
      "true": 2.0449214496881904e-06,
      "est": 1.982003980262754e-06,
      "abs_error": 6.291746942543629e-08,
      "pct_error": 3.0767670530831364
    },
    "Ka2_z": {
      "true": 3.0673821745322856e-06,
      "est": 3.0698848569493966e-06,
      "abs_error": 2.502682417110963e-09,
      "pct_error": 0.08159017281544227
    },
    "rx_x": {
      "true": 0.01,
      "est": 0.01004924106077266,
      "abs_error": 4.924106077265969e-05,
      "pct_error": 0.4924106077265969
    },
    "rx_y": {
      "true": 0.02,
      "est": 0.020222370490107174,
      "abs_error": 0.0002223704901071731,
      "pct_error": 1.1118524505358656
    },
    "rx_z": {
      "true": 0.03,
      "est": 0.03023480674021156,
      "abs_error": 0.00023480674021156278,
      "pct_error": 0.7826891340385427
    },
    "ry_x": {
      "true": 0.04,
      "est": 0.040659120113470046,
      "abs_error": 0.000659120113470045,
      "pct_error": 1.6478002836751124
    },
    "ry_y": {
      "true": 0.05,
      "est": 0.0502863438107559,
      "abs_error": 0.0002863438107558944,
      "pct_error": 0.5726876215117888
    },
    "ry_z": {
      "true": 0.06,
      "est": 0.06103603154791429,
      "abs_error": 0.00103603154791429,
      "pct_error": 1.7267192465238168
    }
  },
  "focus_scale_pct": {
    "dKg_xx": 4.858658774220444,
    "dKg_xy": 0.2676108386710403,
    "dKg_yy": 2.056232629164154,
    "dKg_zz": 0.8997112277427822,
    "dKa_xx": 2.4005906984590384
  },
  "lever_guard_pct": {
    "rx_y": 1.1118524505358656,
    "ry_z": 1.7267192465238168
  },
  "overall": {
    "mean_pct_error": 1.064025708138846,
    "median_pct_error": 0.5688883097231023,
    "max_pct_error": 4.858658774220444
  },
  "extra": {
    "noise_scale": 0.08,
    "noise_config": {
      "arw_dpsh": 0.0004,
      "vrw_ugpsHz": 0.4,
      "bi_g_dph": 0.00016,
      "bi_a_ug": 0.4,
      "tau_g": 300.0,
      "tau_a": 300.0,
      "seed": 42,
      "base_family": "round53_round61_shared"
    },
    "comparison_mode": "corrected_frontier_refine",
    "candidate_name": "relay_l12y0p5_on_entry",
    "method_key": "markov42_noisy",
    "legality": "faithful12_base_plus_closed_loop_local_insertions",
    "time_total_s": 1349.0,
    "att0_deg": [
      0.0,
      0.0,
      0.0
    ],
    "candidate_registry_key": "relay_l12y0p5_on_entry",
    "family": "entry_to_splitbookend_terminal_projection",
    "hypothesis_id": "H1"
  }
}