{
  "variant": "relay_l11back0p0_l12y0p375_on_entry_markov42_noisy_noise0p08",
  "method_file": "search_ch3_12pos_closedloop_local_insertions.py",
  "source_file": "/root/.openclaw/workspace/tmp_psins_py/psins_py/test_calibration_markov_pruned.py",
  "param_order": [
    "eb_x",
    "eb_y",
    "eb_z",
    "db_x",
    "db_y",
    "db_z",
    "dKg_xx",
    "dKg_yx",
    "dKg_zx",
    "dKg_xy",
    "dKg_yy",
    "dKg_zy",
    "dKg_xz",
    "dKg_yz",
    "dKg_zz",
    "dKa_xx",
    "dKa_xy",
    "dKa_xz",
    "dKa_yy",
    "dKa_yz",
    "dKa_zz",
    "Ka2_x",
    "Ka2_y",
    "Ka2_z",
    "rx_x",
    "rx_y",
    "rx_z",
    "ry_x",
    "ry_y",
    "ry_z"
  ],
  "param_errors": {
    "eb_x": {
      "true": 4.84813681109536e-07,
      "est": 4.6272950415454663e-07,
      "abs_error": 2.2084176954989418e-08,
      "pct_error": 4.555188480747482
    },
    "eb_y": {
      "true": 9.69627362219072e-07,
      "est": 9.668003374687375e-07,
      "abs_error": 2.827024750334591e-09,
      "pct_error": 0.29155785619175517
    },
    "eb_z": {
      "true": 1.4544410433286078e-06,
      "est": 1.4460831542979727e-06,
      "abs_error": 8.357889030635086e-09,
      "pct_error": 0.5746461205128928
    },
    "db_x": {
      "true": 0.00097803267715,
      "est": 0.0009794131418875982,
      "abs_error": 1.3804647375982755e-06,
      "pct_error": 0.14114709762264466
    },
    "db_y": {
      "true": 0.0019560653543,
      "est": 0.0019660957937732023,
      "abs_error": 1.0030439473202469e-05,
      "pct_error": 0.5127865207137711
    },
    "db_z": {
      "true": 0.00293409803145,
      "est": 0.0029342579189095093,
      "abs_error": 1.5988745950910183e-07,
      "pct_error": 0.005449288258105239
    },
    "dKg_xx": {
      "true": -9.99999999995449e-06,
      "est": -1.0456071950271095e-05,
      "abs_error": 4.560719503166055e-07,
      "pct_error": 4.560719503186811
    },
    "dKg_yx": {
      "true": 0.0001454441043328608,
      "est": 0.00014529479757158318,
      "abs_error": 1.4930676127760897e-07,
      "pct_error": 0.1026557672876916
    },
    "dKg_zx": {
      "true": 0.00024240684055476798,
      "est": 0.00024219970720339135,
      "abs_error": 2.0713335137663284e-07,
      "pct_error": 0.08544864117802581
    },
    "dKg_xy": {
      "true": 4.84813681109536e-05,
      "est": 4.83674541504345e-05,
      "abs_error": 1.1391396051909367e-07,
      "pct_error": 0.23496440995310242
    },
    "dKg_yy": {
      "true": -2.0000000000020002e-05,
      "est": -1.950754013146927e-05,
      "abs_error": 4.92459868550732e-07,
      "pct_error": 2.4622993427511974
    },
    "dKg_zy": {
      "true": 0.0002908882086657216,
      "est": 0.0002913834557818461,
      "abs_error": 4.952471161245343e-07,
      "pct_error": 0.17025341741976718
    },
    "dKg_xz": {
      "true": 9.69627362219072e-05,
      "est": 9.772171720952904e-05,
      "abs_error": 7.589809876218454e-07,
      "pct_error": 0.782755331785249
    },
    "dKg_yz": {
      "true": 0.0001939254724438144,
      "est": 0.0001936628691712517,
      "abs_error": 2.6260327256268806e-07,
      "pct_error": 0.13541453283749072
    },
    "dKg_zz": {
      "true": -2.999999999997449e-05,
      "est": -2.9738332361750608e-05,
      "abs_error": 2.616676382238836e-07,
      "pct_error": 0.8722254607470203
    },
    "dKa_xx": {
      "true": -9.99999999995449e-06,
      "est": -9.745926317306086e-06,
      "abs_error": 2.540736826484036e-07,
      "pct_error": 2.540736826495599
    },
    "dKa_xy": {
      "true": 4.84813681109536e-05,
      "est": 4.849551662308251e-05,
      "abs_error": 1.4148512128915245e-08,
      "pct_error": 0.02918340112955396
    },
    "dKa_xz": {
      "true": 9.69627362219072e-05,
      "est": 9.691855764357636e-05,
      "abs_error": 4.417857833083534e-08,
      "pct_error": 0.04556242949840961
    },
    "dKa_yy": {
      "true": -2.0000000000020002e-05,
      "est": -1.9748266557373384e-05,
      "abs_error": 2.517334426466178e-07,
      "pct_error": 1.2586672132318302
    },
    "dKa_yz": {
      "true": 0.0001939254724438144,
      "est": 0.00019384252030471756,
      "abs_error": 8.295213909683113e-08,
      "pct_error": 0.04277526724647515
    },
    "dKa_zz": {
      "true": -2.999999999997449e-05,
      "est": -2.9475052917726785e-05,
      "abs_error": 5.249470822477065e-07,
      "pct_error": 1.7498236074938427
    },
    "Ka2_x": {
      "true": 1.0224607248440952e-06,
      "est": 1.0096121995145102e-06,
      "abs_error": 1.2848525329585028e-08,
      "pct_error": 1.2566277625523632
    },
    "Ka2_y": {
      "true": 2.0449214496881904e-06,
      "est": 1.988919685287398e-06,
      "abs_error": 5.600176440079229e-08,
      "pct_error": 2.738577778101523
    },
    "Ka2_z": {
      "true": 3.0673821745322856e-06,
      "est": 3.0749276593929314e-06,
      "abs_error": 7.545484860645787e-09,
      "pct_error": 0.2459910252884065
    },
    "rx_x": {
      "true": 0.01,
      "est": 0.009941814572339029,
      "abs_error": 5.81854276609714e-05,
      "pct_error": 0.581854276609714
    },
    "rx_y": {
      "true": 0.02,
      "est": 0.020214747979111245,
      "abs_error": 0.0002147479791112447,
      "pct_error": 1.0737398955562236
    },
    "rx_z": {
      "true": 0.03,
      "est": 0.03028926986576713,
      "abs_error": 0.00028926986576712985,
      "pct_error": 0.9642328858904328
    },
    "ry_x": {
      "true": 0.04,
      "est": 0.040553985120675165,
      "abs_error": 0.0005539851206751642,
      "pct_error": 1.3849628016879105
    },
    "ry_y": {
      "true": 0.05,
      "est": 0.050278075876497,
      "abs_error": 0.00027807587649699567,
      "pct_error": 0.5561517529939913
    },
    "ry_z": {
      "true": 0.06,
      "est": 0.06102546759982743,
      "abs_error": 0.001025467599827433,
      "pct_error": 1.7091126663790548
    }
  },
  "focus_scale_pct": {
    "dKg_xx": 4.560719503186811,
    "dKg_xy": 0.23496440995310242,
    "dKg_yy": 2.4622993427511974,
    "dKg_zz": 0.8722254607470203,
    "dKa_xx": 2.540736826495599
  },
  "lever_guard_pct": {
    "rx_y": 1.0737398955562236,
    "ry_z": 1.7091126663790548
  },
  "overall": {
    "mean_pct_error": 1.0555170453782778,
    "median_pct_error": 0.5782501985613033,
    "max_pct_error": 4.560719503186811
  },
  "extra": {
    "noise_scale": 0.08,
    "noise_config": {
      "arw_dpsh": 0.0004,
      "vrw_ugpsHz": 0.4,
      "bi_g_dph": 0.00016,
      "bi_a_ug": 0.4,
      "tau_g": 300.0,
      "tau_a": 300.0,
      "seed": 42,
      "base_family": "round53_round61_shared"
    },
    "comparison_mode": "corrected_zcadence_handoff_next",
    "candidate_name": "relay_l11back0p0_l12y0p375_on_entry",
    "method_key": "markov42_noisy",
    "legality": "faithful12_base_plus_closed_loop_local_insertions",
    "time_total_s": 1346.375,
    "att0_deg": [
      0.0,
      0.0,
      0.0
    ],
    "candidate_registry_key": "relay_l11back0p0_l12y0p375_on_entry",
    "family": "constant_total_q4_to_l12_redistribution",
    "hypothesis_id": "N1"
  }
}