{
  "variant": "42state_gm1_shared_noise0p25",
  "method_file": "baseline_direct_run_calibration_shared_noise0p25",
  "source_file": "/root/.openclaw/workspace/tmp_psins_py/psins_py/test_calibration_markov_pruned.py",
  "param_order": [
    "eb_x",
    "eb_y",
    "eb_z",
    "db_x",
    "db_y",
    "db_z",
    "dKg_xx",
    "dKg_yx",
    "dKg_zx",
    "dKg_xy",
    "dKg_yy",
    "dKg_zy",
    "dKg_xz",
    "dKg_yz",
    "dKg_zz",
    "dKa_xx",
    "dKa_xy",
    "dKa_xz",
    "dKa_yy",
    "dKa_yz",
    "dKa_zz",
    "Ka2_x",
    "Ka2_y",
    "Ka2_z",
    "rx_x",
    "rx_y",
    "rx_z",
    "ry_x",
    "ry_y",
    "ry_z"
  ],
  "param_errors": {
    "eb_x": {
      "true": 4.84813681109536e-07,
      "est": 4.237839905307081e-07,
      "abs_error": 6.102969057882796e-08,
      "pct_error": 12.58827730256219
    },
    "eb_y": {
      "true": 9.69627362219072e-07,
      "est": 9.005620019172661e-07,
      "abs_error": 6.906536030180602e-08,
      "pct_error": 7.122876580518958
    },
    "eb_z": {
      "true": 1.4544410433286078e-06,
      "est": 1.4089405739190753e-06,
      "abs_error": 4.5500469409532527e-08,
      "pct_error": 3.1283818356363873
    },
    "db_x": {
      "true": 0.00097803267715,
      "est": 0.0009855603510884844,
      "abs_error": 7.527673938484457e-06,
      "pct_error": 0.7696750951532825
    },
    "db_y": {
      "true": 0.0019560653543,
      "est": 0.0019721036801873377,
      "abs_error": 1.603832588733785e-05,
      "pct_error": 0.819927915602664
    },
    "db_z": {
      "true": 0.00293409803145,
      "est": 0.0029639781431200682,
      "abs_error": 2.9880111670068082e-05,
      "pct_error": 1.0183746878866773
    },
    "dKg_xx": {
      "true": -9.99999999995449e-06,
      "est": -9.006800687938465e-06,
      "abs_error": 9.931993120160243e-07,
      "pct_error": 9.931993120205444
    },
    "dKg_yx": {
      "true": 0.0001454441043328608,
      "est": 0.0001450147670017787,
      "abs_error": 4.293373310820998e-07,
      "pct_error": 0.2951906047009826
    },
    "dKg_zx": {
      "true": 0.00024240684055476798,
      "est": 0.00024374760791077217,
      "abs_error": 1.3407673560041891e-06,
      "pct_error": 0.5531062378172715
    },
    "dKg_xy": {
      "true": 4.84813681109536e-05,
      "est": 4.69456732418487e-05,
      "abs_error": 1.5356948691048943e-06,
      "pct_error": 3.1675980463058107
    },
    "dKg_yy": {
      "true": -2.0000000000020002e-05,
      "est": -1.9234173465276783e-05,
      "abs_error": 7.658265347432192e-07,
      "pct_error": 3.8291326737122664
    },
    "dKg_zy": {
      "true": 0.0002908882086657216,
      "est": 0.0002910522906659928,
      "abs_error": 1.6408200027124512e-07,
      "pct_error": 0.05640723665764065
    },
    "dKg_xz": {
      "true": 9.69627362219072e-05,
      "est": 9.618108749129041e-05,
      "abs_error": 7.816487306167838e-07,
      "pct_error": 0.8061331198697986
    },
    "dKg_yz": {
      "true": 0.0001939254724438144,
      "est": 0.00019343247895528437,
      "abs_error": 4.929934885300176e-07,
      "pct_error": 0.25421801598181054
    },
    "dKg_zz": {
      "true": -2.999999999997449e-05,
      "est": -3.0823871395746494e-05,
      "abs_error": 8.238713957720023e-07,
      "pct_error": 2.7462379859090094
    },
    "dKa_xx": {
      "true": -9.99999999995449e-06,
      "est": -9.440590252873804e-06,
      "abs_error": 5.594097470806858e-07,
      "pct_error": 5.594097470832317
    },
    "dKa_xy": {
      "true": 4.84813681109536e-05,
      "est": 4.757560536357272e-05,
      "abs_error": 9.057627473808797e-07,
      "pct_error": 1.8682697759435485
    },
    "dKa_xz": {
      "true": 9.69627362219072e-05,
      "est": 9.573881110430858e-05,
      "abs_error": 1.223925117598614e-06,
      "pct_error": 1.2622633862121637
    },
    "dKa_yy": {
      "true": -2.0000000000020002e-05,
      "est": -1.994246357162055e-05,
      "abs_error": 5.753642839945172e-08,
      "pct_error": 0.2876821419969709
    },
    "dKa_yz": {
      "true": 0.0001939254724438144,
      "est": 0.00019339156653453275,
      "abs_error": 5.339059092816345e-07,
      "pct_error": 0.27531499733039033
    },
    "dKa_zz": {
      "true": -2.999999999997449e-05,
      "est": -2.9261595624774372e-05,
      "abs_error": 7.38404375200119e-07,
      "pct_error": 2.4613479173358233
    },
    "Ka2_x": {
      "true": 1.0224607248440952e-06,
      "est": 9.72933831491815e-07,
      "abs_error": 4.9526893352280314e-08,
      "pct_error": 4.843892009625326
    },
    "Ka2_y": {
      "true": 2.0449214496881904e-06,
      "est": 1.956762880083462e-06,
      "abs_error": 8.815856960472839e-08,
      "pct_error": 4.311098092211356
    },
    "Ka2_z": {
      "true": 3.0673821745322856e-06,
      "est": 2.9429701605602884e-06,
      "abs_error": 1.244120139719973e-07,
      "pct_error": 4.055967169821857
    },
    "rx_x": {
      "true": 0.01,
      "est": 0.009871965326261022,
      "abs_error": 0.00012803467373897863,
      "pct_error": 1.2803467373897863
    },
    "rx_y": {
      "true": 0.02,
      "est": 0.019905379162965416,
      "abs_error": 9.462083703458413e-05,
      "pct_error": 0.47310418517292063
    },
    "rx_z": {
      "true": 0.03,
      "est": 0.029769604515683137,
      "abs_error": 0.00023039548431686221,
      "pct_error": 0.7679849477228741
    },
    "ry_x": {
      "true": 0.04,
      "est": 0.03974156317122678,
      "abs_error": 0.0002584368287732175,
      "pct_error": 0.6460920719330437
    },
    "ry_y": {
      "true": 0.05,
      "est": 0.04998097734433704,
      "abs_error": 1.9022655662961907e-05,
      "pct_error": 0.038045311325923814
    },
    "ry_z": {
      "true": 0.06,
      "est": 0.0595765899829781,
      "abs_error": 0.00042341001702189685,
      "pct_error": 0.7056833617031615
    }
  },
  "focus_scale_pct": {
    "dKg_xx": 9.931993120205444,
    "dKg_xy": 3.1675980463058107,
    "dKg_yy": 3.8291326737122664,
    "dKg_zz": 2.7462379859090094,
    "dKa_xx": 5.594097470832317
  },
  "lever_guard_pct": {
    "rx_y": 0.47310418517292063,
    "ry_z": 0.7056833617031615
  },
  "overall": {
    "mean_pct_error": 2.5319573345025885,
    "median_pct_error": 1.1403190370494205,
    "max_pct_error": 12.58827730256219
  },
  "extra": {
    "noise_scale": 0.25,
    "noise_config": {
      "arw_dpsh": 0.00125,
      "vrw_ugpsHz": 1.25,
      "bi_g_dph": 0.0005,
      "bi_a_ug": 1.25,
      "tau_g": 300.0,
      "tau_a": 300.0,
      "seed": 42,
      "base_family": "round53_round61_shared"
    },
    "comparison_mode": "shared_dataset_apples_to_apples",
    "label": "42-GM1-BASELINE-SHARED-NOISE0P25"
  }
}