{
  "variant": "redistribute_l9_l10_l11_fullblock_y6x0_markov42_noisy_noise0p08",
  "method_file": "search_ch3_12pos_closedloop_local_insertions.py",
  "source_file": "/root/.openclaw/workspace/tmp_psins_py/psins_py/test_calibration_markov_pruned.py",
  "param_order": [
    "eb_x",
    "eb_y",
    "eb_z",
    "db_x",
    "db_y",
    "db_z",
    "dKg_xx",
    "dKg_yx",
    "dKg_zx",
    "dKg_xy",
    "dKg_yy",
    "dKg_zy",
    "dKg_xz",
    "dKg_yz",
    "dKg_zz",
    "dKa_xx",
    "dKa_xy",
    "dKa_xz",
    "dKa_yy",
    "dKa_yz",
    "dKa_zz",
    "Ka2_x",
    "Ka2_y",
    "Ka2_z",
    "rx_x",
    "rx_y",
    "rx_z",
    "ry_x",
    "ry_y",
    "ry_z"
  ],
  "param_errors": {
    "eb_x": {
      "true": 4.84813681109536e-07,
      "est": 4.513841451372588e-07,
      "abs_error": 3.342953597227726e-08,
      "pct_error": 6.895336760252106
    },
    "eb_y": {
      "true": 9.69627362219072e-07,
      "est": 9.700900333928033e-07,
      "abs_error": 4.626711737311624e-10,
      "pct_error": 0.04771639000288743
    },
    "eb_z": {
      "true": 1.4544410433286078e-06,
      "est": 1.4458878765034555e-06,
      "abs_error": 8.553166825152343e-09,
      "pct_error": 0.5880724326630469
    },
    "db_x": {
      "true": 0.00097803267715,
      "est": 0.0009831887174289093,
      "abs_error": 5.156040278909415e-06,
      "pct_error": 0.5271848680899073
    },
    "db_y": {
      "true": 0.0019560653543,
      "est": 0.00195710926001511,
      "abs_error": 1.0439057151101667e-06,
      "pct_error": 0.05336762970702173
    },
    "db_z": {
      "true": 0.00293409803145,
      "est": 0.0029333286794381084,
      "abs_error": 7.693520118917142e-07,
      "pct_error": 0.026221073857968836
    },
    "dKg_xx": {
      "true": -9.99999999995449e-06,
      "est": -8.864930420848793e-06,
      "abs_error": 1.1350695791056964e-06,
      "pct_error": 11.35069579110862
    },
    "dKg_yx": {
      "true": 0.0001454441043328608,
      "est": 0.00014559698500887224,
      "abs_error": 1.5288067601145405e-07,
      "pct_error": 0.10511301005475895
    },
    "dKg_zx": {
      "true": 0.00024240684055476798,
      "est": 0.00024235945442590502,
      "abs_error": 4.738612886296843e-08,
      "pct_error": 0.019548181377440247
    },
    "dKg_xy": {
      "true": 4.84813681109536e-05,
      "est": 4.878557297698105e-05,
      "abs_error": 3.0420486602745155e-07,
      "pct_error": 0.627467577505762
    },
    "dKg_yy": {
      "true": -2.0000000000020002e-05,
      "est": -1.9858678609319114e-05,
      "abs_error": 1.4132139070088812e-07,
      "pct_error": 0.7066069535037339
    },
    "dKg_zy": {
      "true": 0.0002908882086657216,
      "est": 0.00029664584663988223,
      "abs_error": 5.757637974160648e-06,
      "pct_error": 1.9793301353019508
    },
    "dKg_xz": {
      "true": 9.69627362219072e-05,
      "est": 9.745839482885112e-05,
      "abs_error": 4.956586069439261e-07,
      "pct_error": 0.511184632629973
    },
    "dKg_yz": {
      "true": 0.0001939254724438144,
      "est": 0.0001878170185298896,
      "abs_error": 6.108453913924788e-06,
      "pct_error": 3.1498976575625344
    },
    "dKg_zz": {
      "true": -2.999999999997449e-05,
      "est": -1.5600144342320377e-05,
      "abs_error": 1.4399855657654115e-05,
      "pct_error": 47.99951885888786
    },
    "dKa_xx": {
      "true": -9.99999999995449e-06,
      "est": -9.60318642917457e-06,
      "abs_error": 3.968135707799192e-07,
      "pct_error": 3.9681357078172512
    },
    "dKa_xy": {
      "true": 4.84813681109536e-05,
      "est": 4.202886239252596e-05,
      "abs_error": 6.452505718427637e-06,
      "pct_error": 13.309248418197578
    },
    "dKa_xz": {
      "true": 9.69627362219072e-05,
      "est": 9.687697922512143e-05,
      "abs_error": 8.575699678576828e-08,
      "pct_error": 0.0884432516317468
    },
    "dKa_yy": {
      "true": -2.0000000000020002e-05,
      "est": 3.2867583910078935e-06,
      "abs_error": 2.3286758391027895e-05,
      "pct_error": 116.43379195502304
    },
    "dKa_yz": {
      "true": 0.0001939254724438144,
      "est": 0.00018791381084253447,
      "abs_error": 6.0116616012799125e-06,
      "pct_error": 3.099985538527776
    },
    "dKa_zz": {
      "true": -2.999999999997449e-05,
      "est": -3.038105553998527e-05,
      "abs_error": 3.8105554001077735e-07,
      "pct_error": 1.270185133370338
    },
    "Ka2_x": {
      "true": 1.0224607248440952e-06,
      "est": 1.0069407694851509e-06,
      "abs_error": 1.5519955358944364e-08,
      "pct_error": 1.5179023488956846
    },
    "Ka2_y": {
      "true": 2.0449214496881904e-06,
      "est": -4.909439724749871e-09,
      "abs_error": 2.0498308894129404e-06,
      "pct_error": 100.24007962386518
    },
    "Ka2_z": {
      "true": 3.0673821745322856e-06,
      "est": 3.046507610191362e-06,
      "abs_error": 2.0874564340923707e-08,
      "pct_error": 0.6805335348897846
    },
    "rx_x": {
      "true": 0.01,
      "est": 0.009894166448675974,
      "abs_error": 0.00010583355132402598,
      "pct_error": 1.0583355132402599
    },
    "rx_y": {
      "true": 0.02,
      "est": 0.01990460106529831,
      "abs_error": 9.539893470169106e-05,
      "pct_error": 0.47699467350845526
    },
    "rx_z": {
      "true": 0.03,
      "est": 0.030631662780949653,
      "abs_error": 0.0006316627809496538,
      "pct_error": 2.1055426031655124
    },
    "ry_x": {
      "true": 0.04,
      "est": 0.04042021759974128,
      "abs_error": 0.000420217599741278,
      "pct_error": 1.0505439993531949
    },
    "ry_y": {
      "true": 0.05,
      "est": 0.04989767509285944,
      "abs_error": 0.00010232490714056491,
      "pct_error": 0.20464981428112983
    },
    "ry_z": {
      "true": 0.06,
      "est": 0.06097306466897892,
      "abs_error": 0.0009730646689789235,
      "pct_error": 1.621774448298206
    }
  },
  "focus_scale_pct": {
    "dKg_xx": 11.35069579110862,
    "dKg_xy": 0.627467577505762,
    "dKg_yy": 0.7066069535037339,
    "dKg_zz": 47.99951885888786,
    "dKa_xx": 3.9681357078172512
  },
  "lever_guard_pct": {
    "rx_y": 0.47699467350845526,
    "ry_z": 1.621774448298206
  },
  "overall": {
    "mean_pct_error": 10.72378028388569,
    "median_pct_error": 1.0544397562967274,
    "max_pct_error": 116.43379195502304
  },
  "extra": {
    "noise_scale": 0.08,
    "noise_config": {
      "arw_dpsh": 0.0004,
      "vrw_ugpsHz": 0.4,
      "bi_g_dph": 0.00016,
      "bi_a_ug": 0.4,
      "tau_g": 300.0,
      "tau_a": 300.0,
      "seed": 42,
      "base_family": "round53_round61_shared"
    },
    "comparison_mode": "ch3_closedloop_local_insertions",
    "candidate_name": "redistribute_l9_l10_l11_fullblock_y6x0",
    "method_key": "markov42_noisy",
    "legality": "faithful12_base_plus_closed_loop_local_insertions",
    "time_total_s": 1416.0
  }
}