{
  "variant": "seedentry_l5neg6_l8x1_l9y1p5_unifiedcore_markov42_noisy_noise0p08",
  "method_file": "search_ch3_12pos_closedloop_local_insertions.py",
  "source_file": "/root/.openclaw/workspace/tmp_psins_py/psins_py/test_calibration_markov_pruned.py",
  "param_order": [
    "eb_x",
    "eb_y",
    "eb_z",
    "db_x",
    "db_y",
    "db_z",
    "dKg_xx",
    "dKg_yx",
    "dKg_zx",
    "dKg_xy",
    "dKg_yy",
    "dKg_zy",
    "dKg_xz",
    "dKg_yz",
    "dKg_zz",
    "dKa_xx",
    "dKa_xy",
    "dKa_xz",
    "dKa_yy",
    "dKa_yz",
    "dKa_zz",
    "Ka2_x",
    "Ka2_y",
    "Ka2_z",
    "rx_x",
    "rx_y",
    "rx_z",
    "ry_x",
    "ry_y",
    "ry_z"
  ],
  "param_errors": {
    "eb_x": {
      "true": 4.84813681109536e-07,
      "est": 4.6519111983286413e-07,
      "abs_error": 1.9622561276671916e-08,
      "pct_error": 4.047443799804508
    },
    "eb_y": {
      "true": 9.69627362219072e-07,
      "est": 9.689572444421837e-07,
      "abs_error": 6.701177768884214e-10,
      "pct_error": 0.06911085670631258
    },
    "eb_z": {
      "true": 1.4544410433286078e-06,
      "est": 1.4468237830139735e-06,
      "abs_error": 7.617260314634277e-09,
      "pct_error": 0.5237242409772451
    },
    "db_x": {
      "true": 0.00097803267715,
      "est": 0.0009805755760399642,
      "abs_error": 2.5428988899643245e-06,
      "pct_error": 0.2600014242238169
    },
    "db_y": {
      "true": 0.0019560653543,
      "est": 0.0019618061794215765,
      "abs_error": 5.740825121576705e-06,
      "pct_error": 0.29348841075052545
    },
    "db_z": {
      "true": 0.00293409803145,
      "est": 0.0029461419311375245,
      "abs_error": 1.2043899687524343e-05,
      "pct_error": 0.4104804801485238
    },
    "dKg_xx": {
      "true": -9.99999999995449e-06,
      "est": -1.0566103458398146e-05,
      "abs_error": 5.661034584436564e-07,
      "pct_error": 5.661034584462327
    },
    "dKg_yx": {
      "true": 0.0001454441043328608,
      "est": 0.00014504433684308388,
      "abs_error": 3.9976748977691226e-07,
      "pct_error": 0.2748598794090763
    },
    "dKg_zx": {
      "true": 0.00024240684055476798,
      "est": 0.00024171950358739102,
      "abs_error": 6.873369673769637e-07,
      "pct_error": 0.2835468528049524
    },
    "dKg_xy": {
      "true": 4.84813681109536e-05,
      "est": 4.875367099591184e-05,
      "abs_error": 2.7230288495824393e-07,
      "pct_error": 0.5616650180643756
    },
    "dKg_yy": {
      "true": -2.0000000000020002e-05,
      "est": -1.9824765933762478e-05,
      "abs_error": 1.7523406625752358e-07,
      "pct_error": 0.8761703312867417
    },
    "dKg_zy": {
      "true": 0.0002908882086657216,
      "est": 0.0002861311846360031,
      "abs_error": 4.757024029718464e-06,
      "pct_error": 1.6353443996711008
    },
    "dKg_xz": {
      "true": 9.69627362219072e-05,
      "est": 9.784799493218529e-05,
      "abs_error": 8.852587102780972e-07,
      "pct_error": 0.9129885817703307
    },
    "dKg_yz": {
      "true": 0.0001939254724438144,
      "est": 0.00019880229843119679,
      "abs_error": 4.876825987382399e-06,
      "pct_error": 2.514793918470587
    },
    "dKg_zz": {
      "true": -2.999999999997449e-05,
      "est": -1.1624564359991041e-05,
      "abs_error": 1.837543563998345e-05,
      "pct_error": 61.251452133330254
    },
    "dKa_xx": {
      "true": -9.99999999995449e-06,
      "est": -9.557293400908051e-06,
      "abs_error": 4.427065990464385e-07,
      "pct_error": 4.427065990484532
    },
    "dKa_xy": {
      "true": 4.84813681109536e-05,
      "est": 5.100048898378485e-05,
      "abs_error": 2.5191208728312557e-06,
      "pct_error": 5.196059787475552
    },
    "dKa_xz": {
      "true": 9.69627362219072e-05,
      "est": 9.730639246612074e-05,
      "abs_error": 3.4365624421354535e-07,
      "pct_error": 0.3544209431415588
    },
    "dKa_yy": {
      "true": -2.0000000000020002e-05,
      "est": -2.2006689954778835e-06,
      "abs_error": 1.7799331004542118e-05,
      "pct_error": 88.99665502262158
    },
    "dKa_yz": {
      "true": 0.0001939254724438144,
      "est": 0.00019865489544066306,
      "abs_error": 4.729422996848677e-06,
      "pct_error": 2.438783795263886
    },
    "dKa_zz": {
      "true": -2.999999999997449e-05,
      "est": -3.0470385550041e-05,
      "abs_error": 4.7038555006650995e-07,
      "pct_error": 1.5679518335563665
    },
    "Ka2_x": {
      "true": 1.0224607248440952e-06,
      "est": 1.0304923112667257e-06,
      "abs_error": 8.03158642263046e-09,
      "pct_error": 0.7855153970686861
    },
    "Ka2_y": {
      "true": 2.0449214496881904e-06,
      "est": 1.026700426729515e-08,
      "abs_error": 2.0346544454208953e-06,
      "pct_error": 99.49792671650735
    },
    "Ka2_z": {
      "true": 3.0673821745322856e-06,
      "est": 2.9480167050226314e-06,
      "abs_error": 1.193654695096543e-07,
      "pct_error": 3.8914443234597957
    },
    "rx_x": {
      "true": 0.01,
      "est": 0.009763847714653207,
      "abs_error": 0.00023615228534679296,
      "pct_error": 2.3615228534679296
    },
    "rx_y": {
      "true": 0.02,
      "est": 0.020227726424757,
      "abs_error": 0.00022772642475699795,
      "pct_error": 1.1386321237849897
    },
    "rx_z": {
      "true": 0.03,
      "est": 0.03057088350850963,
      "abs_error": 0.0005708835085096314,
      "pct_error": 1.902945028365438
    },
    "ry_x": {
      "true": 0.04,
      "est": 0.04022865095695094,
      "abs_error": 0.000228650956950939,
      "pct_error": 0.5716273923773475
    },
    "ry_y": {
      "true": 0.05,
      "est": 0.05022512148311336,
      "abs_error": 0.0002251214831133566,
      "pct_error": 0.4502429662267132
    },
    "ry_z": {
      "true": 0.06,
      "est": 0.06062462095557154,
      "abs_error": 0.0006246209555715448,
      "pct_error": 1.0410349259525749
    }
  },
  "focus_scale_pct": {
    "dKg_xx": 5.661034584462327,
    "dKg_xy": 0.5616650180643756,
    "dKg_yy": 0.8761703312867417,
    "dKg_zz": 61.251452133330254,
    "dKa_xx": 4.427065990484532
  },
  "lever_guard_pct": {
    "rx_y": 1.1386321237849897,
    "ry_z": 1.0410349259525749
  },
  "overall": {
    "mean_pct_error": 9.806597800387834,
    "median_pct_error": 1.0898335248687823,
    "max_pct_error": 99.49792671650735
  },
  "extra": {
    "noise_scale": 0.08,
    "noise_config": {
      "arw_dpsh": 0.0004,
      "vrw_ugpsHz": 0.4,
      "bi_g_dph": 0.00016,
      "bi_a_ug": 0.4,
      "tau_g": 300.0,
      "tau_a": 300.0,
      "seed": 42,
      "base_family": "round53_round61_shared"
    },
    "comparison_mode": "ch3_closedloop_local_insertions",
    "candidate_name": "seedentry_l5neg6_l8x1_l9y1p5_unifiedcore",
    "method_key": "markov42_noisy",
    "legality": "faithful12_base_plus_closed_loop_local_insertions",
    "time_total_s": 1361.0
  }
}