{
  "variant": "anchor11_xpair_outerhold_only_on_faithful12_markov42_noisy_noise0p08",
  "method_file": "search_ch3_12pos_closedloop_local_insertions.py",
  "source_file": "/root/.openclaw/workspace/tmp_psins_py/psins_py/test_calibration_markov_pruned.py",
  "param_order": [
    "eb_x",
    "eb_y",
    "eb_z",
    "db_x",
    "db_y",
    "db_z",
    "dKg_xx",
    "dKg_yx",
    "dKg_zx",
    "dKg_xy",
    "dKg_yy",
    "dKg_zy",
    "dKg_xz",
    "dKg_yz",
    "dKg_zz",
    "dKa_xx",
    "dKa_xy",
    "dKa_xz",
    "dKa_yy",
    "dKa_yz",
    "dKa_zz",
    "Ka2_x",
    "Ka2_y",
    "Ka2_z",
    "rx_x",
    "rx_y",
    "rx_z",
    "ry_x",
    "ry_y",
    "ry_z"
  ],
  "param_errors": {
    "eb_x": {
      "true": 4.84813681109536e-07,
      "est": 4.347934985084971e-07,
      "abs_error": 5.0020182601038955e-08,
      "pct_error": 10.31740327264768
    },
    "eb_y": {
      "true": 9.69627362219072e-07,
      "est": 9.719521249536438e-07,
      "abs_error": 2.324762734571747e-09,
      "pct_error": 0.23975836750845564
    },
    "eb_z": {
      "true": 1.4544410433286078e-06,
      "est": 1.448214114861683e-06,
      "abs_error": 6.2269284669248975e-09,
      "pct_error": 0.42813206458159764
    },
    "db_x": {
      "true": 0.00097803267715,
      "est": 0.0009782983527572102,
      "abs_error": 2.656756072103115e-07,
      "pct_error": 0.02716428739216503
    },
    "db_y": {
      "true": 0.0019560653543,
      "est": 0.001980182284196299,
      "abs_error": 2.4116929896299093e-05,
      "pct_error": 1.23293068113921
    },
    "db_z": {
      "true": 0.00293409803145,
      "est": 0.002942443819422763,
      "abs_error": 8.345787972762874e-06,
      "pct_error": 0.28444134733420867
    },
    "dKg_xx": {
      "true": -9.99999999995449e-06,
      "est": -1.0077426991550453e-05,
      "abs_error": 7.742699159596356e-08,
      "pct_error": 0.7742699159631593
    },
    "dKg_yx": {
      "true": 0.0001454441043328608,
      "est": 0.0001458245360101202,
      "abs_error": 3.804316772594151e-07,
      "pct_error": 0.26156555400057047
    },
    "dKg_zx": {
      "true": 0.00024240684055476798,
      "est": 0.00024195796630447475,
      "abs_error": 4.4887425029323225e-07,
      "pct_error": 0.1851739205320884
    },
    "dKg_xy": {
      "true": 4.84813681109536e-05,
      "est": 4.939246326107367e-05,
      "abs_error": 9.110951501200746e-07,
      "pct_error": 1.8792686461218635
    },
    "dKg_yy": {
      "true": -2.0000000000020002e-05,
      "est": -1.979056761780562e-05,
      "abs_error": 2.0943238221438065e-07,
      "pct_error": 1.047161911070856
    },
    "dKg_zy": {
      "true": 0.0002908882086657216,
      "est": 0.0002906001044764584,
      "abs_error": 2.88104189263155e-07,
      "pct_error": 0.09904292462890242
    },
    "dKg_xz": {
      "true": 9.69627362219072e-05,
      "est": 9.928665267183116e-05,
      "abs_error": 2.3239164499239628e-06,
      "pct_error": 2.396710881390031
    },
    "dKg_yz": {
      "true": 0.0001939254724438144,
      "est": 0.00019437547482660715,
      "abs_error": 4.5000238279275877e-07,
      "pct_error": 0.2320491357437002
    },
    "dKg_zz": {
      "true": -2.999999999997449e-05,
      "est": -2.9575744386667324e-05,
      "abs_error": 4.242556133071673e-07,
      "pct_error": 1.4141853776917603
    },
    "dKa_xx": {
      "true": -9.99999999995449e-06,
      "est": -9.781709739975497e-06,
      "abs_error": 2.1829025997899265e-07,
      "pct_error": 2.182902599799861
    },
    "dKa_xy": {
      "true": 4.84813681109536e-05,
      "est": 4.802212312536332e-05,
      "abs_error": 4.592449855902759e-07,
      "pct_error": 0.9472607797272883
    },
    "dKa_xz": {
      "true": 9.69627362219072e-05,
      "est": 9.727370786417383e-05,
      "abs_error": 3.109716422666336e-07,
      "pct_error": 0.3207125277023427
    },
    "dKa_yy": {
      "true": -2.0000000000020002e-05,
      "est": -1.9384676461342565e-05,
      "abs_error": 6.153235386774369e-07,
      "pct_error": 3.0766176933841076
    },
    "dKa_yz": {
      "true": 0.0001939254724438144,
      "est": 0.000193752247939011,
      "abs_error": 1.7322450480337882e-07,
      "pct_error": 0.08932529730129536
    },
    "dKa_zz": {
      "true": -2.999999999997449e-05,
      "est": -2.986279174699291e-05,
      "abs_error": 1.372082529815799e-07,
      "pct_error": 0.4573608432723219
    },
    "Ka2_x": {
      "true": 1.0224607248440952e-06,
      "est": 1.0122496745922183e-06,
      "abs_error": 1.0211050251876874e-08,
      "pct_error": 0.9986740814356321
    },
    "Ka2_y": {
      "true": 2.0449214496881904e-06,
      "est": 1.8186272230572402e-06,
      "abs_error": 2.2629422663095026e-07,
      "pct_error": 11.066157414772857
    },
    "Ka2_z": {
      "true": 3.0673821745322856e-06,
      "est": 3.0163049452414576e-06,
      "abs_error": 5.107722929082803e-08,
      "pct_error": 1.665173310157098
    },
    "rx_x": {
      "true": 0.01,
      "est": 0.010293026180177028,
      "abs_error": 0.00029302618017702786,
      "pct_error": 2.9302618017702784
    },
    "rx_y": {
      "true": 0.02,
      "est": 0.019827078959719264,
      "abs_error": 0.00017292104028073657,
      "pct_error": 0.8646052014036829
    },
    "rx_z": {
      "true": 0.03,
      "est": 0.030779878536284614,
      "abs_error": 0.0007798785362846151,
      "pct_error": 2.5995951209487176
    },
    "ry_x": {
      "true": 0.04,
      "est": 0.04033887306261408,
      "abs_error": 0.00033887306261407707,
      "pct_error": 0.8471826565351926
    },
    "ry_y": {
      "true": 0.05,
      "est": 0.05035121138549238,
      "abs_error": 0.0003512113854923782,
      "pct_error": 0.7024227709847564
    },
    "ry_z": {
      "true": 0.06,
      "est": 0.06093988760476951,
      "abs_error": 0.0009398876047695126,
      "pct_error": 1.566479341282521
    }
  },
  "focus_scale_pct": {
    "dKg_xx": 0.7742699159631593,
    "dKg_xy": 1.8792686461218635,
    "dKg_yy": 1.047161911070856,
    "dKg_zz": 1.4141853776917603,
    "dKa_xx": 2.182902599799861
  },
  "lever_guard_pct": {
    "rx_y": 0.8646052014036829,
    "ry_z": 1.566479341282521
  },
  "overall": {
    "mean_pct_error": 1.7044663242741402,
    "median_pct_error": 0.9059329905654856,
    "max_pct_error": 11.066157414772857
  },
  "extra": {
    "noise_scale": 0.08,
    "noise_config": {
      "arw_dpsh": 0.0004,
      "vrw_ugpsHz": 0.4,
      "bi_g_dph": 0.00016,
      "bi_a_ug": 0.4,
      "tau_g": 300.0,
      "tau_a": 300.0,
      "seed": 42,
      "base_family": "round53_round61_shared"
    },
    "comparison_mode": "corrected_faithful12_vs_anchor11_xpair_only",
    "candidate_name": "anchor11_xpair_outerhold_only_on_faithful12",
    "method_key": "markov42_noisy",
    "legality": "faithful12_base_plus_closed_loop_local_insertions",
    "time_total_s": 1240.0,
    "att0_deg": [
      0.0,
      0.0,
      0.0
    ],
    "candidate_registry_key": "anchor11_xpair_outerhold_only_on_faithful12",
    "hard_constraints": {
      "keep_original_faithful12_backbone_unchanged": true,
      "insert_only_anchor11_xpair_outerhold_after_anchor11_before_anchor12": true,
      "real_dual_axis_legality_only": true,
      "continuity_safe_execution": true,
      "no_other_motifs_mixed": true,
      "same_shared_low_noise_setup": true,
      "base_row_timing_preserved": true
    }
  }
}