{
  "variant": "twoanchor_l10_zpair_pos8_l11_zquad_y8_markov42_noisy_noise0p08",
  "method_file": "search_ch3_12pos_closedloop_local_insertions.py",
  "source_file": "/root/.openclaw/workspace/tmp_psins_py/psins_py/test_calibration_markov_pruned.py",
  "param_order": [
    "eb_x",
    "eb_y",
    "eb_z",
    "db_x",
    "db_y",
    "db_z",
    "dKg_xx",
    "dKg_yx",
    "dKg_zx",
    "dKg_xy",
    "dKg_yy",
    "dKg_zy",
    "dKg_xz",
    "dKg_yz",
    "dKg_zz",
    "dKa_xx",
    "dKa_xy",
    "dKa_xz",
    "dKa_yy",
    "dKa_yz",
    "dKa_zz",
    "Ka2_x",
    "Ka2_y",
    "Ka2_z",
    "rx_x",
    "rx_y",
    "rx_z",
    "ry_x",
    "ry_y",
    "ry_z"
  ],
  "param_errors": {
    "eb_x": {
      "true": 4.84813681109536e-07,
      "est": 4.652389919898964e-07,
      "abs_error": 1.957468911963967e-08,
      "pct_error": 4.037569458609621
    },
    "eb_y": {
      "true": 9.69627362219072e-07,
      "est": 9.709922342611988e-07,
      "abs_error": 1.3648720421267054e-09,
      "pct_error": 0.1407625336606718
    },
    "eb_z": {
      "true": 1.4544410433286078e-06,
      "est": 1.4458042908639985e-06,
      "abs_error": 8.63675246460935e-09,
      "pct_error": 0.5938193579055933
    },
    "db_x": {
      "true": 0.00097803267715,
      "est": 0.0009769805768054278,
      "abs_error": 1.0521003445721454e-06,
      "pct_error": 0.10757312809199582
    },
    "db_y": {
      "true": 0.0019560653543,
      "est": 0.00195673936444706,
      "abs_error": 6.740101470602625e-07,
      "pct_error": 0.034457445175775564
    },
    "db_z": {
      "true": 0.00293409803145,
      "est": 0.0031078229623793625,
      "abs_error": 0.00017372493092936234,
      "pct_error": 5.920897293384207
    },
    "dKg_xx": {
      "true": -9.99999999995449e-06,
      "est": -1.1926892204305872e-05,
      "abs_error": 1.9268922043513825e-06,
      "pct_error": 19.26892204360152
    },
    "dKg_yx": {
      "true": 0.0001454441043328608,
      "est": 0.0001456788416709488,
      "abs_error": 2.3473733808801792e-07,
      "pct_error": 0.16139350519894724
    },
    "dKg_zx": {
      "true": 0.00024240684055476798,
      "est": 0.00022480061885693655,
      "abs_error": 1.7606221697831433e-05,
      "pct_error": 7.263087814493249
    },
    "dKg_xy": {
      "true": 4.84813681109536e-05,
      "est": 4.8147120872076066e-05,
      "abs_error": 3.3424723887753096e-07,
      "pct_error": 0.6894344196570086
    },
    "dKg_yy": {
      "true": -2.0000000000020002e-05,
      "est": -1.9554944134192453e-05,
      "abs_error": 4.450558658275483e-07,
      "pct_error": 2.2252793291355157
    },
    "dKg_zy": {
      "true": 0.0002908882086657216,
      "est": 0.0003043224042613488,
      "abs_error": 1.34341955956272e-05,
      "pct_error": 4.618336252696066
    },
    "dKg_xz": {
      "true": 9.69627362219072e-05,
      "est": 0.00011382380176619948,
      "abs_error": 1.6861065544292284e-05,
      "pct_error": 17.3892220880652
    },
    "dKg_yz": {
      "true": 0.0001939254724438144,
      "est": 0.00018058493395173796,
      "abs_error": 1.3340538492076428e-05,
      "pct_error": 6.879208968250189
    },
    "dKg_zz": {
      "true": -2.999999999997449e-05,
      "est": -1.356520991024901e-05,
      "abs_error": 1.6434790089725482e-05,
      "pct_error": 54.78263363246485
    },
    "dKa_xx": {
      "true": -9.99999999995449e-06,
      "est": -7.697702913311844e-06,
      "abs_error": 2.302297086642646e-06,
      "pct_error": 23.02297086653124
    },
    "dKa_xy": {
      "true": 4.84813681109536e-05,
      "est": 4.609696978884937e-05,
      "abs_error": 2.3843983221042258e-06,
      "pct_error": 4.918174579247299
    },
    "dKa_xz": {
      "true": 9.69627362219072e-05,
      "est": 0.00011317069254050353,
      "abs_error": 1.6207956318596336e-05,
      "pct_error": 16.715654848583373
    },
    "dKa_yy": {
      "true": -2.0000000000020002e-05,
      "est": -3.8763707999045494e-07,
      "abs_error": 1.9612362920029547e-05,
      "pct_error": 98.06181460004967
    },
    "dKa_yz": {
      "true": 0.0001939254724438144,
      "est": 0.0001807087847139916,
      "abs_error": 1.3216687729822774e-05,
      "pct_error": 6.815343834550676
    },
    "dKa_zz": {
      "true": -2.999999999997449e-05,
      "est": -3.0034434348902295e-05,
      "abs_error": 3.443434892780317e-08,
      "pct_error": 0.11478116309277483
    },
    "Ka2_x": {
      "true": 1.0224607248440952e-06,
      "est": 1.2603487520373044e-06,
      "abs_error": 2.3788802719320923e-07,
      "pct_error": 23.266226409770642
    },
    "Ka2_y": {
      "true": 2.0449214496881904e-06,
      "est": 7.720246948528482e-10,
      "abs_error": 2.0441494249933377e-06,
      "pct_error": 99.96224673104336
    },
    "Ka2_z": {
      "true": 3.0673821745322856e-06,
      "est": 1.2853679837075756e-06,
      "abs_error": 1.78201419082471e-06,
      "pct_error": 58.09560365905274
    },
    "rx_x": {
      "true": 0.01,
      "est": 0.01012029436504675,
      "abs_error": 0.00012029436504674973,
      "pct_error": 1.2029436504674973
    },
    "rx_y": {
      "true": 0.02,
      "est": 0.019978858890924933,
      "abs_error": 2.114110907506725e-05,
      "pct_error": 0.10570554537533625
    },
    "rx_z": {
      "true": 0.03,
      "est": 0.030961048917368995,
      "abs_error": 0.0009610489173689958,
      "pct_error": 3.203496391229986
    },
    "ry_x": {
      "true": 0.04,
      "est": 0.04053759192700304,
      "abs_error": 0.0005375919270030408,
      "pct_error": 1.3439798175076019
    },
    "ry_y": {
      "true": 0.05,
      "est": 0.04997001284265224,
      "abs_error": 2.9987157347761972e-05,
      "pct_error": 0.059974314695523945
    },
    "ry_z": {
      "true": 0.06,
      "est": 0.060212281233028846,
      "abs_error": 0.00021228123302884788,
      "pct_error": 0.3538020550480798
    }
  },
  "focus_scale_pct": {
    "dKg_xx": 19.26892204360152,
    "dKg_xy": 0.6894344196570086,
    "dKg_yy": 2.2252793291355157,
    "dKg_zz": 54.78263363246485,
    "dKa_xx": 23.02297086653124
  },
  "lever_guard_pct": {
    "rx_y": 0.10570554537533625,
    "ry_z": 0.3538020550480798
  },
  "overall": {
    "mean_pct_error": 15.37851052455454,
    "median_pct_error": 4.3279528556528435,
    "max_pct_error": 99.96224673104336
  },
  "extra": {
    "noise_scale": 0.08,
    "noise_config": {
      "arw_dpsh": 0.0004,
      "vrw_ugpsHz": 0.4,
      "bi_g_dph": 0.00016,
      "bi_a_ug": 0.4,
      "tau_g": 300.0,
      "tau_a": 300.0,
      "seed": 42,
      "base_family": "round53_round61_shared"
    },
    "comparison_mode": "ch3_closedloop_local_insertions",
    "candidate_name": "twoanchor_l10_zpair_pos8_l11_zquad_y8",
    "method_key": "markov42_noisy",
    "legality": "faithful12_base_plus_closed_loop_local_insertions",
    "time_total_s": 1262.0
  }
}