{
  "variant": "guess_flip_p_markov42_noisy_noise0p08",
  "method_file": "search_ch3_12pos_closedloop_local_insertions.py",
  "source_file": "/root/.openclaw/workspace/tmp_psins_py/psins_py/test_calibration_markov_pruned.py",
  "param_order": [
    "eb_x",
    "eb_y",
    "eb_z",
    "db_x",
    "db_y",
    "db_z",
    "dKg_xx",
    "dKg_yx",
    "dKg_zx",
    "dKg_xy",
    "dKg_yy",
    "dKg_zy",
    "dKg_xz",
    "dKg_yz",
    "dKg_zz",
    "dKa_xx",
    "dKa_xy",
    "dKa_xz",
    "dKa_yy",
    "dKa_yz",
    "dKa_zz",
    "Ka2_x",
    "Ka2_y",
    "Ka2_z",
    "rx_x",
    "rx_y",
    "rx_z",
    "ry_x",
    "ry_y",
    "ry_z"
  ],
  "param_errors": {
    "eb_x": {
      "true": 4.84813681109536e-07,
      "est": 4.592141091657981e-07,
      "abs_error": 2.5599571943737954e-08,
      "pct_error": 5.280290746983712
    },
    "eb_y": {
      "true": 9.69627362219072e-07,
      "est": 9.764777053895502e-07,
      "abs_error": 6.850343170478151e-09,
      "pct_error": 0.7064923533923977
    },
    "eb_z": {
      "true": 1.4544410433286078e-06,
      "est": 1.4453439567597603e-06,
      "abs_error": 9.097086568847488e-09,
      "pct_error": 0.62546959951213
    },
    "db_x": {
      "true": 0.00097803267715,
      "est": 0.0009770286646506902,
      "abs_error": 1.0040124993097258e-06,
      "pct_error": 0.1026563347796754
    },
    "db_y": {
      "true": 0.0019560653543,
      "est": 0.001961851848878522,
      "abs_error": 5.786494578522046e-06,
      "pct_error": 0.295823172053104
    },
    "db_z": {
      "true": 0.00293409803145,
      "est": 0.0029256258037261905,
      "abs_error": 8.472227723809681e-06,
      "pct_error": 0.28875066998435617
    },
    "dKg_xx": {
      "true": -9.99999999995449e-06,
      "est": -2.433501730614296e-05,
      "abs_error": 1.4335017306188469e-05,
      "pct_error": 143.35017306253707
    },
    "dKg_yx": {
      "true": 0.0001454441043328608,
      "est": 0.0001452025459091365,
      "abs_error": 2.4155842372428093e-07,
      "pct_error": 0.16608333822280938
    },
    "dKg_zx": {
      "true": 0.00024240684055476798,
      "est": 0.0002431050066980758,
      "abs_error": 6.981661433078101e-07,
      "pct_error": 0.28801420855533594
    },
    "dKg_xy": {
      "true": 4.84813681109536e-05,
      "est": 4.8140311945332944e-05,
      "abs_error": 3.410561656206525e-07,
      "pct_error": 0.703478839211215
    },
    "dKg_yy": {
      "true": -2.0000000000020002e-05,
      "est": -1.9900463403832447e-05,
      "abs_error": 9.953659618755495e-08,
      "pct_error": 0.49768298093727703
    },
    "dKg_zy": {
      "true": 0.0002908882086657216,
      "est": 0.00029860438566378937,
      "abs_error": 7.716176998067792e-06,
      "pct_error": 2.652626255791258
    },
    "dKg_xz": {
      "true": 9.69627362219072e-05,
      "est": 9.613143748240771e-05,
      "abs_error": 8.312987394994798e-07,
      "pct_error": 0.8573383671815782
    },
    "dKg_yz": {
      "true": 0.0001939254724438144,
      "est": 0.00018591552305060216,
      "abs_error": 8.009949393212223e-06,
      "pct_error": 4.130426649099916
    },
    "dKg_zz": {
      "true": -2.999999999997449e-05,
      "est": -1.0893992650862216e-05,
      "abs_error": 1.9106007349112275e-05,
      "pct_error": 63.686691163761736
    },
    "dKa_xx": {
      "true": -9.99999999995449e-06,
      "est": -1.0166863558813688e-05,
      "abs_error": 1.6686355885919824e-07,
      "pct_error": 1.6686355885995763
    },
    "dKa_xy": {
      "true": 4.84813681109536e-05,
      "est": 5.0509689705713555e-05,
      "abs_error": 2.0283215947599587e-06,
      "pct_error": 4.1837136074996435
    },
    "dKa_xz": {
      "true": 9.69627362219072e-05,
      "est": 9.523860878536336e-05,
      "abs_error": 1.7241274365438334e-06,
      "pct_error": 1.7781340582200835
    },
    "dKa_yy": {
      "true": -2.0000000000020002e-05,
      "est": -1.1767062011447393e-06,
      "abs_error": 1.8823293798875262e-05,
      "pct_error": 94.11646899428219
    },
    "dKa_yz": {
      "true": 0.0001939254724438144,
      "est": 0.0001866117802856382,
      "abs_error": 7.313692158176182e-06,
      "pct_error": 3.771393239892795
    },
    "dKa_zz": {
      "true": -2.999999999997449e-05,
      "est": -2.99709163222861e-05,
      "abs_error": 2.9083677688390708e-08,
      "pct_error": 0.09694559229471812
    },
    "Ka2_x": {
      "true": 1.0224607248440952e-06,
      "est": 9.952554038468279e-07,
      "abs_error": 2.7205320997267324e-08,
      "pct_error": 2.6607692927682467
    },
    "Ka2_y": {
      "true": 2.0449214496881904e-06,
      "est": 2.867948696748372e-09,
      "abs_error": 2.042053500991442e-06,
      "pct_error": 99.85975262290951
    },
    "Ka2_z": {
      "true": 3.0673821745322856e-06,
      "est": 3.169028180170439e-06,
      "abs_error": 1.0164600563815327e-07,
      "pct_error": 3.3137705005295683
    },
    "rx_x": {
      "true": 0.01,
      "est": 0.009622418660176137,
      "abs_error": 0.0003775813398238636,
      "pct_error": 3.7758133982386357
    },
    "rx_y": {
      "true": 0.02,
      "est": 0.02040588920314887,
      "abs_error": 0.0004058892031488688,
      "pct_error": 2.029446015744344
    },
    "rx_z": {
      "true": 0.03,
      "est": 0.03092781633337497,
      "abs_error": 0.0009278163333749714,
      "pct_error": 3.092721111249905
    },
    "ry_x": {
      "true": 0.04,
      "est": 0.03957787003106874,
      "abs_error": 0.00042212996893126187,
      "pct_error": 1.0553249223281547
    },
    "ry_y": {
      "true": 0.05,
      "est": 0.0505732890074123,
      "abs_error": 0.0005732890074122976,
      "pct_error": 1.1465780148245952
    },
    "ry_z": {
      "true": 0.06,
      "est": 0.06110197570572429,
      "abs_error": 0.0011019757057242896,
      "pct_error": 1.8366261762071494
    }
  },
  "focus_scale_pct": {
    "dKg_xx": 143.35017306253707,
    "dKg_xy": 0.703478839211215,
    "dKg_yy": 0.49768298093727703,
    "dKg_zz": 63.686691163761736,
    "dKa_xx": 1.6686355885995763
  },
  "lever_guard_pct": {
    "rx_y": 2.029446015744344,
    "ry_z": 1.8366261762071494
  },
  "overall": {
    "mean_pct_error": 14.933936362586422,
    "median_pct_error": 1.8073801172136164,
    "max_pct_error": 143.35017306253707
  },
  "extra": {
    "noise_scale": 0.08,
    "noise_config": {
      "arw_dpsh": 0.0004,
      "vrw_ugpsHz": 0.4,
      "bi_g_dph": 0.00016,
      "bi_a_ug": 0.4,
      "tau_g": 300.0,
      "tau_a": 300.0,
      "seed": 42,
      "base_family": "round53_round61_shared"
    },
    "comparison_mode": "ch3_closedloop_local_insertions",
    "candidate_name": "guess_flip_p",
    "method_key": "markov42_noisy",
    "legality": "faithful12_base_plus_closed_loop_local_insertions",
    "time_total_s": 1263.0
  }
}