{
  "variant": "entryrelay_l8x1_l9y1p25_unifiedcore_markov42_noisy_noise0p08",
  "method_file": "search_ch3_12pos_closedloop_local_insertions.py",
  "source_file": "/root/.openclaw/workspace/tmp_psins_py/psins_py/test_calibration_markov_pruned.py",
  "param_order": [
    "eb_x",
    "eb_y",
    "eb_z",
    "db_x",
    "db_y",
    "db_z",
    "dKg_xx",
    "dKg_yx",
    "dKg_zx",
    "dKg_xy",
    "dKg_yy",
    "dKg_zy",
    "dKg_xz",
    "dKg_yz",
    "dKg_zz",
    "dKa_xx",
    "dKa_xy",
    "dKa_xz",
    "dKa_yy",
    "dKa_yz",
    "dKa_zz",
    "Ka2_x",
    "Ka2_y",
    "Ka2_z",
    "rx_x",
    "rx_y",
    "rx_z",
    "ry_x",
    "ry_y",
    "ry_z"
  ],
  "param_errors": {
    "eb_x": {
      "true": 4.84813681109536e-07,
      "est": 4.633478336275865e-07,
      "abs_error": 2.1465847481949534e-08,
      "pct_error": 4.427648871794041
    },
    "eb_y": {
      "true": 9.69627362219072e-07,
      "est": 9.674719457541319e-07,
      "abs_error": 2.155416464940205e-09,
      "pct_error": 0.22229327976134636
    },
    "eb_z": {
      "true": 1.4544410433286078e-06,
      "est": 1.4458159182543474e-06,
      "abs_error": 8.625125074260427e-09,
      "pct_error": 0.5930199174330999
    },
    "db_x": {
      "true": 0.00097803267715,
      "est": 0.0009793094109242172,
      "abs_error": 1.2767337742173104e-06,
      "pct_error": 0.1305410140219169
    },
    "db_y": {
      "true": 0.0019560653543,
      "est": 0.0019666145631069072,
      "abs_error": 1.0549208806907417e-05,
      "pct_error": 0.5393075841621136
    },
    "db_z": {
      "true": 0.00293409803145,
      "est": 0.002934231510459049,
      "abs_error": 1.3347900904882304e-07,
      "pct_error": 0.004549234811451038
    },
    "dKg_xx": {
      "true": -9.99999999995449e-06,
      "est": -1.049900104344026e-05,
      "abs_error": 4.990010434857695e-07,
      "pct_error": 4.990010434880404
    },
    "dKg_yx": {
      "true": 0.0001454441043328608,
      "est": 0.00014531882019453078,
      "abs_error": 1.2528413833001436e-07,
      "pct_error": 0.0861390283949161
    },
    "dKg_zx": {
      "true": 0.00024240684055476798,
      "est": 0.0002421060033773831,
      "abs_error": 3.008371773848776e-07,
      "pct_error": 0.12410424421043027
    },
    "dKg_xy": {
      "true": 4.84813681109536e-05,
      "est": 4.8459970168724956e-05,
      "abs_error": 2.139794222864031e-08,
      "pct_error": 0.04413642407877055
    },
    "dKg_yy": {
      "true": -2.0000000000020002e-05,
      "est": -1.9510588319171518e-05,
      "abs_error": 4.894116808484839e-07,
      "pct_error": 2.447058404239972
    },
    "dKg_zy": {
      "true": 0.0002908882086657216,
      "est": 0.0002915683024867486,
      "abs_error": 6.800938210270381e-07,
      "pct_error": 0.2337990337066491
    },
    "dKg_xz": {
      "true": 9.69627362219072e-05,
      "est": 9.770560721218605e-05,
      "abs_error": 7.428709902788569e-07,
      "pct_error": 0.7661407043822852
    },
    "dKg_yz": {
      "true": 0.0001939254724438144,
      "est": 0.0001935992972805162,
      "abs_error": 3.2617516329818286e-07,
      "pct_error": 0.16819614215078676
    },
    "dKg_zz": {
      "true": -2.999999999997449e-05,
      "est": -2.9743622286471094e-05,
      "abs_error": 2.5637771350339733e-07,
      "pct_error": 0.8545923783453844
    },
    "dKa_xx": {
      "true": -9.99999999995449e-06,
      "est": -9.74917842699874e-06,
      "abs_error": 2.508215729557506e-07,
      "pct_error": 2.5082157295689207
    },
    "dKa_xy": {
      "true": 4.84813681109536e-05,
      "est": 4.8454028007873236e-05,
      "abs_error": 2.734010308036059e-08,
      "pct_error": 0.0563930106464622
    },
    "dKa_xz": {
      "true": 9.69627362219072e-05,
      "est": 9.697038008222473e-05,
      "abs_error": 7.643860317534871e-09,
      "pct_error": 0.007883296836880993
    },
    "dKa_yy": {
      "true": -2.0000000000020002e-05,
      "est": -1.9673789050767e-05,
      "abs_error": 3.26210949253003e-07,
      "pct_error": 1.6310547462633835
    },
    "dKa_yz": {
      "true": 0.0001939254724438144,
      "est": 0.0001937439074782527,
      "abs_error": 1.815649655616963e-07,
      "pct_error": 0.09362615610711003
    },
    "dKa_zz": {
      "true": -2.999999999997449e-05,
      "est": -2.9490044685331895e-05,
      "abs_error": 5.099553146425961e-07,
      "pct_error": 1.699851048810099
    },
    "Ka2_x": {
      "true": 1.0224607248440952e-06,
      "est": 1.008415178995799e-06,
      "abs_error": 1.4045545848296227e-08,
      "pct_error": 1.3737002808042227
    },
    "Ka2_y": {
      "true": 2.0449214496881904e-06,
      "est": 1.9881653546773093e-06,
      "abs_error": 5.67560950108811e-08,
      "pct_error": 2.77546577740359
    },
    "Ka2_z": {
      "true": 3.0673821745322856e-06,
      "est": 3.0709524661482444e-06,
      "abs_error": 3.570291615958728e-09,
      "pct_error": 0.11639539557874383
    },
    "rx_x": {
      "true": 0.01,
      "est": 0.009960811180069902,
      "abs_error": 3.918881993009854e-05,
      "pct_error": 0.3918881993009854
    },
    "rx_y": {
      "true": 0.02,
      "est": 0.020248391898443387,
      "abs_error": 0.00024839189844338624,
      "pct_error": 1.2419594922169312
    },
    "rx_z": {
      "true": 0.03,
      "est": 0.030289385162104034,
      "abs_error": 0.0002893851621040347,
      "pct_error": 0.964617207013449
    },
    "ry_x": {
      "true": 0.04,
      "est": 0.04056213989246967,
      "abs_error": 0.0005621398924696708,
      "pct_error": 1.405349731174177
    },
    "ry_y": {
      "true": 0.05,
      "est": 0.05031548994485088,
      "abs_error": 0.0003154899448508802,
      "pct_error": 0.6309798897017604
    },
    "ry_z": {
      "true": 0.06,
      "est": 0.061002314508531746,
      "abs_error": 0.0010023145085317486,
      "pct_error": 1.6705241808862479
    }
  },
  "focus_scale_pct": {
    "dKg_xx": 4.990010434880404,
    "dKg_xy": 0.04413642407877055,
    "dKg_yy": 2.447058404239972,
    "dKg_zz": 0.8545923783453844,
    "dKa_xx": 2.5082157295689207
  },
  "lever_guard_pct": {
    "rx_y": 1.2419594922169312,
    "ry_z": 1.6705241808862479
  },
  "overall": {
    "mean_pct_error": 1.0733146946228844,
    "median_pct_error": 0.6119999035674302,
    "max_pct_error": 4.990010434880404
  },
  "extra": {
    "noise_scale": 0.08,
    "noise_config": {
      "arw_dpsh": 0.0004,
      "vrw_ugpsHz": 0.4,
      "bi_g_dph": 0.00016,
      "bi_a_ug": 0.4,
      "tau_g": 300.0,
      "tau_a": 300.0,
      "seed": 42,
      "base_family": "round53_round61_shared"
    },
    "comparison_mode": "ch3_closedloop_local_insertions",
    "candidate_name": "entryrelay_l8x1_l9y1p25_unifiedcore",
    "method_key": "markov42_noisy",
    "legality": "faithful12_base_plus_closed_loop_local_insertions",
    "time_total_s": 1338.5
  }
}