{
  "variant": "redistribute_l9_ypair_neg4_plus_l10_l11_fullblock_y8x0_markov42_noisy_noise0p08",
  "method_file": "search_ch3_12pos_closedloop_local_insertions.py",
  "source_file": "/root/.openclaw/workspace/tmp_psins_py/psins_py/test_calibration_markov_pruned.py",
  "param_order": [
    "eb_x",
    "eb_y",
    "eb_z",
    "db_x",
    "db_y",
    "db_z",
    "dKg_xx",
    "dKg_yx",
    "dKg_zx",
    "dKg_xy",
    "dKg_yy",
    "dKg_zy",
    "dKg_xz",
    "dKg_yz",
    "dKg_zz",
    "dKa_xx",
    "dKa_xy",
    "dKa_xz",
    "dKa_yy",
    "dKa_yz",
    "dKa_zz",
    "Ka2_x",
    "Ka2_y",
    "Ka2_z",
    "rx_x",
    "rx_y",
    "rx_z",
    "ry_x",
    "ry_y",
    "ry_z"
  ],
  "param_errors": {
    "eb_x": {
      "true": 4.84813681109536e-07,
      "est": 4.5647125713030434e-07,
      "abs_error": 2.834242397923171e-08,
      "pct_error": 5.846044590649286
    },
    "eb_y": {
      "true": 9.69627362219072e-07,
      "est": 9.717647929877898e-07,
      "abs_error": 2.1374307687177493e-09,
      "pct_error": 0.2204383716880744
    },
    "eb_z": {
      "true": 1.4544410433286078e-06,
      "est": 1.4473807299948175e-06,
      "abs_error": 7.060313333790309e-09,
      "pct_error": 0.4854313872793497
    },
    "db_x": {
      "true": 0.00097803267715,
      "est": 0.0009821642111173636,
      "abs_error": 4.1315339673636976e-06,
      "pct_error": 0.4224331214988687
    },
    "db_y": {
      "true": 0.0019560653543,
      "est": 0.0019598613427688335,
      "abs_error": 3.795988468833708e-06,
      "pct_error": 0.19406245606717704
    },
    "db_z": {
      "true": 0.00293409803145,
      "est": 0.002938782983294204,
      "abs_error": 4.684951844203741e-06,
      "pct_error": 0.1596726419494746
    },
    "dKg_xx": {
      "true": -9.99999999995449e-06,
      "est": -1.1642797568267582e-05,
      "abs_error": 1.6427975683130924e-06,
      "pct_error": 16.42797568320569
    },
    "dKg_yx": {
      "true": 0.0001454441043328608,
      "est": 0.00014534407069535606,
      "abs_error": 1.0003363750473067e-07,
      "pct_error": 0.06877806286035182
    },
    "dKg_zx": {
      "true": 0.00024240684055476798,
      "est": 0.00024190219419115383,
      "abs_error": 5.046463636141556e-07,
      "pct_error": 0.2081815688283511
    },
    "dKg_xy": {
      "true": 4.84813681109536e-05,
      "est": 4.878570500134482e-05,
      "abs_error": 3.0433689039122374e-07,
      "pct_error": 0.6277398973038957
    },
    "dKg_yy": {
      "true": -2.0000000000020002e-05,
      "est": -1.961586582321928e-05,
      "abs_error": 3.8413417680072115e-07,
      "pct_error": 1.920670884001685
    },
    "dKg_zy": {
      "true": 0.0002908882086657216,
      "est": 0.0002876498616045074,
      "abs_error": 3.2383470612141574e-06,
      "pct_error": 1.1132617152369868
    },
    "dKg_xz": {
      "true": 9.69627362219072e-05,
      "est": 9.709728264142778e-05,
      "abs_error": 1.3454641952058823e-07,
      "pct_error": 0.13876095576827338
    },
    "dKg_yz": {
      "true": 0.0001939254724438144,
      "est": 0.0001969969398764646,
      "abs_error": 3.0714674326502017e-06,
      "pct_error": 1.5838390872246508
    },
    "dKg_zz": {
      "true": -2.999999999997449e-05,
      "est": -1.8058432923684364e-05,
      "abs_error": 1.1941567076290127e-05,
      "pct_error": 39.805223587667605
    },
    "dKa_xx": {
      "true": -9.99999999995449e-06,
      "est": -9.639030008612437e-06,
      "abs_error": 3.6096999134205277e-07,
      "pct_error": 3.6096999134369554
    },
    "dKa_xy": {
      "true": 4.84813681109536e-05,
      "est": 4.5317807878262355e-05,
      "abs_error": 3.163560232691242e-06,
      "pct_error": 6.525311384470781
    },
    "dKa_xz": {
      "true": 9.69627362219072e-05,
      "est": 9.645020861435517e-05,
      "abs_error": 5.125276075520195e-07,
      "pct_error": 0.5285820383400257
    },
    "dKa_yy": {
      "true": -2.0000000000020002e-05,
      "est": 4.7304953121329874e-07,
      "abs_error": 2.04730495312333e-05,
      "pct_error": 102.36524765606411
    },
    "dKa_yz": {
      "true": 0.0001939254724438144,
      "est": 0.00019694210186883582,
      "abs_error": 3.0166294250214346e-06,
      "pct_error": 1.5555612096783398
    },
    "dKa_zz": {
      "true": -2.999999999997449e-05,
      "est": -3.0440099972883772e-05,
      "abs_error": 4.4009997290928027e-07,
      "pct_error": 1.4669999096988482
    },
    "Ka2_x": {
      "true": 1.0224607248440952e-06,
      "est": 1.0045415960980246e-06,
      "abs_error": 1.7919128746070648e-08,
      "pct_error": 1.7525493459714998
    },
    "Ka2_y": {
      "true": 2.0449214496881904e-06,
      "est": -3.092837547615959e-09,
      "abs_error": 2.0480142872358063e-06,
      "pct_error": 100.15124480933424
    },
    "Ka2_z": {
      "true": 3.0673821745322856e-06,
      "est": 3.0194795362187945e-06,
      "abs_error": 4.790263831349117e-08,
      "pct_error": 1.561678186409731
    },
    "rx_x": {
      "true": 0.01,
      "est": 0.009853630812193245,
      "abs_error": 0.00014636918780675488,
      "pct_error": 1.4636918780675487
    },
    "rx_y": {
      "true": 0.02,
      "est": 0.020034195131052313,
      "abs_error": 3.4195131052312117e-05,
      "pct_error": 0.17097565526156058
    },
    "rx_z": {
      "true": 0.03,
      "est": 0.03064443773722962,
      "abs_error": 0.0006444377372296223,
      "pct_error": 2.1481257907654077
    },
    "ry_x": {
      "true": 0.04,
      "est": 0.040391691649037935,
      "abs_error": 0.0003916916490379341,
      "pct_error": 0.9792291225948352
    },
    "ry_y": {
      "true": 0.05,
      "est": 0.04997765022362457,
      "abs_error": 2.234977637543406e-05,
      "pct_error": 0.04469955275086812
    },
    "ry_z": {
      "true": 0.06,
      "est": 0.0608442924246305,
      "abs_error": 0.0008442924246305009,
      "pct_error": 1.4071540410508347
    }
  },
  "focus_scale_pct": {
    "dKg_xx": 16.42797568320569,
    "dKg_xy": 0.6277398973038957,
    "dKg_yy": 1.920670884001685,
    "dKg_zz": 39.805223587667605,
    "dKa_xx": 3.6096999134369554
  },
  "lever_guard_pct": {
    "rx_y": 0.17097565526156058,
    "ry_z": 1.4071540410508347
  },
  "overall": {
    "mean_pct_error": 9.831775483504176,
    "median_pct_error": 1.4354229595591916,
    "max_pct_error": 102.36524765606411
  },
  "extra": {
    "noise_scale": 0.08,
    "noise_config": {
      "arw_dpsh": 0.0004,
      "vrw_ugpsHz": 0.4,
      "bi_g_dph": 0.00016,
      "bi_a_ug": 0.4,
      "tau_g": 300.0,
      "tau_a": 300.0,
      "seed": 42,
      "base_family": "round53_round61_shared"
    },
    "comparison_mode": "ch3_closedloop_local_insertions",
    "candidate_name": "redistribute_l9_ypair_neg4_plus_l10_l11_fullblock_y8x0",
    "method_key": "markov42_noisy",
    "legality": "faithful12_base_plus_closed_loop_local_insertions",
    "time_total_s": 1370.0
  }
}