{
  "variant": "chainfront_l4_neg1_l5_neg6_plus_relaymax_unified_l9y2p5_markov42_noisy_noise0p08",
  "method_file": "search_ch3_12pos_closedloop_local_insertions.py",
  "source_file": "/root/.openclaw/workspace/tmp_psins_py/psins_py/test_calibration_markov_pruned.py",
  "param_order": [
    "eb_x",
    "eb_y",
    "eb_z",
    "db_x",
    "db_y",
    "db_z",
    "dKg_xx",
    "dKg_yx",
    "dKg_zx",
    "dKg_xy",
    "dKg_yy",
    "dKg_zy",
    "dKg_xz",
    "dKg_yz",
    "dKg_zz",
    "dKa_xx",
    "dKa_xy",
    "dKa_xz",
    "dKa_yy",
    "dKa_yz",
    "dKa_zz",
    "Ka2_x",
    "Ka2_y",
    "Ka2_z",
    "rx_x",
    "rx_y",
    "rx_z",
    "ry_x",
    "ry_y",
    "ry_z"
  ],
  "param_errors": {
    "eb_x": {
      "true": 4.84813681109536e-07,
      "est": 4.6055563998636e-07,
      "abs_error": 2.425804112317603e-08,
      "pct_error": 5.003580152205998
    },
    "eb_y": {
      "true": 9.69627362219072e-07,
      "est": 9.709664981475905e-07,
      "abs_error": 1.3391359285184395e-09,
      "pct_error": 0.13810830641719068
    },
    "eb_z": {
      "true": 1.4544410433286078e-06,
      "est": 1.4465388622772347e-06,
      "abs_error": 7.902181051373112e-09,
      "pct_error": 0.5433139478303172
    },
    "db_x": {
      "true": 0.00097803267715,
      "est": 0.0009812460007562055,
      "abs_error": 3.2133236062055915e-06,
      "pct_error": 0.32854971835596114
    },
    "db_y": {
      "true": 0.0019560653543,
      "est": 0.001960196205847583,
      "abs_error": 4.130851547583074e-06,
      "pct_error": 0.21118167337825713
    },
    "db_z": {
      "true": 0.00293409803145,
      "est": 0.002944442199425843,
      "abs_error": 1.0344167975842675e-05,
      "pct_error": 0.35255018288297263
    },
    "dKg_xx": {
      "true": -9.99999999995449e-06,
      "est": -1.3505703554628212e-05,
      "abs_error": 3.5057035546737225e-06,
      "pct_error": 35.05703554689677
    },
    "dKg_yx": {
      "true": 0.0001454441043328608,
      "est": 0.00014521344288540182,
      "abs_error": 2.306614474589688e-07,
      "pct_error": 0.15859112922933
    },
    "dKg_zx": {
      "true": 0.00024240684055476798,
      "est": 0.00024176846337713983,
      "abs_error": 6.383771776281497e-07,
      "pct_error": 0.263349489712077
    },
    "dKg_xy": {
      "true": 4.84813681109536e-05,
      "est": 4.8619421092655465e-05,
      "abs_error": 1.3805298170186845e-07,
      "pct_error": 0.2847547152256984
    },
    "dKg_yy": {
      "true": -2.0000000000020002e-05,
      "est": -1.979587964040519e-05,
      "abs_error": 2.0412035961481223e-07,
      "pct_error": 1.0206017980730404
    },
    "dKg_zy": {
      "true": 0.0002908882086657216,
      "est": 0.00028788345763016744,
      "abs_error": 3.0047510355541416e-06,
      "pct_error": 1.0329573169488953
    },
    "dKg_xz": {
      "true": 9.69627362219072e-05,
      "est": 9.774329406897532e-05,
      "abs_error": 7.805578470681293e-07,
      "pct_error": 0.8050080654507917
    },
    "dKg_yz": {
      "true": 0.0001939254724438144,
      "est": 0.00019708658036922999,
      "abs_error": 3.161107925415599e-06,
      "pct_error": 1.6300632844050231
    },
    "dKg_zz": {
      "true": -2.999999999997449e-05,
      "est": -1.91704464804765e-05,
      "abs_error": 1.0829553519497992e-05,
      "pct_error": 36.09851173169067
    },
    "dKa_xx": {
      "true": -9.99999999995449e-06,
      "est": -9.553831184172523e-06,
      "abs_error": 4.4616881578196654e-07,
      "pct_error": 4.461688157839971
    },
    "dKa_xy": {
      "true": 4.84813681109536e-05,
      "est": 4.7798516940244285e-05,
      "abs_error": 6.828511707093117e-07,
      "pct_error": 1.408481644219591
    },
    "dKa_xz": {
      "true": 9.69627362219072e-05,
      "est": 9.695589052188046e-05,
      "abs_error": 6.845700026731358e-09,
      "pct_error": 0.0070601349481974295
    },
    "dKa_yy": {
      "true": -2.0000000000020002e-05,
      "est": -1.807069224479818e-06,
      "abs_error": 1.8192930775540184e-05,
      "pct_error": 90.96465387760995
    },
    "dKa_yz": {
      "true": 0.0001939254724438144,
      "est": 0.00019700456738712115,
      "abs_error": 3.0790949433067588e-06,
      "pct_error": 1.587772304743957
    },
    "dKa_zz": {
      "true": -2.999999999997449e-05,
      "est": -3.049384655584575e-05,
      "abs_error": 4.938465558712579e-07,
      "pct_error": 1.6461551862389263
    },
    "Ka2_x": {
      "true": 1.0224607248440952e-06,
      "est": 1.0227897422699092e-06,
      "abs_error": 3.290174258139823e-10,
      "pct_error": 0.03217897937978506
    },
    "Ka2_y": {
      "true": 2.0449214496881904e-06,
      "est": 7.395811885834196e-09,
      "abs_error": 2.0375256378023563e-06,
      "pct_error": 99.63833271508
    },
    "Ka2_z": {
      "true": 3.0673821745322856e-06,
      "est": 2.9649190720799336e-06,
      "abs_error": 1.0246310245235208e-07,
      "pct_error": 3.3404087466856214
    },
    "rx_x": {
      "true": 0.01,
      "est": 0.009762184192073,
      "abs_error": 0.0002378158079270002,
      "pct_error": 2.378158079270002
    },
    "rx_y": {
      "true": 0.02,
      "est": 0.02001529815282605,
      "abs_error": 1.529815282605082e-05,
      "pct_error": 0.0764907641302541
    },
    "rx_z": {
      "true": 0.03,
      "est": 0.030567398590984445,
      "abs_error": 0.0005673985909844456,
      "pct_error": 1.891328636614819
    },
    "ry_x": {
      "true": 0.04,
      "est": 0.0401923594080309,
      "abs_error": 0.00019235940803089685,
      "pct_error": 0.4808985200772421
    },
    "ry_y": {
      "true": 0.05,
      "est": 0.05001970616039136,
      "abs_error": 1.9706160391354255e-05,
      "pct_error": 0.03941232078270851
    },
    "ry_z": {
      "true": 0.06,
      "est": 0.06073698111457923,
      "abs_error": 0.0007369811145792327,
      "pct_error": 1.2283018576320546
    }
  },
  "focus_scale_pct": {
    "dKg_xx": 35.05703554689677,
    "dKg_xy": 0.2847547152256984,
    "dKg_yy": 1.0206017980730404,
    "dKg_zz": 36.09851173169067,
    "dKa_xx": 4.461688157839971
  },
  "lever_guard_pct": {
    "rx_y": 0.0764907641302541,
    "ry_z": 1.2283018576320546
  },
  "overall": {
    "mean_pct_error": 9.736982632798538,
    "median_pct_error": 1.026779557510968,
    "max_pct_error": 99.63833271508
  },
  "extra": {
    "noise_scale": 0.08,
    "noise_config": {
      "arw_dpsh": 0.0004,
      "vrw_ugpsHz": 0.4,
      "bi_g_dph": 0.00016,
      "bi_a_ug": 0.4,
      "tau_g": 300.0,
      "tau_a": 300.0,
      "seed": 42,
      "base_family": "round53_round61_shared"
    },
    "comparison_mode": "ch3_closedloop_local_insertions",
    "candidate_name": "chainfront_l4_neg1_l5_neg6_plus_relaymax_unified_l9y2p5",
    "method_key": "markov42_noisy",
    "legality": "faithful12_base_plus_closed_loop_local_insertions",
    "time_total_s": 1363.0
  }
}