{
  "variant": "entryx_l8_xpair_pos2_plus_l11_y9x1_markov42_noisy_noise0p08",
  "method_file": "search_ch3_12pos_closedloop_local_insertions.py",
  "source_file": "/root/.openclaw/workspace/tmp_psins_py/psins_py/test_calibration_markov_pruned.py",
  "param_order": [
    "eb_x",
    "eb_y",
    "eb_z",
    "db_x",
    "db_y",
    "db_z",
    "dKg_xx",
    "dKg_yx",
    "dKg_zx",
    "dKg_xy",
    "dKg_yy",
    "dKg_zy",
    "dKg_xz",
    "dKg_yz",
    "dKg_zz",
    "dKa_xx",
    "dKa_xy",
    "dKa_xz",
    "dKa_yy",
    "dKa_yz",
    "dKa_zz",
    "Ka2_x",
    "Ka2_y",
    "Ka2_z",
    "rx_x",
    "rx_y",
    "rx_z",
    "ry_x",
    "ry_y",
    "ry_z"
  ],
  "param_errors": {
    "eb_x": {
      "true": 4.84813681109536e-07,
      "est": 4.6432929880857127e-07,
      "abs_error": 2.0484382300964778e-08,
      "pct_error": 4.225207146399949
    },
    "eb_y": {
      "true": 9.69627362219072e-07,
      "est": 9.709335372333564e-07,
      "abs_error": 1.3061750142843088e-09,
      "pct_error": 0.13470896812307562
    },
    "eb_z": {
      "true": 1.4544410433286078e-06,
      "est": 1.4423413395957611e-06,
      "abs_error": 1.2099703732846703e-08,
      "pct_error": 0.8319143487009646
    },
    "db_x": {
      "true": 0.00097803267715,
      "est": 0.0009774475336774206,
      "abs_error": 5.851434725792984e-07,
      "pct_error": 0.059828621911122044
    },
    "db_y": {
      "true": 0.0019560653543,
      "est": 0.0019584037379928127,
      "abs_error": 2.3383836928129315e-06,
      "pct_error": 0.11954527427585611
    },
    "db_z": {
      "true": 0.00293409803145,
      "est": 0.002943927023109602,
      "abs_error": 9.82899165960201e-06,
      "pct_error": 0.33499193122544124
    },
    "dKg_xx": {
      "true": -9.99999999995449e-06,
      "est": -1.3329343550472217e-05,
      "abs_error": 3.329343550517727e-06,
      "pct_error": 33.29343550532879
    },
    "dKg_yx": {
      "true": 0.0001454441043328608,
      "est": 0.00014544172122085263,
      "abs_error": 2.383112008159374e-09,
      "pct_error": 0.00163850712209374
    },
    "dKg_zx": {
      "true": 0.00024240684055476798,
      "est": 0.00024129902872173904,
      "abs_error": 1.1078118330289446e-06,
      "pct_error": 0.4570051861959119
    },
    "dKg_xy": {
      "true": 4.84813681109536e-05,
      "est": 4.848099960229693e-05,
      "abs_error": 3.6850865666794054e-10,
      "pct_error": 0.0007601036666799051
    },
    "dKg_yy": {
      "true": -2.0000000000020002e-05,
      "est": -1.959116187766341e-05,
      "abs_error": 4.088381223565918e-07,
      "pct_error": 2.0441906117809143
    },
    "dKg_zy": {
      "true": 0.0002908882086657216,
      "est": 0.00030092915390645016,
      "abs_error": 1.0040945240728577e-05,
      "pct_error": 3.4518227076943067
    },
    "dKg_xz": {
      "true": 9.69627362219072e-05,
      "est": 9.730617417931755e-05,
      "abs_error": 3.4343795741036153e-07,
      "pct_error": 0.3541958187157338
    },
    "dKg_yz": {
      "true": 0.0001939254724438144,
      "est": 0.0001835995001648714,
      "abs_error": 1.0325972278942978e-05,
      "pct_error": 5.324711678572654
    },
    "dKg_zz": {
      "true": -2.999999999997449e-05,
      "est": -1.1173753552862209e-05,
      "abs_error": 1.8826246447112283e-05,
      "pct_error": 62.75415482376096
    },
    "dKa_xx": {
      "true": -9.99999999995449e-06,
      "est": -9.65919216699973e-06,
      "abs_error": 3.4080783295475925e-07,
      "pct_error": 3.408078329563103
    },
    "dKa_xy": {
      "true": 4.84813681109536e-05,
      "est": 4.491147068912475e-05,
      "abs_error": 3.569897421828845e-06,
      "pct_error": 7.363442000355355
    },
    "dKa_xz": {
      "true": 9.69627362219072e-05,
      "est": 9.665543299523704e-05,
      "abs_error": 3.0730322667015474e-07,
      "pct_error": 0.31692920254113505
    },
    "dKa_yy": {
      "true": -2.0000000000020002e-05,
      "est": -2.1113103265690825e-06,
      "abs_error": 1.788868967345092e-05,
      "pct_error": 89.44344836716515
    },
    "dKa_yz": {
      "true": 0.0001939254724438144,
      "est": 0.000183719883652223,
      "abs_error": 1.0205588791591385e-05,
      "pct_error": 5.262634486837838
    },
    "dKa_zz": {
      "true": -2.999999999997449e-05,
      "est": -3.0248243687802656e-05,
      "abs_error": 2.4824368782816464e-07,
      "pct_error": 0.8274789594279192
    },
    "Ka2_x": {
      "true": 1.0224607248440952e-06,
      "est": 1.0580954296272104e-06,
      "abs_error": 3.563470478311523e-08,
      "pct_error": 3.4851905718480105
    },
    "Ka2_y": {
      "true": 2.0449214496881904e-06,
      "est": 9.06844195560495e-09,
      "abs_error": 2.0358530077325854e-06,
      "pct_error": 99.55653837182902
    },
    "Ka2_z": {
      "true": 3.0673821745322856e-06,
      "est": 2.992580085202209e-06,
      "abs_error": 7.480208933007684e-08,
      "pct_error": 2.4386295894636167
    },
    "rx_x": {
      "true": 0.01,
      "est": 0.010031291861822422,
      "abs_error": 3.129186182242172e-05,
      "pct_error": 0.3129186182242172
    },
    "rx_y": {
      "true": 0.02,
      "est": 0.020273227026911922,
      "abs_error": 0.0002732270269119215,
      "pct_error": 1.3661351345596076
    },
    "rx_z": {
      "true": 0.03,
      "est": 0.030400112657933336,
      "abs_error": 0.00040011265793333736,
      "pct_error": 1.3337088597777913
    },
    "ry_x": {
      "true": 0.04,
      "est": 0.04057966561434648,
      "abs_error": 0.0005796656143464765,
      "pct_error": 1.4491640358661912
    },
    "ry_y": {
      "true": 0.05,
      "est": 0.05019466763007098,
      "abs_error": 0.0001946676300709771,
      "pct_error": 0.3893352601419542
    },
    "ry_z": {
      "true": 0.06,
      "est": 0.0606586614521192,
      "abs_error": 0.0006586614521192011,
      "pct_error": 1.0977690868653351
    }
  },
  "focus_scale_pct": {
    "dKg_xx": 33.29343550532879,
    "dKg_xy": 0.0007601036666799051,
    "dKg_yy": 2.0441906117809143,
    "dKg_zz": 62.75415482376096,
    "dKa_xx": 3.408078329563103
  },
  "lever_guard_pct": {
    "rx_y": 1.3661351345596076,
    "ry_z": 1.0977690868653351
  },
  "overall": {
    "mean_pct_error": 11.047983736931359,
    "median_pct_error": 1.3499219971686993,
    "max_pct_error": 99.55653837182902
  },
  "extra": {
    "noise_scale": 0.08,
    "noise_config": {
      "arw_dpsh": 0.0004,
      "vrw_ugpsHz": 0.4,
      "bi_g_dph": 0.00016,
      "bi_a_ug": 0.4,
      "tau_g": 300.0,
      "tau_a": 300.0,
      "seed": 42,
      "base_family": "round53_round61_shared"
    },
    "comparison_mode": "ch3_closedloop_local_insertions",
    "candidate_name": "entryx_l8_xpair_pos2_plus_l11_y9x1",
    "method_key": "markov42_noisy",
    "legality": "faithful12_base_plus_closed_loop_local_insertions",
    "time_total_s": 1294.0
  }
}