{
  "variant": "twoanchor_l10_ypair_neg2_then_zpair_neg4_plus_l11_y10x0back2_markov42_noisy_noise0p08",
  "method_file": "search_ch3_12pos_closedloop_local_insertions.py",
  "source_file": "/root/.openclaw/workspace/tmp_psins_py/psins_py/test_calibration_markov_pruned.py",
  "param_order": [
    "eb_x",
    "eb_y",
    "eb_z",
    "db_x",
    "db_y",
    "db_z",
    "dKg_xx",
    "dKg_yx",
    "dKg_zx",
    "dKg_xy",
    "dKg_yy",
    "dKg_zy",
    "dKg_xz",
    "dKg_yz",
    "dKg_zz",
    "dKa_xx",
    "dKa_xy",
    "dKa_xz",
    "dKa_yy",
    "dKa_yz",
    "dKa_zz",
    "Ka2_x",
    "Ka2_y",
    "Ka2_z",
    "rx_x",
    "rx_y",
    "rx_z",
    "ry_x",
    "ry_y",
    "ry_z"
  ],
  "param_errors": {
    "eb_x": {
      "true": 4.84813681109536e-07,
      "est": 4.6178431729806114e-07,
      "abs_error": 2.3029363811474908e-08,
      "pct_error": 4.750147264567764
    },
    "eb_y": {
      "true": 9.69627362219072e-07,
      "est": 9.721514577384194e-07,
      "abs_error": 2.5240955193472704e-09,
      "pct_error": 0.26031603662366437
    },
    "eb_z": {
      "true": 1.4544410433286078e-06,
      "est": 1.4441956909493428e-06,
      "abs_error": 1.024535237926504e-08,
      "pct_error": 0.7044185411474438
    },
    "db_x": {
      "true": 0.00097803267715,
      "est": 0.00097933555542025,
      "abs_error": 1.3028782702500467e-06,
      "pct_error": 0.1332141860583484
    },
    "db_y": {
      "true": 0.0019560653543,
      "est": 0.0019576383936444454,
      "abs_error": 1.5730393444456092e-06,
      "pct_error": 0.0804185474165069
    },
    "db_z": {
      "true": 0.00293409803145,
      "est": 0.002938685000257335,
      "abs_error": 4.586968807334703e-06,
      "pct_error": 0.15633318171948984
    },
    "dKg_xx": {
      "true": -9.99999999995449e-06,
      "est": -1.4099012628276952e-05,
      "abs_error": 4.099012628322463e-06,
      "pct_error": 40.99012628341117
    },
    "dKg_yx": {
      "true": 0.0001454441043328608,
      "est": 0.00014543913366927715,
      "abs_error": 4.970663583644605e-09,
      "pct_error": 0.0034175765366665067
    },
    "dKg_zx": {
      "true": 0.00024240684055476798,
      "est": 0.00024168434744212746,
      "abs_error": 7.224931126405211e-07,
      "pct_error": 0.2980498037873173
    },
    "dKg_xy": {
      "true": 4.84813681109536e-05,
      "est": 4.8790477768776756e-05,
      "abs_error": 3.0910965782315924e-07,
      "pct_error": 0.637584436800002
    },
    "dKg_yy": {
      "true": -2.0000000000020002e-05,
      "est": -1.9260414626964817e-05,
      "abs_error": 7.395853730551849e-07,
      "pct_error": 3.697926865272226
    },
    "dKg_zy": {
      "true": 0.0002908882086657216,
      "est": 0.00030140988392014404,
      "abs_error": 1.0521675254422463e-05,
      "pct_error": 3.6170855129138624
    },
    "dKg_xz": {
      "true": 9.69627362219072e-05,
      "est": 9.677535498843727e-05,
      "abs_error": 1.8738123346992636e-07,
      "pct_error": 0.19325076908008146
    },
    "dKg_yz": {
      "true": 0.0001939254724438144,
      "est": 0.0001834886665687257,
      "abs_error": 1.04368058750887e-05,
      "pct_error": 5.381864354159319
    },
    "dKg_zz": {
      "true": -2.999999999997449e-05,
      "est": -1.75451174486696e-05,
      "abs_error": 1.2454882551304891e-05,
      "pct_error": 41.5162751710516
    },
    "dKa_xx": {
      "true": -9.99999999995449e-06,
      "est": -9.683148340489112e-06,
      "abs_error": 3.168516594653781e-07,
      "pct_error": 3.1685165946682003
    },
    "dKa_xy": {
      "true": 4.84813681109536e-05,
      "est": 4.078151616546089e-05,
      "abs_error": 7.699851945492704e-06,
      "pct_error": 15.882084696683807
    },
    "dKa_xz": {
      "true": 9.69627362219072e-05,
      "est": 9.62088516514222e-05,
      "abs_error": 7.538845704849867e-07,
      "pct_error": 0.7774992743188063
    },
    "dKa_yy": {
      "true": -2.0000000000020002e-05,
      "est": -2.7814586764929317e-06,
      "abs_error": 1.721854132352707e-05,
      "pct_error": 86.09270661754925
    },
    "dKa_yz": {
      "true": 0.0001939254724438144,
      "est": 0.0001835740675268912,
      "abs_error": 1.0351404916923175e-05,
      "pct_error": 5.337826323935999
    },
    "dKa_zz": {
      "true": -2.999999999997449e-05,
      "est": -3.040280771826609e-05,
      "abs_error": 4.028077182915979e-07,
      "pct_error": 1.3426923943064681
    },
    "Ka2_x": {
      "true": 1.0224607248440952e-06,
      "est": 1.0297958766219663e-06,
      "abs_error": 7.335151777871064e-09,
      "pct_error": 0.7174018130612819
    },
    "Ka2_y": {
      "true": 2.0449214496881904e-06,
      "est": 8.001128364179587e-09,
      "abs_error": 2.0369203213240107e-06,
      "pct_error": 99.60873175028803
    },
    "Ka2_z": {
      "true": 3.0673821745322856e-06,
      "est": 3.045926444439093e-06,
      "abs_error": 2.1455730093192527e-08,
      "pct_error": 0.6994801714417636
    },
    "rx_x": {
      "true": 0.01,
      "est": 0.009812002709309,
      "abs_error": 0.00018799729069099956,
      "pct_error": 1.8799729069099955
    },
    "rx_y": {
      "true": 0.02,
      "est": 0.020034720872711805,
      "abs_error": 3.47208727118041e-05,
      "pct_error": 0.1736043635590205
    },
    "rx_z": {
      "true": 0.03,
      "est": 0.030564094130659813,
      "abs_error": 0.0005640941306598139,
      "pct_error": 1.8803137688660467
    },
    "ry_x": {
      "true": 0.04,
      "est": 0.04020182115919736,
      "abs_error": 0.0002018211591973615,
      "pct_error": 0.5045528979934037
    },
    "ry_y": {
      "true": 0.05,
      "est": 0.05000756789287469,
      "abs_error": 7.567892874683901e-06,
      "pct_error": 0.015135785749367803
    },
    "ry_z": {
      "true": 0.06,
      "est": 0.06076823834377856,
      "abs_error": 0.0007682383437785656,
      "pct_error": 1.2803972396309427
    }
  },
  "focus_scale_pct": {
    "dKg_xx": 40.99012628341117,
    "dKg_xy": 0.637584436800002,
    "dKg_yy": 3.697926865272226,
    "dKg_zz": 41.5162751710516,
    "dKa_xx": 3.1685165946682003
  },
  "lever_guard_pct": {
    "rx_y": 0.1736043635590205,
    "ry_z": 1.2803972396309427
  },
  "overall": {
    "mean_pct_error": 10.72604483765026,
    "median_pct_error": 1.0289482569748745,
    "max_pct_error": 99.60873175028803
  },
  "extra": {
    "noise_scale": 0.08,
    "noise_config": {
      "arw_dpsh": 0.0004,
      "vrw_ugpsHz": 0.4,
      "bi_g_dph": 0.00016,
      "bi_a_ug": 0.4,
      "tau_g": 300.0,
      "tau_a": 300.0,
      "seed": 42,
      "base_family": "round53_round61_shared"
    },
    "comparison_mode": "ch3_closedloop_local_insertions",
    "candidate_name": "twoanchor_l10_ypair_neg2_then_zpair_neg4_plus_l11_y10x0back2",
    "method_key": "markov42_noisy",
    "legality": "faithful12_base_plus_closed_loop_local_insertions",
    "time_total_s": 1314.0
  }
}