{
  "variant": "probe5_l9_diag_bfly_flip_rev_d8_markov42_noisy_noise0p08",
  "method_file": "search_ch3_12pos_closedloop_local_insertions.py",
  "source_file": "/root/.openclaw/workspace/tmp_psins_py/psins_py/test_calibration_markov_pruned.py",
  "param_order": [
    "eb_x",
    "eb_y",
    "eb_z",
    "db_x",
    "db_y",
    "db_z",
    "dKg_xx",
    "dKg_yx",
    "dKg_zx",
    "dKg_xy",
    "dKg_yy",
    "dKg_zy",
    "dKg_xz",
    "dKg_yz",
    "dKg_zz",
    "dKa_xx",
    "dKa_xy",
    "dKa_xz",
    "dKa_yy",
    "dKa_yz",
    "dKa_zz",
    "Ka2_x",
    "Ka2_y",
    "Ka2_z",
    "rx_x",
    "rx_y",
    "rx_z",
    "ry_x",
    "ry_y",
    "ry_z"
  ],
  "param_errors": {
    "eb_x": {
      "true": 4.84813681109536e-07,
      "est": 4.6551721963818895e-07,
      "abs_error": 1.9296461471347095e-08,
      "pct_error": 3.980180886641968
    },
    "eb_y": {
      "true": 9.69627362219072e-07,
      "est": 9.752710099544206e-07,
      "abs_error": 5.643647735348514e-09,
      "pct_error": 0.5820429533292626
    },
    "eb_z": {
      "true": 1.4544410433286078e-06,
      "est": 1.449914813225268e-06,
      "abs_error": 4.52623010333991e-09,
      "pct_error": 0.3112006584317272
    },
    "db_x": {
      "true": 0.00097803267715,
      "est": 0.0009762097033197654,
      "abs_error": 1.8229738302345073e-06,
      "pct_error": 0.1863919143833391
    },
    "db_y": {
      "true": 0.0019560653543,
      "est": 0.001959137673079195,
      "abs_error": 3.072318779195112e-06,
      "pct_error": 0.15706626429639803
    },
    "db_z": {
      "true": 0.00293409803145,
      "est": 0.002944756070106907,
      "abs_error": 1.0658038656906864e-05,
      "pct_error": 0.36324753101857926
    },
    "dKg_xx": {
      "true": -9.99999999995449e-06,
      "est": -1.4775534671329638e-06,
      "abs_error": 8.522446532821526e-06,
      "pct_error": 85.22446532860312
    },
    "dKg_yx": {
      "true": 0.0001454441043328608,
      "est": 0.00014530155073275638,
      "abs_error": 1.4255360010441073e-07,
      "pct_error": 0.09801263568454113
    },
    "dKg_zx": {
      "true": 0.00024240684055476798,
      "est": 0.0002413466921841643,
      "abs_error": 1.0601483706036924e-06,
      "pct_error": 0.437342596511491
    },
    "dKg_xy": {
      "true": 4.84813681109536e-05,
      "est": 4.8034380729592596e-05,
      "abs_error": 4.469873813610012e-07,
      "pct_error": 0.9219776561132388
    },
    "dKg_yy": {
      "true": -2.0000000000020002e-05,
      "est": -1.9864012348991267e-05,
      "abs_error": 1.35987651028735e-07,
      "pct_error": 0.679938255142995
    },
    "dKg_zy": {
      "true": 0.0002908882086657216,
      "est": 0.00029373918650234027,
      "abs_error": 2.8509778366186847e-06,
      "pct_error": 0.9800939851415317
    },
    "dKg_xz": {
      "true": 9.69627362219072e-05,
      "est": 9.771830839459136e-05,
      "abs_error": 7.555721726841666e-07,
      "pct_error": 0.7792397390219863
    },
    "dKg_yz": {
      "true": 0.0001939254724438144,
      "est": 0.00019080341090159454,
      "abs_error": 3.122061542219849e-06,
      "pct_error": 1.60992854774372
    },
    "dKg_zz": {
      "true": -2.999999999997449e-05,
      "est": -1.9944352794620812e-05,
      "abs_error": 1.005564720535368e-05,
      "pct_error": 33.5188240178741
    },
    "dKa_xx": {
      "true": -9.99999999995449e-06,
      "est": -1.0633832294493217e-05,
      "abs_error": 6.338322945387276e-07,
      "pct_error": 6.338322945416122
    },
    "dKa_xy": {
      "true": 4.84813681109536e-05,
      "est": 5.0203467502368984e-05,
      "abs_error": 1.7220993914153875e-06,
      "pct_error": 3.5520849730853747
    },
    "dKa_xz": {
      "true": 9.69627362219072e-05,
      "est": 9.709018442232464e-05,
      "abs_error": 1.2744820041744767e-07,
      "pct_error": 0.13144039182822975
    },
    "dKa_yy": {
      "true": -2.0000000000020002e-05,
      "est": -2.4136681278097427e-06,
      "abs_error": 1.758633187221026e-05,
      "pct_error": 87.93165936096335
    },
    "dKa_yz": {
      "true": 0.0001939254724438144,
      "est": 0.0001911789793092819,
      "abs_error": 2.7464931345324802e-06,
      "pct_error": 1.416262185633306
    },
    "dKa_zz": {
      "true": -2.999999999997449e-05,
      "est": -2.996060440674242e-05,
      "abs_error": 3.93955932320722e-08,
      "pct_error": 0.131318644107019
    },
    "Ka2_x": {
      "true": 1.0224607248440952e-06,
      "est": 9.749510836252049e-07,
      "abs_error": 4.750964121889036e-08,
      "pct_error": 4.646598159174733
    },
    "Ka2_y": {
      "true": 2.0449214496881904e-06,
      "est": 1.7477014909608459e-09,
      "abs_error": 2.0431737481972298e-06,
      "pct_error": 99.91453454159684
    },
    "Ka2_z": {
      "true": 3.0673821745322856e-06,
      "est": 2.9742361299352797e-06,
      "abs_error": 9.314604459700593e-08,
      "pct_error": 3.036662512104767
    },
    "rx_x": {
      "true": 0.01,
      "est": 0.010113595788703215,
      "abs_error": 0.0001135957887032149,
      "pct_error": 1.135957887032149
    },
    "rx_y": {
      "true": 0.02,
      "est": 0.019795464396644365,
      "abs_error": 0.00020453560335563503,
      "pct_error": 1.0226780167781753
    },
    "rx_z": {
      "true": 0.03,
      "est": 0.03067800641607095,
      "abs_error": 0.0006780064160709504,
      "pct_error": 2.2600213869031682
    },
    "ry_x": {
      "true": 0.04,
      "est": 0.04043179572496599,
      "abs_error": 0.0004317957249659887,
      "pct_error": 1.0794893124149718
    },
    "ry_y": {
      "true": 0.05,
      "est": 0.05007073824805263,
      "abs_error": 7.07382480526278e-05,
      "pct_error": 0.1414764961052556
    },
    "ry_z": {
      "true": 0.06,
      "est": 0.060748149004655735,
      "abs_error": 0.0007481490046557376,
      "pct_error": 1.2469150077595628
    }
  },
  "focus_scale_pct": {
    "dKg_xx": 85.22446532860312,
    "dKg_xy": 0.9219776561132388,
    "dKg_yy": 0.679938255142995,
    "dKg_zz": 33.5188240178741,
    "dKa_xx": 6.338322945416122
  },
  "lever_guard_pct": {
    "rx_y": 1.0226780167781753,
    "ry_z": 1.2469150077595628
  },
  "overall": {
    "mean_pct_error": 11.460512493028036,
    "median_pct_error": 1.0510836645965735,
    "max_pct_error": 99.91453454159684
  },
  "extra": {
    "noise_scale": 0.08,
    "noise_config": {
      "arw_dpsh": 0.0004,
      "vrw_ugpsHz": 0.4,
      "bi_g_dph": 0.00016,
      "bi_a_ug": 0.4,
      "tau_g": 300.0,
      "tau_a": 300.0,
      "seed": 42,
      "base_family": "round53_round61_shared"
    },
    "comparison_mode": "ch3_closedloop_local_insertions",
    "candidate_name": "probe5_l9_diag_bfly_flip_rev_d8",
    "method_key": "markov42_noisy",
    "legality": "faithful12_base_plus_closed_loop_local_insertions",
    "time_total_s": 1271.0
  }
}