{
  "variant": "allnew_betarecoil_l3_pos1_markov42_noisy_noise0p08",
  "method_file": "search_ch3_12pos_closedloop_local_insertions.py",
  "source_file": "/root/.openclaw/workspace/tmp_psins_py/psins_py/test_calibration_markov_pruned.py",
  "param_order": [
    "eb_x",
    "eb_y",
    "eb_z",
    "db_x",
    "db_y",
    "db_z",
    "dKg_xx",
    "dKg_yx",
    "dKg_zx",
    "dKg_xy",
    "dKg_yy",
    "dKg_zy",
    "dKg_xz",
    "dKg_yz",
    "dKg_zz",
    "dKa_xx",
    "dKa_xy",
    "dKa_xz",
    "dKa_yy",
    "dKa_yz",
    "dKa_zz",
    "Ka2_x",
    "Ka2_y",
    "Ka2_z",
    "rx_x",
    "rx_y",
    "rx_z",
    "ry_x",
    "ry_y",
    "ry_z"
  ],
  "param_errors": {
    "eb_x": {
      "true": 4.84813681109536e-07,
      "est": 4.179146707262956e-07,
      "abs_error": 6.689901038324043e-08,
      "pct_error": 13.798911414821575
    },
    "eb_y": {
      "true": 9.69627362219072e-07,
      "est": 9.73177972056667e-07,
      "abs_error": 3.5506098375948174e-09,
      "pct_error": 0.36618292510526457
    },
    "eb_z": {
      "true": 1.4544410433286078e-06,
      "est": 1.4383218051894652e-06,
      "abs_error": 1.6119238139142582e-08,
      "pct_error": 1.108277177207017
    },
    "db_x": {
      "true": 0.00097803267715,
      "est": 0.000978394409511673,
      "abs_error": 3.617323616731966e-07,
      "pct_error": 0.036985713271594306
    },
    "db_y": {
      "true": 0.0019560653543,
      "est": 0.0019887451957880933,
      "abs_error": 3.2679841488093483e-05,
      "pct_error": 1.6706927207853102
    },
    "db_z": {
      "true": 0.00293409803145,
      "est": 0.002940839488733316,
      "abs_error": 6.741457283316026e-06,
      "pct_error": 0.22976251001349363
    },
    "dKg_xx": {
      "true": -9.99999999995449e-06,
      "est": -1.0349478875015805e-05,
      "abs_error": 3.4947887506131536e-07,
      "pct_error": 3.4947887506290582
    },
    "dKg_yx": {
      "true": 0.0001454441043328608,
      "est": 0.00014583308412104265,
      "abs_error": 3.8897978818185877e-07,
      "pct_error": 0.26744280214455896
    },
    "dKg_zx": {
      "true": 0.00024240684055476798,
      "est": 0.00024278720557265905,
      "abs_error": 3.8036501789106875e-07,
      "pct_error": 0.15691183343694928
    },
    "dKg_xy": {
      "true": 4.84813681109536e-05,
      "est": 4.8403337985007525e-05,
      "abs_error": 7.803012594607126e-08,
      "pct_error": 0.16094868809702914
    },
    "dKg_yy": {
      "true": -2.0000000000020002e-05,
      "est": -1.964868212800397e-05,
      "abs_error": 3.513178720160326e-07,
      "pct_error": 1.7565893600784064
    },
    "dKg_zy": {
      "true": 0.0002908882086657216,
      "est": 0.00029038953192153265,
      "abs_error": 4.986767441889344e-07,
      "pct_error": 0.17143243670010566
    },
    "dKg_xz": {
      "true": 9.69627362219072e-05,
      "est": 9.965015704272309e-05,
      "abs_error": 2.687420820815894e-06,
      "pct_error": 2.771601674550015
    },
    "dKg_yz": {
      "true": 0.0001939254724438144,
      "est": 0.00019444844140311594,
      "abs_error": 5.229689593015544e-07,
      "pct_error": 0.26967522765895185
    },
    "dKg_zz": {
      "true": -2.999999999997449e-05,
      "est": -2.925089148964055e-05,
      "abs_error": 7.491085103339401e-07,
      "pct_error": 2.4970283677819234
    },
    "dKa_xx": {
      "true": -9.99999999995449e-06,
      "est": -9.702283779722265e-06,
      "abs_error": 2.9771622023222477e-07,
      "pct_error": 2.977162202335797
    },
    "dKa_xy": {
      "true": 4.84813681109536e-05,
      "est": 4.805343469162574e-05,
      "abs_error": 4.2793341932785507e-07,
      "pct_error": 0.8826760382431748
    },
    "dKa_xz": {
      "true": 9.69627362219072e-05,
      "est": 9.707453484328678e-05,
      "abs_error": 1.1179862137958459e-07,
      "pct_error": 0.1153006048877625
    },
    "dKa_yy": {
      "true": -2.0000000000020002e-05,
      "est": -1.954279896909661e-05,
      "abs_error": 4.5720103092339315e-07,
      "pct_error": 2.2860051546146796
    },
    "dKa_yz": {
      "true": 0.0001939254724438144,
      "est": 0.0001944366653266599,
      "abs_error": 5.111928828455147e-07,
      "pct_error": 0.2636027523375618
    },
    "dKa_zz": {
      "true": -2.999999999997449e-05,
      "est": -2.9749749909324663e-05,
      "abs_error": 2.502500906498284e-07,
      "pct_error": 0.8341669688334706
    },
    "Ka2_x": {
      "true": 1.0224607248440952e-06,
      "est": 1.0070493475713881e-06,
      "abs_error": 1.5411377272707097e-08,
      "pct_error": 1.507283057259439
    },
    "Ka2_y": {
      "true": 2.0449214496881904e-06,
      "est": 1.7452370382710477e-06,
      "abs_error": 2.996844114171427e-07,
      "pct_error": 14.655057359921505
    },
    "Ka2_z": {
      "true": 3.0673821745322856e-06,
      "est": 3.0464801798709982e-06,
      "abs_error": 2.0901994661287425e-08,
      "pct_error": 0.6814277932117984
    },
    "rx_x": {
      "true": 0.01,
      "est": 0.01030465341865967,
      "abs_error": 0.00030465341865966965,
      "pct_error": 3.0465341865966966
    },
    "rx_y": {
      "true": 0.02,
      "est": 0.01971013545618595,
      "abs_error": 0.00028986454381405014,
      "pct_error": 1.4493227190702507
    },
    "rx_z": {
      "true": 0.03,
      "est": 0.029946545878389668,
      "abs_error": 5.3454121610330835e-05,
      "pct_error": 0.17818040536776947
    },
    "ry_x": {
      "true": 0.04,
      "est": 0.04045683465562652,
      "abs_error": 0.00045683465562652154,
      "pct_error": 1.1420866390663038
    },
    "ry_y": {
      "true": 0.05,
      "est": 0.05000238673555421,
      "abs_error": 2.386735554207875e-06,
      "pct_error": 0.00477347110841575
    },
    "ry_z": {
      "true": 0.06,
      "est": 0.06002987376891709,
      "abs_error": 2.9873768917089427e-05,
      "pct_error": 0.04978961486181571
    }
  },
  "focus_scale_pct": {
    "dKg_xx": 3.4947887506290582,
    "dKg_xy": 0.16094868809702914,
    "dKg_yy": 1.7565893600784064,
    "dKg_zz": 2.4970283677819234,
    "dKa_xx": 2.977162202335797
  },
  "lever_guard_pct": {
    "rx_y": 1.4493227190702507,
    "ry_z": 0.04978961486181571
  },
  "overall": {
    "mean_pct_error": 1.9610200189999232,
    "median_pct_error": 0.8584215035383227,
    "max_pct_error": 14.655057359921505
  },
  "extra": {
    "noise_scale": 0.08,
    "noise_config": {
      "arw_dpsh": 0.0004,
      "vrw_ugpsHz": 0.4,
      "bi_g_dph": 0.00016,
      "bi_a_ug": 0.4,
      "tau_g": 300.0,
      "tau_a": 300.0,
      "seed": 42,
      "base_family": "round53_round61_shared"
    },
    "comparison_mode": "corrected_att0_allnew_startup_family_search",
    "candidate_name": "allnew_betarecoil_l3_pos1",
    "method_key": "markov42_noisy",
    "legality": "faithful12_base_plus_closed_loop_local_insertions",
    "time_total_s": 1212.0,
    "att0_deg": [
      0.0,
      0.0,
      0.0
    ],
    "candidate_registry_key": "allnew_betarecoil_l3_pos1",
    "family_search_scope": "all_new_only",
    "excluded_old_basins": [
      "late10/late11 local",
      "relay",
      "anchor9 butterfly",
      "precondition/fullblock",
      "anchor6",
      "anchor8 entry-boundary",
      "entry-conditioned relay",
      "anchor5 far-z seed",
      "anchor4 front-z",
      "corridor-bookend",
      "terminal reclosure",
      "any rerun/variant of the above"
    ]
  }
}