{
  "variant": "terminalx_l12_pos2_plus_mainline_markov42_noisy_noise0p08",
  "method_file": "search_ch3_12pos_closedloop_local_insertions.py",
  "source_file": "/root/.openclaw/workspace/tmp_psins_py/psins_py/test_calibration_markov_pruned.py",
  "param_order": [
    "eb_x",
    "eb_y",
    "eb_z",
    "db_x",
    "db_y",
    "db_z",
    "dKg_xx",
    "dKg_yx",
    "dKg_zx",
    "dKg_xy",
    "dKg_yy",
    "dKg_zy",
    "dKg_xz",
    "dKg_yz",
    "dKg_zz",
    "dKa_xx",
    "dKa_xy",
    "dKa_xz",
    "dKa_yy",
    "dKa_yz",
    "dKa_zz",
    "Ka2_x",
    "Ka2_y",
    "Ka2_z",
    "rx_x",
    "rx_y",
    "rx_z",
    "ry_x",
    "ry_y",
    "ry_z"
  ],
  "param_errors": {
    "eb_x": {
      "true": 4.84813681109536e-07,
      "est": 4.495469999058566e-07,
      "abs_error": 3.526668120367945e-08,
      "pct_error": 7.274275165455056
    },
    "eb_y": {
      "true": 9.69627362219072e-07,
      "est": 9.66290633176261e-07,
      "abs_error": 3.3367290428111313e-09,
      "pct_error": 0.3441248847572486
    },
    "eb_z": {
      "true": 1.4544410433286078e-06,
      "est": 1.4496228295769743e-06,
      "abs_error": 4.818213751633574e-09,
      "pct_error": 0.33127597531259817
    },
    "db_x": {
      "true": 0.00097803267715,
      "est": 0.0009792945972890478,
      "abs_error": 1.2619201390478684e-06,
      "pct_error": 0.1290263780066245
    },
    "db_y": {
      "true": 0.0019560653543,
      "est": 0.0019682584658378814,
      "abs_error": 1.2193111537881548e-05,
      "pct_error": 0.6233488830563635
    },
    "db_z": {
      "true": 0.00293409803145,
      "est": 0.0029362447585229924,
      "abs_error": 2.1467270729922695e-06,
      "pct_error": 0.07316480396980396
    },
    "dKg_xx": {
      "true": -9.99999999995449e-06,
      "est": -1.0400138876764942e-05,
      "abs_error": 4.001388768104519e-07,
      "pct_error": 4.001388768122729
    },
    "dKg_yx": {
      "true": 0.0001454441043328608,
      "est": 0.00014525983935501278,
      "abs_error": 1.8426497784800999e-07,
      "pct_error": 0.12669126651315094
    },
    "dKg_zx": {
      "true": 0.00024240684055476798,
      "est": 0.00024254442731773363,
      "abs_error": 1.3758676296565082e-07,
      "pct_error": 0.056758614010550275
    },
    "dKg_xy": {
      "true": 4.84813681109536e-05,
      "est": 4.8774744698682146e-05,
      "abs_error": 2.9337658772854945e-07,
      "pct_error": 0.6051326502526352
    },
    "dKg_yy": {
      "true": -2.0000000000020002e-05,
      "est": -1.977597331315195e-05,
      "abs_error": 2.2402668686805072e-07,
      "pct_error": 1.1201334343391334
    },
    "dKg_zy": {
      "true": 0.0002908882086657216,
      "est": 0.0002917274450150069,
      "abs_error": 8.392363492853408e-07,
      "pct_error": 0.2885082049681022
    },
    "dKg_xz": {
      "true": 9.69627362219072e-05,
      "est": 9.802603185052366e-05,
      "abs_error": 1.0632956286164624e-06,
      "pct_error": 1.0966023340997957
    },
    "dKg_yz": {
      "true": 0.0001939254724438144,
      "est": 0.00019412169809900607,
      "abs_error": 1.9622565519168559e-07,
      "pct_error": 0.10118611687205642
    },
    "dKg_zz": {
      "true": -2.999999999997449e-05,
      "est": -2.9830234557826074e-05,
      "abs_error": 1.6976544214841738e-07,
      "pct_error": 0.5658848071618724
    },
    "dKa_xx": {
      "true": -9.99999999995449e-06,
      "est": -9.736614186683923e-06,
      "abs_error": 2.6338581327056687e-07,
      "pct_error": 2.633858132717655
    },
    "dKa_xy": {
      "true": 4.84813681109536e-05,
      "est": 4.855630026765107e-05,
      "abs_error": 7.493215669747243e-08,
      "pct_error": 0.15455866782881214
    },
    "dKa_xz": {
      "true": 9.69627362219072e-05,
      "est": 9.691788486564002e-05,
      "abs_error": 4.4851356267169786e-08,
      "pct_error": 0.04625628155183634
    },
    "dKa_yy": {
      "true": -2.0000000000020002e-05,
      "est": -1.9866598542028768e-05,
      "abs_error": 1.3340145799123349e-07,
      "pct_error": 0.6670072899555003
    },
    "dKa_yz": {
      "true": 0.0001939254724438144,
      "est": 0.00019360180097601886,
      "abs_error": 3.236714677955265e-07,
      "pct_error": 0.1669050814813939
    },
    "dKa_zz": {
      "true": -2.999999999997449e-05,
      "est": -2.9306271453366506e-05,
      "abs_error": 6.937285466079857e-07,
      "pct_error": 2.3124284886952515
    },
    "Ka2_x": {
      "true": 1.0224607248440952e-06,
      "est": 1.0012364261792348e-06,
      "abs_error": 2.122429866486046e-08,
      "pct_error": 2.075805764382465
    },
    "Ka2_y": {
      "true": 2.0449214496881904e-06,
      "est": 1.957947005631982e-06,
      "abs_error": 8.697444405620849e-08,
      "pct_error": 4.253192418196325
    },
    "Ka2_z": {
      "true": 3.0673821745322856e-06,
      "est": 3.0706656112930865e-06,
      "abs_error": 3.2834367608008478e-09,
      "pct_error": 0.10704361484729256
    },
    "rx_x": {
      "true": 0.01,
      "est": 0.010063511373515077,
      "abs_error": 6.351137351507698e-05,
      "pct_error": 0.6351137351507697
    },
    "rx_y": {
      "true": 0.02,
      "est": 0.020646733042846806,
      "abs_error": 0.000646733042846806,
      "pct_error": 3.23366521423403
    },
    "rx_z": {
      "true": 0.03,
      "est": 0.030285647592730974,
      "abs_error": 0.0002856475927309754,
      "pct_error": 0.9521586424365847
    },
    "ry_x": {
      "true": 0.04,
      "est": 0.04074205159705124,
      "abs_error": 0.0007420515970512423,
      "pct_error": 1.8551289926281058
    },
    "ry_y": {
      "true": 0.05,
      "est": 0.05064086872974737,
      "abs_error": 0.0006408687297473695,
      "pct_error": 1.2817374594947388
    },
    "ry_z": {
      "true": 0.06,
      "est": 0.06047858958520453,
      "abs_error": 0.00047858958520453215,
      "pct_error": 0.7976493086742203
    }
  },
  "focus_scale_pct": {
    "dKg_xx": 4.001388768122729,
    "dKg_xy": 0.6051326502526352,
    "dKg_yy": 1.1201334343391334,
    "dKg_zz": 0.5658848071618724,
    "dKa_xx": 2.633858132717655
  },
  "lever_guard_pct": {
    "rx_y": 3.23366521423403,
    "ry_z": 0.7976493086742203
  },
  "overall": {
    "mean_pct_error": 1.2636670459724233,
    "median_pct_error": 0.6292313091035666,
    "max_pct_error": 7.274275165455056
  },
  "extra": {
    "noise_scale": 0.08,
    "noise_config": {
      "arw_dpsh": 0.0004,
      "vrw_ugpsHz": 0.4,
      "bi_g_dph": 0.00016,
      "bi_a_ug": 0.4,
      "tau_g": 300.0,
      "tau_a": 300.0,
      "seed": 42,
      "base_family": "round53_round61_shared"
    },
    "comparison_mode": "corrected_att0_hidden_rerun_next",
    "candidate_name": "terminalx_l12_pos2_plus_mainline",
    "method_key": "markov42_noisy",
    "legality": "faithful12_base_plus_closed_loop_local_insertions",
    "time_total_s": 1365.0,
    "att0_deg": [
      0.0,
      0.0,
      0.0
    ],
    "candidate_registry_key": "terminalx_l12_pos2_plus_mainline"
  }
}