{
  "variant": "z5_small_neg_noise0p08",
  "method_file": "ad-hoc targeted probe",
  "source_file": "/root/.openclaw/workspace/tmp_psins_py/psins_py/test_calibration_markov_pruned.py",
  "param_order": [
    "eb_x",
    "eb_y",
    "eb_z",
    "db_x",
    "db_y",
    "db_z",
    "dKg_xx",
    "dKg_yx",
    "dKg_zx",
    "dKg_xy",
    "dKg_yy",
    "dKg_zy",
    "dKg_xz",
    "dKg_yz",
    "dKg_zz",
    "dKa_xx",
    "dKa_xy",
    "dKa_xz",
    "dKa_yy",
    "dKa_yz",
    "dKa_zz",
    "Ka2_x",
    "Ka2_y",
    "Ka2_z",
    "rx_x",
    "rx_y",
    "rx_z",
    "ry_x",
    "ry_y",
    "ry_z"
  ],
  "param_errors": {
    "eb_x": {
      "true": 4.84813681109536e-07,
      "est": 4.722003885886488e-07,
      "abs_error": 1.2613292520887234e-08,
      "pct_error": 2.601678337958755
    },
    "eb_y": {
      "true": 9.69627362219072e-07,
      "est": 9.645777534647061e-07,
      "abs_error": 5.049608754365971e-09,
      "pct_error": 0.5207782856714692
    },
    "eb_z": {
      "true": 1.4544410433286078e-06,
      "est": 1.4402003013286495e-06,
      "abs_error": 1.4240741999958276e-08,
      "pct_error": 0.9791212964787605
    },
    "db_x": {
      "true": 0.00097803267715,
      "est": 0.000970812481565637,
      "abs_error": 7.220195584362889e-06,
      "pct_error": 0.7382366410703816
    },
    "db_y": {
      "true": 0.0019560653543,
      "est": 0.001960913960041483,
      "abs_error": 4.84860574148302e-06,
      "pct_error": 0.24787544704599854
    },
    "db_z": {
      "true": 0.00293409803145,
      "est": 0.0029472572699205516,
      "abs_error": 1.3159238470551466e-05,
      "pct_error": 0.4484934834998785
    },
    "dKg_xx": {
      "true": -9.99999999995449e-06,
      "est": -1.199295876075368e-05,
      "abs_error": 1.9929587607991905e-06,
      "pct_error": 19.929587608082606
    },
    "dKg_yx": {
      "true": 0.0001454441043328608,
      "est": 0.00014489840315422495,
      "abs_error": 5.457011786358401e-07,
      "pct_error": 0.3751964929337789
    },
    "dKg_zx": {
      "true": 0.00024240684055476798,
      "est": 0.0002410794254286717,
      "abs_error": 1.3274151260962816e-06,
      "pct_error": 0.547598047587429
    },
    "dKg_xy": {
      "true": 4.84813681109536e-05,
      "est": 4.872492128319243e-05,
      "abs_error": 2.435531722388341e-07,
      "pct_error": 0.5023644788270881
    },
    "dKg_yy": {
      "true": -2.0000000000020002e-05,
      "est": -2.036466433064099e-05,
      "abs_error": 3.646643306209896e-07,
      "pct_error": 1.8233216531031244
    },
    "dKg_zy": {
      "true": 0.0002908882086657216,
      "est": 0.00030220658529563863,
      "abs_error": 1.1318376629917048e-05,
      "pct_error": 3.8909712710025057
    },
    "dKg_xz": {
      "true": 9.69627362219072e-05,
      "est": 9.744513948047861e-05,
      "abs_error": 4.82403258571419e-07,
      "pct_error": 0.49751407331100833
    },
    "dKg_yz": {
      "true": 0.0001939254724438144,
      "est": 0.00018335151016844018,
      "abs_error": 1.0573962275374206e-05,
      "pct_error": 5.452590699985417
    },
    "dKg_zz": {
      "true": -2.999999999997449e-05,
      "est": -8.194356042157125e-06,
      "abs_error": 2.1805643957817367e-05,
      "pct_error": 72.68547985945303
    },
    "dKa_xx": {
      "true": -9.99999999995449e-06,
      "est": -1.0037320127054272e-05,
      "abs_error": 3.7320127099782496e-08,
      "pct_error": 0.37320127099952344
    },
    "dKa_xy": {
      "true": 4.84813681109536e-05,
      "est": 5.789755860411965e-05,
      "abs_error": 9.416190493166054e-06,
      "pct_error": 19.42228707658647
    },
    "dKa_xz": {
      "true": 9.69627362219072e-05,
      "est": 9.728915525383902e-05,
      "abs_error": 3.2641903193183033e-07,
      "pct_error": 0.33664379188391874
    },
    "dKa_yy": {
      "true": -2.0000000000020002e-05,
      "est": -3.158658026913841e-06,
      "abs_error": 1.684134197310616e-05,
      "pct_error": 84.2067098654466
    },
    "dKa_yz": {
      "true": 0.0001939254724438144,
      "est": 0.00018398559966661005,
      "abs_error": 9.939872777204337e-06,
      "pct_error": 5.1256148312771
    },
    "dKa_zz": {
      "true": -2.999999999997449e-05,
      "est": -2.9964548841743266e-05,
      "abs_error": 3.545115823122558e-08,
      "pct_error": 0.11817052743751906
    },
    "Ka2_x": {
      "true": 1.0224607248440952e-06,
      "est": 1.08502191808429e-06,
      "abs_error": 6.256119324019481e-08,
      "pct_error": 6.118689131040622
    },
    "Ka2_y": {
      "true": 2.0449214496881904e-06,
      "est": 1.232772461879087e-09,
      "abs_error": 2.0436886772263115e-06,
      "pct_error": 99.93971541243958
    },
    "Ka2_z": {
      "true": 3.0673821745322856e-06,
      "est": 2.9587038716057974e-06,
      "abs_error": 1.0867830292648821e-07,
      "pct_error": 3.543031051977065
    },
    "rx_x": {
      "true": 0.01,
      "est": 0.009782740231434437,
      "abs_error": 0.00021725976856556278,
      "pct_error": 2.172597685655628
    },
    "rx_y": {
      "true": 0.02,
      "est": 0.01991659491689456,
      "abs_error": 8.340508310544087e-05,
      "pct_error": 0.41702541552720435
    },
    "rx_z": {
      "true": 0.03,
      "est": 0.0299506640881141,
      "abs_error": 4.93359118858977e-05,
      "pct_error": 0.164453039619659
    },
    "ry_x": {
      "true": 0.04,
      "est": 0.04081903860806435,
      "abs_error": 0.00081903860806435,
      "pct_error": 2.047596520160875
    },
    "ry_y": {
      "true": 0.05,
      "est": 0.05025831016007912,
      "abs_error": 0.00025831016007911434,
      "pct_error": 0.5166203201582287
    },
    "ry_z": {
      "true": 0.06,
      "est": 0.060012309371303994,
      "abs_error": 1.2309371303996508e-05,
      "pct_error": 0.02051561883999418
    }
  },
  "focus_scale_pct": {
    "dKg_xx": 19.929587608082606,
    "dKg_xy": 0.5023644788270881,
    "dKg_yy": 1.8233216531031244,
    "dKg_zz": 72.68547985945303,
    "dKa_xx": 0.37320127099952344
  },
  "lever_guard_pct": {
    "rx_y": 0.41702541552720435,
    "ry_z": 0.02051561883999418
  },
  "overall": {
    "mean_pct_error": 11.192122641168707,
    "median_pct_error": 0.8586789687745711,
    "max_pct_error": 99.93971541243958
  },
  "extra": {
    "noise_scale": 0.08,
    "noise_config": {
      "arw_dpsh": 0.0004,
      "vrw_ugpsHz": 0.4,
      "bi_g_dph": 0.00016,
      "bi_a_ug": 0.4,
      "tau_g": 300.0,
      "tau_a": 300.0,
      "seed": 42,
      "base_family": "round53_round61_shared"
    },
    "candidate_name": "z5_small_neg"
  }
}