{
  "variant": "relay_r4_l9y0p84375_l12y0p25_on_entry_markov42_noisy_noise0p08",
  "method_file": "search_ch3_12pos_closedloop_local_insertions.py",
  "source_file": "/root/.openclaw/workspace/tmp_psins_py/psins_py/test_calibration_markov_pruned.py",
  "param_order": [
    "eb_x",
    "eb_y",
    "eb_z",
    "db_x",
    "db_y",
    "db_z",
    "dKg_xx",
    "dKg_yx",
    "dKg_zx",
    "dKg_xy",
    "dKg_yy",
    "dKg_zy",
    "dKg_xz",
    "dKg_yz",
    "dKg_zz",
    "dKa_xx",
    "dKa_xy",
    "dKa_xz",
    "dKa_yy",
    "dKa_yz",
    "dKa_zz",
    "Ka2_x",
    "Ka2_y",
    "Ka2_z",
    "rx_x",
    "rx_y",
    "rx_z",
    "ry_x",
    "ry_y",
    "ry_z"
  ],
  "param_errors": {
    "eb_x": {
      "true": 4.84813681109536e-07,
      "est": 4.614585566489682e-07,
      "abs_error": 2.3355124460567825e-08,
      "pct_error": 4.817340221735843
    },
    "eb_y": {
      "true": 9.69627362219072e-07,
      "est": 9.665593438842634e-07,
      "abs_error": 3.068018334808669e-09,
      "pct_error": 0.3164121036959246
    },
    "eb_z": {
      "true": 1.4544410433286078e-06,
      "est": 1.446098002041255e-06,
      "abs_error": 8.34304128735291e-09,
      "pct_error": 0.5736252648824579
    },
    "db_x": {
      "true": 0.00097803267715,
      "est": 0.0009791314721967835,
      "abs_error": 1.0987950467835576e-06,
      "pct_error": 0.11234747799894179
    },
    "db_y": {
      "true": 0.0019560653543,
      "est": 0.0019664715176529513,
      "abs_error": 1.0406163352951522e-05,
      "pct_error": 0.5319946662352437
    },
    "db_z": {
      "true": 0.00293409803145,
      "est": 0.002934664942197017,
      "abs_error": 5.669107470168862e-07,
      "pct_error": 0.019321465777226432
    },
    "dKg_xx": {
      "true": -9.99999999995449e-06,
      "est": -1.0487425860405963e-05,
      "abs_error": 4.874258604514736e-07,
      "pct_error": 4.874258604536919
    },
    "dKg_yx": {
      "true": 0.0001454441043328608,
      "est": 0.0001452302604128594,
      "abs_error": 2.1384392000139214e-07,
      "pct_error": 0.14702824908735576
    },
    "dKg_zx": {
      "true": 0.00024240684055476798,
      "est": 0.00024217583960328766,
      "abs_error": 2.3100095148032756e-07,
      "pct_error": 0.09529473299996935
    },
    "dKg_xy": {
      "true": 4.84813681109536e-05,
      "est": 4.8340282107487206e-05,
      "abs_error": 1.4108600346639027e-07,
      "pct_error": 0.29101077169172157
    },
    "dKg_yy": {
      "true": -2.0000000000020002e-05,
      "est": -1.9590985752770962e-05,
      "abs_error": 4.090142472490399e-07,
      "pct_error": 2.0450712362431545
    },
    "dKg_zy": {
      "true": 0.0002908882086657216,
      "est": 0.000291481942521718,
      "abs_error": 5.937338559964373e-07,
      "pct_error": 0.20411066461574426
    },
    "dKg_xz": {
      "true": 9.69627362219072e-05,
      "est": 9.770896371253043e-05,
      "abs_error": 7.462274906232317e-07,
      "pct_error": 0.7696023438482891
    },
    "dKg_yz": {
      "true": 0.0001939254724438144,
      "est": 0.0001937959978591352,
      "abs_error": 1.2947458467919793e-07,
      "pct_error": 0.06676512530694509
    },
    "dKg_zz": {
      "true": -2.999999999997449e-05,
      "est": -2.971668914586445e-05,
      "abs_error": 2.8331085411004153e-07,
      "pct_error": 0.9443695137009415
    },
    "dKa_xx": {
      "true": -9.99999999995449e-06,
      "est": -9.766068941985395e-06,
      "abs_error": 2.3393105796909452e-07,
      "pct_error": 2.3393105797015914
    },
    "dKa_xy": {
      "true": 4.84813681109536e-05,
      "est": 4.854836400812487e-05,
      "abs_error": 6.699589717127112e-08,
      "pct_error": 0.1381889574938263
    },
    "dKa_xz": {
      "true": 9.69627362219072e-05,
      "est": 9.698593718143e-05,
      "abs_error": 2.3200959522808886e-08,
      "pct_error": 0.0239277071035945
    },
    "dKa_yy": {
      "true": -2.0000000000020002e-05,
      "est": -1.9749687185210973e-05,
      "abs_error": 2.5031281480902834e-07,
      "pct_error": 1.25156407404389
    },
    "dKa_yz": {
      "true": 0.0001939254724438144,
      "est": 0.00019376795979631647,
      "abs_error": 1.575126474979169e-07,
      "pct_error": 0.08122328929406254
    },
    "dKa_zz": {
      "true": -2.999999999997449e-05,
      "est": -2.945813572319267e-05,
      "abs_error": 5.418642767818227e-07,
      "pct_error": 1.8062142559409449
    },
    "Ka2_x": {
      "true": 1.0224607248440952e-06,
      "est": 1.0124746915132503e-06,
      "abs_error": 9.986033330844883e-09,
      "pct_error": 0.9766666912675354
    },
    "Ka2_y": {
      "true": 2.0449214496881904e-06,
      "est": 1.981469414777172e-06,
      "abs_error": 6.345203491101842e-08,
      "pct_error": 3.1029081787319304
    },
    "Ka2_z": {
      "true": 3.0673821745322856e-06,
      "est": 3.0689455983678876e-06,
      "abs_error": 1.563423835601918e-09,
      "pct_error": 0.05096931998179551
    },
    "rx_x": {
      "true": 0.01,
      "est": 0.01004908137745736,
      "abs_error": 4.908137745735994e-05,
      "pct_error": 0.49081377457359937
    },
    "rx_y": {
      "true": 0.02,
      "est": 0.020223746267832677,
      "abs_error": 0.00022374626783267654,
      "pct_error": 1.1187313391633826
    },
    "rx_z": {
      "true": 0.03,
      "est": 0.03023822326712915,
      "abs_error": 0.00023822326712915134,
      "pct_error": 0.7940775570971712
    },
    "ry_x": {
      "true": 0.04,
      "est": 0.040657156621001875,
      "abs_error": 0.0006571566210018739,
      "pct_error": 1.6428915525046848
    },
    "ry_y": {
      "true": 0.05,
      "est": 0.05028969156942008,
      "abs_error": 0.00028969156942007523,
      "pct_error": 0.5793831388401505
    },
    "ry_z": {
      "true": 0.06,
      "est": 0.061038365406462104,
      "abs_error": 0.0010383654064621065,
      "pct_error": 1.7306090107701775
    }
  },
  "focus_scale_pct": {
    "dKg_xx": 4.874258604536919,
    "dKg_xy": 0.29101077169172157,
    "dKg_yy": 2.0450712362431545,
    "dKg_zz": 0.9443695137009415,
    "dKa_xx": 2.3393105797015914
  },
  "lever_guard_pct": {
    "rx_y": 1.1187313391633826,
    "ry_z": 1.7306090107701775
  },
  "overall": {
    "mean_pct_error": 1.0645343956288338,
    "median_pct_error": 0.5765042018613042,
    "max_pct_error": 4.874258604536919
  },
  "extra": {
    "noise_scale": 0.08,
    "noise_config": {
      "arw_dpsh": 0.0004,
      "vrw_ugpsHz": 0.4,
      "bi_g_dph": 0.00016,
      "bi_a_ug": 0.4,
      "tau_g": 300.0,
      "tau_a": 300.0,
      "seed": 42,
      "base_family": "round53_round61_shared"
    },
    "comparison_mode": "corrected_inbasin_ridge_resume",
    "candidate_name": "relay_r4_l9y0p84375_l12y0p25_on_entry",
    "method_key": "markov42_noisy",
    "legality": "faithful12_base_plus_closed_loop_local_insertions",
    "time_total_s": 1348.1875,
    "att0_deg": [
      0.0,
      0.0,
      0.0
    ],
    "candidate_registry_key": "relay_r4_l9y0p84375_l12y0p25_on_entry",
    "family": "higher_l9_coupled_terminal_push",
    "hypothesis_id": "C"
  }
}