{
  "variant": "relaymax_unified_l9z1_markov42_noisy_noise0p08",
  "method_file": "search_ch3_12pos_closedloop_local_insertions.py",
  "source_file": "/root/.openclaw/workspace/tmp_psins_py/psins_py/test_calibration_markov_pruned.py",
  "param_order": [
    "eb_x",
    "eb_y",
    "eb_z",
    "db_x",
    "db_y",
    "db_z",
    "dKg_xx",
    "dKg_yx",
    "dKg_zx",
    "dKg_xy",
    "dKg_yy",
    "dKg_zy",
    "dKg_xz",
    "dKg_yz",
    "dKg_zz",
    "dKa_xx",
    "dKa_xy",
    "dKa_xz",
    "dKa_yy",
    "dKa_yz",
    "dKa_zz",
    "Ka2_x",
    "Ka2_y",
    "Ka2_z",
    "rx_x",
    "rx_y",
    "rx_z",
    "ry_x",
    "ry_y",
    "ry_z"
  ],
  "param_errors": {
    "eb_x": {
      "true": 4.84813681109536e-07,
      "est": 4.6806727903903224e-07,
      "abs_error": 1.6746402070503805e-08,
      "pct_error": 3.4541933784084407
    },
    "eb_y": {
      "true": 9.69627362219072e-07,
      "est": 9.704280595523067e-07,
      "abs_error": 8.006973332345614e-10,
      "pct_error": 0.08257784015109677
    },
    "eb_z": {
      "true": 1.4544410433286078e-06,
      "est": 1.447174478560861e-06,
      "abs_error": 7.2665647677468135e-09,
      "pct_error": 0.49961219130042445
    },
    "db_x": {
      "true": 0.00097803267715,
      "est": 0.000981298366139383,
      "abs_error": 3.265688989383033e-06,
      "pct_error": 0.3339038731199957
    },
    "db_y": {
      "true": 0.0019560653543,
      "est": 0.001958614802698651,
      "abs_error": 2.5494483986512363e-06,
      "pct_error": 0.13033554288187807
    },
    "db_z": {
      "true": 0.00293409803145,
      "est": 0.002939046708891701,
      "abs_error": 4.948677441700671e-06,
      "pct_error": 0.16866094413536303
    },
    "dKg_xx": {
      "true": -9.99999999995449e-06,
      "est": -1.0585609857116651e-05,
      "abs_error": 5.856098571621615e-07,
      "pct_error": 5.856098571648267
    },
    "dKg_yx": {
      "true": 0.0001454441043328608,
      "est": 0.00014534802397584646,
      "abs_error": 9.608035701433055e-08,
      "pct_error": 0.06605998741237579
    },
    "dKg_zx": {
      "true": 0.00024240684055476798,
      "est": 0.00024162849924567315,
      "abs_error": 7.78341309094836e-07,
      "pct_error": 0.3210888386291154
    },
    "dKg_xy": {
      "true": 4.84813681109536e-05,
      "est": 4.843520706076431e-05,
      "abs_error": 4.616105018928352e-08,
      "pct_error": 0.09521400073455057
    },
    "dKg_yy": {
      "true": -2.0000000000020002e-05,
      "est": -1.9331189045068697e-05,
      "abs_error": 6.688109549513044e-07,
      "pct_error": 3.3440547747531775
    },
    "dKg_zy": {
      "true": 0.0002908882086657216,
      "est": 0.00028701981292319654,
      "abs_error": 3.868395742525038e-06,
      "pct_error": 1.3298564971983655
    },
    "dKg_xz": {
      "true": 9.69627362219072e-05,
      "est": 9.678359943033242e-05,
      "abs_error": 1.79136791574771e-07,
      "pct_error": 0.18474807802948312
    },
    "dKg_yz": {
      "true": 0.0001939254724438144,
      "est": 0.00019804980951553363,
      "abs_error": 4.12433707171924e-06,
      "pct_error": 2.1267639674897145
    },
    "dKg_zz": {
      "true": -2.999999999997449e-05,
      "est": -1.2888823365475588e-05,
      "abs_error": 1.7111176634498904e-05,
      "pct_error": 57.037255448378176
    },
    "dKa_xx": {
      "true": -9.99999999995449e-06,
      "est": -9.515091869527481e-06,
      "abs_error": 4.849081304270086e-07,
      "pct_error": 4.849081304292155
    },
    "dKa_xy": {
      "true": 4.84813681109536e-05,
      "est": 4.019306670362728e-05,
      "abs_error": 8.288301407326316e-06,
      "pct_error": 17.095848838996986
    },
    "dKa_xz": {
      "true": 9.69627362219072e-05,
      "est": 9.646635088860326e-05,
      "abs_error": 4.963853333039375e-07,
      "pct_error": 0.5119341229891852
    },
    "dKa_yy": {
      "true": -2.0000000000020002e-05,
      "est": -2.5039695110695703e-06,
      "abs_error": 1.749603048895043e-05,
      "pct_error": 87.48015244466467
    },
    "dKa_yz": {
      "true": 0.0001939254724438144,
      "est": 0.0001979539001075067,
      "abs_error": 4.028427663692324e-06,
      "pct_error": 2.077307128829851
    },
    "dKa_zz": {
      "true": -2.999999999997449e-05,
      "est": -3.0307741228696727e-05,
      "abs_error": 3.0774122872223586e-07,
      "pct_error": 1.0258040957416585
    },
    "Ka2_x": {
      "true": 1.0224607248440952e-06,
      "est": 1.0228112431784453e-06,
      "abs_error": 3.5051833435005594e-10,
      "pct_error": 0.034281838493454404
    },
    "Ka2_y": {
      "true": 2.0449214496881904e-06,
      "est": 7.427789904316584e-09,
      "abs_error": 2.037493659783874e-06,
      "pct_error": 99.63676893772868
    },
    "Ka2_z": {
      "true": 3.0673821745322856e-06,
      "est": 3.0359979218647366e-06,
      "abs_error": 3.1384252667549074e-08,
      "pct_error": 1.0231608218931683
    },
    "rx_x": {
      "true": 0.01,
      "est": 0.009824909035932316,
      "abs_error": 0.00017509096406768433,
      "pct_error": 1.7509096406768434
    },
    "rx_y": {
      "true": 0.02,
      "est": 0.01999874282318055,
      "abs_error": 1.2571768194490074e-06,
      "pct_error": 0.006285884097245037
    },
    "rx_z": {
      "true": 0.03,
      "est": 0.030520069424413522,
      "abs_error": 0.0005200694244135232,
      "pct_error": 1.7335647480450773
    },
    "ry_x": {
      "true": 0.04,
      "est": 0.040245482078654624,
      "abs_error": 0.00024548207865462274,
      "pct_error": 0.6137051966365569
    },
    "ry_y": {
      "true": 0.05,
      "est": 0.05002764197603407,
      "abs_error": 2.7641976034067928e-05,
      "pct_error": 0.055283952068135855
    },
    "ry_z": {
      "true": 0.06,
      "est": 0.06066860257313636,
      "abs_error": 0.0006686025731363621,
      "pct_error": 1.114337621893937
    }
  },
  "focus_scale_pct": {
    "dKg_xx": 5.856098571648267,
    "dKg_xy": 0.09521400073455057,
    "dKg_yy": 3.3440547747531775,
    "dKg_zz": 57.037255448378176,
    "dKa_xx": 4.849081304292155
  },
  "lever_guard_pct": {
    "rx_y": 0.006285884097245037,
    "ry_z": 1.114337621893937
  },
  "overall": {
    "mean_pct_error": 9.801295017043934,
    "median_pct_error": 1.0244824588174133,
    "max_pct_error": 99.63676893772868
  },
  "extra": {
    "noise_scale": 0.08,
    "noise_config": {
      "arw_dpsh": 0.0004,
      "vrw_ugpsHz": 0.4,
      "bi_g_dph": 0.00016,
      "bi_a_ug": 0.4,
      "tau_g": 300.0,
      "tau_a": 300.0,
      "seed": 42,
      "base_family": "round53_round61_shared"
    },
    "comparison_mode": "ch3_closedloop_local_insertions",
    "candidate_name": "relaymax_unified_l9z1",
    "method_key": "markov42_noisy",
    "legality": "faithful12_base_plus_closed_loop_local_insertions",
    "time_total_s": 1326.0
  }
}