{
  "variant": "redistribute_l9_l10_l11_fullblock_y8x0_markov42_noisy_noise0p08",
  "method_file": "search_ch3_12pos_closedloop_local_insertions.py",
  "source_file": "/root/.openclaw/workspace/tmp_psins_py/psins_py/test_calibration_markov_pruned.py",
  "param_order": [
    "eb_x",
    "eb_y",
    "eb_z",
    "db_x",
    "db_y",
    "db_z",
    "dKg_xx",
    "dKg_yx",
    "dKg_zx",
    "dKg_xy",
    "dKg_yy",
    "dKg_zy",
    "dKg_xz",
    "dKg_yz",
    "dKg_zz",
    "dKa_xx",
    "dKa_xy",
    "dKa_xz",
    "dKa_yy",
    "dKa_yz",
    "dKa_zz",
    "Ka2_x",
    "Ka2_y",
    "Ka2_z",
    "rx_x",
    "rx_y",
    "rx_z",
    "ry_x",
    "ry_y",
    "ry_z"
  ],
  "param_errors": {
    "eb_x": {
      "true": 4.84813681109536e-07,
      "est": 4.50493249215365e-07,
      "abs_error": 3.432043189417105e-08,
      "pct_error": 7.079097234967858
    },
    "eb_y": {
      "true": 9.69627362219072e-07,
      "est": 9.6836257942668e-07,
      "abs_error": 1.2647827923921572e-09,
      "pct_error": 0.13044008880871488
    },
    "eb_z": {
      "true": 1.4544410433286078e-06,
      "est": 1.444858487660441e-06,
      "abs_error": 9.58255566816692e-09,
      "pct_error": 0.6588479960821549
    },
    "db_x": {
      "true": 0.00097803267715,
      "est": 0.0009835000239243473,
      "abs_error": 5.4673467743474036e-06,
      "pct_error": 0.5590147345873273
    },
    "db_y": {
      "true": 0.0019560653543,
      "est": 0.001956940611794742,
      "abs_error": 8.752574947421161e-07,
      "pct_error": 0.04474582062496255
    },
    "db_z": {
      "true": 0.00293409803145,
      "est": 0.002931891436403811,
      "abs_error": 2.2065950461892282e-06,
      "pct_error": 0.07520522567880093
    },
    "dKg_xx": {
      "true": -9.99999999995449e-06,
      "est": -9.835126514756709e-06,
      "abs_error": 1.6487348519778067e-07,
      "pct_error": 1.64873485198531
    },
    "dKg_yx": {
      "true": 0.0001454441043328608,
      "est": 0.00014566154708947,
      "abs_error": 2.174427566092093e-07,
      "pct_error": 0.14950262687277696
    },
    "dKg_zx": {
      "true": 0.00024240684055476798,
      "est": 0.00024227408951458368,
      "abs_error": 1.327510401842992e-07,
      "pct_error": 0.05476373516542997
    },
    "dKg_xy": {
      "true": 4.84813681109536e-05,
      "est": 4.867459768276587e-05,
      "abs_error": 1.9322957181227402e-07,
      "pct_error": 0.398564601910681
    },
    "dKg_yy": {
      "true": -2.0000000000020002e-05,
      "est": -1.9632015762383048e-05,
      "abs_error": 3.6798423763695354e-07,
      "pct_error": 1.8399211881829274
    },
    "dKg_zy": {
      "true": 0.0002908882086657216,
      "est": 0.00029646893306570205,
      "abs_error": 5.5807243999804685e-06,
      "pct_error": 1.9185117284673574
    },
    "dKg_xz": {
      "true": 9.69627362219072e-05,
      "est": 9.692905431653088e-05,
      "abs_error": 3.3681905376313124e-08,
      "pct_error": 0.034736958432391295
    },
    "dKg_yz": {
      "true": 0.0001939254724438144,
      "est": 0.00018807791979321388,
      "abs_error": 5.847552650600508e-06,
      "pct_error": 3.0153607862395213
    },
    "dKg_zz": {
      "true": -2.999999999997449e-05,
      "est": -1.661872273484022e-05,
      "abs_error": 1.3381277265134273e-05,
      "pct_error": 44.60425755048551
    },
    "dKa_xx": {
      "true": -9.99999999995449e-06,
      "est": -9.581470269637293e-06,
      "abs_error": 4.185297303171964e-07,
      "pct_error": 4.185297303191011
    },
    "dKa_xy": {
      "true": 4.84813681109536e-05,
      "est": 4.479254592343129e-05,
      "abs_error": 3.6888221875223045e-06,
      "pct_error": 7.608741937892784
    },
    "dKa_xz": {
      "true": 9.69627362219072e-05,
      "est": 9.647086928140797e-05,
      "abs_error": 4.918669404992262e-07,
      "pct_error": 0.5072741959071249
    },
    "dKa_yy": {
      "true": -2.0000000000020002e-05,
      "est": 2.7450231696590777e-06,
      "abs_error": 2.274502316967908e-05,
      "pct_error": 113.72511584828166
    },
    "dKa_yz": {
      "true": 0.0001939254724438144,
      "est": 0.00018812627534779295,
      "abs_error": 5.799197096021432e-06,
      "pct_error": 2.9904256634989617
    },
    "dKa_zz": {
      "true": -2.999999999997449e-05,
      "est": -3.0299048018989083e-05,
      "abs_error": 2.9904801901459166e-07,
      "pct_error": 0.9968267300494864
    },
    "Ka2_x": {
      "true": 1.0224607248440952e-06,
      "est": 1.00372305930757e-06,
      "abs_error": 1.8737665536525142e-08,
      "pct_error": 1.8326049188228979
    },
    "Ka2_y": {
      "true": 2.0449214496881904e-06,
      "est": -4.618017859895711e-09,
      "abs_error": 2.049539467548086e-06,
      "pct_error": 100.22582861853199
    },
    "Ka2_z": {
      "true": 3.0673821745322856e-06,
      "est": 3.0528387295111437e-06,
      "abs_error": 1.4543445021141915e-08,
      "pct_error": 0.4741321489670422
    },
    "rx_x": {
      "true": 0.01,
      "est": 0.00990628516633393,
      "abs_error": 9.371483366607015e-05,
      "pct_error": 0.9371483366607015
    },
    "rx_y": {
      "true": 0.02,
      "est": 0.019914919671122026,
      "abs_error": 8.508032887797473e-05,
      "pct_error": 0.42540164438987366
    },
    "rx_z": {
      "true": 0.03,
      "est": 0.030678302750882274,
      "abs_error": 0.0006783027508822752,
      "pct_error": 2.261009169607584
    },
    "ry_x": {
      "true": 0.04,
      "est": 0.04042724211168816,
      "abs_error": 0.00042724211168816,
      "pct_error": 1.0681052792204
    },
    "ry_y": {
      "true": 0.05,
      "est": 0.04991443466989461,
      "abs_error": 8.556533010539019e-05,
      "pct_error": 0.17113066021078038
    },
    "ry_z": {
      "true": 0.06,
      "est": 0.06096247217978898,
      "abs_error": 0.0009624721797889813,
      "pct_error": 1.6041202996483022
    }
  },
  "focus_scale_pct": {
    "dKg_xx": 1.64873485198531,
    "dKg_xy": 0.398564601910681,
    "dKg_yy": 1.8399211881829274,
    "dKg_zz": 44.60425755048551,
    "dKa_xx": 4.185297303191011
  },
  "lever_guard_pct": {
    "rx_y": 0.42540164438987366,
    "ry_z": 1.6041202996483022
  },
  "overall": {
    "mean_pct_error": 10.040828929445743,
    "median_pct_error": 1.0324660046349432,
    "max_pct_error": 113.72511584828166
  },
  "extra": {
    "noise_scale": 0.08,
    "noise_config": {
      "arw_dpsh": 0.0004,
      "vrw_ugpsHz": 0.4,
      "bi_g_dph": 0.00016,
      "bi_a_ug": 0.4,
      "tau_g": 300.0,
      "tau_a": 300.0,
      "seed": 42,
      "base_family": "round53_round61_shared"
    },
    "comparison_mode": "ch3_closedloop_local_insertions",
    "candidate_name": "redistribute_l9_l10_l11_fullblock_y8x0",
    "method_key": "markov42_noisy",
    "legality": "faithful12_base_plus_closed_loop_local_insertions",
    "time_total_s": 1428.0
  }
}