{
  "variant": "relay_r4_l9y0p8125_l12y0p1875_on_entry_markov42_noisy_noise0p08",
  "method_file": "search_ch3_12pos_closedloop_local_insertions.py",
  "source_file": "/root/.openclaw/workspace/tmp_psins_py/psins_py/test_calibration_markov_pruned.py",
  "param_order": [
    "eb_x",
    "eb_y",
    "eb_z",
    "db_x",
    "db_y",
    "db_z",
    "dKg_xx",
    "dKg_yx",
    "dKg_zx",
    "dKg_xy",
    "dKg_yy",
    "dKg_zy",
    "dKg_xz",
    "dKg_yz",
    "dKg_zz",
    "dKa_xx",
    "dKa_xy",
    "dKa_xz",
    "dKa_yy",
    "dKa_yz",
    "dKa_zz",
    "Ka2_x",
    "Ka2_y",
    "Ka2_z",
    "rx_x",
    "rx_y",
    "rx_z",
    "ry_x",
    "ry_y",
    "ry_z"
  ],
  "param_errors": {
    "eb_x": {
      "true": 4.84813681109536e-07,
      "est": 4.6265625605076783e-07,
      "abs_error": 2.2157425058768216e-08,
      "pct_error": 4.570296986681384
    },
    "eb_y": {
      "true": 9.69627362219072e-07,
      "est": 9.669204568425857e-07,
      "abs_error": 2.706905376486397e-09,
      "pct_error": 0.279169656505095
    },
    "eb_z": {
      "true": 1.4544410433286078e-06,
      "est": 1.446203127198751e-06,
      "abs_error": 8.237916129856805e-09,
      "pct_error": 0.566397391468248
    },
    "db_x": {
      "true": 0.00097803267715,
      "est": 0.0009792849427255111,
      "abs_error": 1.2522655755112157e-06,
      "pct_error": 0.12803923680345058
    },
    "db_y": {
      "true": 0.0019560653543,
      "est": 0.0019660381745524227,
      "abs_error": 9.97282025242286e-06,
      "pct_error": 0.5098408512016076
    },
    "db_z": {
      "true": 0.00293409803145,
      "est": 0.002934142292703348,
      "abs_error": 4.4261253347773616e-08,
      "pct_error": 0.0015085131060157582
    },
    "dKg_xx": {
      "true": -9.99999999995449e-06,
      "est": -1.0472811891260037e-05,
      "abs_error": 4.728118913055468e-07,
      "pct_error": 4.728118913076986
    },
    "dKg_yx": {
      "true": 0.0001454441043328608,
      "est": 0.00014527706836218952,
      "abs_error": 1.6703597067126608e-07,
      "pct_error": 0.11484547375601457
    },
    "dKg_zx": {
      "true": 0.00024240684055476798,
      "est": 0.00024224364003029922,
      "abs_error": 1.63200524468766e-07,
      "pct_error": 0.06732504911794905
    },
    "dKg_xy": {
      "true": 4.84813681109536e-05,
      "est": 4.841790024575814e-05,
      "abs_error": 6.346786519545466e-08,
      "pct_error": 0.13091186917457287
    },
    "dKg_yy": {
      "true": -2.0000000000020002e-05,
      "est": -1.9508403393153628e-05,
      "abs_error": 4.915966068663735e-07,
      "pct_error": 2.4579830343294096
    },
    "dKg_zy": {
      "true": 0.0002908882086657216,
      "est": 0.00029131925616985844,
      "abs_error": 4.3104750413686457e-07,
      "pct_error": 0.14818321654014138
    },
    "dKg_xz": {
      "true": 9.69627362219072e-05,
      "est": 9.77165367461214e-05,
      "abs_error": 7.538005242142029e-07,
      "pct_error": 0.7774125953800112
    },
    "dKg_yz": {
      "true": 0.0001939254724438144,
      "est": 0.00019367798441322862,
      "abs_error": 2.474880305857645e-07,
      "pct_error": 0.12762017669312045
    },
    "dKg_zz": {
      "true": -2.999999999997449e-05,
      "est": -2.9740554002399833e-05,
      "abs_error": 2.594459975746588e-07,
      "pct_error": 0.8648199919162648
    },
    "dKa_xx": {
      "true": -9.99999999995449e-06,
      "est": -9.74678769871673e-06,
      "abs_error": 2.532123012377596e-07,
      "pct_error": 2.53212301238912
    },
    "dKa_xy": {
      "true": 4.84813681109536e-05,
      "est": 4.8486779854808466e-05,
      "abs_error": 5.411743854869607e-09,
      "pct_error": 0.011162522976835938
    },
    "dKa_xz": {
      "true": 9.69627362219072e-05,
      "est": 9.689448484667673e-05,
      "abs_error": 6.825137523045919e-08,
      "pct_error": 0.0703892834400427
    },
    "dKa_yy": {
      "true": -2.0000000000020002e-05,
      "est": -1.9751115361454907e-05,
      "abs_error": 2.4888463856509446e-07,
      "pct_error": 1.2444231928242278
    },
    "dKa_yz": {
      "true": 0.0001939254724438144,
      "est": 0.00019385047596529468,
      "abs_error": 7.49964785197075e-08,
      "pct_error": 0.03867283527770498
    },
    "dKa_zz": {
      "true": -2.999999999997449e-05,
      "est": -2.946523737312745e-05,
      "abs_error": 5.347626268470407e-07,
      "pct_error": 1.7825420894916515
    },
    "Ka2_x": {
      "true": 1.0224607248440952e-06,
      "est": 1.0103050896888826e-06,
      "abs_error": 1.2155635155212613e-08,
      "pct_error": 1.1888608393311249
    },
    "Ka2_y": {
      "true": 2.0449214496881904e-06,
      "est": 1.9868769313313888e-06,
      "abs_error": 5.804451835680166e-08,
      "pct_error": 2.8384717841192524
    },
    "Ka2_z": {
      "true": 3.0673821745322856e-06,
      "est": 3.0740384807039326e-06,
      "abs_error": 6.656306171646967e-09,
      "pct_error": 0.21700283149953167
    },
    "rx_x": {
      "true": 0.01,
      "est": 0.009933893775769375,
      "abs_error": 6.610622423062519e-05,
      "pct_error": 0.6610622423062519
    },
    "rx_y": {
      "true": 0.02,
      "est": 0.020212933259695767,
      "abs_error": 0.00021293325969576685,
      "pct_error": 1.0646662984788342
    },
    "rx_z": {
      "true": 0.03,
      "est": 0.030309628831394674,
      "abs_error": 0.0003096288313946746,
      "pct_error": 1.0320961046489154
    },
    "ry_x": {
      "true": 0.04,
      "est": 0.04054364084887553,
      "abs_error": 0.0005436408488755304,
      "pct_error": 1.359102122188826
    },
    "ry_y": {
      "true": 0.05,
      "est": 0.05028526061586715,
      "abs_error": 0.00028526061586714446,
      "pct_error": 0.5705212317342889
    },
    "ry_z": {
      "true": 0.06,
      "est": 0.06103977481358012,
      "abs_error": 0.0010397748135801202,
      "pct_error": 1.7329580226335337
    }
  },
  "focus_scale_pct": {
    "dKg_xx": 4.728118913076986,
    "dKg_xy": 0.13091186917457287,
    "dKg_yy": 2.4579830343294096,
    "dKg_zz": 0.8648199919162648,
    "dKa_xx": 2.53212301238912
  },
  "lever_guard_pct": {
    "rx_y": 1.0646662984788342,
    "ry_z": 1.7329580226335337
  },
  "overall": {
    "mean_pct_error": 1.0605509123030137,
    "median_pct_error": 0.6157917370202703,
    "max_pct_error": 4.728118913076986
  },
  "extra": {
    "noise_scale": 0.08,
    "noise_config": {
      "arw_dpsh": 0.0004,
      "vrw_ugpsHz": 0.4,
      "bi_g_dph": 0.00016,
      "bi_a_ug": 0.4,
      "tau_g": 300.0,
      "tau_a": 300.0,
      "seed": 42,
      "base_family": "round53_round61_shared"
    },
    "comparison_mode": "corrected_inbasin_ridge_resume",
    "candidate_name": "relay_r4_l9y0p8125_l12y0p1875_on_entry",
    "method_key": "markov42_noisy",
    "legality": "faithful12_base_plus_closed_loop_local_insertions",
    "time_total_s": 1348.0,
    "att0_deg": [
      0.0,
      0.0,
      0.0
    ],
    "candidate_registry_key": "relay_r4_l9y0p8125_l12y0p1875_on_entry",
    "family": "fixed_l9_terminal_midpoint_compromise",
    "hypothesis_id": "A"
  }
}