{
  "variant": "coupled_B_move7to4_move12to10_markov42_noisy_noise0p08",
  "method_file": "benchmark_ch3_12pos_coupled_repairs.py",
  "source_file": "/root/.openclaw/workspace/tmp_psins_py/psins_py/test_calibration_markov_pruned.py",
  "param_order": [
    "eb_x",
    "eb_y",
    "eb_z",
    "db_x",
    "db_y",
    "db_z",
    "dKg_xx",
    "dKg_yx",
    "dKg_zx",
    "dKg_xy",
    "dKg_yy",
    "dKg_zy",
    "dKg_xz",
    "dKg_yz",
    "dKg_zz",
    "dKa_xx",
    "dKa_xy",
    "dKa_xz",
    "dKa_yy",
    "dKa_yz",
    "dKa_zz",
    "Ka2_x",
    "Ka2_y",
    "Ka2_z",
    "rx_x",
    "rx_y",
    "rx_z",
    "ry_x",
    "ry_y",
    "ry_z"
  ],
  "param_errors": {
    "eb_x": {
      "true": 4.84813681109536e-07,
      "est": 4.5167975798651444e-07,
      "abs_error": 3.3133923123021605e-08,
      "pct_error": 6.834362233176236
    },
    "eb_y": {
      "true": 9.69627362219072e-07,
      "est": 9.725078681476175e-07,
      "abs_error": 2.8805059285453784e-09,
      "pct_error": 0.29707349862251237
    },
    "eb_z": {
      "true": 1.4544410433286078e-06,
      "est": 1.4137075104952115e-06,
      "abs_error": 4.073353283339632e-08,
      "pct_error": 2.8006314192134103
    },
    "db_x": {
      "true": 0.00097803267715,
      "est": 0.0010716582343998724,
      "abs_error": 9.36255572498725e-05,
      "pct_error": 9.5728455129637
    },
    "db_y": {
      "true": 0.0019560653543,
      "est": 0.0021397215982132153,
      "abs_error": 0.0001836562439132155,
      "pct_error": 9.389064813682516
    },
    "db_z": {
      "true": 0.00293409803145,
      "est": 0.0030287356692216393,
      "abs_error": 9.463763777163917e-05,
      "pct_error": 3.225442257117437
    },
    "dKg_xx": {
      "true": -9.99999999995449e-06,
      "est": -2.8353803205316552e-06,
      "abs_error": 7.1646196794228345e-06,
      "pct_error": 71.64619679455441
    },
    "dKg_yx": {
      "true": 0.0001454441043328608,
      "est": 0.00012650328782617292,
      "abs_error": 1.894081650668787e-05,
      "pct_error": 13.022746156379258
    },
    "dKg_zx": {
      "true": 0.00024240684055476798,
      "est": 0.00023094280993491385,
      "abs_error": 1.146403061985413e-05,
      "pct_error": 4.729252109229984
    },
    "dKg_xy": {
      "true": 4.84813681109536e-05,
      "est": 5.87812510212878e-05,
      "abs_error": 1.0299882910334203e-05,
      "pct_error": 21.245033528678633
    },
    "dKg_yy": {
      "true": -2.0000000000020002e-05,
      "est": -1.59008206508382e-05,
      "abs_error": 4.099179349181803e-06,
      "pct_error": 20.495896745888516
    },
    "dKg_zy": {
      "true": 0.0002908882086657216,
      "est": 0.0002838879622627652,
      "abs_error": 7.000246402956369e-06,
      "pct_error": 2.4065074466462146
    },
    "dKg_xz": {
      "true": 9.69627362219072e-05,
      "est": 9.88362795046344e-05,
      "abs_error": 1.87354328272721e-06,
      "pct_error": 1.9322302110363843
    },
    "dKg_yz": {
      "true": 0.0001939254724438144,
      "est": 0.00019381980145863635,
      "abs_error": 1.0567098517803679e-07,
      "pct_error": 0.05449051320921888
    },
    "dKg_zz": {
      "true": -2.999999999997449e-05,
      "est": -2.1881453554417618e-05,
      "abs_error": 8.118546445556873e-06,
      "pct_error": 27.06182148521259
    },
    "dKa_xx": {
      "true": -9.99999999995449e-06,
      "est": -6.908933405158635e-06,
      "abs_error": 3.091066594795855e-06,
      "pct_error": 30.910665948099226
    },
    "dKa_xy": {
      "true": 4.84813681109536e-05,
      "est": 6.735300850915079e-05,
      "abs_error": 1.887164039819719e-05,
      "pct_error": 38.92555250299019
    },
    "dKa_xz": {
      "true": 9.69627362219072e-05,
      "est": 0.00010963917815780974,
      "abs_error": 1.2676441935902545e-05,
      "pct_error": 13.073519199057529
    },
    "dKa_yy": {
      "true": -2.0000000000020002e-05,
      "est": -2.0352530343714648e-05,
      "abs_error": 3.5253034369464586e-07,
      "pct_error": 1.7626517184714665
    },
    "dKa_yz": {
      "true": 0.0001939254724438144,
      "est": 0.00021170054531667218,
      "abs_error": 1.7775072872857798e-05,
      "pct_error": 9.165929905370081
    },
    "dKa_zz": {
      "true": -2.999999999997449e-05,
      "est": -2.7280013314534557e-05,
      "abs_error": 2.7199866854399346e-06,
      "pct_error": 9.06662228480749
    },
    "Ka2_x": {
      "true": 1.0224607248440952e-06,
      "est": 3.462634694881704e-07,
      "abs_error": 6.761972553559248e-07,
      "pct_error": 66.13430119372373
    },
    "Ka2_y": {
      "true": 2.0449214496881904e-06,
      "est": 1.0598178386393042e-07,
      "abs_error": 1.93893966582426e-06,
      "pct_error": 94.81731760992137
    },
    "Ka2_z": {
      "true": 3.0673821745322856e-06,
      "est": 2.3985432344979507e-06,
      "abs_error": 6.68838940034335e-07,
      "pct_error": 21.804877970131635
    },
    "rx_x": {
      "true": 0.01,
      "est": 0.010172177674377085,
      "abs_error": 0.00017217767437708448,
      "pct_error": 1.7217767437708447
    },
    "rx_y": {
      "true": 0.02,
      "est": 0.02000737495237501,
      "abs_error": 7.37495237500968e-06,
      "pct_error": 0.0368747618750484
    },
    "rx_z": {
      "true": 0.03,
      "est": 0.030062242355128943,
      "abs_error": 6.224235512894416e-05,
      "pct_error": 0.20747451709648054
    },
    "ry_x": {
      "true": 0.04,
      "est": 0.03969256643573223,
      "abs_error": 0.0003074335642677742,
      "pct_error": 0.7685839106694354
    },
    "ry_y": {
      "true": 0.05,
      "est": 0.04957654180577447,
      "abs_error": 0.00042345819422553305,
      "pct_error": 0.8469163884510661
    },
    "ry_z": {
      "true": 0.06,
      "est": 0.059702753198471445,
      "abs_error": 0.0002972468015285529,
      "pct_error": 0.49541133588092146
    }
  },
  "focus_scale_pct": {
    "dKg_xx": 71.64619679455441,
    "dKg_xy": 21.245033528678633,
    "dKg_yy": 20.495896745888516,
    "dKg_zz": 27.06182148521259,
    "dKa_xx": 30.910665948099226
  },
  "lever_guard_pct": {
    "rx_y": 0.0368747618750484,
    "ry_z": 0.49541133588092146
  },
  "overall": {
    "mean_pct_error": 16.148402357197586,
    "median_pct_error": 7.950492258991863,
    "max_pct_error": 94.81731760992137
  },
  "extra": {
    "noise_scale": 0.08,
    "noise_config": {
      "arw_dpsh": 0.0004,
      "vrw_ugpsHz": 0.4,
      "bi_g_dph": 0.00016,
      "bi_a_ug": 0.4,
      "tau_g": 300.0,
      "tau_a": 300.0,
      "seed": 42,
      "base_family": "round53_round61_shared"
    },
    "comparison_mode": "ch3_12pos_coupled_repairs",
    "candidate_name": "coupled_B_move7to4_move12to10",
    "method_key": "markov42_noisy"
  }
}