{
  "variant": "zseed_l5_neg1_plus_relaymax_unified_l9y2_markov42_noisy_noise0p08",
  "method_file": "search_ch3_12pos_closedloop_local_insertions.py",
  "source_file": "/root/.openclaw/workspace/tmp_psins_py/psins_py/test_calibration_markov_pruned.py",
  "param_order": [
    "eb_x",
    "eb_y",
    "eb_z",
    "db_x",
    "db_y",
    "db_z",
    "dKg_xx",
    "dKg_yx",
    "dKg_zx",
    "dKg_xy",
    "dKg_yy",
    "dKg_zy",
    "dKg_xz",
    "dKg_yz",
    "dKg_zz",
    "dKa_xx",
    "dKa_xy",
    "dKa_xz",
    "dKa_yy",
    "dKa_yz",
    "dKa_zz",
    "Ka2_x",
    "Ka2_y",
    "Ka2_z",
    "rx_x",
    "rx_y",
    "rx_z",
    "ry_x",
    "ry_y",
    "ry_z"
  ],
  "param_errors": {
    "eb_x": {
      "true": 4.84813681109536e-07,
      "est": 4.632048208147531e-07,
      "abs_error": 2.1608860294782964e-08,
      "pct_error": 4.45714738192398
    },
    "eb_y": {
      "true": 9.69627362219072e-07,
      "est": 9.709666822207405e-07,
      "abs_error": 1.3393200016684488e-09,
      "pct_error": 0.13812729032350168
    },
    "eb_z": {
      "true": 1.4544410433286078e-06,
      "est": 1.4466160094660985e-06,
      "abs_error": 7.825033862509317e-09,
      "pct_error": 0.5380096978424842
    },
    "db_x": {
      "true": 0.00097803267715,
      "est": 0.000980321652472775,
      "abs_error": 2.2889753227750467e-06,
      "pct_error": 0.23403873676748213
    },
    "db_y": {
      "true": 0.0019560653543,
      "est": 0.001961279963894342,
      "abs_error": 5.2146095943423655e-06,
      "pct_error": 0.26658667528051344
    },
    "db_z": {
      "true": 0.00293409803145,
      "est": 0.0029423937977038936,
      "abs_error": 8.295766253893413e-06,
      "pct_error": 0.28273650590310145
    },
    "dKg_xx": {
      "true": -9.99999999995449e-06,
      "est": -1.3406801498305754e-05,
      "abs_error": 3.406801498351264e-06,
      "pct_error": 34.06801498366768
    },
    "dKg_yx": {
      "true": 0.0001454441043328608,
      "est": 0.00014527745503742405,
      "abs_error": 1.6664929543673697e-07,
      "pct_error": 0.11457961544824559
    },
    "dKg_zx": {
      "true": 0.00024240684055476798,
      "est": 0.0002417552359149143,
      "abs_error": 6.51604639853679e-07,
      "pct_error": 0.26880620957825624
    },
    "dKg_xy": {
      "true": 4.84813681109536e-05,
      "est": 4.8582621559104936e-05,
      "abs_error": 1.0125344815133927e-07,
      "pct_error": 0.2088502286478641
    },
    "dKg_yy": {
      "true": -2.0000000000020002e-05,
      "est": -1.952347848166447e-05,
      "abs_error": 4.765215183555327e-07,
      "pct_error": 2.3826075917752805
    },
    "dKg_zy": {
      "true": 0.0002908882086657216,
      "est": 0.00028819384639177547,
      "abs_error": 2.6943622739461102e-06,
      "pct_error": 0.9262535206583007
    },
    "dKg_xz": {
      "true": 9.69627362219072e-05,
      "est": 9.709012597918758e-05,
      "abs_error": 1.2738975728038553e-07,
      "pct_error": 0.13138011801651678
    },
    "dKg_yz": {
      "true": 0.0001939254724438144,
      "est": 0.00019659946266735331,
      "abs_error": 2.673990223538928e-06,
      "pct_error": 1.3788751884122172
    },
    "dKg_zz": {
      "true": -2.999999999997449e-05,
      "est": -2.0930240821170898e-05,
      "abs_error": 9.069759178803594e-06,
      "pct_error": 30.232530596037684
    },
    "dKa_xx": {
      "true": -9.99999999995449e-06,
      "est": -9.520936539830771e-06,
      "abs_error": 4.790634601237187e-07,
      "pct_error": 4.790634601258989
    },
    "dKa_xy": {
      "true": 4.84813681109536e-05,
      "est": 4.932973962110844e-05,
      "abs_error": 8.483715101548431e-07,
      "pct_error": 1.7498918516764526
    },
    "dKa_xz": {
      "true": 9.69627362219072e-05,
      "est": 9.65521053868389e-05,
      "abs_error": 4.1063083506829635e-07,
      "pct_error": 0.42349344817222767
    },
    "dKa_yy": {
      "true": -2.0000000000020002e-05,
      "est": -3.282088853584497e-06,
      "abs_error": 1.6717911146435505e-05,
      "pct_error": 83.58955573209393
    },
    "dKa_yz": {
      "true": 0.0001939254724438144,
      "est": 0.00019651711553171208,
      "abs_error": 2.591643087897688e-06,
      "pct_error": 1.3364118984671078
    },
    "dKa_zz": {
      "true": -2.999999999997449e-05,
      "est": -3.042774955686056e-05,
      "abs_error": 4.277495568860701e-07,
      "pct_error": 1.4258318562881127
    },
    "Ka2_x": {
      "true": 1.0224607248440952e-06,
      "est": 1.04009919394763e-06,
      "abs_error": 1.7638469103534686e-08,
      "pct_error": 1.7250999158157592
    },
    "Ka2_y": {
      "true": 2.0449214496881904e-06,
      "est": 7.837984640375823e-09,
      "abs_error": 2.0370834650478146e-06,
      "pct_error": 99.61670974493563
    },
    "Ka2_z": {
      "true": 3.0673821745322856e-06,
      "est": 3.0023821486809843e-06,
      "abs_error": 6.500002585130136e-08,
      "pct_error": 2.119071643272249
    },
    "rx_x": {
      "true": 0.01,
      "est": 0.009772990662739355,
      "abs_error": 0.000227009337260645,
      "pct_error": 2.27009337260645
    },
    "rx_y": {
      "true": 0.02,
      "est": 0.02001602984701138,
      "abs_error": 1.602984701137844e-05,
      "pct_error": 0.0801492350568922
    },
    "rx_z": {
      "true": 0.03,
      "est": 0.03056567313879133,
      "abs_error": 0.0005656731387913318,
      "pct_error": 1.8855771293044394
    },
    "ry_x": {
      "true": 0.04,
      "est": 0.040255067504311945,
      "abs_error": 0.0002550675043119441,
      "pct_error": 0.6376687607798602
    },
    "ry_y": {
      "true": 0.05,
      "est": 0.0500262067814501,
      "abs_error": 2.6206781450099914e-05,
      "pct_error": 0.05241356290019983
    },
    "ry_z": {
      "true": 0.06,
      "est": 0.060681566061693594,
      "abs_error": 0.0006815660616935962,
      "pct_error": 1.1359434361559937
    }
  },
  "focus_scale_pct": {
    "dKg_xx": 34.06801498366768,
    "dKg_xy": 0.2088502286478641,
    "dKg_yy": 2.3826075917752805,
    "dKg_zz": 30.232530596037684,
    "dKa_xx": 4.790634601258989
  },
  "lever_guard_pct": {
    "rx_y": 0.0801492350568922,
    "ry_z": 1.1359434361559937
  },
  "overall": {
    "mean_pct_error": 9.282236350968912,
    "median_pct_error": 1.2361776673115508,
    "max_pct_error": 99.61670974493563
  },
  "extra": {
    "noise_scale": 0.08,
    "noise_config": {
      "arw_dpsh": 0.0004,
      "vrw_ugpsHz": 0.4,
      "bi_g_dph": 0.00016,
      "bi_a_ug": 0.4,
      "tau_g": 300.0,
      "tau_a": 300.0,
      "seed": 42,
      "base_family": "round53_round61_shared"
    },
    "comparison_mode": "ch3_closedloop_local_insertions",
    "candidate_name": "zseed_l5_neg1_plus_relaymax_unified_l9y2",
    "method_key": "markov42_noisy",
    "legality": "faithful12_base_plus_closed_loop_local_insertions",
    "time_total_s": 1340.0
  }
}