{
  "variant": "frontdiag_l4_bfly_flip_d6_plus_relaymax_unified_l9y2p5_markov42_noisy_noise0p08",
  "method_file": "search_ch3_12pos_closedloop_local_insertions.py",
  "source_file": "/root/.openclaw/workspace/tmp_psins_py/psins_py/test_calibration_markov_pruned.py",
  "param_order": [
    "eb_x",
    "eb_y",
    "eb_z",
    "db_x",
    "db_y",
    "db_z",
    "dKg_xx",
    "dKg_yx",
    "dKg_zx",
    "dKg_xy",
    "dKg_yy",
    "dKg_zy",
    "dKg_xz",
    "dKg_yz",
    "dKg_zz",
    "dKa_xx",
    "dKa_xy",
    "dKa_xz",
    "dKa_yy",
    "dKa_yz",
    "dKa_zz",
    "Ka2_x",
    "Ka2_y",
    "Ka2_z",
    "rx_x",
    "rx_y",
    "rx_z",
    "ry_x",
    "ry_y",
    "ry_z"
  ],
  "param_errors": {
    "eb_x": {
      "true": 4.84813681109536e-07,
      "est": 4.551861282376486e-07,
      "abs_error": 2.962755287188743e-08,
      "pct_error": 6.111121452695463
    },
    "eb_y": {
      "true": 9.69627362219072e-07,
      "est": 9.753110015683517e-07,
      "abs_error": 5.683639349279595e-09,
      "pct_error": 0.5861673845787642
    },
    "eb_z": {
      "true": 1.4544410433286078e-06,
      "est": 1.4442640541312174e-06,
      "abs_error": 1.0176989197390426e-08,
      "pct_error": 0.699718234992843
    },
    "db_x": {
      "true": 0.00097803267715,
      "est": 0.0009807341459163307,
      "abs_error": 2.7014687663307925e-06,
      "pct_error": 0.2762145712966266
    },
    "db_y": {
      "true": 0.0019560653543,
      "est": 0.0019580502639506853,
      "abs_error": 1.9849096506855193e-06,
      "pct_error": 0.10147460800949781
    },
    "db_z": {
      "true": 0.00293409803145,
      "est": 0.0029391905968752393,
      "abs_error": 5.0925654252391254e-06,
      "pct_error": 0.1735649378668658
    },
    "dKg_xx": {
      "true": -9.99999999995449e-06,
      "est": -2.8255378634600703e-06,
      "abs_error": 7.1744621364944194e-06,
      "pct_error": 71.74462136527072
    },
    "dKg_yx": {
      "true": 0.0001454441043328608,
      "est": 0.00014545630254300372,
      "abs_error": 1.2198210142932292e-08,
      "pct_error": 0.008386871505644317
    },
    "dKg_zx": {
      "true": 0.00024240684055476798,
      "est": 0.00024181032557104112,
      "abs_error": 5.965149837268652e-07,
      "pct_error": 0.24608009508382336
    },
    "dKg_xy": {
      "true": 4.84813681109536e-05,
      "est": 4.860253779983294e-05,
      "abs_error": 1.2116968887934296e-07,
      "pct_error": 0.2499304239971862
    },
    "dKg_yy": {
      "true": -2.0000000000020002e-05,
      "est": -2.030115967577295e-05,
      "abs_error": 3.011596757529489e-07,
      "pct_error": 1.5057983787632385
    },
    "dKg_zy": {
      "true": 0.0002908882086657216,
      "est": 0.0003068865030551491,
      "abs_error": 1.5998294389427527e-05,
      "pct_error": 5.49980848753213
    },
    "dKg_xz": {
      "true": 9.69627362219072e-05,
      "est": 9.792273623320397e-05,
      "abs_error": 9.600000112967811e-07,
      "pct_error": 0.9900710816367043
    },
    "dKg_yz": {
      "true": 0.0001939254724438144,
      "est": 0.0001782553196946349,
      "abs_error": 1.567015274917948e-05,
      "pct_error": 8.080502551679775
    },
    "dKg_zz": {
      "true": -2.999999999997449e-05,
      "est": -2.1091586853483335e-05,
      "abs_error": 8.908413146491156e-06,
      "pct_error": 29.6947104883291
    },
    "dKa_xx": {
      "true": -9.99999999995449e-06,
      "est": -9.254709391726124e-06,
      "abs_error": 7.452906082283661e-07,
      "pct_error": 7.45290608231758
    },
    "dKa_xy": {
      "true": 4.84813681109536e-05,
      "est": 4.5279544158518536e-05,
      "abs_error": 3.2018239524350607e-06,
      "pct_error": 6.604235971863301
    },
    "dKa_xz": {
      "true": 9.69627362219072e-05,
      "est": 9.748209059466953e-05,
      "abs_error": 5.193543727623353e-07,
      "pct_error": 0.5356226453570267
    },
    "dKa_yy": {
      "true": -2.0000000000020002e-05,
      "est": -1.812788325672443e-06,
      "abs_error": 1.818721167434756e-05,
      "pct_error": 90.93605837164685
    },
    "dKa_yz": {
      "true": 0.0001939254724438144,
      "est": 0.00017817561681789194,
      "abs_error": 1.574985562592245e-05,
      "pct_error": 8.121602297751588
    },
    "dKa_zz": {
      "true": -2.999999999997449e-05,
      "est": -3.036581545790007e-05,
      "abs_error": 3.658154579255779e-07,
      "pct_error": 1.2193848597529633
    },
    "Ka2_x": {
      "true": 1.0224607248440952e-06,
      "est": 1.0696230950636663e-06,
      "abs_error": 4.7162370219571085e-08,
      "pct_error": 4.612633920658654
    },
    "Ka2_y": {
      "true": 2.0449214496881904e-06,
      "est": 5.624501237952652e-09,
      "abs_error": 2.039296948450238e-06,
      "pct_error": 99.7249526998306
    },
    "Ka2_z": {
      "true": 3.0673821745322856e-06,
      "est": 2.9927616541309305e-06,
      "abs_error": 7.462052040135512e-08,
      "pct_error": 2.4327102446154516
    },
    "rx_x": {
      "true": 0.01,
      "est": 0.009902649679303197,
      "abs_error": 9.73503206968037e-05,
      "pct_error": 0.973503206968037
    },
    "rx_y": {
      "true": 0.02,
      "est": 0.020163950105892475,
      "abs_error": 0.00016395010589247486,
      "pct_error": 0.8197505294623743
    },
    "rx_z": {
      "true": 0.03,
      "est": 0.030434931365281748,
      "abs_error": 0.0004349313652817488,
      "pct_error": 1.4497712176058295
    },
    "ry_x": {
      "true": 0.04,
      "est": 0.04031904707308157,
      "abs_error": 0.00031904707308157143,
      "pct_error": 0.7976176827039285
    },
    "ry_y": {
      "true": 0.05,
      "est": 0.05017525963033522,
      "abs_error": 0.00017525963033521857,
      "pct_error": 0.35051926067043715
    },
    "ry_z": {
      "true": 0.06,
      "est": 0.06066374486101356,
      "abs_error": 0.0006637448610135599,
      "pct_error": 1.1062414350226
    }
  },
  "focus_scale_pct": {
    "dKg_xx": 71.74462136527072,
    "dKg_xy": 0.2499304239971862,
    "dKg_yy": 1.5057983787632385,
    "dKg_zz": 29.6947104883291,
    "dKa_xx": 7.45290608231758
  },
  "lever_guard_pct": {
    "rx_y": 0.8197505294623743,
    "ry_z": 1.1062414350226
  },
  "overall": {
    "mean_pct_error": 11.77018937864885,
    "median_pct_error": 1.1628131473877816,
    "max_pct_error": 99.7249526998306
  },
  "extra": {
    "noise_scale": 0.08,
    "noise_config": {
      "arw_dpsh": 0.0004,
      "vrw_ugpsHz": 0.4,
      "bi_g_dph": 0.00016,
      "bi_a_ug": 0.4,
      "tau_g": 300.0,
      "tau_a": 300.0,
      "seed": 42,
      "base_family": "round53_round61_shared"
    },
    "comparison_mode": "ch3_closedloop_local_insertions",
    "candidate_name": "frontdiag_l4_bfly_flip_d6_plus_relaymax_unified_l9y2p5",
    "method_key": "markov42_noisy",
    "legality": "faithful12_base_plus_closed_loop_local_insertions",
    "time_total_s": 1392.0
  }
}