{
  "variant": "corrdiag_l9_pair_d3_on_entry_markov42_noisy_noise0p08",
  "method_file": "search_ch3_12pos_closedloop_local_insertions.py",
  "source_file": "/root/.openclaw/workspace/tmp_psins_py/psins_py/test_calibration_markov_pruned.py",
  "param_order": [
    "eb_x",
    "eb_y",
    "eb_z",
    "db_x",
    "db_y",
    "db_z",
    "dKg_xx",
    "dKg_yx",
    "dKg_zx",
    "dKg_xy",
    "dKg_yy",
    "dKg_zy",
    "dKg_xz",
    "dKg_yz",
    "dKg_zz",
    "dKa_xx",
    "dKa_xy",
    "dKa_xz",
    "dKa_yy",
    "dKa_yz",
    "dKa_zz",
    "Ka2_x",
    "Ka2_y",
    "Ka2_z",
    "rx_x",
    "rx_y",
    "rx_z",
    "ry_x",
    "ry_y",
    "ry_z"
  ],
  "param_errors": {
    "eb_x": {
      "true": 4.84813681109536e-07,
      "est": 4.5675457776703073e-07,
      "abs_error": 2.805910334250532e-08,
      "pct_error": 5.787605514409113
    },
    "eb_y": {
      "true": 9.69627362219072e-07,
      "est": 9.67328994475478e-07,
      "abs_error": 2.2983677435939915e-09,
      "pct_error": 0.23703618865849532
    },
    "eb_z": {
      "true": 1.4544410433286078e-06,
      "est": 1.4509660460892616e-06,
      "abs_error": 3.4749972393461913e-09,
      "pct_error": 0.23892321076097897
    },
    "db_x": {
      "true": 0.00097803267715,
      "est": 0.0009824135156860272,
      "abs_error": 4.380838536027299e-06,
      "pct_error": 0.44792353449714173
    },
    "db_y": {
      "true": 0.0019560653543,
      "est": 0.0019702999149459866,
      "abs_error": 1.4234560645986789e-05,
      "pct_error": 0.7277139597966443
    },
    "db_z": {
      "true": 0.00293409803145,
      "est": 0.002937755858453493,
      "abs_error": 3.657827003492823e-06,
      "pct_error": 0.12466614831151922
    },
    "dKg_xx": {
      "true": -9.99999999995449e-06,
      "est": -1.058801890763128e-05,
      "abs_error": 5.880189076767905e-07,
      "pct_error": 5.880189076794666
    },
    "dKg_yx": {
      "true": 0.0001454441043328608,
      "est": 0.00014525647238007187,
      "abs_error": 1.8763195278891673e-07,
      "pct_error": 0.12900622795923414
    },
    "dKg_zx": {
      "true": 0.00024240684055476798,
      "est": 0.00024274487859939767,
      "abs_error": 3.3803804462968464e-07,
      "pct_error": 0.13945070355937844
    },
    "dKg_xy": {
      "true": 4.84813681109536e-05,
      "est": 4.8360037025417615e-05,
      "abs_error": 1.2133108553598213e-07,
      "pct_error": 0.2502633284982923
    },
    "dKg_yy": {
      "true": -2.0000000000020002e-05,
      "est": -1.993581240089526e-05,
      "abs_error": 6.418759912474314e-08,
      "pct_error": 0.32093799562339476
    },
    "dKg_zy": {
      "true": 0.0002908882086657216,
      "est": 0.0002911443568918792,
      "abs_error": 2.5614822615760424e-07,
      "pct_error": 0.08805727373155943
    },
    "dKg_xz": {
      "true": 9.69627362219072e-05,
      "est": 9.785279264034451e-05,
      "abs_error": 8.900564184373183e-07,
      "pct_error": 0.91793657348979
    },
    "dKg_yz": {
      "true": 0.0001939254724438144,
      "est": 0.00019423255022274472,
      "abs_error": 3.0707777893033235e-07,
      "pct_error": 0.15834834643463422
    },
    "dKg_zz": {
      "true": -2.999999999997449e-05,
      "est": -3.001264382196389e-05,
      "abs_error": 1.264382198939984e-08,
      "pct_error": 0.042146073298035304
    },
    "dKa_xx": {
      "true": -9.99999999995449e-06,
      "est": -9.73080701949236e-06,
      "abs_error": 2.691929804621296e-07,
      "pct_error": 2.691929804633547
    },
    "dKa_xy": {
      "true": 4.84813681109536e-05,
      "est": 4.871921419633881e-05,
      "abs_error": 2.3784608538521604e-07,
      "pct_error": 0.49059276718611927
    },
    "dKa_xz": {
      "true": 9.69627362219072e-05,
      "est": 9.63990512232994e-05,
      "abs_error": 5.636849986077912e-07,
      "pct_error": 0.5813418851111543
    },
    "dKa_yy": {
      "true": -2.0000000000020002e-05,
      "est": -1.9861220468264662e-05,
      "abs_error": 1.3877953175533975e-07,
      "pct_error": 0.6938976587760047
    },
    "dKa_yz": {
      "true": 0.0001939254724438144,
      "est": 0.00019358449936303216,
      "abs_error": 3.4097308078222515e-07,
      "pct_error": 0.17582686610755302
    },
    "dKa_zz": {
      "true": -2.999999999997449e-05,
      "est": -2.9380374106713347e-05,
      "abs_error": 6.196258932611443e-07,
      "pct_error": 2.0654196442055706
    },
    "Ka2_x": {
      "true": 1.0224607248440952e-06,
      "est": 9.652838513172037e-07,
      "abs_error": 5.717687352689147e-08,
      "pct_error": 5.592085068657263
    },
    "Ka2_y": {
      "true": 2.0449214496881904e-06,
      "est": 1.9344975787304255e-06,
      "abs_error": 1.1042387095776494e-07,
      "pct_error": 5.399907706704449
    },
    "Ka2_z": {
      "true": 3.0673821745322856e-06,
      "est": 3.0517092281254726e-06,
      "abs_error": 1.567294640681301e-08,
      "pct_error": 0.5109551244361268
    },
    "rx_x": {
      "true": 0.01,
      "est": 0.01002448655686551,
      "abs_error": 2.4486556865509213e-05,
      "pct_error": 0.24486556865509213
    },
    "rx_y": {
      "true": 0.02,
      "est": 0.020120056971075072,
      "abs_error": 0.00012005697107507138,
      "pct_error": 0.6002848553753569
    },
    "rx_z": {
      "true": 0.03,
      "est": 0.030373341606851095,
      "abs_error": 0.0003733416068510964,
      "pct_error": 1.244472022836988
    },
    "ry_x": {
      "true": 0.04,
      "est": 0.0407345485658985,
      "abs_error": 0.0007345485658984963,
      "pct_error": 1.8363714147462407
    },
    "ry_y": {
      "true": 0.05,
      "est": 0.05019332378322892,
      "abs_error": 0.00019332378322891447,
      "pct_error": 0.38664756645782894
    },
    "ry_z": {
      "true": 0.06,
      "est": 0.060896777332723535,
      "abs_error": 0.0008967773327235376,
      "pct_error": 1.4946288878725627
    }
  },
  "focus_scale_pct": {
    "dKg_xx": 5.880189076794666,
    "dKg_xy": 0.2502633284982923,
    "dKg_yy": 0.32093799562339476,
    "dKg_zz": 0.042146073298035304,
    "dKa_xx": 2.691929804633547
  },
  "lever_guard_pct": {
    "rx_y": 0.6002848553753569,
    "ry_z": 1.4946288878725627
  },
  "overall": {
    "mean_pct_error": 1.3166476999194914,
    "median_pct_error": 0.500773945811123,
    "max_pct_error": 5.880189076794666
  },
  "extra": {
    "noise_scale": 0.08,
    "noise_config": {
      "arw_dpsh": 0.0004,
      "vrw_ugpsHz": 0.4,
      "bi_g_dph": 0.00016,
      "bi_a_ug": 0.4,
      "tau_g": 300.0,
      "tau_a": 300.0,
      "seed": 42,
      "base_family": "round53_round61_shared"
    },
    "comparison_mode": "corrected_att0_hidden_next3",
    "candidate_name": "corrdiag_l9_pair_d3_on_entry",
    "method_key": "markov42_noisy",
    "legality": "faithful12_base_plus_closed_loop_local_insertions",
    "time_total_s": 1369.0,
    "att0_deg": [
      0.0,
      0.0,
      0.0
    ],
    "candidate_registry_key": "corrdiag_l9_pair_d3_on_entry",
    "family": "anchor9_gateway_diagonal_pair_on_corrected_entry",
    "hypothesis_id": "H1"
  }
}