{
  "variant": "y7_double_small_neg_noise0p08",
  "method_file": "ad-hoc targeted probe",
  "source_file": "/root/.openclaw/workspace/tmp_psins_py/psins_py/test_calibration_markov_pruned.py",
  "param_order": [
    "eb_x",
    "eb_y",
    "eb_z",
    "db_x",
    "db_y",
    "db_z",
    "dKg_xx",
    "dKg_yx",
    "dKg_zx",
    "dKg_xy",
    "dKg_yy",
    "dKg_zy",
    "dKg_xz",
    "dKg_yz",
    "dKg_zz",
    "dKa_xx",
    "dKa_xy",
    "dKa_xz",
    "dKa_yy",
    "dKa_yz",
    "dKa_zz",
    "Ka2_x",
    "Ka2_y",
    "Ka2_z",
    "rx_x",
    "rx_y",
    "rx_z",
    "ry_x",
    "ry_y",
    "ry_z"
  ],
  "param_errors": {
    "eb_x": {
      "true": 4.84813681109536e-07,
      "est": 4.798593173662363e-07,
      "abs_error": 4.954363743299786e-09,
      "pct_error": 1.0219108775893693
    },
    "eb_y": {
      "true": 9.69627362219072e-07,
      "est": 9.520020696731105e-07,
      "abs_error": 1.7625292545961546e-08,
      "pct_error": 1.8177387760205748
    },
    "eb_z": {
      "true": 1.4544410433286078e-06,
      "est": 1.433042548197733e-06,
      "abs_error": 2.1398495130874915e-08,
      "pct_error": 1.47125215071645
    },
    "db_x": {
      "true": 0.00097803267715,
      "est": 0.0009653721385646684,
      "abs_error": 1.2660538585331556e-05,
      "pct_error": 1.2944903458874741
    },
    "db_y": {
      "true": 0.0019560653543,
      "est": 0.0019626526633916446,
      "abs_error": 6.587309091644813e-06,
      "pct_error": 0.33676324143076275
    },
    "db_z": {
      "true": 0.00293409803145,
      "est": 0.002961024992284619,
      "abs_error": 2.6926960834618933e-05,
      "pct_error": 0.9177253297604345
    },
    "dKg_xx": {
      "true": -9.99999999995449e-06,
      "est": -2.702636426898941e-05,
      "abs_error": 1.702636426903492e-05,
      "pct_error": 170.2636426911241
    },
    "dKg_yx": {
      "true": 0.0001454441043328608,
      "est": 0.00014416783816691316,
      "abs_error": 1.2762661659476324e-06,
      "pct_error": 0.8774959781297099
    },
    "dKg_zx": {
      "true": 0.00024240684055476798,
      "est": 0.00023911022489745982,
      "abs_error": 3.2966156573081644e-06,
      "pct_error": 1.3599515796516255
    },
    "dKg_xy": {
      "true": 4.84813681109536e-05,
      "est": 4.89637731619248e-05,
      "abs_error": 4.824050509712047e-07,
      "pct_error": 0.995031843711962
    },
    "dKg_yy": {
      "true": -2.0000000000020002e-05,
      "est": -2.2167790269644883e-05,
      "abs_error": 2.1677902696248808e-06,
      "pct_error": 10.838951348113564
    },
    "dKg_zy": {
      "true": 0.0002908882086657216,
      "est": 0.00030353496440334754,
      "abs_error": 1.2646755737625963e-05,
      "pct_error": 4.3476343697929565
    },
    "dKg_xz": {
      "true": 9.69627362219072e-05,
      "est": 9.792503304607986e-05,
      "abs_error": 9.622968241726715e-07,
      "pct_error": 0.9924398399508613
    },
    "dKg_yz": {
      "true": 0.0001939254724438144,
      "est": 0.0001825582946456254,
      "abs_error": 1.1367177798188988e-05,
      "pct_error": 5.861621815299368
    },
    "dKg_zz": {
      "true": -2.999999999997449e-05,
      "est": -1.3502234967877058e-05,
      "abs_error": 1.6497765032097433e-05,
      "pct_error": 54.992550107038205
    },
    "dKa_xx": {
      "true": -9.99999999995449e-06,
      "est": -9.983685161696343e-06,
      "abs_error": 1.6314838258146835e-08,
      "pct_error": 0.16314838258221084
    },
    "dKa_xy": {
      "true": 4.84813681109536e-05,
      "est": 6.469586179867661e-05,
      "abs_error": 1.6214493687723017e-05,
      "pct_error": 33.44479398892955
    },
    "dKa_xz": {
      "true": 9.69627362219072e-05,
      "est": 9.847073001755755e-05,
      "abs_error": 1.5079937956503572e-06,
      "pct_error": 1.5552302404082219
    },
    "dKa_yy": {
      "true": -2.0000000000020002e-05,
      "est": -2.4538811702612406e-06,
      "abs_error": 1.754611882975876e-05,
      "pct_error": 87.73059414870606
    },
    "dKa_yz": {
      "true": 0.0001939254724438144,
      "est": 0.00018286632623308905,
      "abs_error": 1.1059146210725334e-05,
      "pct_error": 5.702781626033928
    },
    "dKa_zz": {
      "true": -2.999999999997449e-05,
      "est": -3.0015047149944962e-05,
      "abs_error": 1.504714997047074e-08,
      "pct_error": 0.050157166568278455
    },
    "Ka2_x": {
      "true": 1.0224607248440952e-06,
      "est": 1.151286417200847e-06,
      "abs_error": 1.2882569235675181e-07,
      "pct_error": 12.599573678137627
    },
    "Ka2_y": {
      "true": 2.0449214496881904e-06,
      "est": 2.1786056156203315e-09,
      "abs_error": 2.04274284407257e-06,
      "pct_error": 99.89346262586503
    },
    "Ka2_z": {
      "true": 3.0673821745322856e-06,
      "est": 2.8075538079410035e-06,
      "abs_error": 2.5982836659128217e-07,
      "pct_error": 8.470687765892777
    },
    "rx_x": {
      "true": 0.01,
      "est": 0.010617080347168307,
      "abs_error": 0.000617080347168307,
      "pct_error": 6.17080347168307
    },
    "rx_y": {
      "true": 0.02,
      "est": 0.020331933636773762,
      "abs_error": 0.0003319336367737617,
      "pct_error": 1.6596681838688085
    },
    "rx_z": {
      "true": 0.03,
      "est": 0.031231681211194427,
      "abs_error": 0.0012316812111944284,
      "pct_error": 4.1056040373147615
    },
    "ry_x": {
      "true": 0.04,
      "est": 0.04075421136265753,
      "abs_error": 0.0007542113626575267,
      "pct_error": 1.8855284066438167
    },
    "ry_y": {
      "true": 0.05,
      "est": 0.05027534634503951,
      "abs_error": 0.0002753463450395066,
      "pct_error": 0.5506926900790132
    },
    "ry_z": {
      "true": 0.06,
      "est": 0.0599079499221192,
      "abs_error": 9.205007788079533e-05,
      "pct_error": 0.15341679646799222
    }
  },
  "focus_scale_pct": {
    "dKg_xx": 170.2636426911241,
    "dKg_xy": 0.995031843711962,
    "dKg_yy": 10.838951348113564,
    "dKg_zz": 54.992550107038205,
    "dKa_xx": 0.16314838258221084
  },
  "lever_guard_pct": {
    "rx_y": 1.6596681838688085,
    "ry_z": 0.15341679646799222
  },
  "overall": {
    "mean_pct_error": 17.38417811677995,
    "median_pct_error": 1.7387034799446917,
    "max_pct_error": 170.2636426911241
  },
  "extra": {
    "noise_scale": 0.08,
    "noise_config": {
      "arw_dpsh": 0.0004,
      "vrw_ugpsHz": 0.4,
      "bi_g_dph": 0.00016,
      "bi_a_ug": 0.4,
      "tau_g": 300.0,
      "tau_a": 300.0,
      "seed": 42,
      "base_family": "round53_round61_shared"
    },
    "candidate_name": "y7_double_small_neg"
  }
}