{
  "variant": "bridge_l9y0p9375_l12y0p375_on_entry_markov42_noisy_noise0p08",
  "method_file": "search_ch3_12pos_closedloop_local_insertions.py",
  "source_file": "/root/.openclaw/workspace/tmp_psins_py/psins_py/test_calibration_markov_pruned.py",
  "param_order": [
    "eb_x",
    "eb_y",
    "eb_z",
    "db_x",
    "db_y",
    "db_z",
    "dKg_xx",
    "dKg_yx",
    "dKg_zx",
    "dKg_xy",
    "dKg_yy",
    "dKg_zy",
    "dKg_xz",
    "dKg_yz",
    "dKg_zz",
    "dKa_xx",
    "dKa_xy",
    "dKa_xz",
    "dKa_yy",
    "dKa_yz",
    "dKa_zz",
    "Ka2_x",
    "Ka2_y",
    "Ka2_z",
    "rx_x",
    "rx_y",
    "rx_z",
    "ry_x",
    "ry_y",
    "ry_z"
  ],
  "param_errors": {
    "eb_x": {
      "true": 4.84813681109536e-07,
      "est": 4.6242010204411166e-07,
      "abs_error": 2.239357906542439e-08,
      "pct_error": 4.619007247108795
    },
    "eb_y": {
      "true": 9.69627362219072e-07,
      "est": 9.669525205554086e-07,
      "abs_error": 2.674841663663544e-09,
      "pct_error": 0.27586284874861083
    },
    "eb_z": {
      "true": 1.4544410433286078e-06,
      "est": 1.4462948870980434e-06,
      "abs_error": 8.146156230564389e-09,
      "pct_error": 0.5600884455186469
    },
    "db_x": {
      "true": 0.00097803267715,
      "est": 0.0009792166173686256,
      "abs_error": 1.1839402186256988e-06,
      "pct_error": 0.12105323741081087
    },
    "db_y": {
      "true": 0.0019560653543,
      "est": 0.0019660471748485066,
      "abs_error": 9.981820548506798e-06,
      "pct_error": 0.5103009736644972
    },
    "db_z": {
      "true": 0.00293409803145,
      "est": 0.0029340018869455343,
      "abs_error": 9.614450446589554e-08,
      "pct_error": 0.003276799324199196
    },
    "dKg_xx": {
      "true": -9.99999999995449e-06,
      "est": -1.0480387215849873e-05,
      "abs_error": 4.803872158953837e-07,
      "pct_error": 4.803872158975699
    },
    "dKg_yx": {
      "true": 0.0001454441043328608,
      "est": 0.00014525485923778513,
      "abs_error": 1.8924509507565828e-07,
      "pct_error": 0.13011534289664664
    },
    "dKg_zx": {
      "true": 0.00024240684055476798,
      "est": 0.00024227113120310444,
      "abs_error": 1.3570935166354694e-07,
      "pct_error": 0.055984126253601156
    },
    "dKg_xy": {
      "true": 4.84813681109536e-05,
      "est": 4.842917017844558e-05,
      "abs_error": 5.219793250801544e-08,
      "pct_error": 0.10766596435264819
    },
    "dKg_yy": {
      "true": -2.0000000000020002e-05,
      "est": -1.9509991118438208e-05,
      "abs_error": 4.900088815817938e-07,
      "pct_error": 2.450044407906519
    },
    "dKg_zy": {
      "true": 0.0002908882086657216,
      "est": 0.00029131458144676095,
      "abs_error": 4.263727810393668e-07,
      "pct_error": 0.14657616511686772
    },
    "dKg_xz": {
      "true": 9.69627362219072e-05,
      "est": 9.772459776161832e-05,
      "abs_error": 7.618615397111288e-07,
      "pct_error": 0.7857261143781525
    },
    "dKg_yz": {
      "true": 0.0001939254724438144,
      "est": 0.00019369422280645322,
      "abs_error": 2.312496373611621e-07,
      "pct_error": 0.1192466541125285
    },
    "dKg_zz": {
      "true": -2.999999999997449e-05,
      "est": -2.974261130050948e-05,
      "abs_error": 2.5738869946501097e-07,
      "pct_error": 0.8579623315507662
    },
    "dKa_xx": {
      "true": -9.99999999995449e-06,
      "est": -9.742916832200521e-06,
      "abs_error": 2.5708316775396867e-07,
      "pct_error": 2.5708316775513866
    },
    "dKa_xy": {
      "true": 4.84813681109536e-05,
      "est": 4.8500146994252585e-05,
      "abs_error": 1.8778883298988533e-08,
      "pct_error": 0.038734227252027034
    },
    "dKa_xz": {
      "true": 9.69627362219072e-05,
      "est": 9.687814319278988e-05,
      "abs_error": 8.459302911731663e-08,
      "pct_error": 0.08724282380369149
    },
    "dKa_yy": {
      "true": -2.0000000000020002e-05,
      "est": -1.9754606193300717e-05,
      "abs_error": 2.453938067192851e-07,
      "pct_error": 1.2269690335951984
    },
    "dKa_yz": {
      "true": 0.0001939254724438144,
      "est": 0.00019385487401835121,
      "abs_error": 7.059842546317235e-08,
      "pct_error": 0.0364049263737783
    },
    "dKa_zz": {
      "true": -2.999999999997449e-05,
      "est": -2.946658608871111e-05,
      "abs_error": 5.334139112633807e-07,
      "pct_error": 1.7780463708794474
    },
    "Ka2_x": {
      "true": 1.0224607248440952e-06,
      "est": 1.010166069230902e-06,
      "abs_error": 1.229465561319326e-08,
      "pct_error": 1.202457494400868
    },
    "Ka2_y": {
      "true": 2.0449214496881904e-06,
      "est": 1.985693833355342e-06,
      "abs_error": 5.922761633284839e-08,
      "pct_error": 2.8963272081614386
    },
    "Ka2_z": {
      "true": 3.0673821745322856e-06,
      "est": 3.0741850381584492e-06,
      "abs_error": 6.802863626163591e-09,
      "pct_error": 0.22178076415277115
    },
    "rx_x": {
      "true": 0.01,
      "est": 0.009940409564506964,
      "abs_error": 5.959043549303572e-05,
      "pct_error": 0.5959043549303572
    },
    "rx_y": {
      "true": 0.02,
      "est": 0.020227834837583423,
      "abs_error": 0.00022783483758342243,
      "pct_error": 1.1391741879171122
    },
    "rx_z": {
      "true": 0.03,
      "est": 0.030315956094700565,
      "abs_error": 0.000315956094700566,
      "pct_error": 1.0531869823352202
    },
    "ry_x": {
      "true": 0.04,
      "est": 0.04054941278954601,
      "abs_error": 0.000549412789546011,
      "pct_error": 1.3735319738650276
    },
    "ry_y": {
      "true": 0.05,
      "est": 0.05029039966135428,
      "abs_error": 0.0002903996613542806,
      "pct_error": 0.5807993227085612
    },
    "ry_z": {
      "true": 0.06,
      "est": 0.06104100883506831,
      "abs_error": 0.0010410088350683092,
      "pct_error": 1.7350147251138488
    }
  },
  "focus_scale_pct": {
    "dKg_xx": 4.803872158975699,
    "dKg_xy": 0.10766596435264819,
    "dKg_yy": 2.450044407906519,
    "dKg_zz": 0.8579623315507662,
    "dKa_xx": 2.5708316775513866
  },
  "lever_guard_pct": {
    "rx_y": 1.1391741879171122,
    "ry_z": 1.7350147251138488
  },
  "overall": {
    "mean_pct_error": 1.0694396296786575,
    "median_pct_error": 0.5883518388194592,
    "max_pct_error": 4.803872158975699
  },
  "extra": {
    "noise_scale": 0.08,
    "noise_config": {
      "arw_dpsh": 0.0004,
      "vrw_ugpsHz": 0.4,
      "bi_g_dph": 0.00016,
      "bi_a_ug": 0.4,
      "tau_g": 300.0,
      "tau_a": 300.0,
      "seed": 42,
      "base_family": "round53_round61_shared"
    },
    "comparison_mode": "corrected_frontier_next2",
    "candidate_name": "bridge_l9y0p9375_l12y0p375_on_entry",
    "method_key": "markov42_noisy",
    "legality": "faithful12_base_plus_closed_loop_local_insertions",
    "time_total_s": 1348.625,
    "att0_deg": [
      0.0,
      0.0,
      0.0
    ],
    "candidate_registry_key": "bridge_l9y0p9375_l12y0p375_on_entry",
    "family": "single_small_leader_companion_bridge",
    "hypothesis_id": "C"
  }
}