{
  "variant": "relay_l12y0p375_on_entry_markov42_noisy_noise0p08",
  "method_file": "search_ch3_12pos_closedloop_local_insertions.py",
  "source_file": "/root/.openclaw/workspace/tmp_psins_py/psins_py/test_calibration_markov_pruned.py",
  "param_order": [
    "eb_x",
    "eb_y",
    "eb_z",
    "db_x",
    "db_y",
    "db_z",
    "dKg_xx",
    "dKg_yx",
    "dKg_zx",
    "dKg_xy",
    "dKg_yy",
    "dKg_zy",
    "dKg_xz",
    "dKg_yz",
    "dKg_zz",
    "dKa_xx",
    "dKa_xy",
    "dKa_xz",
    "dKa_yy",
    "dKa_yz",
    "dKa_zz",
    "Ka2_x",
    "Ka2_y",
    "Ka2_z",
    "rx_x",
    "rx_y",
    "rx_z",
    "ry_x",
    "ry_y",
    "ry_z"
  ],
  "param_errors": {
    "eb_x": {
      "true": 4.84813681109536e-07,
      "est": 4.618360960664215e-07,
      "abs_error": 2.2977585043114545e-08,
      "pct_error": 4.7394671269442
    },
    "eb_y": {
      "true": 9.69627362219072e-07,
      "est": 9.665272694912193e-07,
      "abs_error": 3.100092727852802e-09,
      "pct_error": 0.31972001292929525
    },
    "eb_z": {
      "true": 1.4544410433286078e-06,
      "est": 1.4461642582882455e-06,
      "abs_error": 8.27678504036234e-09,
      "pct_error": 0.5690698208997347
    },
    "db_x": {
      "true": 0.00097803267715,
      "est": 0.0009791309723535912,
      "abs_error": 1.0982952035913304e-06,
      "pct_error": 0.1122963709956785
    },
    "db_y": {
      "true": 0.0019560653543,
      "est": 0.001966470789027801,
      "abs_error": 1.040543472780129e-05,
      "pct_error": 0.5319574167052814
    },
    "db_z": {
      "true": 0.00293409803145,
      "est": 0.002934600119153513,
      "abs_error": 5.020877035127359e-07,
      "pct_error": 0.017112165242297972
    },
    "dKg_xx": {
      "true": -9.99999999995449e-06,
      "est": -1.0494176879705108e-05,
      "abs_error": 4.941768797506185e-07,
      "pct_error": 4.941768797528676
    },
    "dKg_yx": {
      "true": 0.0001454441043328608,
      "est": 0.0001452129407349806,
      "abs_error": 2.3116359788020232e-07,
      "pct_error": 0.15893638242713876
    },
    "dKg_zx": {
      "true": 0.00024240684055476798,
      "est": 0.00024218924354284108,
      "abs_error": 2.1759701192690275e-07,
      "pct_error": 0.08976521101009943
    },
    "dKg_xy": {
      "true": 4.84813681109536e-05,
      "est": 4.8355411781717394e-05,
      "abs_error": 1.2595632923620236e-07,
      "pct_error": 0.25980357845500757
    },
    "dKg_yy": {
      "true": -2.0000000000020002e-05,
      "est": -1.958960611481153e-05,
      "abs_error": 4.10393885208471e-07,
      "pct_error": 2.0519694260403027
    },
    "dKg_zy": {
      "true": 0.0002908882086657216,
      "est": 0.0002914620807619335,
      "abs_error": 5.738720962119464e-07,
      "pct_error": 0.1972826945596203
    },
    "dKg_xz": {
      "true": 9.69627362219072e-05,
      "est": 9.769687182221493e-05,
      "abs_error": 7.341356003077396e-07,
      "pct_error": 0.7571316867828585
    },
    "dKg_yz": {
      "true": 0.0001939254724438144,
      "est": 0.00019380065809667624,
      "abs_error": 1.2481434713814484e-07,
      "pct_error": 0.06436201782326818
    },
    "dKg_zz": {
      "true": -2.999999999997449e-05,
      "est": -2.9727817200786433e-05,
      "abs_error": 2.7218279918805877e-07,
      "pct_error": 0.9072759972943008
    },
    "dKa_xx": {
      "true": -9.99999999995449e-06,
      "est": -9.760214898735242e-06,
      "abs_error": 2.3978510121924757e-07,
      "pct_error": 2.3978510122033883
    },
    "dKa_xy": {
      "true": 4.84813681109536e-05,
      "est": 4.856796297101501e-05,
      "abs_error": 8.659486006141554e-08,
      "pct_error": 0.17861472032562298
    },
    "dKa_xz": {
      "true": 9.69627362219072e-05,
      "est": 9.698030530526278e-05,
      "abs_error": 1.75690833555906e-08,
      "pct_error": 0.018119417871399902
    },
    "dKa_yy": {
      "true": -2.0000000000020002e-05,
      "est": -1.975984651414464e-05,
      "abs_error": 2.4015348587536067e-07,
      "pct_error": 1.2007674293756023
    },
    "dKa_yz": {
      "true": 0.0001939254724438144,
      "est": 0.00019377981645086342,
      "abs_error": 1.4565599295096533e-07,
      "pct_error": 0.07510926291189825
    },
    "dKa_zz": {
      "true": -2.999999999997449e-05,
      "est": -2.945561177991607e-05,
      "abs_error": 5.443882200584227e-07,
      "pct_error": 1.8146274001962854
    },
    "Ka2_x": {
      "true": 1.0224607248440952e-06,
      "est": 1.0115230350511282e-06,
      "abs_error": 1.0937689792967045e-08,
      "pct_error": 1.0697418030051788
    },
    "Ka2_y": {
      "true": 2.0449214496881904e-06,
      "est": 1.9814607295936517e-06,
      "abs_error": 6.346072009453876e-08,
      "pct_error": 3.103332898396427
    },
    "Ka2_z": {
      "true": 3.0673821745322856e-06,
      "est": 3.069714777751257e-06,
      "abs_error": 2.332603218971319e-09,
      "pct_error": 0.07604540569930755
    },
    "rx_x": {
      "true": 0.01,
      "est": 0.010049177518771702,
      "abs_error": 4.9177518771701886e-05,
      "pct_error": 0.4917751877170189
    },
    "rx_y": {
      "true": 0.02,
      "est": 0.020218667798045976,
      "abs_error": 0.0002186677980459753,
      "pct_error": 1.0933389902298765
    },
    "rx_z": {
      "true": 0.03,
      "est": 0.030236080558465266,
      "abs_error": 0.0002360805584652667,
      "pct_error": 0.7869351948842224
    },
    "ry_x": {
      "true": 0.04,
      "est": 0.040658612473115745,
      "abs_error": 0.0006586124731157439,
      "pct_error": 1.6465311827893596
    },
    "ry_y": {
      "true": 0.05,
      "est": 0.05028717504515307,
      "abs_error": 0.0002871750451530694,
      "pct_error": 0.5743500903061388
    },
    "ry_z": {
      "true": 0.06,
      "est": 0.061035363115928075,
      "abs_error": 0.0010353631159280771,
      "pct_error": 1.7256051932134622
    }
  },
  "focus_scale_pct": {
    "dKg_xx": 4.941768797528676,
    "dKg_xy": 0.25980357845500757,
    "dKg_yy": 2.0519694260403027,
    "dKg_zz": 0.9072759972943008,
    "dKa_xx": 2.3978510122033883
  },
  "lever_guard_pct": {
    "rx_y": 1.0933389902298765,
    "ry_z": 1.7256051932134622
  },
  "overall": {
    "mean_pct_error": 1.0656887964920982,
    "median_pct_error": 0.5717099556029368,
    "max_pct_error": 4.941768797528676
  },
  "extra": {
    "noise_scale": 0.08,
    "noise_config": {
      "arw_dpsh": 0.0004,
      "vrw_ugpsHz": 0.4,
      "bi_g_dph": 0.00016,
      "bi_a_ug": 0.4,
      "tau_g": 300.0,
      "tau_a": 300.0,
      "seed": 42,
      "base_family": "round53_round61_shared"
    },
    "comparison_mode": "corrected_frontier_next2",
    "candidate_name": "relay_l12y0p375_on_entry",
    "method_key": "markov42_noisy",
    "legality": "faithful12_base_plus_closed_loop_local_insertions",
    "time_total_s": 1348.75,
    "att0_deg": [
      0.0,
      0.0,
      0.0
    ],
    "candidate_registry_key": "relay_l12y0p375_on_entry",
    "family": "terminal_y_reclosure_micro_ridge_around_leader",
    "hypothesis_id": "A"
  }
}