{
  "variant": "tail_z_return_px_ny_burst10_markov42_noisy_noise0p08",
  "method_file": "search_ch3_12pos_append_tail.py",
  "source_file": "/root/.openclaw/workspace/tmp_psins_py/psins_py/test_calibration_markov_pruned.py",
  "param_order": [
    "eb_x",
    "eb_y",
    "eb_z",
    "db_x",
    "db_y",
    "db_z",
    "dKg_xx",
    "dKg_yx",
    "dKg_zx",
    "dKg_xy",
    "dKg_yy",
    "dKg_zy",
    "dKg_xz",
    "dKg_yz",
    "dKg_zz",
    "dKa_xx",
    "dKa_xy",
    "dKa_xz",
    "dKa_yy",
    "dKa_yz",
    "dKa_zz",
    "Ka2_x",
    "Ka2_y",
    "Ka2_z",
    "rx_x",
    "rx_y",
    "rx_z",
    "ry_x",
    "ry_y",
    "ry_z"
  ],
  "param_errors": {
    "eb_x": {
      "true": 4.84813681109536e-07,
      "est": 4.564145805882687e-07,
      "abs_error": 2.839910052126734e-08,
      "pct_error": 5.85773496661102
    },
    "eb_y": {
      "true": 9.69627362219072e-07,
      "est": 9.73752433633992e-07,
      "abs_error": 4.1250714149198155e-09,
      "pct_error": 0.42542852807693565
    },
    "eb_z": {
      "true": 1.4544410433286078e-06,
      "est": 1.4502054554069691e-06,
      "abs_error": 4.235587921638679e-09,
      "pct_error": 0.29121757399978127
    },
    "db_x": {
      "true": 0.00097803267715,
      "est": 0.0009786997671620088,
      "abs_error": 6.670900120088995e-07,
      "pct_error": 0.06820733372148756
    },
    "db_y": {
      "true": 0.0019560653543,
      "est": 0.0019556396249546634,
      "abs_error": 4.2572934533637377e-07,
      "pct_error": 0.021764576751001546
    },
    "db_z": {
      "true": 0.00293409803145,
      "est": 0.003169891528853798,
      "abs_error": 0.00023579349740379804,
      "pct_error": 8.036319675633722
    },
    "dKg_xx": {
      "true": -9.99999999995449e-06,
      "est": -1.3152776723535098e-05,
      "abs_error": 3.152776723580608e-06,
      "pct_error": 31.527767235949568
    },
    "dKg_yx": {
      "true": 0.0001454441043328608,
      "est": 0.00014556878670316103,
      "abs_error": 1.2468237030023935e-07,
      "pct_error": 0.08572528317469197
    },
    "dKg_zx": {
      "true": 0.00024240684055476798,
      "est": 0.0002185763439048984,
      "abs_error": 2.383049664986958e-05,
      "pct_error": 9.830785548514855
    },
    "dKg_xy": {
      "true": 4.84813681109536e-05,
      "est": 4.8160016521381193e-05,
      "abs_error": 3.213515895724033e-07,
      "pct_error": 0.6628352336034821
    },
    "dKg_yy": {
      "true": -2.0000000000020002e-05,
      "est": -1.9847116441873425e-05,
      "abs_error": 1.5288355814657706e-07,
      "pct_error": 0.7644177907321208
    },
    "dKg_zy": {
      "true": 0.0002908882086657216,
      "est": 0.0003015565380708728,
      "abs_error": 1.0668329405151241e-05,
      "pct_error": 3.667501496222869
    },
    "dKg_xz": {
      "true": 9.69627362219072e-05,
      "est": 0.0001203903062498551,
      "abs_error": 2.3427570027947903e-05,
      "pct_error": 24.16141596327478
    },
    "dKg_yz": {
      "true": 0.0001939254724438144,
      "est": 0.00018273880571942932,
      "abs_error": 1.1186666724385063e-05,
      "pct_error": 5.7685391111403135
    },
    "dKg_zz": {
      "true": -2.999999999997449e-05,
      "est": 5.579081372442118e-07,
      "abs_error": 3.05579081372187e-05,
      "pct_error": 101.85969379081563
    },
    "dKa_xx": {
      "true": -9.99999999995449e-06,
      "est": -7.139747385531692e-06,
      "abs_error": 2.860252614422798e-06,
      "pct_error": 28.602526144358148
    },
    "dKa_xy": {
      "true": 4.84813681109536e-05,
      "est": 4.856363564023509e-05,
      "abs_error": 8.226752928149392e-08,
      "pct_error": 0.1696889598767467
    },
    "dKa_xz": {
      "true": 9.69627362219072e-05,
      "est": 0.00011955609292709388,
      "abs_error": 2.2593356705186688e-05,
      "pct_error": 23.30107171633434
    },
    "dKa_yy": {
      "true": -2.0000000000020002e-05,
      "est": -3.7652624107487043e-07,
      "abs_error": 1.962347375894513e-05,
      "pct_error": 98.11736879462754
    },
    "dKa_yz": {
      "true": 0.0001939254724438144,
      "est": 0.0001833882721269475,
      "abs_error": 1.0537200316866878e-05,
      "pct_error": 5.433633954363472
    },
    "dKa_zz": {
      "true": -2.999999999997449e-05,
      "est": -3.0037938399951614e-05,
      "abs_error": 3.793839997712212e-08,
      "pct_error": 0.12646133325718126
    },
    "Ka2_x": {
      "true": 1.0224607248440952e-06,
      "est": 1.3037147983145927e-06,
      "abs_error": 2.812540734704975e-07,
      "pct_error": 27.507567443569346
    },
    "Ka2_y": {
      "true": 2.0449214496881904e-06,
      "est": 3.07328074104938e-10,
      "abs_error": 2.0446141216140855e-06,
      "pct_error": 99.98497115504598
    },
    "Ka2_z": {
      "true": 3.0673821745322856e-06,
      "est": 6.456367825826545e-07,
      "abs_error": 2.421745391949631e-06,
      "pct_error": 78.95153763547246
    },
    "rx_x": {
      "true": 0.01,
      "est": 0.0103092140447212,
      "abs_error": 0.00030921404472119933,
      "pct_error": 3.0921404472119933
    },
    "rx_y": {
      "true": 0.02,
      "est": 0.01975646464152605,
      "abs_error": 0.0002435353584739515,
      "pct_error": 1.2176767923697576
    },
    "rx_z": {
      "true": 0.03,
      "est": 0.031119716031958896,
      "abs_error": 0.001119716031958897,
      "pct_error": 3.732386773196324
    },
    "ry_x": {
      "true": 0.04,
      "est": 0.04067635524655268,
      "abs_error": 0.0006763552465526776,
      "pct_error": 1.690888116381694
    },
    "ry_y": {
      "true": 0.05,
      "est": 0.049979646763761695,
      "abs_error": 2.0353236238307426e-05,
      "pct_error": 0.04070647247661485
    },
    "ry_z": {
      "true": 0.06,
      "est": 0.06019276436507715,
      "abs_error": 0.00019276436507715405,
      "pct_error": 0.32127394179525676
    }
  },
  "focus_scale_pct": {
    "dKg_xx": 31.527767235949568,
    "dKg_xy": 0.6628352336034821,
    "dKg_yy": 0.7644177907321208,
    "dKg_zz": 101.85969379081563,
    "dKa_xx": 28.602526144358148
  },
  "lever_guard_pct": {
    "rx_y": 1.2176767923697576,
    "ry_z": 0.32127394179525676
  },
  "overall": {
    "mean_pct_error": 18.843975126285308,
    "median_pct_error": 3.6999441347095967,
    "max_pct_error": 101.85969379081563
  },
  "extra": {
    "noise_scale": 0.08,
    "noise_config": {
      "arw_dpsh": 0.0004,
      "vrw_ugpsHz": 0.4,
      "bi_g_dph": 0.00016,
      "bi_a_ug": 0.4,
      "tau_g": 300.0,
      "tau_a": 300.0,
      "seed": 42,
      "base_family": "round53_round61_shared"
    },
    "comparison_mode": "ch3_append_tail_search",
    "candidate_name": "tail_z_return_px_ny_burst10",
    "method_key": "markov42_noisy",
    "family": "z_return_closed_short",
    "timing_policy": "burst10",
    "tail_actions": [
      [
        "inner",
        -90
      ],
      [
        "outer",
        -90
      ],
      [
        "outer",
        90
      ],
      [
        "inner",
        90
      ]
    ],
    "tail_length": 4,
    "tail_total_time_s": 40.0,
    "legality": "fixed_original_12_plus_legal_appended_tail_only"
  }
}