{
  "variant": "allnew_startwinx_a1pos1_a2neg1_markov42_noisy_noise0p08",
  "method_file": "search_ch3_12pos_closedloop_local_insertions.py",
  "source_file": "/root/.openclaw/workspace/tmp_psins_py/psins_py/test_calibration_markov_pruned.py",
  "param_order": [
    "eb_x",
    "eb_y",
    "eb_z",
    "db_x",
    "db_y",
    "db_z",
    "dKg_xx",
    "dKg_yx",
    "dKg_zx",
    "dKg_xy",
    "dKg_yy",
    "dKg_zy",
    "dKg_xz",
    "dKg_yz",
    "dKg_zz",
    "dKa_xx",
    "dKa_xy",
    "dKa_xz",
    "dKa_yy",
    "dKa_yz",
    "dKa_zz",
    "Ka2_x",
    "Ka2_y",
    "Ka2_z",
    "rx_x",
    "rx_y",
    "rx_z",
    "ry_x",
    "ry_y",
    "ry_z"
  ],
  "param_errors": {
    "eb_x": {
      "true": 4.84813681109536e-07,
      "est": 4.276688941970267e-07,
      "abs_error": 5.7144786912509326e-08,
      "pct_error": 11.786958400540342
    },
    "eb_y": {
      "true": 9.69627362219072e-07,
      "est": 9.733797604912913e-07,
      "abs_error": 3.7523982722192176e-09,
      "pct_error": 0.386993851290618
    },
    "eb_z": {
      "true": 1.4544410433286078e-06,
      "est": 1.4386404499681684e-06,
      "abs_error": 1.5800593360439468e-08,
      "pct_error": 1.0863687760267349
    },
    "db_x": {
      "true": 0.00097803267715,
      "est": 0.0009762683156799917,
      "abs_error": 1.7643614700082414e-06,
      "pct_error": 0.180399030751162
    },
    "db_y": {
      "true": 0.0019560653543,
      "est": 0.0019834174663555335,
      "abs_error": 2.7352112055533707e-05,
      "pct_error": 1.3983230159158957
    },
    "db_z": {
      "true": 0.00293409803145,
      "est": 0.0029404136012694472,
      "abs_error": 6.315569819447062e-06,
      "pct_error": 0.2152474031798445
    },
    "dKg_xx": {
      "true": -9.99999999995449e-06,
      "est": -1.0339461449682119e-05,
      "abs_error": 3.3946144972762937e-07,
      "pct_error": 3.3946144972917427
    },
    "dKg_yx": {
      "true": 0.0001454441043328608,
      "est": 0.00014534920850916642,
      "abs_error": 9.489582369437508e-08,
      "pct_error": 0.06524556229326298
    },
    "dKg_zx": {
      "true": 0.00024240684055476798,
      "est": 0.00024243424627751341,
      "abs_error": 2.7405722745430655e-08,
      "pct_error": 0.011305672184295791
    },
    "dKg_xy": {
      "true": 4.84813681109536e-05,
      "est": 4.8739113951275474e-05,
      "abs_error": 2.577458403218771e-07,
      "pct_error": 0.5316389581498702
    },
    "dKg_yy": {
      "true": -2.0000000000020002e-05,
      "est": -1.9852478352344605e-05,
      "abs_error": 1.475216476753971e-07,
      "pct_error": 0.7376082383762478
    },
    "dKg_zy": {
      "true": 0.0002908882086657216,
      "est": 0.00029023237545916194,
      "abs_error": 6.558332065596416e-07,
      "pct_error": 0.225458848802394
    },
    "dKg_xz": {
      "true": 9.69627362219072e-05,
      "est": 9.939483951695443e-05,
      "abs_error": 2.432103295047232e-06,
      "pct_error": 2.5082865746292096
    },
    "dKg_yz": {
      "true": 0.0001939254724438144,
      "est": 0.00019479734063413524,
      "abs_error": 8.718681903208494e-07,
      "pct_error": 0.44958930837384137
    },
    "dKg_zz": {
      "true": -2.999999999997449e-05,
      "est": -2.9264317672694773e-05,
      "abs_error": 7.356823272797186e-07,
      "pct_error": 2.452274424267814
    },
    "dKa_xx": {
      "true": -9.99999999995449e-06,
      "est": -9.74561252453654e-06,
      "abs_error": 2.543874754179498e-07,
      "pct_error": 2.5438747541910756
    },
    "dKa_xy": {
      "true": 4.84813681109536e-05,
      "est": 4.847371457176595e-05,
      "abs_error": 7.653539187646669e-09,
      "pct_error": 0.015786557776444995
    },
    "dKa_xz": {
      "true": 9.69627362219072e-05,
      "est": 9.7247873758397e-05,
      "abs_error": 2.8513753648980763e-07,
      "pct_error": 0.2940691935892227
    },
    "dKa_yy": {
      "true": -2.0000000000020002e-05,
      "est": -1.947473240049291e-05,
      "abs_error": 5.252675995270906e-07,
      "pct_error": 2.626337997632826
    },
    "dKa_yz": {
      "true": 0.0001939254724438144,
      "est": 0.0001939805441656821,
      "abs_error": 5.507172186770132e-08,
      "pct_error": 0.028398395101838482
    },
    "dKa_zz": {
      "true": -2.999999999997449e-05,
      "est": -2.990267172875427e-05,
      "abs_error": 9.732827122022059e-08,
      "pct_error": 0.3244275707343445
    },
    "Ka2_x": {
      "true": 1.0224607248440952e-06,
      "est": 1.0302760576723713e-06,
      "abs_error": 7.815332828276125e-09,
      "pct_error": 0.764365088885718
    },
    "Ka2_y": {
      "true": 2.0449214496881904e-06,
      "est": 1.799036296525536e-06,
      "abs_error": 2.4588515316265434e-07,
      "pct_error": 12.02418573095543
    },
    "Ka2_z": {
      "true": 3.0673821745322856e-06,
      "est": 3.044358160293023e-06,
      "abs_error": 2.302401423926278e-08,
      "pct_error": 0.7506079428388632
    },
    "rx_x": {
      "true": 0.01,
      "est": 0.010095495015012505,
      "abs_error": 9.549501501250439e-05,
      "pct_error": 0.9549501501250439
    },
    "rx_y": {
      "true": 0.02,
      "est": 0.020241499199348024,
      "abs_error": 0.00024149919934802339,
      "pct_error": 1.2074959967401169
    },
    "rx_z": {
      "true": 0.03,
      "est": 0.02994214234352407,
      "abs_error": 5.785765647593061e-05,
      "pct_error": 0.1928588549197687
    },
    "ry_x": {
      "true": 0.04,
      "est": 0.040217196339926695,
      "abs_error": 0.0002171963399266938,
      "pct_error": 0.5429908498167345
    },
    "ry_y": {
      "true": 0.05,
      "est": 0.05059648790431617,
      "abs_error": 0.0005964879043161703,
      "pct_error": 1.1929758086323405
    },
    "ry_z": {
      "true": 0.06,
      "est": 0.0610712622321849,
      "abs_error": 0.0010712622321848997,
      "pct_error": 1.7854370536414996
    }
  },
  "focus_scale_pct": {
    "dKg_xx": 3.3946144972917427,
    "dKg_xy": 0.5316389581498702,
    "dKg_yy": 0.7376082383762478,
    "dKg_zz": 2.452274424267814,
    "dKa_xx": 2.5438747541910756
  },
  "lever_guard_pct": {
    "rx_y": 1.2074959967401169,
    "ry_z": 1.7854370536414996
  },
  "overall": {
    "mean_pct_error": 1.6893024835884847,
    "median_pct_error": 0.7441080906075555,
    "max_pct_error": 12.02418573095543
  },
  "extra": {
    "noise_scale": 0.08,
    "noise_config": {
      "arw_dpsh": 0.0004,
      "vrw_ugpsHz": 0.4,
      "bi_g_dph": 0.00016,
      "bi_a_ug": 0.4,
      "tau_g": 300.0,
      "tau_a": 300.0,
      "seed": 42,
      "base_family": "round53_round61_shared"
    },
    "comparison_mode": "corrected_att0_allnew_startup_family_search",
    "candidate_name": "allnew_startwinx_a1pos1_a2neg1",
    "method_key": "markov42_noisy",
    "legality": "faithful12_base_plus_closed_loop_local_insertions",
    "time_total_s": 1224.0,
    "att0_deg": [
      0.0,
      0.0,
      0.0
    ],
    "candidate_registry_key": "allnew_startwinx_a1pos1_a2neg1",
    "family_search_scope": "all_new_only",
    "excluded_old_basins": [
      "late10/late11 local",
      "relay",
      "anchor9 butterfly",
      "precondition/fullblock",
      "anchor6",
      "anchor8 entry-boundary",
      "entry-conditioned relay",
      "anchor5 far-z seed",
      "anchor4 front-z",
      "corridor-bookend",
      "terminal reclosure",
      "any rerun/variant of the above"
    ]
  }
}