{
  "variant": "zseed_l5_pos4_plus_relaymax_unified_l9y2_markov42_noisy_noise0p08",
  "method_file": "search_ch3_12pos_closedloop_local_insertions.py",
  "source_file": "/root/.openclaw/workspace/tmp_psins_py/psins_py/test_calibration_markov_pruned.py",
  "param_order": [
    "eb_x",
    "eb_y",
    "eb_z",
    "db_x",
    "db_y",
    "db_z",
    "dKg_xx",
    "dKg_yx",
    "dKg_zx",
    "dKg_xy",
    "dKg_yy",
    "dKg_zy",
    "dKg_xz",
    "dKg_yz",
    "dKg_zz",
    "dKa_xx",
    "dKa_xy",
    "dKa_xz",
    "dKa_yy",
    "dKa_yz",
    "dKa_zz",
    "Ka2_x",
    "Ka2_y",
    "Ka2_z",
    "rx_x",
    "rx_y",
    "rx_z",
    "ry_x",
    "ry_y",
    "ry_z"
  ],
  "param_errors": {
    "eb_x": {
      "true": 4.84813681109536e-07,
      "est": 4.6376746200460996e-07,
      "abs_error": 2.104621910492609e-08,
      "pct_error": 4.3410943059115175
    },
    "eb_y": {
      "true": 9.69627362219072e-07,
      "est": 9.712995538466138e-07,
      "abs_error": 1.672191627541665e-09,
      "pct_error": 0.1724571410314491
    },
    "eb_z": {
      "true": 1.4544410433286078e-06,
      "est": 1.4474103543914522e-06,
      "abs_error": 7.030688937155597e-09,
      "pct_error": 0.483394563802001
    },
    "db_x": {
      "true": 0.00097803267715,
      "est": 0.0009806481629724697,
      "abs_error": 2.6154858224697927e-06,
      "pct_error": 0.2674231529861919
    },
    "db_y": {
      "true": 0.0019560653543,
      "est": 0.001961678397407761,
      "abs_error": 5.613043107761083e-06,
      "pct_error": 0.2869558062271275
    },
    "db_z": {
      "true": 0.00293409803145,
      "est": 0.0029421042470292136,
      "abs_error": 8.006215579213407e-06,
      "pct_error": 0.27286803281268757
    },
    "dKg_xx": {
      "true": -9.99999999995449e-06,
      "est": -1.2888905615904278e-05,
      "abs_error": 2.8889056159497883e-06,
      "pct_error": 28.889056159629355
    },
    "dKg_yx": {
      "true": 0.0001454441043328608,
      "est": 0.00014512963565172461,
      "abs_error": 3.144686811361753e-07,
      "pct_error": 0.21621273861777707
    },
    "dKg_zx": {
      "true": 0.00024240684055476798,
      "est": 0.00024183526584651654,
      "abs_error": 5.715747082514391e-07,
      "pct_error": 0.23579149290644744
    },
    "dKg_xy": {
      "true": 4.84813681109536e-05,
      "est": 4.880448594536265e-05,
      "abs_error": 3.231178344090564e-07,
      "pct_error": 0.6664783750936538
    },
    "dKg_yy": {
      "true": -2.0000000000020002e-05,
      "est": -1.9473562473226735e-05,
      "abs_error": 5.264375267932664e-07,
      "pct_error": 2.6321876339637
    },
    "dKg_zy": {
      "true": 0.0002908882086657216,
      "est": 0.0002893056990217959,
      "abs_error": 1.5825096439256664e-06,
      "pct_error": 0.5440267418141485
    },
    "dKg_xz": {
      "true": 9.69627362219072e-05,
      "est": 9.690059020548955e-05,
      "abs_error": 6.214601641763961e-08,
      "pct_error": 0.06409268017706653
    },
    "dKg_yz": {
      "true": 0.0001939254724438144,
      "est": 0.00019553191837110357,
      "abs_error": 1.6064459272891786e-06,
      "pct_error": 0.8283831448468486
    },
    "dKg_zz": {
      "true": -2.999999999997449e-05,
      "est": -1.886313660515171e-05,
      "abs_error": 1.1136863394822782e-05,
      "pct_error": 37.12287798277417
    },
    "dKa_xx": {
      "true": -9.99999999995449e-06,
      "est": -9.520750301250658e-06,
      "abs_error": 4.792496987038319e-07,
      "pct_error": 4.79249698706013
    },
    "dKa_xy": {
      "true": 4.84813681109536e-05,
      "est": 5.271673711872228e-05,
      "abs_error": 4.23536900776868e-06,
      "pct_error": 8.736075677723635
    },
    "dKa_xz": {
      "true": 9.69627362219072e-05,
      "est": 9.656843420287013e-05,
      "abs_error": 3.943020190370683e-07,
      "pct_error": 0.4066531477975989
    },
    "dKa_yy": {
      "true": -2.0000000000020002e-05,
      "est": -1.7369823310797727e-06,
      "abs_error": 1.826301766894023e-05,
      "pct_error": 91.31508834460982
    },
    "dKa_yz": {
      "true": 0.0001939254724438144,
      "est": 0.00019555492120505177,
      "abs_error": 1.6294487612373795e-06,
      "pct_error": 0.8402448325654982
    },
    "dKa_zz": {
      "true": -2.999999999997449e-05,
      "est": -3.0448764793078453e-05,
      "abs_error": 4.487647931039618e-07,
      "pct_error": 1.4958826436811445
    },
    "Ka2_x": {
      "true": 1.0224607248440952e-06,
      "est": 1.0391401932053436e-06,
      "abs_error": 1.6679468361248372e-08,
      "pct_error": 1.6313065094790469
    },
    "Ka2_y": {
      "true": 2.0449214496881904e-06,
      "est": 7.126782117814819e-09,
      "abs_error": 2.0377946675703755e-06,
      "pct_error": 99.65148871029244
    },
    "Ka2_z": {
      "true": 3.0673821745322856e-06,
      "est": 3.001300233101878e-06,
      "abs_error": 6.608194143040764e-08,
      "pct_error": 2.154343269615036
    },
    "rx_x": {
      "true": 0.01,
      "est": 0.009801159100496094,
      "abs_error": 0.00019884089950390586,
      "pct_error": 1.9884089950390587
    },
    "rx_y": {
      "true": 0.02,
      "est": 0.019911422920588385,
      "abs_error": 8.857707941161558e-05,
      "pct_error": 0.4428853970580779
    },
    "rx_z": {
      "true": 0.03,
      "est": 0.030587863251128097,
      "abs_error": 0.0005878632511280985,
      "pct_error": 1.959544170426995
    },
    "ry_x": {
      "true": 0.04,
      "est": 0.04022590932954506,
      "abs_error": 0.0002259093295450612,
      "pct_error": 0.564773323862653
    },
    "ry_y": {
      "true": 0.05,
      "est": 0.04998927214754398,
      "abs_error": 1.0727852456024478e-05,
      "pct_error": 0.021455704912048956
    },
    "ry_z": {
      "true": 0.06,
      "est": 0.06069978310500209,
      "abs_error": 0.0006997831050020928,
      "pct_error": 1.166305175003488
    }
  },
  "focus_scale_pct": {
    "dKg_xx": 28.889056159629355,
    "dKg_xy": 0.6664783750936538,
    "dKg_yy": 2.6321876339637,
    "dKg_zz": 37.12287798277417,
    "dKa_xx": 4.79249698706013
  },
  "lever_guard_pct": {
    "rx_y": 0.4428853970580779,
    "ry_z": 1.166305175003488
  },
  "overall": {
    "mean_pct_error": 9.806341761390696,
    "median_pct_error": 0.8343139887061735,
    "max_pct_error": 99.65148871029244
  },
  "extra": {
    "noise_scale": 0.08,
    "noise_config": {
      "arw_dpsh": 0.0004,
      "vrw_ugpsHz": 0.4,
      "bi_g_dph": 0.00016,
      "bi_a_ug": 0.4,
      "tau_g": 300.0,
      "tau_a": 300.0,
      "seed": 42,
      "base_family": "round53_round61_shared"
    },
    "comparison_mode": "ch3_closedloop_local_insertions",
    "candidate_name": "zseed_l5_pos4_plus_relaymax_unified_l9y2",
    "method_key": "markov42_noisy",
    "legality": "faithful12_base_plus_closed_loop_local_insertions",
    "time_total_s": 1346.0
  }
}