{
  "variant": "terminaly_l12_neg1_plus_mainline_markov42_noisy_noise0p08",
  "method_file": "search_ch3_12pos_closedloop_local_insertions.py",
  "source_file": "/root/.openclaw/workspace/tmp_psins_py/psins_py/test_calibration_markov_pruned.py",
  "param_order": [
    "eb_x",
    "eb_y",
    "eb_z",
    "db_x",
    "db_y",
    "db_z",
    "dKg_xx",
    "dKg_yx",
    "dKg_zx",
    "dKg_xy",
    "dKg_yy",
    "dKg_zy",
    "dKg_xz",
    "dKg_yz",
    "dKg_zz",
    "dKa_xx",
    "dKa_xy",
    "dKa_xz",
    "dKa_yy",
    "dKa_yz",
    "dKa_zz",
    "Ka2_x",
    "Ka2_y",
    "Ka2_z",
    "rx_x",
    "rx_y",
    "rx_z",
    "ry_x",
    "ry_y",
    "ry_z"
  ],
  "param_errors": {
    "eb_x": {
      "true": 4.84813681109536e-07,
      "est": 4.622902593026443e-07,
      "abs_error": 2.2523421806891726e-08,
      "pct_error": 4.645789235020146
    },
    "eb_y": {
      "true": 9.69627362219072e-07,
      "est": 9.698961045274081e-07,
      "abs_error": 2.687423083360114e-10,
      "pct_error": 0.027716040079662406
    },
    "eb_z": {
      "true": 1.4544410433286078e-06,
      "est": 1.4471437477807027e-06,
      "abs_error": 7.297295547905115e-09,
      "pct_error": 0.5017250841054826
    },
    "db_x": {
      "true": 0.00097803267715,
      "est": 0.0009808384253138292,
      "abs_error": 2.805748163829322e-06,
      "pct_error": 0.2868767301318918
    },
    "db_y": {
      "true": 0.0019560653543,
      "est": 0.001961505861964171,
      "abs_error": 5.440507664171337e-06,
      "pct_error": 0.27813527049142406
    },
    "db_z": {
      "true": 0.00293409803145,
      "est": 0.002944477661370375,
      "abs_error": 1.0379629920375007e-05,
      "pct_error": 0.3537587977333363
    },
    "dKg_xx": {
      "true": -9.99999999995449e-06,
      "est": -1.238488969468321e-05,
      "abs_error": 2.38488969472872e-06,
      "pct_error": 23.84889694739574
    },
    "dKg_yx": {
      "true": 0.0001454441043328608,
      "est": 0.00014509047747430384,
      "abs_error": 3.536268585569531e-07,
      "pct_error": 0.2431359182133976
    },
    "dKg_zx": {
      "true": 0.00024240684055476798,
      "est": 0.00024181188110585744,
      "abs_error": 5.949594489105398e-07,
      "pct_error": 0.2454383909088234
    },
    "dKg_xy": {
      "true": 4.84813681109536e-05,
      "est": 4.8765484004868395e-05,
      "abs_error": 2.8411589391479845e-07,
      "pct_error": 0.5860310981005649
    },
    "dKg_yy": {
      "true": -2.0000000000020002e-05,
      "est": -1.956749308096306e-05,
      "abs_error": 4.3250691905694083e-07,
      "pct_error": 2.1625345952825414
    },
    "dKg_zy": {
      "true": 0.0002908882086657216,
      "est": 0.0002896817027613865,
      "abs_error": 1.2065059043350952e-06,
      "pct_error": 0.41476617765609364
    },
    "dKg_xz": {
      "true": 9.69627362219072e-05,
      "est": 9.722040348953194e-05,
      "abs_error": 2.5766726762474783e-07,
      "pct_error": 0.26573844516418665
    },
    "dKg_yz": {
      "true": 0.0001939254724438144,
      "est": 0.0001952791805375366,
      "abs_error": 1.3537080937222191e-06,
      "pct_error": 0.6980558441668492
    },
    "dKg_zz": {
      "true": -2.999999999997449e-05,
      "est": -1.9948660423541043e-05,
      "abs_error": 1.0051339576433449e-05,
      "pct_error": 33.504465254806654
    },
    "dKa_xx": {
      "true": -9.99999999995449e-06,
      "est": -9.54139147424371e-06,
      "abs_error": 4.586085257107797e-07,
      "pct_error": 4.586085257128668
    },
    "dKa_xy": {
      "true": 4.84813681109536e-05,
      "est": 4.993577448340813e-05,
      "abs_error": 1.4544063724545363e-06,
      "pct_error": 2.999928486188772
    },
    "dKa_xz": {
      "true": 9.69627362219072e-05,
      "est": 9.675224842918481e-05,
      "abs_error": 2.1048779272237904e-07,
      "pct_error": 0.21708111891630247
    },
    "dKa_yy": {
      "true": -2.0000000000020002e-05,
      "est": -2.329744404505618e-06,
      "abs_error": 1.7670255595514384e-05,
      "pct_error": 88.35127797748356
    },
    "dKa_yz": {
      "true": 0.0001939254724438144,
      "est": 0.00019512298762393984,
      "abs_error": 1.197515180125457e-06,
      "pct_error": 0.6175130915163353
    },
    "dKa_zz": {
      "true": -2.999999999997449e-05,
      "est": -3.0489904528030465e-05,
      "abs_error": 4.899045280559733e-07,
      "pct_error": 1.6330150935212995
    },
    "Ka2_x": {
      "true": 1.0224607248440952e-06,
      "est": 1.0286517087993259e-06,
      "abs_error": 6.1909839552306564e-09,
      "pct_error": 0.6054984611926935
    },
    "Ka2_y": {
      "true": 2.0449214496881904e-06,
      "est": 8.64201697866541e-09,
      "abs_error": 2.036279432709525e-06,
      "pct_error": 99.577391249919
    },
    "Ka2_z": {
      "true": 3.0673821745322856e-06,
      "est": 2.966067894954575e-06,
      "abs_error": 1.0131427957771078e-07,
      "pct_error": 3.3029558696304013
    },
    "rx_x": {
      "true": 0.01,
      "est": 0.009793666515140638,
      "abs_error": 0.00020633348485936225,
      "pct_error": 2.0633348485936223
    },
    "rx_y": {
      "true": 0.02,
      "est": 0.019987872698354822,
      "abs_error": 1.2127301645178251e-05,
      "pct_error": 0.060636508225891256
    },
    "rx_z": {
      "true": 0.03,
      "est": 0.030629231076139237,
      "abs_error": 0.0006292310761392382,
      "pct_error": 2.0974369204641277
    },
    "ry_x": {
      "true": 0.04,
      "est": 0.040261711939141236,
      "abs_error": 0.0002617119391412348,
      "pct_error": 0.654279847853087
    },
    "ry_y": {
      "true": 0.05,
      "est": 0.05000587634658166,
      "abs_error": 5.876346581654146e-06,
      "pct_error": 0.011752693163308292
    },
    "ry_z": {
      "true": 0.06,
      "est": 0.06065737673507683,
      "abs_error": 0.0006573767350768339,
      "pct_error": 1.0956278917947233
    }
  },
  "focus_scale_pct": {
    "dKg_xx": 23.84889694739574,
    "dKg_xy": 0.5860310981005649,
    "dKg_yy": 2.1625345952825414,
    "dKg_zz": 33.504465254806654,
    "dKa_xx": 4.586085257128668
  },
  "lever_guard_pct": {
    "rx_y": 0.060636508225891256,
    "ry_z": 1.0956278917947233
  },
  "overall": {
    "mean_pct_error": 9.197895971494953,
    "median_pct_error": 0.6358964696847111,
    "max_pct_error": 99.577391249919
  },
  "extra": {
    "noise_scale": 0.08,
    "noise_config": {
      "arw_dpsh": 0.0004,
      "vrw_ugpsHz": 0.4,
      "bi_g_dph": 0.00016,
      "bi_a_ug": 0.4,
      "tau_g": 300.0,
      "tau_a": 300.0,
      "seed": 42,
      "base_family": "round53_round61_shared"
    },
    "comparison_mode": "ch3_closedloop_local_insertions",
    "candidate_name": "terminaly_l12_neg1_plus_mainline",
    "method_key": "markov42_noisy",
    "legality": "faithful12_base_plus_closed_loop_local_insertions",
    "time_total_s": 1363.0
  }
}