{
  "variant": "legal_flip_1_2_10_11_markov42_noisy_noise0p08",
  "method_file": "search_ch3_12pos_legal_dualaxis_second_layer.py",
  "source_file": "/root/.openclaw/workspace/tmp_psins_py/psins_py/test_calibration_markov_pruned.py",
  "param_order": [
    "eb_x",
    "eb_y",
    "eb_z",
    "db_x",
    "db_y",
    "db_z",
    "dKg_xx",
    "dKg_yx",
    "dKg_zx",
    "dKg_xy",
    "dKg_yy",
    "dKg_zy",
    "dKg_xz",
    "dKg_yz",
    "dKg_zz",
    "dKa_xx",
    "dKa_xy",
    "dKa_xz",
    "dKa_yy",
    "dKa_yz",
    "dKa_zz",
    "Ka2_x",
    "Ka2_y",
    "Ka2_z",
    "rx_x",
    "rx_y",
    "rx_z",
    "ry_x",
    "ry_y",
    "ry_z"
  ],
  "param_errors": {
    "eb_x": {
      "true": 4.84813681109536e-07,
      "est": 4.641440262649076e-07,
      "abs_error": 2.0669654844628434e-08,
      "pct_error": 4.26342235172164
    },
    "eb_y": {
      "true": 9.69627362219072e-07,
      "est": 9.708905004995622e-07,
      "abs_error": 1.2631382804900905e-09,
      "pct_error": 0.13027048634428948
    },
    "eb_z": {
      "true": 1.4544410433286078e-06,
      "est": 1.4318690958072893e-06,
      "abs_error": 2.257194752131849e-08,
      "pct_error": 1.5519327940347951
    },
    "db_x": {
      "true": 0.00097803267715,
      "est": 0.0009830567552686009,
      "abs_error": 5.024078118600955e-06,
      "pct_error": 0.5136922554818091
    },
    "db_y": {
      "true": 0.0019560653543,
      "est": 0.001954622378129565,
      "abs_error": 1.4429761704347864e-06,
      "pct_error": 0.07376932305777542
    },
    "db_z": {
      "true": 0.00293409803145,
      "est": 0.003132053892706017,
      "abs_error": 0.00019795586125601668,
      "pct_error": 6.746736446232132
    },
    "dKg_xx": {
      "true": -9.99999999995449e-06,
      "est": 7.506915123745017e-06,
      "abs_error": 1.7506915123699507e-05,
      "pct_error": 175.0691512377918
    },
    "dKg_yx": {
      "true": 0.0001454441043328608,
      "est": 0.00014639833420009295,
      "abs_error": 9.5422986723216e-07,
      "pct_error": 0.6560801289327799
    },
    "dKg_zx": {
      "true": 0.00024240684055476798,
      "est": 0.00022267716822736125,
      "abs_error": 1.9729672327406734e-05,
      "pct_error": 8.139074079862498
    },
    "dKg_xy": {
      "true": 4.84813681109536e-05,
      "est": 4.792582659047491e-05,
      "abs_error": 5.555415204786836e-07,
      "pct_error": 1.14588664083753
    },
    "dKg_yy": {
      "true": -2.0000000000020002e-05,
      "est": -1.9502367421209144e-05,
      "abs_error": 4.976325788108582e-07,
      "pct_error": 2.488162894051803
    },
    "dKg_zy": {
      "true": 0.0002908882086657216,
      "est": 0.00028013528118477825,
      "abs_error": 1.0752927480943333e-05,
      "pct_error": 3.6965841724097572
    },
    "dKg_xz": {
      "true": 9.69627362219072e-05,
      "est": 0.00011472526334980626,
      "abs_error": 1.7762527127899067e-05,
      "pct_error": 18.31892108247447
    },
    "dKg_yz": {
      "true": 0.0001939254724438144,
      "est": 0.00020430683966502267,
      "abs_error": 1.0381367221208284e-05,
      "pct_error": 5.35327674615621
    },
    "dKg_zz": {
      "true": -2.999999999997449e-05,
      "est": 1.560782537657346e-07,
      "abs_error": 3.0156078253740226e-05,
      "pct_error": 100.52026084588623
    },
    "dKa_xx": {
      "true": -9.99999999995449e-06,
      "est": -9.351805743573749e-06,
      "abs_error": 6.481942563807408e-07,
      "pct_error": 6.481942563836908
    },
    "dKa_xy": {
      "true": 4.84813681109536e-05,
      "est": 4.623093642106105e-05,
      "abs_error": 2.2504316898925463e-06,
      "pct_error": 4.641848564880117
    },
    "dKa_xz": {
      "true": 9.69627362219072e-05,
      "est": 0.00011519436790684672,
      "abs_error": 1.8231631684939527e-05,
      "pct_error": 18.80271988531237
    },
    "dKa_yy": {
      "true": -2.0000000000020002e-05,
      "est": 8.603272373175486e-06,
      "abs_error": 2.8603272373195487e-05,
      "pct_error": 143.01636186583443
    },
    "dKa_yz": {
      "true": 0.0001939254724438144,
      "est": 0.00020494907901181416,
      "abs_error": 1.1023606567999773e-05,
      "pct_error": 5.684455182231731
    },
    "dKa_zz": {
      "true": -2.999999999997449e-05,
      "est": -3.0025751415196922e-05,
      "abs_error": 2.5751415222430296e-08,
      "pct_error": 0.0858380507415073
    },
    "Ka2_x": {
      "true": 1.0224607248440952e-06,
      "est": 1.0193766672440925e-06,
      "abs_error": 3.0840576000026683e-09,
      "pct_error": 0.3016309111015414
    },
    "Ka2_y": {
      "true": 2.0449214496881904e-06,
      "est": 4.3795349084047067e-10,
      "abs_error": 2.04448349619735e-06,
      "pct_error": 99.97858335874432
    },
    "Ka2_z": {
      "true": 3.0673821745322856e-06,
      "est": 1.0244771573020531e-06,
      "abs_error": 2.0429050172302323e-06,
      "pct_error": 66.60092877216171
    },
    "rx_x": {
      "true": 0.01,
      "est": 0.010404218332917436,
      "abs_error": 0.00040421833291743627,
      "pct_error": 4.042183329174363
    },
    "rx_y": {
      "true": 0.02,
      "est": 0.01980270936521354,
      "abs_error": 0.00019729063478645878,
      "pct_error": 0.9864531739322939
    },
    "rx_z": {
      "true": 0.03,
      "est": 0.031099259138169525,
      "abs_error": 0.0010992591381695262,
      "pct_error": 3.6641971272317537
    },
    "ry_x": {
      "true": 0.04,
      "est": 0.04068937992616835,
      "abs_error": 0.0006893799261683473,
      "pct_error": 1.7234498154208682
    },
    "ry_y": {
      "true": 0.05,
      "est": 0.04973832134677064,
      "abs_error": 0.0002616786532293608,
      "pct_error": 0.5233573064587216
    },
    "ry_z": {
      "true": 0.06,
      "est": 0.06017779093029383,
      "abs_error": 0.00017779093029383214,
      "pct_error": 0.2963182171563869
    }
  },
  "focus_scale_pct": {
    "dKg_xx": 175.0691512377918,
    "dKg_xy": 1.14588664083753,
    "dKg_yy": 2.488162894051803,
    "dKg_zz": 100.52026084588623,
    "dKa_xx": 6.481942563836908
  },
  "lever_guard_pct": {
    "rx_y": 0.9864531739322939,
    "ry_z": 0.2963182171563869
  },
  "overall": {
    "mean_pct_error": 22.84991632031648,
    "median_pct_error": 3.86938375079206,
    "max_pct_error": 175.0691512377918
  },
  "extra": {
    "noise_scale": 0.08,
    "noise_config": {
      "arw_dpsh": 0.0004,
      "vrw_ugpsHz": 0.4,
      "bi_g_dph": 0.00016,
      "bi_a_ug": 0.4,
      "tau_g": 300.0,
      "tau_a": 300.0,
      "seed": 42,
      "base_family": "round53_round61_shared"
    },
    "comparison_mode": "ch3_legal_dualaxis_second_layer",
    "candidate_name": "legal_flip_1_2_10_11",
    "candidate_flips": [
      1,
      2,
      10,
      11
    ],
    "method_key": "markov42_noisy",
    "direction": "A",
    "family": "one_flip_structural_neighbor",
    "base_reference": "legal shortlist neighbor",
    "legality": "true_dual_axis_motor_sequence"
  }
}