{
  "variant": "earlygw_l3_flip_d2_on_entry_markov42_noisy_noise0p08",
  "method_file": "search_ch3_12pos_closedloop_local_insertions.py",
  "source_file": "/root/.openclaw/workspace/tmp_psins_py/psins_py/test_calibration_markov_pruned.py",
  "param_order": [
    "eb_x",
    "eb_y",
    "eb_z",
    "db_x",
    "db_y",
    "db_z",
    "dKg_xx",
    "dKg_yx",
    "dKg_zx",
    "dKg_xy",
    "dKg_yy",
    "dKg_zy",
    "dKg_xz",
    "dKg_yz",
    "dKg_zz",
    "dKa_xx",
    "dKa_xy",
    "dKa_xz",
    "dKa_yy",
    "dKa_yz",
    "dKa_zz",
    "Ka2_x",
    "Ka2_y",
    "Ka2_z",
    "rx_x",
    "rx_y",
    "rx_z",
    "ry_x",
    "ry_y",
    "ry_z"
  ],
  "param_errors": {
    "eb_x": {
      "true": 4.84813681109536e-07,
      "est": 4.432418512428039e-07,
      "abs_error": 4.1571829866732166e-08,
      "pct_error": 8.574805432798764
    },
    "eb_y": {
      "true": 9.69627362219072e-07,
      "est": 9.72514989023138e-07,
      "abs_error": 2.8876268040659427e-09,
      "pct_error": 0.2978078916272919
    },
    "eb_z": {
      "true": 1.4544410433286078e-06,
      "est": 1.4435477726047069e-06,
      "abs_error": 1.089327072390095e-08,
      "pct_error": 0.7489661250875322
    },
    "db_x": {
      "true": 0.00097803267715,
      "est": 0.000976773718143916,
      "abs_error": 1.2589590060838214e-06,
      "pct_error": 0.1287236137909466
    },
    "db_y": {
      "true": 0.0019560653543,
      "est": 0.001976620983853236,
      "abs_error": 2.0555629553236157e-05,
      "pct_error": 1.0508661946314275
    },
    "db_z": {
      "true": 0.00293409803145,
      "est": 0.002937874583386367,
      "abs_error": 3.776551936366876e-06,
      "pct_error": 0.12871253434230157
    },
    "dKg_xx": {
      "true": -9.99999999995449e-06,
      "est": -1.0687755897187401e-05,
      "abs_error": 6.877558972329112e-07,
      "pct_error": 6.877558972360412
    },
    "dKg_yx": {
      "true": 0.0001454441043328608,
      "est": 0.0001448115250369344,
      "abs_error": 6.325792959263902e-07,
      "pct_error": 0.43492948636727174
    },
    "dKg_zx": {
      "true": 0.00024240684055476798,
      "est": 0.00024302387103234888,
      "abs_error": 6.170304775808923e-07,
      "pct_error": 0.2545433438135522
    },
    "dKg_xy": {
      "true": 4.84813681109536e-05,
      "est": 4.794034128651019e-05,
      "abs_error": 5.410268244434034e-07,
      "pct_error": 1.1159479311830043
    },
    "dKg_yy": {
      "true": -2.0000000000020002e-05,
      "est": -2.0653023737438048e-05,
      "abs_error": 6.530237374180459e-07,
      "pct_error": 3.265118687086964
    },
    "dKg_zy": {
      "true": 0.0002908882086657216,
      "est": 0.00029249585376691766,
      "abs_error": 1.607645101196081e-06,
      "pct_error": 0.5526676755205056
    },
    "dKg_xz": {
      "true": 9.69627362219072e-05,
      "est": 9.88191989456248e-05,
      "abs_error": 1.8564627237176092e-06,
      "pct_error": 1.914614620062847
    },
    "dKg_yz": {
      "true": 0.0001939254724438144,
      "est": 0.00019415325105199714,
      "abs_error": 2.2777860818275252e-07,
      "pct_error": 0.11745677621012181
    },
    "dKg_zz": {
      "true": -2.999999999997449e-05,
      "est": -2.94504279858554e-05,
      "abs_error": 5.49572014119093e-07,
      "pct_error": 1.8319067137318674
    },
    "dKa_xx": {
      "true": -9.99999999995449e-06,
      "est": -9.73352740141209e-06,
      "abs_error": 2.664725985423999e-07,
      "pct_error": 2.6647259854361263
    },
    "dKa_xy": {
      "true": 4.84813681109536e-05,
      "est": 4.900512489346549e-05,
      "abs_error": 5.23756782511896e-07,
      "pct_error": 1.0803259126541882
    },
    "dKa_xz": {
      "true": 9.69627362219072e-05,
      "est": 9.627380959791894e-05,
      "abs_error": 6.889266239882511e-07,
      "pct_error": 0.7105065830770142
    },
    "dKa_yy": {
      "true": -2.0000000000020002e-05,
      "est": -1.9760056822804017e-05,
      "abs_error": 2.3994317721598435e-07,
      "pct_error": 1.1997158860787218
    },
    "dKa_yz": {
      "true": 0.0001939254724438144,
      "est": 0.00019320074384574667,
      "abs_error": 7.247285980677175e-07,
      "pct_error": 0.3737150096554189
    },
    "dKa_zz": {
      "true": -2.999999999997449e-05,
      "est": -2.9378454278639055e-05,
      "abs_error": 6.21545721335437e-07,
      "pct_error": 2.0718190711198847
    },
    "Ka2_x": {
      "true": 1.0224607248440952e-06,
      "est": 1.0167472832400504e-06,
      "abs_error": 5.713441604044769e-09,
      "pct_error": 0.5587932587744096
    },
    "Ka2_y": {
      "true": 2.0449214496881904e-06,
      "est": 1.860412093886555e-06,
      "abs_error": 1.8450935580163541e-07,
      "pct_error": 9.022808960694768
    },
    "Ka2_z": {
      "true": 3.0673821745322856e-06,
      "est": 3.023550028281975e-06,
      "abs_error": 4.3832146250310775e-08,
      "pct_error": 1.4289757114140595
    },
    "rx_x": {
      "true": 0.01,
      "est": 0.01009363965515041,
      "abs_error": 9.363965515040915e-05,
      "pct_error": 0.9363965515040915
    },
    "rx_y": {
      "true": 0.02,
      "est": 0.02012005166660801,
      "abs_error": 0.00012005166660800787,
      "pct_error": 0.6002583330400393
    },
    "rx_z": {
      "true": 0.03,
      "est": 0.030328610474588322,
      "abs_error": 0.0003286104745883235,
      "pct_error": 1.0953682486277452
    },
    "ry_x": {
      "true": 0.04,
      "est": 0.04057853516158676,
      "abs_error": 0.0005785351615867559,
      "pct_error": 1.4463379039668898
    },
    "ry_y": {
      "true": 0.05,
      "est": 0.050251257358380805,
      "abs_error": 0.000251257358380802,
      "pct_error": 0.502514716761604
    },
    "ry_z": {
      "true": 0.06,
      "est": 0.06086338625032953,
      "abs_error": 0.0008633862503295356,
      "pct_error": 1.4389770838825593
    }
  },
  "focus_scale_pct": {
    "dKg_xx": 6.877558972360412,
    "dKg_xy": 1.1159479311830043,
    "dKg_yy": 3.265118687086964,
    "dKg_zz": 1.8319067137318674,
    "dKa_xx": 2.6647259854361263
  },
  "lever_guard_pct": {
    "rx_y": 0.6002583330400393,
    "ry_z": 1.4389770838825593
  },
  "overall": {
    "mean_pct_error": 1.7475288405100775,
    "median_pct_error": 1.0655960536428077,
    "max_pct_error": 9.022808960694768
  },
  "extra": {
    "noise_scale": 0.08,
    "noise_config": {
      "arw_dpsh": 0.0004,
      "vrw_ugpsHz": 0.4,
      "bi_g_dph": 0.00016,
      "bi_a_ug": 0.4,
      "tau_g": 300.0,
      "tau_a": 300.0,
      "seed": 42,
      "base_family": "round53_round61_shared"
    },
    "comparison_mode": "corrected_att0_hidden_next4",
    "candidate_name": "earlygw_l3_flip_d2_on_entry",
    "method_key": "markov42_noisy",
    "legality": "faithful12_base_plus_closed_loop_local_insertions",
    "time_total_s": 1385.0,
    "att0_deg": [
      0.0,
      0.0,
      0.0
    ],
    "candidate_registry_key": "earlygw_l3_flip_d2_on_entry",
    "family": "early_gateway_mirror_precursor_on_corrected_entry",
    "hypothesis_id": "H2"
  }
}