{
  "variant": "overlay_inner_tail10_11_pos_markov42_noisy_noise0p08",
  "method_file": "search_ch3_12pos_legal_dualaxis_excitation_overlay.py",
  "source_file": "/root/.openclaw/workspace/tmp_psins_py/psins_py/test_calibration_markov_pruned.py",
  "param_order": [
    "eb_x",
    "eb_y",
    "eb_z",
    "db_x",
    "db_y",
    "db_z",
    "dKg_xx",
    "dKg_yx",
    "dKg_zx",
    "dKg_xy",
    "dKg_yy",
    "dKg_zy",
    "dKg_xz",
    "dKg_yz",
    "dKg_zz",
    "dKa_xx",
    "dKa_xy",
    "dKa_xz",
    "dKa_yy",
    "dKa_yz",
    "dKa_zz",
    "Ka2_x",
    "Ka2_y",
    "Ka2_z",
    "rx_x",
    "rx_y",
    "rx_z",
    "ry_x",
    "ry_y",
    "ry_z"
  ],
  "param_errors": {
    "eb_x": {
      "true": 4.84813681109536e-07,
      "est": 4.5999014485941956e-07,
      "abs_error": 2.482353625011649e-08,
      "pct_error": 5.12022189499805
    },
    "eb_y": {
      "true": 9.69627362219072e-07,
      "est": 9.733734785429773e-07,
      "abs_error": 3.74611632390525e-09,
      "pct_error": 0.38634597886470057
    },
    "eb_z": {
      "true": 1.4544410433286078e-06,
      "est": 1.453896843083647e-06,
      "abs_error": 5.442002449607296e-10,
      "pct_error": 0.037416452695482424
    },
    "db_x": {
      "true": 0.00097803267715,
      "est": 0.000980387306552048,
      "abs_error": 2.354629402048043e-06,
      "pct_error": 0.24075160851572608
    },
    "db_y": {
      "true": 0.0019560653543,
      "est": 0.0019578042636143426,
      "abs_error": 1.7389093143428333e-06,
      "pct_error": 0.08889832389905611
    },
    "db_z": {
      "true": 0.00293409803145,
      "est": 0.0032442127259736117,
      "abs_error": 0.0003101146945236116,
      "pct_error": 10.569336511580568
    },
    "dKg_xx": {
      "true": -9.99999999995449e-06,
      "est": -2.09294379980296e-05,
      "abs_error": 1.0929437998075109e-05,
      "pct_error": 109.2943799812485
    },
    "dKg_yx": {
      "true": 0.0001454441043328608,
      "est": 0.0001452089087233807,
      "abs_error": 2.351956094800978e-07,
      "pct_error": 0.1617085893986004
    },
    "dKg_zx": {
      "true": 0.00024240684055476798,
      "est": 0.00021045533947926733,
      "abs_error": 3.195150107550065e-05,
      "pct_error": 13.180940357284065
    },
    "dKg_xy": {
      "true": 4.84813681109536e-05,
      "est": 4.79792987324775e-05,
      "abs_error": 5.020693784760981e-07,
      "pct_error": 1.0355924307397246
    },
    "dKg_yy": {
      "true": -2.0000000000020002e-05,
      "est": -1.9441076335002805e-05,
      "abs_error": 5.589236650171969e-07,
      "pct_error": 2.7946183250831895
    },
    "dKg_zy": {
      "true": 0.0002908882086657216,
      "est": 0.0002777391323333728,
      "abs_error": 1.314907633234876e-05,
      "pct_error": 4.520319470033662
    },
    "dKg_xz": {
      "true": 9.69627362219072e-05,
      "est": 0.00012692112753784625,
      "abs_error": 2.9958391315939057e-05,
      "pct_error": 30.896808901284317
    },
    "dKg_yz": {
      "true": 0.0001939254724438144,
      "est": 0.00020629774786919217,
      "abs_error": 1.2372275425377786e-05,
      "pct_error": 6.379912483628152
    },
    "dKg_zz": {
      "true": -2.999999999997449e-05,
      "est": 4.793531146018992e-06,
      "abs_error": 3.4793531145993484e-05,
      "pct_error": 115.97843715341023
    },
    "dKa_xx": {
      "true": -9.99999999995449e-06,
      "est": -1.2728658743688115e-05,
      "abs_error": 2.728658743733625e-06,
      "pct_error": 27.286587437460437
    },
    "dKa_xy": {
      "true": 4.84813681109536e-05,
      "est": 5.56253598154033e-05,
      "abs_error": 7.143991704449703e-06,
      "pct_error": 14.735540647491815
    },
    "dKa_xz": {
      "true": 9.69627362219072e-05,
      "est": 0.0001266211347363673,
      "abs_error": 2.96583985144601e-05,
      "pct_error": 30.587419115921417
    },
    "dKa_yy": {
      "true": -2.0000000000020002e-05,
      "est": 1.0576418006946753e-06,
      "abs_error": 2.1057641800714677e-05,
      "pct_error": 105.2882090034681
    },
    "dKa_yz": {
      "true": 0.0001939254724438144,
      "est": 0.0002072943711273256,
      "abs_error": 1.3368898683511219e-05,
      "pct_error": 6.893833241728759
    },
    "dKa_zz": {
      "true": -2.999999999997449e-05,
      "est": -2.985065077609761e-05,
      "abs_error": 1.4934922387688232e-07,
      "pct_error": 0.4978307462566977
    },
    "Ka2_x": {
      "true": 1.0224607248440952e-06,
      "est": 7.037036850728139e-07,
      "abs_error": 3.1875703977128134e-07,
      "pct_error": 31.17548009679153
    },
    "Ka2_y": {
      "true": 2.0449214496881904e-06,
      "est": 8.063128814595866e-10,
      "abs_error": 2.044115136806731e-06,
      "pct_error": 99.96056998269628
    },
    "Ka2_z": {
      "true": 3.0673821745322856e-06,
      "est": -1.1865181721774829e-07,
      "abs_error": 3.186033991750034e-06,
      "pct_error": 103.86817848140623
    },
    "rx_x": {
      "true": 0.01,
      "est": 0.010623238676418099,
      "abs_error": 0.0006232386764180985,
      "pct_error": 6.232386764180985
    },
    "rx_y": {
      "true": 0.02,
      "est": 0.019839462052237373,
      "abs_error": 0.00016053794776262759,
      "pct_error": 0.802689738813138
    },
    "rx_z": {
      "true": 0.03,
      "est": 0.031317523936404204,
      "abs_error": 0.0013175239364042052,
      "pct_error": 4.391746454680684
    },
    "ry_x": {
      "true": 0.04,
      "est": 0.04065651463359037,
      "abs_error": 0.0006565146335903715,
      "pct_error": 1.641286583975929
    },
    "ry_y": {
      "true": 0.05,
      "est": 0.04994314970736119,
      "abs_error": 5.685029263881314e-05,
      "pct_error": 0.11370058527762628
    },
    "ry_z": {
      "true": 0.06,
      "est": 0.0602325719424257,
      "abs_error": 0.00023257194242570084,
      "pct_error": 0.38761990404283475
    }
  },
  "focus_scale_pct": {
    "dKg_xx": 109.2943799812485,
    "dKg_xy": 1.0355924307397246,
    "dKg_yy": 2.7946183250831895,
    "dKg_zz": 115.97843715341023,
    "dKa_xx": 27.286587437460437
  },
  "lever_guard_pct": {
    "rx_y": 0.802689738813138,
    "ry_z": 0.38761990404283475
  },
  "overall": {
    "mean_pct_error": 24.484958908228545,
    "median_pct_error": 5.6763043295895175,
    "max_pct_error": 115.97843715341023
  },
  "extra": {
    "noise_scale": 0.08,
    "noise_config": {
      "arw_dpsh": 0.0004,
      "vrw_ugpsHz": 0.4,
      "bi_g_dph": 0.00016,
      "bi_a_ug": 0.4,
      "tau_g": 300.0,
      "tau_a": 300.0,
      "seed": 42,
      "base_family": "round53_round61_shared"
    },
    "comparison_mode": "ch3_legal_dualaxis_excitation_overlay",
    "candidate_name": "overlay_inner_tail10_11_pos",
    "method_key": "markov42_noisy",
    "representation": "same_12_anchor_faces_plus_legal_excitation_return_pairs",
    "burst_kind": "inner",
    "target_anchor_nodes": [
      10,
      11
    ],
    "burst_angle_deg": 90,
    "burst_rotation_s": 2.0,
    "burst_dwell_s": 2.0
  }
}