{
  "variant": "frontdiag_l4_bfly_same_d6_plus_relaymax_unified_l9y2p5_markov42_noisy_noise0p08",
  "method_file": "search_ch3_12pos_closedloop_local_insertions.py",
  "source_file": "/root/.openclaw/workspace/tmp_psins_py/psins_py/test_calibration_markov_pruned.py",
  "param_order": [
    "eb_x",
    "eb_y",
    "eb_z",
    "db_x",
    "db_y",
    "db_z",
    "dKg_xx",
    "dKg_yx",
    "dKg_zx",
    "dKg_xy",
    "dKg_yy",
    "dKg_zy",
    "dKg_xz",
    "dKg_yz",
    "dKg_zz",
    "dKa_xx",
    "dKa_xy",
    "dKa_xz",
    "dKa_yy",
    "dKa_yz",
    "dKa_zz",
    "Ka2_x",
    "Ka2_y",
    "Ka2_z",
    "rx_x",
    "rx_y",
    "rx_z",
    "ry_x",
    "ry_y",
    "ry_z"
  ],
  "param_errors": {
    "eb_x": {
      "true": 4.84813681109536e-07,
      "est": 4.567218445127308e-07,
      "abs_error": 2.8091836596805252e-08,
      "pct_error": 5.794357232765125
    },
    "eb_y": {
      "true": 9.69627362219072e-07,
      "est": 9.758651918176084e-07,
      "abs_error": 6.237829598536292e-09,
      "pct_error": 0.6433223567722455
    },
    "eb_z": {
      "true": 1.4544410433286078e-06,
      "est": 1.4431174636159206e-06,
      "abs_error": 1.132357971268726e-08,
      "pct_error": 0.7785519918203296
    },
    "db_x": {
      "true": 0.00097803267715,
      "est": 0.0009800542951352194,
      "abs_error": 2.0216179852194753e-06,
      "pct_error": 0.20670249905253643
    },
    "db_y": {
      "true": 0.0019560653543,
      "est": 0.0019582947680928577,
      "abs_error": 2.229413792857911e-06,
      "pct_error": 0.11397440213114618
    },
    "db_z": {
      "true": 0.00293409803145,
      "est": 0.0029390892324023415,
      "abs_error": 4.9912009523413355e-06,
      "pct_error": 0.17011023145244866
    },
    "dKg_xx": {
      "true": -9.99999999995449e-06,
      "est": -1.8259208871551635e-06,
      "abs_error": 8.174079112799326e-06,
      "pct_error": 81.74079112836526
    },
    "dKg_yx": {
      "true": 0.0001454441043328608,
      "est": 0.00014540137950800456,
      "abs_error": 4.272482485623329e-08,
      "pct_error": 0.029375425736373625
    },
    "dKg_zx": {
      "true": 0.00024240684055476798,
      "est": 0.0002419265208470746,
      "abs_error": 4.803197076933929e-07,
      "pct_error": 0.1981461028880793
    },
    "dKg_xy": {
      "true": 4.84813681109536e-05,
      "est": 4.8514104574814774e-05,
      "abs_error": 3.273646386117707e-08,
      "pct_error": 0.0675238037554076
    },
    "dKg_yy": {
      "true": -2.0000000000020002e-05,
      "est": -2.0370955023496506e-05,
      "abs_error": 3.7095502347650466e-07,
      "pct_error": 1.8547751173806681
    },
    "dKg_zy": {
      "true": 0.0002908882086657216,
      "est": 0.000309950187440304,
      "abs_error": 1.9061978774582446e-05,
      "pct_error": 6.553025597709186
    },
    "dKg_xz": {
      "true": 9.69627362219072e-05,
      "est": 9.796101677496163e-05,
      "abs_error": 9.982805530544408e-07,
      "pct_error": 1.0295507242800923
    },
    "dKg_yz": {
      "true": 0.0001939254724438144,
      "est": 0.00017507512009784374,
      "abs_error": 1.8850352345970648e-05,
      "pct_error": 9.720410685827835
    },
    "dKg_zz": {
      "true": -2.999999999997449e-05,
      "est": -2.1373994239404226e-05,
      "abs_error": 8.626005760570266e-06,
      "pct_error": 28.75335253525867
    },
    "dKa_xx": {
      "true": -9.99999999995449e-06,
      "est": -9.308149646836128e-06,
      "abs_error": 6.918503531183617e-07,
      "pct_error": 6.918503531215103
    },
    "dKa_xy": {
      "true": 4.84813681109536e-05,
      "est": 4.464714958015308e-05,
      "abs_error": 3.834218530800515e-06,
      "pct_error": 7.908643423645947
    },
    "dKa_xz": {
      "true": 9.69627362219072e-05,
      "est": 9.760375877481514e-05,
      "abs_error": 6.410225529079422e-07,
      "pct_error": 0.661101963377879
    },
    "dKa_yy": {
      "true": -2.0000000000020002e-05,
      "est": -3.2675391969938516e-07,
      "abs_error": 1.9673246080320617e-05,
      "pct_error": 98.36623040150471
    },
    "dKa_yz": {
      "true": 0.0001939254724438144,
      "est": 0.00017502927837835544,
      "abs_error": 1.889619406545895e-05,
      "pct_error": 9.744049519298557
    },
    "dKa_zz": {
      "true": -2.999999999997449e-05,
      "est": -3.038748599526464e-05,
      "abs_error": 3.874859952901488e-07,
      "pct_error": 1.2916199843015943
    },
    "Ka2_x": {
      "true": 1.0224607248440952e-06,
      "est": 1.0712891248543722e-06,
      "abs_error": 4.882840001027701e-08,
      "pct_error": 4.775577078300231
    },
    "Ka2_y": {
      "true": 2.0449214496881904e-06,
      "est": 6.896240447141427e-09,
      "abs_error": 2.038025209241049e-06,
      "pct_error": 99.66276257466062
    },
    "Ka2_z": {
      "true": 3.0673821745322856e-06,
      "est": 2.993959278387821e-06,
      "abs_error": 7.342289614446449e-08,
      "pct_error": 2.3936663893425676
    },
    "rx_x": {
      "true": 0.01,
      "est": 0.009896128150910538,
      "abs_error": 0.0001038718490894621,
      "pct_error": 1.038718490894621
    },
    "rx_y": {
      "true": 0.02,
      "est": 0.020184183518350378,
      "abs_error": 0.00018418351835037747,
      "pct_error": 0.9209175917518874
    },
    "rx_z": {
      "true": 0.03,
      "est": 0.03044385351136161,
      "abs_error": 0.0004438535113616103,
      "pct_error": 1.479511704538701
    },
    "ry_x": {
      "true": 0.04,
      "est": 0.040297938222458356,
      "abs_error": 0.0002979382224583549,
      "pct_error": 0.7448455561458872
    },
    "ry_y": {
      "true": 0.05,
      "est": 0.050203379637703806,
      "abs_error": 0.00020337963770380302,
      "pct_error": 0.40675927540760604
    },
    "ry_z": {
      "true": 0.06,
      "est": 0.060631571973784104,
      "abs_error": 0.0006315719737841063,
      "pct_error": 1.052619956306844
    }
  },
  "focus_scale_pct": {
    "dKg_xx": 81.74079112836526,
    "dKg_xy": 0.0675238037554076,
    "dKg_yy": 1.8547751173806681,
    "dKg_zz": 28.75335253525867,
    "dKa_xx": 6.918503531215103
  },
  "lever_guard_pct": {
    "rx_y": 0.9209175917518874,
    "ry_z": 1.052619956306844
  },
  "overall": {
    "mean_pct_error": 12.500649909196271,
    "median_pct_error": 1.172119970304219,
    "max_pct_error": 99.66276257466062
  },
  "extra": {
    "noise_scale": 0.08,
    "noise_config": {
      "arw_dpsh": 0.0004,
      "vrw_ugpsHz": 0.4,
      "bi_g_dph": 0.00016,
      "bi_a_ug": 0.4,
      "tau_g": 300.0,
      "tau_a": 300.0,
      "seed": 42,
      "base_family": "round53_round61_shared"
    },
    "comparison_mode": "ch3_closedloop_local_insertions",
    "candidate_name": "frontdiag_l4_bfly_same_d6_plus_relaymax_unified_l9y2p5",
    "method_key": "markov42_noisy",
    "legality": "faithful12_base_plus_closed_loop_local_insertions",
    "time_total_s": 1392.0
  }
}