{
  "variant": "y7_med_neg_z11_med_neg_noise0p08",
  "method_file": "ad-hoc targeted probe",
  "source_file": "/root/.openclaw/workspace/tmp_psins_py/psins_py/test_calibration_markov_pruned.py",
  "param_order": [
    "eb_x",
    "eb_y",
    "eb_z",
    "db_x",
    "db_y",
    "db_z",
    "dKg_xx",
    "dKg_yx",
    "dKg_zx",
    "dKg_xy",
    "dKg_yy",
    "dKg_zy",
    "dKg_xz",
    "dKg_yz",
    "dKg_zz",
    "dKa_xx",
    "dKa_xy",
    "dKa_xz",
    "dKa_yy",
    "dKa_yz",
    "dKa_zz",
    "Ka2_x",
    "Ka2_y",
    "Ka2_z",
    "rx_x",
    "rx_y",
    "rx_z",
    "ry_x",
    "ry_y",
    "ry_z"
  ],
  "param_errors": {
    "eb_x": {
      "true": 4.84813681109536e-07,
      "est": 4.738613893843871e-07,
      "abs_error": 1.0952291725148957e-08,
      "pct_error": 2.259072330649526
    },
    "eb_y": {
      "true": 9.69627362219072e-07,
      "est": 9.567831942597675e-07,
      "abs_error": 1.2844167959304547e-08,
      "pct_error": 1.3246499077655576
    },
    "eb_z": {
      "true": 1.4544410433286078e-06,
      "est": 1.4365565381689941e-06,
      "abs_error": 1.7884505159613706e-08,
      "pct_error": 1.2296479971909722
    },
    "db_x": {
      "true": 0.00097803267715,
      "est": 0.0009678194589832968,
      "abs_error": 1.0213218166703147e-05,
      "pct_error": 1.0442614449718182
    },
    "db_y": {
      "true": 0.0019560653543,
      "est": 0.001961676774409574,
      "abs_error": 5.611420109574283e-06,
      "pct_error": 0.2868728336320027
    },
    "db_z": {
      "true": 0.00293409803145,
      "est": 0.0029572107989394463,
      "abs_error": 2.3112767489446174e-05,
      "pct_error": 0.7877299000137391
    },
    "dKg_xx": {
      "true": -9.99999999995449e-06,
      "est": -2.102154715011295e-05,
      "abs_error": 1.1021547150158462e-05,
      "pct_error": 110.21547150208622
    },
    "dKg_yx": {
      "true": 0.0001454441043328608,
      "est": 0.00014443235710094598,
      "abs_error": 1.0117472319148065e-06,
      "pct_error": 0.6956261558731455
    },
    "dKg_zx": {
      "true": 0.00024240684055476798,
      "est": 0.00023973759832204147,
      "abs_error": 2.66924223272651e-06,
      "pct_error": 1.101141463919801
    },
    "dKg_xy": {
      "true": 4.84813681109536e-05,
      "est": 4.889416976455162e-05,
      "abs_error": 4.128016535980252e-07,
      "pct_error": 0.8514645309787766
    },
    "dKg_yy": {
      "true": -2.0000000000020002e-05,
      "est": -2.1400902104451447e-05,
      "abs_error": 1.4009021044314451e-06,
      "pct_error": 7.00451052215022
    },
    "dKg_zy": {
      "true": 0.0002908882086657216,
      "est": 0.0002979393886514553,
      "abs_error": 7.051179985733725e-06,
      "pct_error": 2.424017122617951
    },
    "dKg_xz": {
      "true": 9.69627362219072e-05,
      "est": 9.797065068759727e-05,
      "abs_error": 1.007914465690074e-06,
      "pct_error": 1.0394864098960437
    },
    "dKg_yz": {
      "true": 0.0001939254724438144,
      "est": 0.000187984699221187,
      "abs_error": 5.940773222627379e-06,
      "pct_error": 3.0634310943079366
    },
    "dKg_zz": {
      "true": -2.999999999997449e-05,
      "est": -1.0438217405095429e-05,
      "abs_error": 1.9561782594879062e-05,
      "pct_error": 65.20594198298565
    },
    "dKa_xx": {
      "true": -9.99999999995449e-06,
      "est": -1.0012452551722006e-05,
      "abs_error": 1.2452551767516695e-08,
      "pct_error": 0.12452551767573367
    },
    "dKa_xy": {
      "true": 4.84813681109536e-05,
      "est": 6.114931181064217e-05,
      "abs_error": 1.2667943699688576e-05,
      "pct_error": 26.129509527653894
    },
    "dKa_xz": {
      "true": 9.69627362219072e-05,
      "est": 9.801777722631988e-05,
      "abs_error": 1.055041004412684e-06,
      "pct_error": 1.088089141789621
    },
    "dKa_yy": {
      "true": -2.0000000000020002e-05,
      "est": -3.000455299773108e-06,
      "abs_error": 1.6999544700246894e-05,
      "pct_error": 84.99772350114945
    },
    "dKa_yz": {
      "true": 0.0001939254724438144,
      "est": 0.0001884141080611082,
      "abs_error": 5.5113643827062e-06,
      "pct_error": 2.8420012663901058
    },
    "dKa_zz": {
      "true": -2.999999999997449e-05,
      "est": -2.9958352260051058e-05,
      "abs_error": 4.1647739923433846e-08,
      "pct_error": 0.13882579974489753
    },
    "Ka2_x": {
      "true": 1.0224607248440952e-06,
      "est": 1.1224192298538435e-06,
      "abs_error": 9.995850500974832e-08,
      "pct_error": 9.776268425859584
    },
    "Ka2_y": {
      "true": 2.0449214496881904e-06,
      "est": 9.259633904034512e-10,
      "abs_error": 2.043995486297787e-06,
      "pct_error": 99.95471887731703
    },
    "Ka2_z": {
      "true": 3.0673821745322856e-06,
      "est": 2.8504195673132457e-06,
      "abs_error": 2.1696260721903995e-07,
      "pct_error": 7.073217319329387
    },
    "rx_x": {
      "true": 0.01,
      "est": 0.010522251287269227,
      "abs_error": 0.0005222512872692271,
      "pct_error": 5.222512872692271
    },
    "rx_y": {
      "true": 0.02,
      "est": 0.019995923314299894,
      "abs_error": 4.076685700106497e-06,
      "pct_error": 0.020383428500532486
    },
    "rx_z": {
      "true": 0.03,
      "est": 0.030890050530117705,
      "abs_error": 0.0008900505301177065,
      "pct_error": 2.966835100392355
    },
    "ry_x": {
      "true": 0.04,
      "est": 0.041031156528177744,
      "abs_error": 0.001031156528177743,
      "pct_error": 2.5778913204443574
    },
    "ry_y": {
      "true": 0.05,
      "est": 0.050248502507387556,
      "abs_error": 0.00024850250738755325,
      "pct_error": 0.4970050147751065
    },
    "ry_z": {
      "true": 0.06,
      "est": 0.059944084980371175,
      "abs_error": 5.5915019628823004e-05,
      "pct_error": 0.09319169938137167
    }
  },
  "focus_scale_pct": {
    "dKg_xx": 110.21547150208622,
    "dKg_xy": 0.8514645309787766,
    "dKg_yy": 7.00451052215022,
    "dKg_zz": 65.20594198298565,
    "dKa_xx": 0.12452551767573367
  },
  "lever_guard_pct": {
    "rx_y": 0.020383428500532486,
    "ry_z": 0.09319169938137167
  },
  "overall": {
    "mean_pct_error": 14.734534133737833,
    "median_pct_error": 1.791861119207542,
    "max_pct_error": 110.21547150208622
  },
  "extra": {
    "noise_scale": 0.08,
    "noise_config": {
      "arw_dpsh": 0.0004,
      "vrw_ugpsHz": 0.4,
      "bi_g_dph": 0.00016,
      "bi_a_ug": 0.4,
      "tau_g": 300.0,
      "tau_a": 300.0,
      "seed": 42,
      "base_family": "round53_round61_shared"
    },
    "candidate_name": "y7_med_neg_z11_med_neg"
  }
}