{
  "variant": "repair_B_break_late_Z_plus_pair_by_flipping_node11_markov42_noisy_noise0p08",
  "method_file": "benchmark_ch3_12pos_goalA_repairs.py",
  "source_file": "/root/.openclaw/workspace/tmp_psins_py/psins_py/test_calibration_markov_pruned.py",
  "param_order": [
    "eb_x",
    "eb_y",
    "eb_z",
    "db_x",
    "db_y",
    "db_z",
    "dKg_xx",
    "dKg_yx",
    "dKg_zx",
    "dKg_xy",
    "dKg_yy",
    "dKg_zy",
    "dKg_xz",
    "dKg_yz",
    "dKg_zz",
    "dKa_xx",
    "dKa_xy",
    "dKa_xz",
    "dKa_yy",
    "dKa_yz",
    "dKa_zz",
    "Ka2_x",
    "Ka2_y",
    "Ka2_z",
    "rx_x",
    "rx_y",
    "rx_z",
    "ry_x",
    "ry_y",
    "ry_z"
  ],
  "param_errors": {
    "eb_x": {
      "true": 4.84813681109536e-07,
      "est": 4.738395170807936e-07,
      "abs_error": 1.0974164028742437e-08,
      "pct_error": 2.263583817112413
    },
    "eb_y": {
      "true": 9.69627362219072e-07,
      "est": 9.76822906653318e-07,
      "abs_error": 7.195544434245887e-09,
      "pct_error": 0.7420937892860502
    },
    "eb_z": {
      "true": 1.4544410433286078e-06,
      "est": 1.4519260542715794e-06,
      "abs_error": 2.5149890570284316e-09,
      "pct_error": 0.17291791018717903
    },
    "db_x": {
      "true": 0.00097803267715,
      "est": 0.0009807413201914183,
      "abs_error": 2.708643041418428e-06,
      "pct_error": 0.2769481127472601
    },
    "db_y": {
      "true": 0.0019560653543,
      "est": 0.0019459432809137518,
      "abs_error": 1.0122073386248029e-05,
      "pct_error": 0.5174711245714143
    },
    "db_z": {
      "true": 0.00293409803145,
      "est": 0.0031329815734532584,
      "abs_error": 0.0001988835420032582,
      "pct_error": 6.778353683873747
    },
    "dKg_xx": {
      "true": -9.99999999995449e-06,
      "est": -4.674902566614847e-06,
      "abs_error": 5.325097433339643e-06,
      "pct_error": 53.25097433363878
    },
    "dKg_yx": {
      "true": 0.0001454441043328608,
      "est": 0.0001464377651550255,
      "abs_error": 9.936608221646978e-07,
      "pct_error": 0.6831908565304395
    },
    "dKg_zx": {
      "true": 0.00024240684055476798,
      "est": 0.0002224341326166264,
      "abs_error": 1.9972707938141585e-05,
      "pct_error": 8.239333466181236
    },
    "dKg_xy": {
      "true": 4.84813681109536e-05,
      "est": 4.798154475306127e-05,
      "abs_error": 4.998233578923261e-07,
      "pct_error": 1.0309596807343375
    },
    "dKg_yy": {
      "true": -2.0000000000020002e-05,
      "est": -1.9476798080786395e-05,
      "abs_error": 5.232019192336068e-07,
      "pct_error": 2.616009596165418
    },
    "dKg_zy": {
      "true": 0.0002908882086657216,
      "est": 0.00030205718104529133,
      "abs_error": 1.1168972379569752e-05,
      "pct_error": 3.8396098730852097
    },
    "dKg_xz": {
      "true": 9.69627362219072e-05,
      "est": 0.00011663553516548672,
      "abs_error": 1.967279894357953e-05,
      "pct_error": 20.28903031217757
    },
    "dKg_yz": {
      "true": 0.0001939254724438144,
      "est": 0.00018299363077445207,
      "abs_error": 1.093184166936232e-05,
      "pct_error": 5.637135509637383
    },
    "dKg_zz": {
      "true": -2.999999999997449e-05,
      "est": 2.594726392857183e-06,
      "abs_error": 3.2594726392831674e-05,
      "pct_error": 108.64908797619796
    },
    "dKa_xx": {
      "true": -9.99999999995449e-06,
      "est": -9.457657411005016e-06,
      "abs_error": 5.423425889494737e-07,
      "pct_error": 5.42342588951942
    },
    "dKa_xy": {
      "true": 4.84813681109536e-05,
      "est": 4.4366329992211645e-05,
      "abs_error": 4.115038118741952e-06,
      "pct_error": 8.487875402617245
    },
    "dKa_xz": {
      "true": 9.69627362219072e-05,
      "est": 0.00011642925226510608,
      "abs_error": 1.9466516043198888e-05,
      "pct_error": 20.07628579978206
    },
    "dKa_yy": {
      "true": -2.0000000000020002e-05,
      "est": 2.908120720457319e-06,
      "abs_error": 2.290812072047732e-05,
      "pct_error": 114.54060360227206
    },
    "dKa_yz": {
      "true": 0.0001939254724438144,
      "est": 0.00018297630422276013,
      "abs_error": 1.0949168221054253e-05,
      "pct_error": 5.646070154206551
    },
    "dKa_zz": {
      "true": -2.999999999997449e-05,
      "est": -2.983571637371618e-05,
      "abs_error": 1.6428362625831028e-07,
      "pct_error": 0.5476120875281666
    },
    "Ka2_x": {
      "true": 1.0224607248440952e-06,
      "est": 1.0369471670173505e-06,
      "abs_error": 1.4486442173255272e-08,
      "pct_error": 1.4168213821087519
    },
    "Ka2_y": {
      "true": 2.0449214496881904e-06,
      "est": 7.225563714744827e-10,
      "abs_error": 2.0441988933167157e-06,
      "pct_error": 99.96466581288074
    },
    "Ka2_z": {
      "true": 3.0673821745322856e-06,
      "est": 1.0489071764816128e-06,
      "abs_error": 2.018474998050673e-06,
      "pct_error": 65.80448353679469
    },
    "rx_x": {
      "true": 0.01,
      "est": 0.010408151527450109,
      "abs_error": 0.0004081515274501086,
      "pct_error": 4.081515274501086
    },
    "rx_y": {
      "true": 0.02,
      "est": 0.01988627235230214,
      "abs_error": 0.00011372764769786159,
      "pct_error": 0.568638238489308
    },
    "rx_z": {
      "true": 0.03,
      "est": 0.03120322466018943,
      "abs_error": 0.0012032246601894302,
      "pct_error": 4.0107488672981
    },
    "ry_x": {
      "true": 0.04,
      "est": 0.04054541274646542,
      "abs_error": 0.0005454127464654193,
      "pct_error": 1.3635318661635483
    },
    "ry_y": {
      "true": 0.05,
      "est": 0.049993459175661746,
      "abs_error": 6.540824338256701e-06,
      "pct_error": 0.013081648676513402
    },
    "ry_z": {
      "true": 0.06,
      "est": 0.06018165040773405,
      "abs_error": 0.00018165040773405333,
      "pct_error": 0.30275067955675555
    }
  },
  "focus_scale_pct": {
    "dKg_xx": 53.25097433363878,
    "dKg_xy": 1.0309596807343375,
    "dKg_yy": 2.616009596165418,
    "dKg_zz": 108.64908797619796,
    "dKa_xx": 5.42342588951942
  },
  "lever_guard_pct": {
    "rx_y": 0.568638238489308,
    "ry_z": 0.30275067955675555
  },
  "overall": {
    "mean_pct_error": 18.24116034281737,
    "median_pct_error": 3.925179370191655,
    "max_pct_error": 114.54060360227206
  },
  "extra": {
    "noise_scale": 0.08,
    "noise_config": {
      "arw_dpsh": 0.0004,
      "vrw_ugpsHz": 0.4,
      "bi_g_dph": 0.00016,
      "bi_a_ug": 0.4,
      "tau_g": 300.0,
      "tau_a": 300.0,
      "seed": 42,
      "base_family": "round53_round61_shared"
    },
    "comparison_mode": "ch3_goalA_repair_benchmark",
    "candidate_name": "repair_B_break_late_Z_plus_pair_by_flipping_node11",
    "method_key": "markov42_noisy"
  }
}