{
  "variant": "relaymax_lowmax_l9z2_markov42_noisy_noise0p08",
  "method_file": "search_ch3_12pos_closedloop_local_insertions.py",
  "source_file": "/root/.openclaw/workspace/tmp_psins_py/psins_py/test_calibration_markov_pruned.py",
  "param_order": [
    "eb_x",
    "eb_y",
    "eb_z",
    "db_x",
    "db_y",
    "db_z",
    "dKg_xx",
    "dKg_yx",
    "dKg_zx",
    "dKg_xy",
    "dKg_yy",
    "dKg_zy",
    "dKg_xz",
    "dKg_yz",
    "dKg_zz",
    "dKa_xx",
    "dKa_xy",
    "dKa_xz",
    "dKa_yy",
    "dKa_yz",
    "dKa_zz",
    "Ka2_x",
    "Ka2_y",
    "Ka2_z",
    "rx_x",
    "rx_y",
    "rx_z",
    "ry_x",
    "ry_y",
    "ry_z"
  ],
  "param_errors": {
    "eb_x": {
      "true": 4.84813681109536e-07,
      "est": 4.654601874189078e-07,
      "abs_error": 1.935349369062825e-08,
      "pct_error": 3.9919446263018377
    },
    "eb_y": {
      "true": 9.69627362219072e-07,
      "est": 9.7165899092423e-07,
      "abs_error": 2.031628705158001e-09,
      "pct_error": 0.2095267506177271
    },
    "eb_z": {
      "true": 1.4544410433286078e-06,
      "est": 1.4468540736928224e-06,
      "abs_error": 7.586969635785465e-09,
      "pct_error": 0.5216416073092974
    },
    "db_x": {
      "true": 0.00097803267715,
      "est": 0.0009813328003567044,
      "abs_error": 3.300123206704522e-06,
      "pct_error": 0.33742463660019256
    },
    "db_y": {
      "true": 0.0019560653543,
      "est": 0.0019582586040886186,
      "abs_error": 2.193249788618769e-06,
      "pct_error": 0.11212558843176526
    },
    "db_z": {
      "true": 0.00293409803145,
      "est": 0.002938251667832605,
      "abs_error": 4.1536363826048285e-06,
      "pct_error": 0.14156433554989795
    },
    "dKg_xx": {
      "true": -9.99999999995449e-06,
      "est": -1.3266264629718805e-05,
      "abs_error": 3.266264629764315e-06,
      "pct_error": 32.662646297791795
    },
    "dKg_yx": {
      "true": 0.0001454441043328608,
      "est": 0.0001453686154938306,
      "abs_error": 7.548883903019696e-08,
      "pct_error": 0.05190230252127274
    },
    "dKg_zx": {
      "true": 0.00024240684055476798,
      "est": 0.00024160629243276304,
      "abs_error": 8.005481220049434e-07,
      "pct_error": 0.33024980655365305
    },
    "dKg_xy": {
      "true": 4.84813681109536e-05,
      "est": 4.846341270898354e-05,
      "abs_error": 1.795540197005853e-08,
      "pct_error": 0.03703567508442855
    },
    "dKg_yy": {
      "true": -2.0000000000020002e-05,
      "est": -1.9379821420084653e-05,
      "abs_error": 6.201785799353488e-07,
      "pct_error": 3.1008928996736422
    },
    "dKg_zy": {
      "true": 0.0002908882086657216,
      "est": 0.00029020512056708136,
      "abs_error": 6.830880986402198e-07,
      "pct_error": 0.234828390526204
    },
    "dKg_xz": {
      "true": 9.69627362219072e-05,
      "est": 9.660750631828253e-05,
      "abs_error": 3.552299036246675e-07,
      "pct_error": 0.3663571362215838
    },
    "dKg_yz": {
      "true": 0.0001939254724438144,
      "est": 0.00019485798089685687,
      "abs_error": 9.325084530424838e-07,
      "pct_error": 0.4808591884764687
    },
    "dKg_zz": {
      "true": -2.999999999997449e-05,
      "est": -1.5613878909803702e-05,
      "abs_error": 1.438612109017079e-05,
      "pct_error": 47.95373696727674
    },
    "dKa_xx": {
      "true": -9.99999999995449e-06,
      "est": -9.478664407369664e-06,
      "abs_error": 5.213355925848262e-07,
      "pct_error": 5.213355925871988
    },
    "dKa_xy": {
      "true": 4.84813681109536e-05,
      "est": 4.1591406994770075e-05,
      "abs_error": 6.889961116183522e-06,
      "pct_error": 14.211564946796218
    },
    "dKa_xz": {
      "true": 9.69627362219072e-05,
      "est": 9.628506784871851e-05,
      "abs_error": 6.77668373188684e-07,
      "pct_error": 0.6988956784777446
    },
    "dKa_yy": {
      "true": -2.0000000000020002e-05,
      "est": -1.8408502420186323e-06,
      "abs_error": 1.815914975800137e-05,
      "pct_error": 90.79574878991605
    },
    "dKa_yz": {
      "true": 0.0001939254724438144,
      "est": 0.00019478120568614926,
      "abs_error": 8.557332423348688e-07,
      "pct_error": 0.4412691285735032
    },
    "dKa_zz": {
      "true": -2.999999999997449e-05,
      "est": -3.0342164623942125e-05,
      "abs_error": 3.421646239676335e-07,
      "pct_error": 1.140548746559748
    },
    "Ka2_x": {
      "true": 1.0224607248440952e-06,
      "est": 1.0273351124203896e-06,
      "abs_error": 4.874387576294425e-09,
      "pct_error": 0.47673103307099374
    },
    "Ka2_y": {
      "true": 2.0449214496881904e-06,
      "est": 8.310304482185301e-09,
      "abs_error": 2.036611145206005e-06,
      "pct_error": 99.59361253296782
    },
    "Ka2_z": {
      "true": 3.0673821745322856e-06,
      "est": 3.0454358496438747e-06,
      "abs_error": 2.1946324888410997e-08,
      "pct_error": 0.7154740961405428
    },
    "rx_x": {
      "true": 0.01,
      "est": 0.009847628040986968,
      "abs_error": 0.00015237195901303228,
      "pct_error": 1.5237195901303229
    },
    "rx_y": {
      "true": 0.02,
      "est": 0.020035633469649226,
      "abs_error": 3.563346964922595e-05,
      "pct_error": 0.17816734824612976
    },
    "rx_z": {
      "true": 0.03,
      "est": 0.030497380861650585,
      "abs_error": 0.0004973808616505863,
      "pct_error": 1.6579362055019544
    },
    "ry_x": {
      "true": 0.04,
      "est": 0.04026727374016461,
      "abs_error": 0.0002672737401646086,
      "pct_error": 0.6681843504115215
    },
    "ry_y": {
      "true": 0.05,
      "est": 0.050045703777544616,
      "abs_error": 4.570377754461313e-05,
      "pct_error": 0.09140755508922627
    },
    "ry_z": {
      "true": 0.06,
      "est": 0.06067793162026276,
      "abs_error": 0.0006779316202627644,
      "pct_error": 1.1298860337712742
    }
  },
  "focus_scale_pct": {
    "dKg_xx": 32.662646297791795,
    "dKg_xy": 0.03703567508442855,
    "dKg_yy": 3.1008928996736422,
    "dKg_zz": 47.95373696727674,
    "dKa_xx": 5.213355925871988
  },
  "lever_guard_pct": {
    "rx_y": 0.17816734824612976,
    "ry_z": 1.1298860337712742
  },
  "overall": {
    "mean_pct_error": 10.302307939015387,
    "median_pct_error": 0.5949129788604095,
    "max_pct_error": 99.59361253296782
  },
  "extra": {
    "noise_scale": 0.08,
    "noise_config": {
      "arw_dpsh": 0.0004,
      "vrw_ugpsHz": 0.4,
      "bi_g_dph": 0.00016,
      "bi_a_ug": 0.4,
      "tau_g": 300.0,
      "tau_a": 300.0,
      "seed": 42,
      "base_family": "round53_round61_shared"
    },
    "comparison_mode": "ch3_closedloop_local_insertions",
    "candidate_name": "relaymax_lowmax_l9z2",
    "method_key": "markov42_noisy",
    "legality": "faithful12_base_plus_closed_loop_local_insertions",
    "time_total_s": 1328.0
  }
}