{
  "variant": "entryy_l8_ypair_neg2_plus_l11_y8x0_markov42_noisy_noise0p08",
  "method_file": "search_ch3_12pos_closedloop_local_insertions.py",
  "source_file": "/root/.openclaw/workspace/tmp_psins_py/psins_py/test_calibration_markov_pruned.py",
  "param_order": [
    "eb_x",
    "eb_y",
    "eb_z",
    "db_x",
    "db_y",
    "db_z",
    "dKg_xx",
    "dKg_yx",
    "dKg_zx",
    "dKg_xy",
    "dKg_yy",
    "dKg_zy",
    "dKg_xz",
    "dKg_yz",
    "dKg_zz",
    "dKa_xx",
    "dKa_xy",
    "dKa_xz",
    "dKa_yy",
    "dKa_yz",
    "dKa_zz",
    "Ka2_x",
    "Ka2_y",
    "Ka2_z",
    "rx_x",
    "rx_y",
    "rx_z",
    "ry_x",
    "ry_y",
    "ry_z"
  ],
  "param_errors": {
    "eb_x": {
      "true": 4.84813681109536e-07,
      "est": 4.589953885202591e-07,
      "abs_error": 2.5818292589276957e-08,
      "pct_error": 5.325405118558055
    },
    "eb_y": {
      "true": 9.69627362219072e-07,
      "est": 9.723711541839543e-07,
      "abs_error": 2.7437919648822534e-09,
      "pct_error": 0.2829738590093889
    },
    "eb_z": {
      "true": 1.4544410433286078e-06,
      "est": 1.4440982403543575e-06,
      "abs_error": 1.034280297425028e-08,
      "pct_error": 0.7111187505118753
    },
    "db_x": {
      "true": 0.00097803267715,
      "est": 0.0009762072296734954,
      "abs_error": 1.8254474765045303e-06,
      "pct_error": 0.18664483499916468
    },
    "db_y": {
      "true": 0.0019560653543,
      "est": 0.001957213283904341,
      "abs_error": 1.1479296043413745e-06,
      "pct_error": 0.05868564676624387
    },
    "db_z": {
      "true": 0.00293409803145,
      "est": 0.0029421001722171034,
      "abs_error": 8.002140767103278e-06,
      "pct_error": 0.2727291549678967
    },
    "dKg_xx": {
      "true": -9.99999999995449e-06,
      "est": -1.4657067593848438e-05,
      "abs_error": 4.657067593893949e-06,
      "pct_error": 46.570675939151435
    },
    "dKg_yx": {
      "true": 0.0001454441043328608,
      "est": 0.0001455463280349328,
      "abs_error": 1.0222370207200993e-07,
      "pct_error": 0.07028384033914677
    },
    "dKg_zx": {
      "true": 0.00024240684055476798,
      "est": 0.0002412490186464478,
      "abs_error": 1.1578219083201874e-06,
      "pct_error": 0.4776358231766136
    },
    "dKg_xy": {
      "true": 4.84813681109536e-05,
      "est": 4.855117738997411e-05,
      "abs_error": 6.980927902051518e-08,
      "pct_error": 0.14399197411416054
    },
    "dKg_yy": {
      "true": -2.0000000000020002e-05,
      "est": -1.961212562129333e-05,
      "abs_error": 3.878743787266714e-07,
      "pct_error": 1.9393718936314177
    },
    "dKg_zy": {
      "true": 0.0002908882086657216,
      "est": 0.00029700911946943905,
      "abs_error": 6.1209108037174696e-06,
      "pct_error": 2.104214134974238
    },
    "dKg_xz": {
      "true": 9.69627362219072e-05,
      "est": 9.7251575628694e-05,
      "abs_error": 2.888394067868035e-07,
      "pct_error": 0.2978870213870314
    },
    "dKg_yz": {
      "true": 0.0001939254724438144,
      "est": 0.0001878198620567271,
      "abs_error": 6.105610387087293e-06,
      "pct_error": 3.1484313587820485
    },
    "dKg_zz": {
      "true": -2.999999999997449e-05,
      "est": -1.8525353163267866e-05,
      "abs_error": 1.1474646836706626e-05,
      "pct_error": 38.24882278905461
    },
    "dKa_xx": {
      "true": -9.99999999995449e-06,
      "est": -9.653927469210899e-06,
      "abs_error": 3.460725307435908e-07,
      "pct_error": 3.460725307451658
    },
    "dKa_xy": {
      "true": 4.84813681109536e-05,
      "est": 4.187509526845117e-05,
      "abs_error": 6.606272842502427e-06,
      "pct_error": 13.626415878742176
    },
    "dKa_xz": {
      "true": 9.69627362219072e-05,
      "est": 9.635674481850575e-05,
      "abs_error": 6.059914034014428e-07,
      "pct_error": 0.6249734970500231
    },
    "dKa_yy": {
      "true": -2.0000000000020002e-05,
      "est": -1.9692750363731193e-06,
      "abs_error": 1.8030724963646882e-05,
      "pct_error": 90.15362481814425
    },
    "dKa_yz": {
      "true": 0.0001939254724438144,
      "est": 0.0001879469382722746,
      "abs_error": 5.978534171539781e-06,
      "pct_error": 3.0829029813357445
    },
    "dKa_zz": {
      "true": -2.999999999997449e-05,
      "est": -3.016460093130391e-05,
      "abs_error": 1.6460093132941722e-07,
      "pct_error": 0.5486697710985239
    },
    "Ka2_x": {
      "true": 1.0224607248440952e-06,
      "est": 1.071955467641909e-06,
      "abs_error": 4.949474279781387e-08,
      "pct_error": 4.8407475803396585
    },
    "Ka2_y": {
      "true": 2.0449214496881904e-06,
      "est": 8.11052086690171e-09,
      "abs_error": 2.0368109288212886e-06,
      "pct_error": 99.60338227817316
    },
    "Ka2_z": {
      "true": 3.0673821745322856e-06,
      "est": 3.0081873345809438e-06,
      "abs_error": 5.91948399513419e-08,
      "pct_error": 1.9298162597025565
    },
    "rx_x": {
      "true": 0.01,
      "est": 0.01027413347429075,
      "abs_error": 0.0002741334742907501,
      "pct_error": 2.741334742907501
    },
    "rx_y": {
      "true": 0.02,
      "est": 0.020016204183549283,
      "abs_error": 1.6204183549282242e-05,
      "pct_error": 0.08102091774641121
    },
    "rx_z": {
      "true": 0.03,
      "est": 0.03063880222048685,
      "abs_error": 0.0006388022204868518,
      "pct_error": 2.129340734956173
    },
    "ry_x": {
      "true": 0.04,
      "est": 0.04088011015302156,
      "abs_error": 0.0008801101530215572,
      "pct_error": 2.200275382553893
    },
    "ry_y": {
      "true": 0.05,
      "est": 0.049847220478245656,
      "abs_error": 0.00015277952175434678,
      "pct_error": 0.30555904350869356
    },
    "ry_z": {
      "true": 0.06,
      "est": 0.06072161356533586,
      "abs_error": 0.0007216135653358643,
      "pct_error": 1.202689275559774
    }
  },
  "focus_scale_pct": {
    "dKg_xx": 46.570675939151435,
    "dKg_xy": 0.14399197411416054,
    "dKg_yy": 1.9393718936314177,
    "dKg_zz": 38.24882278905461,
    "dKa_xx": 3.460725307451658
  },
  "lever_guard_pct": {
    "rx_y": 0.08102091774641121,
    "ry_z": 1.202689275559774
  },
  "overall": {
    "mean_pct_error": 10.879011686956451,
    "median_pct_error": 1.9345940766669871,
    "max_pct_error": 99.60338227817316
  },
  "extra": {
    "noise_scale": 0.08,
    "noise_config": {
      "arw_dpsh": 0.0004,
      "vrw_ugpsHz": 0.4,
      "bi_g_dph": 0.00016,
      "bi_a_ug": 0.4,
      "tau_g": 300.0,
      "tau_a": 300.0,
      "seed": 42,
      "base_family": "round53_round61_shared"
    },
    "comparison_mode": "ch3_closedloop_local_insertions",
    "candidate_name": "entryy_l8_ypair_neg2_plus_l11_y8x0",
    "method_key": "markov42_noisy",
    "legality": "faithful12_base_plus_closed_loop_local_insertions",
    "time_total_s": 1290.0
  }
}