{
  "variant": "twoanchor_l10_zpair_neg4_then_ypair_neg2_plus_l11_y10x0back2_markov42_noisy_noise0p08",
  "method_file": "search_ch3_12pos_closedloop_local_insertions.py",
  "source_file": "/root/.openclaw/workspace/tmp_psins_py/psins_py/test_calibration_markov_pruned.py",
  "param_order": [
    "eb_x",
    "eb_y",
    "eb_z",
    "db_x",
    "db_y",
    "db_z",
    "dKg_xx",
    "dKg_yx",
    "dKg_zx",
    "dKg_xy",
    "dKg_yy",
    "dKg_zy",
    "dKg_xz",
    "dKg_yz",
    "dKg_zz",
    "dKa_xx",
    "dKa_xy",
    "dKa_xz",
    "dKa_yy",
    "dKa_yz",
    "dKa_zz",
    "Ka2_x",
    "Ka2_y",
    "Ka2_z",
    "rx_x",
    "rx_y",
    "rx_z",
    "ry_x",
    "ry_y",
    "ry_z"
  ],
  "param_errors": {
    "eb_x": {
      "true": 4.84813681109536e-07,
      "est": 4.609146204633462e-07,
      "abs_error": 2.389906064618987e-08,
      "pct_error": 4.929535113673958
    },
    "eb_y": {
      "true": 9.69627362219072e-07,
      "est": 9.716893266319245e-07,
      "abs_error": 2.061964412852366e-09,
      "pct_error": 0.21265534505270048
    },
    "eb_z": {
      "true": 1.4544410433286078e-06,
      "est": 1.4442098185143261e-06,
      "abs_error": 1.0231224814281677e-08,
      "pct_error": 0.7034472013294315
    },
    "db_x": {
      "true": 0.00097803267715,
      "est": 0.000979669445703193,
      "abs_error": 1.6367685531930472e-06,
      "pct_error": 0.16735315612997842
    },
    "db_y": {
      "true": 0.0019560653543,
      "est": 0.0019576181681975496,
      "abs_error": 1.5528138975497673e-06,
      "pct_error": 0.079384561161836
    },
    "db_z": {
      "true": 0.00293409803145,
      "est": 0.0029389945778246964,
      "abs_error": 4.896546374696248e-06,
      "pct_error": 0.1668842118501551
    },
    "dKg_xx": {
      "true": -9.99999999995449e-06,
      "est": -1.408462771812502e-05,
      "abs_error": 4.08462771817053e-06,
      "pct_error": 40.846277181891196
    },
    "dKg_yx": {
      "true": 0.0001454441043328608,
      "est": 0.00014543586575229252,
      "abs_error": 8.23858056826928e-09,
      "pct_error": 0.005664430748883853
    },
    "dKg_zx": {
      "true": 0.00024240684055476798,
      "est": 0.0002416672127663379,
      "abs_error": 7.396277884300811e-07,
      "pct_error": 0.30511836495099814
    },
    "dKg_xy": {
      "true": 4.84813681109536e-05,
      "est": 4.8768484693374864e-05,
      "abs_error": 2.8711658242126716e-07,
      "pct_error": 0.5922204624345114
    },
    "dKg_yy": {
      "true": -2.0000000000020002e-05,
      "est": -1.9229542922882814e-05,
      "abs_error": 7.704570771371877e-07,
      "pct_error": 3.852285385682086
    },
    "dKg_zy": {
      "true": 0.0002908882086657216,
      "est": 0.0003009373631867623,
      "abs_error": 1.0049154521040696e-05,
      "pct_error": 3.454644850382653
    },
    "dKg_xz": {
      "true": 9.69627362219072e-05,
      "est": 9.684777704398608e-05,
      "abs_error": 1.1495917792110958e-07,
      "pct_error": 0.11856016280111573
    },
    "dKg_yz": {
      "true": 0.0001939254724438144,
      "est": 0.00018397286845336285,
      "abs_error": 9.952603990451541e-06,
      "pct_error": 5.132179834361414
    },
    "dKg_zz": {
      "true": -2.999999999997449e-05,
      "est": -1.652845615307541e-05,
      "abs_error": 1.3471543846899081e-05,
      "pct_error": 44.90514615636845
    },
    "dKa_xx": {
      "true": -9.99999999995449e-06,
      "est": -9.687598748087112e-06,
      "abs_error": 3.12401251867378e-07,
      "pct_error": 3.1240125186879975
    },
    "dKa_xy": {
      "true": 4.84813681109536e-05,
      "est": 4.09173197960263e-05,
      "abs_error": 7.564048314927299e-06,
      "pct_error": 15.601969601221551
    },
    "dKa_xz": {
      "true": 9.69627362219072e-05,
      "est": 9.625513827727486e-05,
      "abs_error": 7.075979446323304e-07,
      "pct_error": 0.7297627647521563
    },
    "dKa_yy": {
      "true": -2.0000000000020002e-05,
      "est": -3.0795879502054646e-06,
      "abs_error": 1.6920412049814537e-05,
      "pct_error": 84.60206024898808
    },
    "dKa_yz": {
      "true": 0.0001939254724438144,
      "est": 0.00018403303540078441,
      "abs_error": 9.892437043029973e-06,
      "pct_error": 5.101154024980441
    },
    "dKa_zz": {
      "true": -2.999999999997449e-05,
      "est": -3.0396065955118345e-05,
      "abs_error": 3.960659551438539e-07,
      "pct_error": 1.3202198504806355
    },
    "Ka2_x": {
      "true": 1.0224607248440952e-06,
      "est": 1.0260950782751442e-06,
      "abs_error": 3.63435343104898e-09,
      "pct_error": 0.35545164158781223
    },
    "Ka2_y": {
      "true": 2.0449214496881904e-06,
      "est": 8.230274845379881e-09,
      "abs_error": 2.0366911748428104e-06,
      "pct_error": 99.59752611296463
    },
    "Ka2_z": {
      "true": 3.0673821745322856e-06,
      "est": 3.043054937067732e-06,
      "abs_error": 2.4327237464553462e-08,
      "pct_error": 0.7930944395040335
    },
    "rx_x": {
      "true": 0.01,
      "est": 0.00984985513567154,
      "abs_error": 0.00015014486432846086,
      "pct_error": 1.5014486432846086
    },
    "rx_y": {
      "true": 0.02,
      "est": 0.020003836223438518,
      "abs_error": 3.836223438517805e-06,
      "pct_error": 0.019181117192589026
    },
    "rx_z": {
      "true": 0.03,
      "est": 0.030581362693197986,
      "abs_error": 0.0005813626931979871,
      "pct_error": 1.9378756439932903
    },
    "ry_x": {
      "true": 0.04,
      "est": 0.04028626941742492,
      "abs_error": 0.00028626941742491974,
      "pct_error": 0.7156735435622994
    },
    "ry_y": {
      "true": 0.05,
      "est": 0.049992878408506705,
      "abs_error": 7.121591493297608e-06,
      "pct_error": 0.014243182986595215
    },
    "ry_z": {
      "true": 0.06,
      "est": 0.06075732467711599,
      "abs_error": 0.0007573246771159919,
      "pct_error": 1.26220779519332
    }
  },
  "focus_scale_pct": {
    "dKg_xx": 40.846277181891196,
    "dKg_xy": 0.5922204624345114,
    "dKg_yy": 3.852285385682086,
    "dKg_zz": 44.90514615636845,
    "dKa_xx": 3.1240125186879975
  },
  "lever_guard_pct": {
    "rx_y": 0.019181117192589026,
    "ry_z": 1.26220779519332
  },
  "overall": {
    "mean_pct_error": 10.738241251606645,
    "median_pct_error": 1.0276511173486766,
    "max_pct_error": 99.59752611296463
  },
  "extra": {
    "noise_scale": 0.08,
    "noise_config": {
      "arw_dpsh": 0.0004,
      "vrw_ugpsHz": 0.4,
      "bi_g_dph": 0.00016,
      "bi_a_ug": 0.4,
      "tau_g": 300.0,
      "tau_a": 300.0,
      "seed": 42,
      "base_family": "round53_round61_shared"
    },
    "comparison_mode": "ch3_closedloop_local_insertions",
    "candidate_name": "twoanchor_l10_zpair_neg4_then_ypair_neg2_plus_l11_y10x0back2",
    "method_key": "markov42_noisy",
    "legality": "faithful12_base_plus_closed_loop_local_insertions",
    "time_total_s": 1314.0
  }
}