{
  "variant": "relay_z9_z10_x11_y8x0_markov42_noisy_noise0p08",
  "method_file": "search_ch3_12pos_closedloop_local_insertions.py",
  "source_file": "/root/.openclaw/workspace/tmp_psins_py/psins_py/test_calibration_markov_pruned.py",
  "param_order": [
    "eb_x",
    "eb_y",
    "eb_z",
    "db_x",
    "db_y",
    "db_z",
    "dKg_xx",
    "dKg_yx",
    "dKg_zx",
    "dKg_xy",
    "dKg_yy",
    "dKg_zy",
    "dKg_xz",
    "dKg_yz",
    "dKg_zz",
    "dKa_xx",
    "dKa_xy",
    "dKa_xz",
    "dKa_yy",
    "dKa_yz",
    "dKa_zz",
    "Ka2_x",
    "Ka2_y",
    "Ka2_z",
    "rx_x",
    "rx_y",
    "rx_z",
    "ry_x",
    "ry_y",
    "ry_z"
  ],
  "param_errors": {
    "eb_x": {
      "true": 4.84813681109536e-07,
      "est": 4.6476415032716235e-07,
      "abs_error": 2.0049530782373695e-08,
      "pct_error": 4.135512582171503
    },
    "eb_y": {
      "true": 9.69627362219072e-07,
      "est": 9.688812006989914e-07,
      "abs_error": 7.461615200806654e-10,
      "pct_error": 0.07695343068423867
    },
    "eb_z": {
      "true": 1.4544410433286078e-06,
      "est": 1.4457456416443965e-06,
      "abs_error": 8.695401684211362e-09,
      "pct_error": 0.5978517812115107
    },
    "db_x": {
      "true": 0.00097803267715,
      "est": 0.0009795774382964477,
      "abs_error": 1.5447611464477606e-06,
      "pct_error": 0.1579457601507973
    },
    "db_y": {
      "true": 0.0019560653543,
      "est": 0.001960223758071213,
      "abs_error": 4.158403771213279e-06,
      "pct_error": 0.21259022670545744
    },
    "db_z": {
      "true": 0.00293409803145,
      "est": 0.0029354233991430883,
      "abs_error": 1.3253676930881537e-06,
      "pct_error": 0.045171213738662
    },
    "dKg_xx": {
      "true": -9.99999999995449e-06,
      "est": -1.1758710256604132e-05,
      "abs_error": 1.7587102566496426e-06,
      "pct_error": 17.587102566576466
    },
    "dKg_yx": {
      "true": 0.0001454441043328608,
      "est": 0.00014537882005864687,
      "abs_error": 6.528427421391685e-08,
      "pct_error": 0.04488616057238623
    },
    "dKg_zx": {
      "true": 0.00024240684055476798,
      "est": 0.000242078712191245,
      "abs_error": 3.281283635229776e-07,
      "pct_error": 0.13536266665248753
    },
    "dKg_xy": {
      "true": 4.84813681109536e-05,
      "est": 4.845041218976842e-05,
      "abs_error": 3.0955921185176524e-08,
      "pct_error": 0.06385117085460822
    },
    "dKg_yy": {
      "true": -2.0000000000020002e-05,
      "est": -1.947819469050316e-05,
      "abs_error": 5.218053095168429e-07,
      "pct_error": 2.609026547581605
    },
    "dKg_zy": {
      "true": 0.0002908882086657216,
      "est": 0.0002952827905699169,
      "abs_error": 4.394581904195306e-06,
      "pct_error": 1.5107459750097343
    },
    "dKg_xz": {
      "true": 9.69627362219072e-05,
      "est": 9.691918899589414e-05,
      "abs_error": 4.35472260130516e-08,
      "pct_error": 0.044911300680903016
    },
    "dKg_yz": {
      "true": 0.0001939254724438144,
      "est": 0.00018907510130897697,
      "abs_error": 4.850371134837417e-06,
      "pct_error": 2.501152155884372
    },
    "dKg_zz": {
      "true": -2.999999999997449e-05,
      "est": -1.291103860379117e-05,
      "abs_error": 1.7088961396183322e-05,
      "pct_error": 56.96320465399284
    },
    "dKa_xx": {
      "true": -9.99999999995449e-06,
      "est": -9.632459131436732e-06,
      "abs_error": 3.6754086851775725e-07,
      "pct_error": 3.6754086851942995
    },
    "dKa_xy": {
      "true": 4.84813681109536e-05,
      "est": 4.069864084162651e-05,
      "abs_error": 7.782727269327085e-06,
      "pct_error": 16.053027322817446
    },
    "dKa_xz": {
      "true": 9.69627362219072e-05,
      "est": 9.629219742113972e-05,
      "abs_error": 6.705388007674761e-07,
      "pct_error": 0.6915427791073191
    },
    "dKa_yy": {
      "true": -2.0000000000020002e-05,
      "est": -3.152235530823333e-06,
      "abs_error": 1.684776446919667e-05,
      "pct_error": 84.2388223458991
    },
    "dKa_yz": {
      "true": 0.0001939254724438144,
      "est": 0.00018930140130336812,
      "abs_error": 4.624071140446265e-06,
      "pct_error": 2.384457844642347
    },
    "dKa_zz": {
      "true": -2.999999999997449e-05,
      "est": -3.0217428751866393e-05,
      "abs_error": 2.1742875189190158e-07,
      "pct_error": 0.7247625063069548
    },
    "Ka2_x": {
      "true": 1.0224607248440952e-06,
      "est": 1.0371733460345461e-06,
      "abs_error": 1.4712621190450894e-08,
      "pct_error": 1.4389424290790507
    },
    "Ka2_y": {
      "true": 2.0449214496881904e-06,
      "est": 4.4243240974900705e-09,
      "abs_error": 2.0404971255907003e-06,
      "pct_error": 99.78364332291763
    },
    "Ka2_z": {
      "true": 3.0673821745322856e-06,
      "est": 3.0798015311940627e-06,
      "abs_error": 1.2419356661777095e-08,
      "pct_error": 0.40488455481328467
    },
    "rx_x": {
      "true": 0.01,
      "est": 0.009872437775584011,
      "abs_error": 0.00012756222441598873,
      "pct_error": 1.2756222441598872
    },
    "rx_y": {
      "true": 0.02,
      "est": 0.019930875181851493,
      "abs_error": 6.912481814850754e-05,
      "pct_error": 0.34562409074253775
    },
    "rx_z": {
      "true": 0.03,
      "est": 0.030355623652995805,
      "abs_error": 0.0003556236529958061,
      "pct_error": 1.185412176652687
    },
    "ry_x": {
      "true": 0.04,
      "est": 0.04023267362274584,
      "abs_error": 0.00023267362274583675,
      "pct_error": 0.5816840568645919
    },
    "ry_y": {
      "true": 0.05,
      "est": 0.04996372975998398,
      "abs_error": 3.6270240016025856e-05,
      "pct_error": 0.07254048003205171
    },
    "ry_z": {
      "true": 0.06,
      "est": 0.06077747152633606,
      "abs_error": 0.0007774715263360599,
      "pct_error": 1.2957858772267665
    }
  },
  "focus_scale_pct": {
    "dKg_xx": 17.587102566576466,
    "dKg_xy": 0.06385117085460822,
    "dKg_yy": 2.609026547581605,
    "dKg_zz": 56.96320465399284,
    "dKa_xx": 3.6754086851942995
  },
  "lever_guard_pct": {
    "rx_y": 0.34562409074253775,
    "ry_z": 1.2957858772267665
  },
  "overall": {
    "mean_pct_error": 10.02794763029745,
    "median_pct_error": 0.9550873414798209,
    "max_pct_error": 99.78364332291763
  },
  "extra": {
    "noise_scale": 0.08,
    "noise_config": {
      "arw_dpsh": 0.0004,
      "vrw_ugpsHz": 0.4,
      "bi_g_dph": 0.00016,
      "bi_a_ug": 0.4,
      "tau_g": 300.0,
      "tau_a": 300.0,
      "seed": 42,
      "base_family": "round53_round61_shared"
    },
    "comparison_mode": "ch3_closedloop_local_insertions",
    "candidate_name": "relay_z9_z10_x11_y8x0",
    "method_key": "markov42_noisy",
    "legality": "faithful12_base_plus_closed_loop_local_insertions",
    "time_total_s": 1298.0
  }
}