{
  "variant": "relay_l12split625_375_on_entry_markov42_noisy_noise0p08",
  "method_file": "search_ch3_12pos_closedloop_local_insertions.py",
  "source_file": "/root/.openclaw/workspace/tmp_psins_py/psins_py/test_calibration_markov_pruned.py",
  "param_order": [
    "eb_x",
    "eb_y",
    "eb_z",
    "db_x",
    "db_y",
    "db_z",
    "dKg_xx",
    "dKg_yx",
    "dKg_zx",
    "dKg_xy",
    "dKg_yy",
    "dKg_zy",
    "dKg_xz",
    "dKg_yz",
    "dKg_zz",
    "dKa_xx",
    "dKa_xy",
    "dKa_xz",
    "dKa_yy",
    "dKa_yz",
    "dKa_zz",
    "Ka2_x",
    "Ka2_y",
    "Ka2_z",
    "rx_x",
    "rx_y",
    "rx_z",
    "ry_x",
    "ry_y",
    "ry_z"
  ],
  "param_errors": {
    "eb_x": {
      "true": 4.84813681109536e-07,
      "est": 4.618143540668367e-07,
      "abs_error": 2.299932704269933e-08,
      "pct_error": 4.74395173627598
    },
    "eb_y": {
      "true": 9.69627362219072e-07,
      "est": 9.664858531123932e-07,
      "abs_error": 3.141509106678858e-09,
      "pct_error": 0.32399138360630164
    },
    "eb_z": {
      "true": 1.4544410433286078e-06,
      "est": 1.4462180444976956e-06,
      "abs_error": 8.22299883091219e-09,
      "pct_error": 0.5653717535427342
    },
    "db_x": {
      "true": 0.00097803267715,
      "est": 0.0009791165912933616,
      "abs_error": 1.0839141433617323e-06,
      "pct_error": 0.11082596406904034
    },
    "db_y": {
      "true": 0.0019560653543,
      "est": 0.001966353418694218,
      "abs_error": 1.0288064394218047e-05,
      "pct_error": 0.5259570888877457
    },
    "db_z": {
      "true": 0.00293409803145,
      "est": 0.0029346579542989604,
      "abs_error": 5.599228489602467e-07,
      "pct_error": 0.019083304066822158
    },
    "dKg_xx": {
      "true": -9.99999999995449e-06,
      "est": -1.0485954544448006e-05,
      "abs_error": 4.859545444935165e-07,
      "pct_error": 4.859545444957281
    },
    "dKg_yx": {
      "true": 0.0001454441043328608,
      "est": 0.00014521599231988845,
      "abs_error": 2.2811201297234167e-07,
      "pct_error": 0.15683826719458396
    },
    "dKg_zx": {
      "true": 0.00024240684055476798,
      "est": 0.00024219028728796472,
      "abs_error": 2.165532668032611e-07,
      "pct_error": 0.08933463523870083
    },
    "dKg_xy": {
      "true": 4.84813681109536e-05,
      "est": 4.835129934167252e-05,
      "abs_error": 1.3006876928107553e-07,
      "pct_error": 0.26828609494559325
    },
    "dKg_yy": {
      "true": -2.0000000000020002e-05,
      "est": -1.9588977877349478e-05,
      "abs_error": 4.110221226705235e-07,
      "pct_error": 2.0551106133505623
    },
    "dKg_zy": {
      "true": 0.0002908882086657216,
      "est": 0.00029145424742574956,
      "abs_error": 5.660387600279777e-07,
      "pct_error": 0.19458979194252915
    },
    "dKg_xz": {
      "true": 9.69627362219072e-05,
      "est": 9.76982349522038e-05,
      "abs_error": 7.354987302966024e-07,
      "pct_error": 0.7585375154980704
    },
    "dKg_yz": {
      "true": 0.0001939254724438144,
      "est": 0.00019380386835982826,
      "abs_error": 1.216040839861288e-07,
      "pct_error": 0.06270660705563623
    },
    "dKg_zz": {
      "true": -2.999999999997449e-05,
      "est": -2.972995277117363e-05,
      "abs_error": 2.7004722880086263e-07,
      "pct_error": 0.9001574293369742
    },
    "dKa_xx": {
      "true": -9.99999999995449e-06,
      "est": -9.759937569242538e-06,
      "abs_error": 2.4006243071195144e-07,
      "pct_error": 2.40062430713044
    },
    "dKa_xy": {
      "true": 4.84813681109536e-05,
      "est": 4.856928600857502e-05,
      "abs_error": 8.791789762142366e-08,
      "pct_error": 0.18134368118535005
    },
    "dKa_xz": {
      "true": 9.69627362219072e-05,
      "est": 9.697801389765682e-05,
      "abs_error": 1.527767574962765e-08,
      "pct_error": 0.01575623414201455
    },
    "dKa_yy": {
      "true": -2.0000000000020002e-05,
      "est": -1.975890291383564e-05,
      "abs_error": 2.410970861843609e-07,
      "pct_error": 1.2054854309205987
    },
    "dKa_yz": {
      "true": 0.0001939254724438144,
      "est": 0.00019378287048484624,
      "abs_error": 1.4260195896814492e-07,
      "pct_error": 0.073534413592552
    },
    "dKa_zz": {
      "true": -2.999999999997449e-05,
      "est": -2.9450335897074353e-05,
      "abs_error": 5.496641029001381e-07,
      "pct_error": 1.8322136763353516
    },
    "Ka2_x": {
      "true": 1.0224607248440952e-06,
      "est": 1.0113801623953196e-06,
      "abs_error": 1.1080562448775623e-08,
      "pct_error": 1.0837152156103782
    },
    "Ka2_y": {
      "true": 2.0449214496881904e-06,
      "est": 1.981991603913336e-06,
      "abs_error": 6.292984577485432e-08,
      "pct_error": 3.0773722767908693
    },
    "Ka2_z": {
      "true": 3.0673821745322856e-06,
      "est": 3.069846731196491e-06,
      "abs_error": 2.464556664205273e-09,
      "pct_error": 0.08034723174268522
    },
    "rx_x": {
      "true": 0.01,
      "est": 0.010049202444596112,
      "abs_error": 4.920244459611159e-05,
      "pct_error": 0.4920244459611159
    },
    "rx_y": {
      "true": 0.02,
      "est": 0.020222742548614718,
      "abs_error": 0.00022274254861471762,
      "pct_error": 1.113712743073588
    },
    "rx_z": {
      "true": 0.03,
      "est": 0.030234930235753753,
      "abs_error": 0.00023493023575375457,
      "pct_error": 0.7831007858458485
    },
    "ry_x": {
      "true": 0.04,
      "est": 0.040658981413030676,
      "abs_error": 0.0006589814130306751,
      "pct_error": 1.6474535325766877
    },
    "ry_y": {
      "true": 0.05,
      "est": 0.05028675748196619,
      "abs_error": 0.0002867574819661878,
      "pct_error": 0.5735149639323756
    },
    "ry_z": {
      "true": 0.06,
      "est": 0.0610358411130336,
      "abs_error": 0.001035841113033599,
      "pct_error": 1.7264018550559985
    }
  },
  "focus_scale_pct": {
    "dKg_xx": 4.859545444957281,
    "dKg_xy": 0.26828609494559325,
    "dKg_yy": 2.0551106133505623,
    "dKg_zz": 0.9001574293369742,
    "dKa_xx": 2.40062430713044
  },
  "lever_guard_pct": {
    "rx_y": 1.113712743073588,
    "ry_z": 1.7264018550559985
  },
  "overall": {
    "mean_pct_error": 1.0640296141288137,
    "median_pct_error": 0.5694433587375549,
    "max_pct_error": 4.859545444957281
  },
  "extra": {
    "noise_scale": 0.08,
    "noise_config": {
      "arw_dpsh": 0.0004,
      "vrw_ugpsHz": 0.4,
      "bi_g_dph": 0.00016,
      "bi_a_ug": 0.4,
      "tau_g": 300.0,
      "tau_a": 300.0,
      "seed": 42,
      "base_family": "round53_round61_shared"
    },
    "comparison_mode": "corrected_frontier_next2",
    "candidate_name": "relay_l12split625_375_on_entry",
    "method_key": "markov42_noisy",
    "legality": "faithful12_base_plus_closed_loop_local_insertions",
    "time_total_s": 1349.0,
    "att0_deg": [
      0.0,
      0.0,
      0.0
    ],
    "candidate_registry_key": "relay_l12split625_375_on_entry",
    "family": "terminal_y_reclosure_micro_ridge_around_leader",
    "hypothesis_id": "A"
  }
}