{
  "variant": "prezdiag_l3_bfly_same_d2_plus_zseed_l5_neg6_plus_relaymax_unified_l9y2p5_markov42_noisy_noise0p08",
  "method_file": "search_ch3_12pos_closedloop_local_insertions.py",
  "source_file": "/root/.openclaw/workspace/tmp_psins_py/psins_py/test_calibration_markov_pruned.py",
  "param_order": [
    "eb_x",
    "eb_y",
    "eb_z",
    "db_x",
    "db_y",
    "db_z",
    "dKg_xx",
    "dKg_yx",
    "dKg_zx",
    "dKg_xy",
    "dKg_yy",
    "dKg_zy",
    "dKg_xz",
    "dKg_yz",
    "dKg_zz",
    "dKa_xx",
    "dKa_xy",
    "dKa_xz",
    "dKa_yy",
    "dKa_yz",
    "dKa_zz",
    "Ka2_x",
    "Ka2_y",
    "Ka2_z",
    "rx_x",
    "rx_y",
    "rx_z",
    "ry_x",
    "ry_y",
    "ry_z"
  ],
  "param_errors": {
    "eb_x": {
      "true": 4.84813681109536e-07,
      "est": 4.66087254362332e-07,
      "abs_error": 1.872642674720404e-08,
      "pct_error": 3.862602784712484
    },
    "eb_y": {
      "true": 9.69627362219072e-07,
      "est": 9.778690979979255e-07,
      "abs_error": 8.241735778853432e-09,
      "pct_error": 0.8499900167824824
    },
    "eb_z": {
      "true": 1.4544410433286078e-06,
      "est": 1.4442792586593997e-06,
      "abs_error": 1.0161784669208113e-08,
      "pct_error": 0.698672848639642
    },
    "db_x": {
      "true": 0.00097803267715,
      "est": 0.0009805937860380887,
      "abs_error": 2.5611088880887495e-06,
      "pct_error": 0.2618633250119878
    },
    "db_y": {
      "true": 0.0019560653543,
      "est": 0.0019574010158362296,
      "abs_error": 1.3356615362297534e-06,
      "pct_error": 0.06828307312399258
    },
    "db_z": {
      "true": 0.00293409803145,
      "est": 0.0029414155540436145,
      "abs_error": 7.31752259361439e-06,
      "pct_error": 0.24939598183766712
    },
    "dKg_xx": {
      "true": -9.99999999995449e-06,
      "est": -8.904688775235314e-07,
      "abs_error": 9.109531122430958e-06,
      "pct_error": 91.09531122472416
    },
    "dKg_yx": {
      "true": 0.0001454441043328608,
      "est": 0.0001455738784864533,
      "abs_error": 1.2977415359252046e-07,
      "pct_error": 0.08922613548880719
    },
    "dKg_zx": {
      "true": 0.00024240684055476798,
      "est": 0.00024167634343457968,
      "abs_error": 7.304971201883045e-07,
      "pct_error": 0.301351693919405
    },
    "dKg_xy": {
      "true": 4.84813681109536e-05,
      "est": 4.822600675913783e-05,
      "abs_error": 2.553613518157692e-07,
      "pct_error": 0.5267205975527623
    },
    "dKg_yy": {
      "true": -2.0000000000020002e-05,
      "est": -2.0512664530736302e-05,
      "abs_error": 5.126645307163002e-07,
      "pct_error": 2.5633226535789375
    },
    "dKg_zy": {
      "true": 0.0002908882086657216,
      "est": 0.0002989335666369336,
      "abs_error": 8.045357971212007e-06,
      "pct_error": 2.765790338534295
    },
    "dKg_xz": {
      "true": 9.69627362219072e-05,
      "est": 9.817502925986843e-05,
      "abs_error": 1.2122930379612344e-06,
      "pct_error": 1.2502669429488893
    },
    "dKg_yz": {
      "true": 0.0001939254724438144,
      "est": 0.00018592858732694066,
      "abs_error": 7.996885116873725e-06,
      "pct_error": 4.1236898980306185
    },
    "dKg_zz": {
      "true": -2.999999999997449e-05,
      "est": -1.9634187581329954e-05,
      "abs_error": 1.0365812418644538e-05,
      "pct_error": 34.55270806217784
    },
    "dKa_xx": {
      "true": -9.99999999995449e-06,
      "est": -9.247862871930579e-06,
      "abs_error": 7.521371280239109e-07,
      "pct_error": 7.521371280273338
    },
    "dKa_xy": {
      "true": 4.84813681109536e-05,
      "est": 4.476008558234472e-05,
      "abs_error": 3.72128252860888e-06,
      "pct_error": 7.6756961975421545
    },
    "dKa_xz": {
      "true": 9.69627362219072e-05,
      "est": 9.8087875855545e-05,
      "abs_error": 1.1251396336378096e-06,
      "pct_error": 1.160383542666159
    },
    "dKa_yy": {
      "true": -2.0000000000020002e-05,
      "est": -2.7473571659886176e-06,
      "abs_error": 1.7252642834031384e-05,
      "pct_error": 86.26321417007064
    },
    "dKa_yz": {
      "true": 0.0001939254724438144,
      "est": 0.000186058747318075,
      "abs_error": 7.866725125739384e-06,
      "pct_error": 4.0565713346494965
    },
    "dKa_zz": {
      "true": -2.999999999997449e-05,
      "est": -3.0332378577968555e-05,
      "abs_error": 3.3237857799406356e-07,
      "pct_error": 1.1079285933144873
    },
    "Ka2_x": {
      "true": 1.0224607248440952e-06,
      "est": 1.0759169152364397e-06,
      "abs_error": 5.3456190392344497e-08,
      "pct_error": 5.22819009996648
    },
    "Ka2_y": {
      "true": 2.0449214496881904e-06,
      "est": 8.796693166202476e-09,
      "abs_error": 2.0361247565219878e-06,
      "pct_error": 99.56982733162958
    },
    "Ka2_z": {
      "true": 3.0673821745322856e-06,
      "est": 2.969395186784848e-06,
      "abs_error": 9.798698774743762e-08,
      "pct_error": 3.1944825317496885
    },
    "rx_x": {
      "true": 0.01,
      "est": 0.009833856639792466,
      "abs_error": 0.00016614336020753448,
      "pct_error": 1.6614336020753449
    },
    "rx_y": {
      "true": 0.02,
      "est": 0.02015527378692391,
      "abs_error": 0.0001552737869239089,
      "pct_error": 0.7763689346195445
    },
    "rx_z": {
      "true": 0.03,
      "est": 0.03038278162608667,
      "abs_error": 0.0003827816260866708,
      "pct_error": 1.275938753622236
    },
    "ry_x": {
      "true": 0.04,
      "est": 0.040267244917498876,
      "abs_error": 0.0002672449174988753,
      "pct_error": 0.6681122937471883
    },
    "ry_y": {
      "true": 0.05,
      "est": 0.05022985289064506,
      "abs_error": 0.00022985289064506031,
      "pct_error": 0.45970578129012063
    },
    "ry_z": {
      "true": 0.06,
      "est": 0.06059380132425328,
      "abs_error": 0.0005938013242532819,
      "pct_error": 0.9896688737554699
    }
  },
  "focus_scale_pct": {
    "dKg_xx": 91.09531122472416,
    "dKg_xy": 0.5267205975527623,
    "dKg_yy": 2.5633226535789375,
    "dKg_zz": 34.55270806217784,
    "dKa_xx": 7.521371280273338
  },
  "lever_guard_pct": {
    "rx_y": 0.7763689346195445,
    "ry_z": 0.9896688737554699
  },
  "overall": {
    "mean_pct_error": 12.162269629934531,
    "median_pct_error": 1.2631028482855626,
    "max_pct_error": 99.56982733162958
  },
  "extra": {
    "noise_scale": 0.08,
    "noise_config": {
      "arw_dpsh": 0.0004,
      "vrw_ugpsHz": 0.4,
      "bi_g_dph": 0.00016,
      "bi_a_ug": 0.4,
      "tau_g": 300.0,
      "tau_a": 300.0,
      "seed": 42,
      "base_family": "round53_round61_shared"
    },
    "comparison_mode": "ch3_closedloop_local_insertions",
    "candidate_name": "prezdiag_l3_bfly_same_d2_plus_zseed_l5_neg6_plus_relaymax_unified_l9y2p5",
    "method_key": "markov42_noisy",
    "legality": "faithful12_base_plus_closed_loop_local_insertions",
    "time_total_s": 1398.0
  }
}