{
  "variant": "entryx_l8_xpair_pos4_plus_l11_y8x0_markov42_noisy_noise0p08",
  "method_file": "search_ch3_12pos_closedloop_local_insertions.py",
  "source_file": "/root/.openclaw/workspace/tmp_psins_py/psins_py/test_calibration_markov_pruned.py",
  "param_order": [
    "eb_x",
    "eb_y",
    "eb_z",
    "db_x",
    "db_y",
    "db_z",
    "dKg_xx",
    "dKg_yx",
    "dKg_zx",
    "dKg_xy",
    "dKg_yy",
    "dKg_zy",
    "dKg_xz",
    "dKg_yz",
    "dKg_zz",
    "dKa_xx",
    "dKa_xy",
    "dKa_xz",
    "dKa_yy",
    "dKa_yz",
    "dKa_zz",
    "Ka2_x",
    "Ka2_y",
    "Ka2_z",
    "rx_x",
    "rx_y",
    "rx_z",
    "ry_x",
    "ry_y",
    "ry_z"
  ],
  "param_errors": {
    "eb_x": {
      "true": 4.84813681109536e-07,
      "est": 4.6498450844594063e-07,
      "abs_error": 1.9829172663595416e-08,
      "pct_error": 4.090060457496728
    },
    "eb_y": {
      "true": 9.69627362219072e-07,
      "est": 9.711152637920776e-07,
      "abs_error": 1.4879015730054586e-09,
      "pct_error": 0.15345086483536038
    },
    "eb_z": {
      "true": 1.4544410433286078e-06,
      "est": 1.442469779788753e-06,
      "abs_error": 1.1971263539854857e-08,
      "pct_error": 0.8230834515270303
    },
    "db_x": {
      "true": 0.00097803267715,
      "est": 0.0009776432056512344,
      "abs_error": 3.894714987655399e-07,
      "pct_error": 0.039821931093393007
    },
    "db_y": {
      "true": 0.0019560653543,
      "est": 0.001958286701807339,
      "abs_error": 2.2213475073390443e-06,
      "pct_error": 0.11356202912422518
    },
    "db_z": {
      "true": 0.00293409803145,
      "est": 0.0029433976866547356,
      "abs_error": 9.299655204735458e-06,
      "pct_error": 0.31695107338113265
    },
    "dKg_xx": {
      "true": -9.99999999995449e-06,
      "est": -1.3608980737433996e-05,
      "abs_error": 3.6089807374795058e-06,
      "pct_error": 36.08980737495931
    },
    "dKg_yx": {
      "true": 0.0001454441043328608,
      "est": 0.00014547839430010544,
      "abs_error": 3.428996724465314e-08,
      "pct_error": 0.023576044833125538
    },
    "dKg_zx": {
      "true": 0.00024240684055476798,
      "est": 0.00024137528557485887,
      "abs_error": 1.0315549799091127e-06,
      "pct_error": 0.425546976128361
    },
    "dKg_xy": {
      "true": 4.84813681109536e-05,
      "est": 4.842817689146251e-05,
      "abs_error": 5.319121949108873e-08,
      "pct_error": 0.10971476582376193
    },
    "dKg_yy": {
      "true": -2.0000000000020002e-05,
      "est": -1.955765999839265e-05,
      "abs_error": 4.4234000162735043e-07,
      "pct_error": 2.2117000081345406
    },
    "dKg_zy": {
      "true": 0.0002908882086657216,
      "est": 0.00030127909909335445,
      "abs_error": 1.0390890427632873e-05,
      "pct_error": 3.5721250013175045
    },
    "dKg_xz": {
      "true": 9.69627362219072e-05,
      "est": 9.73334222032481e-05,
      "abs_error": 3.7068598134090236e-07,
      "pct_error": 0.38229736059898
    },
    "dKg_yz": {
      "true": 0.0001939254724438144,
      "est": 0.00018325007643799573,
      "abs_error": 1.0675396005818661e-05,
      "pct_error": 5.504896221878031
    },
    "dKg_zz": {
      "true": -2.999999999997449e-05,
      "est": -1.0887291507444274e-05,
      "abs_error": 1.9112708492530217e-05,
      "pct_error": 63.70902830848822
    },
    "dKa_xx": {
      "true": -9.99999999995449e-06,
      "est": -9.642353823169358e-06,
      "abs_error": 3.5764617678513133e-07,
      "pct_error": 3.57646176786759
    },
    "dKa_xy": {
      "true": 4.84813681109536e-05,
      "est": 4.494948471961817e-05,
      "abs_error": 3.531883391335428e-06,
      "pct_error": 7.285032434011398
    },
    "dKa_xz": {
      "true": 9.69627362219072e-05,
      "est": 9.666610509138835e-05,
      "abs_error": 2.96631130518844e-07,
      "pct_error": 0.3059228133166325
    },
    "dKa_yy": {
      "true": -2.0000000000020002e-05,
      "est": -2.0686906536671046e-06,
      "abs_error": 1.7931309346352897e-05,
      "pct_error": 89.65654673167482
    },
    "dKa_yz": {
      "true": 0.0001939254724438144,
      "est": 0.00018340295719712843,
      "abs_error": 1.0522515246685953e-05,
      "pct_error": 5.426061421474489
    },
    "dKa_zz": {
      "true": -2.999999999997449e-05,
      "est": -3.025225520003616e-05,
      "abs_error": 2.5225520006166846e-07,
      "pct_error": 0.8408506668729431
    },
    "Ka2_x": {
      "true": 1.0224607248440952e-06,
      "est": 1.0574603534028104e-06,
      "abs_error": 3.4999628558715224e-08,
      "pct_error": 3.423078041853585
    },
    "Ka2_y": {
      "true": 2.0449214496881904e-06,
      "est": 9.617373841954057e-09,
      "abs_error": 2.035304075846236e-06,
      "pct_error": 99.52969470571006
    },
    "Ka2_z": {
      "true": 3.0673821745322856e-06,
      "est": 2.998110090554662e-06,
      "abs_error": 6.92720839776238e-08,
      "pct_error": 2.258345391479834
    },
    "rx_x": {
      "true": 0.01,
      "est": 0.010047829985757322,
      "abs_error": 4.7829985757322224e-05,
      "pct_error": 0.47829985757322224
    },
    "rx_y": {
      "true": 0.02,
      "est": 0.02026954393497685,
      "abs_error": 0.00026954393497685,
      "pct_error": 1.34771967488425
    },
    "rx_z": {
      "true": 0.03,
      "est": 0.030383557411860183,
      "abs_error": 0.0003835574118601845,
      "pct_error": 1.2785247062006149
    },
    "ry_x": {
      "true": 0.04,
      "est": 0.040557817522277696,
      "abs_error": 0.0005578175222776954,
      "pct_error": 1.3945438056942385
    },
    "ry_y": {
      "true": 0.05,
      "est": 0.05021384628673647,
      "abs_error": 0.0002138462867364646,
      "pct_error": 0.4276925734729292
    },
    "ry_z": {
      "true": 0.06,
      "est": 0.06066358418457666,
      "abs_error": 0.0006635841845766613,
      "pct_error": 1.1059736409611023
    }
  },
  "focus_scale_pct": {
    "dKg_xx": 36.08980737495931,
    "dKg_xy": 0.10971476582376193,
    "dKg_yy": 2.2117000081345406,
    "dKg_zz": 63.70902830848822,
    "dKa_xx": 3.57646176786759
  },
  "lever_guard_pct": {
    "rx_y": 1.34771967488425,
    "ry_z": 1.1059736409611023
  },
  "overall": {
    "mean_pct_error": 11.196679003422249,
    "median_pct_error": 1.3131221905424324,
    "max_pct_error": 99.52969470571006
  },
  "extra": {
    "noise_scale": 0.08,
    "noise_config": {
      "arw_dpsh": 0.0004,
      "vrw_ugpsHz": 0.4,
      "bi_g_dph": 0.00016,
      "bi_a_ug": 0.4,
      "tau_g": 300.0,
      "tau_a": 300.0,
      "seed": 42,
      "base_family": "round53_round61_shared"
    },
    "comparison_mode": "ch3_closedloop_local_insertions",
    "candidate_name": "entryx_l8_xpair_pos4_plus_l11_y8x0",
    "method_key": "markov42_noisy",
    "legality": "faithful12_base_plus_closed_loop_local_insertions",
    "time_total_s": 1294.0
  }
}