{
  "variant": "terminaly_l12_neg2_plus_mainline_markov42_noisy_noise0p08",
  "method_file": "search_ch3_12pos_closedloop_local_insertions.py",
  "source_file": "/root/.openclaw/workspace/tmp_psins_py/psins_py/test_calibration_markov_pruned.py",
  "param_order": [
    "eb_x",
    "eb_y",
    "eb_z",
    "db_x",
    "db_y",
    "db_z",
    "dKg_xx",
    "dKg_yx",
    "dKg_zx",
    "dKg_xy",
    "dKg_yy",
    "dKg_zy",
    "dKg_xz",
    "dKg_yz",
    "dKg_zz",
    "dKa_xx",
    "dKa_xy",
    "dKa_xz",
    "dKa_yy",
    "dKa_yz",
    "dKa_zz",
    "Ka2_x",
    "Ka2_y",
    "Ka2_z",
    "rx_x",
    "rx_y",
    "rx_z",
    "ry_x",
    "ry_y",
    "ry_z"
  ],
  "param_errors": {
    "eb_x": {
      "true": 4.84813681109536e-07,
      "est": 4.605302305166482e-07,
      "abs_error": 2.428345059288783e-08,
      "pct_error": 5.008821231552945
    },
    "eb_y": {
      "true": 9.69627362219072e-07,
      "est": 9.683850126109703e-07,
      "abs_error": 1.242349608101762e-09,
      "pct_error": 0.128126500603133
    },
    "eb_z": {
      "true": 1.4544410433286078e-06,
      "est": 1.4478348876440177e-06,
      "abs_error": 6.6061556845900865e-09,
      "pct_error": 0.45420580744004285
    },
    "db_x": {
      "true": 0.00097803267715,
      "est": 0.0009821879332175371,
      "abs_error": 4.155256067537227e-06,
      "pct_error": 0.42485861307269385
    },
    "db_y": {
      "true": 0.0019560653543,
      "est": 0.001961234598720354,
      "abs_error": 5.169244420354362e-06,
      "pct_error": 0.2642674698465909
    },
    "db_z": {
      "true": 0.00293409803145,
      "est": 0.002942719387314538,
      "abs_error": 8.621355864537814e-06,
      "pct_error": 0.2938332588798075
    },
    "dKg_xx": {
      "true": -9.99999999995449e-06,
      "est": -1.5077724583756336e-05,
      "abs_error": 5.077724583801846e-06,
      "pct_error": 50.77724583824955
    },
    "dKg_yx": {
      "true": 0.0001454441043328608,
      "est": 0.0001451269772988825,
      "abs_error": 3.171270339782841e-07,
      "pct_error": 0.2180404873974904
    },
    "dKg_zx": {
      "true": 0.00024240684055476798,
      "est": 0.00024188257639763886,
      "abs_error": 5.242641571291239e-07,
      "pct_error": 0.21627448958507206
    },
    "dKg_xy": {
      "true": 4.84813681109536e-05,
      "est": 4.870808813905705e-05,
      "abs_error": 2.2672002810345248e-07,
      "pct_error": 0.46764362669094867
    },
    "dKg_yy": {
      "true": -2.0000000000020002e-05,
      "est": -1.93588706833836e-05,
      "abs_error": 6.411293166364018e-07,
      "pct_error": 3.2056465831788032
    },
    "dKg_zy": {
      "true": 0.0002908882086657216,
      "est": 0.00028977977708076485,
      "abs_error": 1.1084315849567276e-06,
      "pct_error": 0.38105071018210224
    },
    "dKg_xz": {
      "true": 9.69627362219072e-05,
      "est": 9.64683131846866e-05,
      "abs_error": 4.944230372205957e-07,
      "pct_error": 0.5099103598820354
    },
    "dKg_yz": {
      "true": 0.0001939254724438144,
      "est": 0.0001952062503816246,
      "abs_error": 1.2807779378102137e-06,
      "pct_error": 0.6604485329699484
    },
    "dKg_zz": {
      "true": -2.999999999997449e-05,
      "est": -1.0502294991443506e-05,
      "abs_error": 1.9497705008530986e-05,
      "pct_error": 64.99235002849188
    },
    "dKa_xx": {
      "true": -9.99999999995449e-06,
      "est": -9.414137490670882e-06,
      "abs_error": 5.858625092836078e-07,
      "pct_error": 5.8586250928627415
    },
    "dKa_xy": {
      "true": 4.84813681109536e-05,
      "est": 5.140959887622035e-05,
      "abs_error": 2.928230765266755e-06,
      "pct_error": 6.039909514445339
    },
    "dKa_xz": {
      "true": 9.69627362219072e-05,
      "est": 9.608941603793374e-05,
      "abs_error": 8.733201839734541e-07,
      "pct_error": 0.9006760926948153
    },
    "dKa_yy": {
      "true": -2.0000000000020002e-05,
      "est": -2.39279603042597e-06,
      "abs_error": 1.7607203969594032e-05,
      "pct_error": 88.03601984788212
    },
    "dKa_yz": {
      "true": 0.0001939254724438144,
      "est": 0.00019505481531601339,
      "abs_error": 1.1293428721989985e-06,
      "pct_error": 0.5823592218016643
    },
    "dKa_zz": {
      "true": -2.999999999997449e-05,
      "est": -3.048684557760417e-05,
      "abs_error": 4.868455776296798e-07,
      "pct_error": 1.6228185921003127
    },
    "Ka2_x": {
      "true": 1.0224607248440952e-06,
      "est": 1.02528004708459e-06,
      "abs_error": 2.8193222404948854e-09,
      "pct_error": 0.2757389278619749
    },
    "Ka2_y": {
      "true": 2.0449214496881904e-06,
      "est": 8.927217176108418e-09,
      "abs_error": 2.035994232512082e-06,
      "pct_error": 99.56344449428757
    },
    "Ka2_z": {
      "true": 3.0673821745322856e-06,
      "est": 2.983963138973764e-06,
      "abs_error": 8.34190355585217e-08,
      "pct_error": 2.7195514224190678
    },
    "rx_x": {
      "true": 0.01,
      "est": 0.009908338974488586,
      "abs_error": 9.166102551141399e-05,
      "pct_error": 0.9166102551141398
    },
    "rx_y": {
      "true": 0.02,
      "est": 0.020005135428943017,
      "abs_error": 5.135428943016385e-06,
      "pct_error": 0.025677144715081923
    },
    "rx_z": {
      "true": 0.03,
      "est": 0.030720069582941018,
      "abs_error": 0.0007200695829410186,
      "pct_error": 2.400231943136729
    },
    "ry_x": {
      "true": 0.04,
      "est": 0.040369641218512074,
      "abs_error": 0.00036964121851207343,
      "pct_error": 0.9241030462801836
    },
    "ry_y": {
      "true": 0.05,
      "est": 0.05002836556617832,
      "abs_error": 2.8365566178314983e-05,
      "pct_error": 0.056731132356629965
    },
    "ry_z": {
      "true": 0.06,
      "est": 0.06068278000331086,
      "abs_error": 0.0006827800033108594,
      "pct_error": 1.1379666721847659
    }
  },
  "focus_scale_pct": {
    "dKg_xx": 50.77724583824955,
    "dKg_xy": 0.46764362669094867,
    "dKg_yy": 3.2056465831788032,
    "dKg_zz": 64.99235002849188,
    "dKa_xx": 5.8586250928627415
  },
  "lever_guard_pct": {
    "rx_y": 0.025677144715081923,
    "ry_z": 1.1379666721847659
  },
  "overall": {
    "mean_pct_error": 11.302106231272207,
    "median_pct_error": 0.7805623128323819,
    "max_pct_error": 99.56344449428757
  },
  "extra": {
    "noise_scale": 0.08,
    "noise_config": {
      "arw_dpsh": 0.0004,
      "vrw_ugpsHz": 0.4,
      "bi_g_dph": 0.00016,
      "bi_a_ug": 0.4,
      "tau_g": 300.0,
      "tau_a": 300.0,
      "seed": 42,
      "base_family": "round53_round61_shared"
    },
    "comparison_mode": "ch3_closedloop_local_insertions",
    "candidate_name": "terminaly_l12_neg2_plus_mainline",
    "method_key": "markov42_noisy",
    "legality": "faithful12_base_plus_closed_loop_local_insertions",
    "time_total_s": 1365.0
  }
}