{
  "variant": "anchor2_zpair_anchor11_xpair_symmetric20_outerheavy_50_70_markov42_noisy_noise0p08",
  "method_file": "search_ch3_12pos_closedloop_local_insertions.py",
  "source_file": "/root/.openclaw/workspace/tmp_psins_py/psins_py/test_calibration_markov_pruned.py",
  "param_order": [
    "eb_x",
    "eb_y",
    "eb_z",
    "db_x",
    "db_y",
    "db_z",
    "dKg_xx",
    "dKg_yx",
    "dKg_zx",
    "dKg_xy",
    "dKg_yy",
    "dKg_zy",
    "dKg_xz",
    "dKg_yz",
    "dKg_zz",
    "dKa_xx",
    "dKa_xy",
    "dKa_xz",
    "dKa_yy",
    "dKa_yz",
    "dKa_zz",
    "Ka2_x",
    "Ka2_y",
    "Ka2_z",
    "rx_x",
    "rx_y",
    "rx_z",
    "ry_x",
    "ry_y",
    "ry_z"
  ],
  "param_errors": {
    "eb_x": {
      "true": 4.84813681109536e-07,
      "est": 4.778219877152481e-07,
      "abs_error": 6.991693394287946e-09,
      "pct_error": 1.4421402833119066
    },
    "eb_y": {
      "true": 9.69627362219072e-07,
      "est": 9.69337596898109e-07,
      "abs_error": 2.8976532096307704e-10,
      "pct_error": 0.029884193892788385
    },
    "eb_z": {
      "true": 1.4544410433286078e-06,
      "est": 1.4439185455719688e-06,
      "abs_error": 1.052249775663899e-08,
      "pct_error": 0.7234736536695492
    },
    "db_x": {
      "true": 0.00097803267715,
      "est": 0.0009789213880819212,
      "abs_error": 8.887109319212928e-07,
      "pct_error": 0.09086720236291165
    },
    "db_y": {
      "true": 0.0019560653543,
      "est": 0.0019647202487668,
      "abs_error": 8.654894466799973e-06,
      "pct_error": 0.44246448349867257
    },
    "db_z": {
      "true": 0.00293409803145,
      "est": 0.0029397802573312864,
      "abs_error": 5.682225881286241e-06,
      "pct_error": 0.19366175977692693
    },
    "dKg_xx": {
      "true": -9.99999999995449e-06,
      "est": -9.906067453213652e-06,
      "abs_error": 9.393254674083806e-08,
      "pct_error": 0.9393254674126555
    },
    "dKg_yx": {
      "true": 0.0001454441043328608,
      "est": 0.00014427584555566953,
      "abs_error": 1.1682587771912577e-06,
      "pct_error": 0.8032355677460816
    },
    "dKg_zx": {
      "true": 0.00024240684055476798,
      "est": 0.0002426880346926602,
      "abs_error": 2.8119413789221047e-07,
      "pct_error": 0.11600090874031219
    },
    "dKg_xy": {
      "true": 4.84813681109536e-05,
      "est": 4.879090356951547e-05,
      "abs_error": 3.0953545856187575e-07,
      "pct_error": 0.6384627138687143
    },
    "dKg_yy": {
      "true": -2.0000000000020002e-05,
      "est": -1.9942819029283854e-05,
      "abs_error": 5.718097073614814e-08,
      "pct_error": 0.28590485368045476
    },
    "dKg_zy": {
      "true": 0.0002908882086657216,
      "est": 0.0002898381251920144,
      "abs_error": 1.0500834737071658e-06,
      "pct_error": 0.36099210707914414
    },
    "dKg_xz": {
      "true": 9.69627362219072e-05,
      "est": 9.723077268622538e-05,
      "abs_error": 2.680364643181828e-07,
      "pct_error": 0.27643244689873364
    },
    "dKg_yz": {
      "true": 0.0001939254724438144,
      "est": 0.00019359510654526644,
      "abs_error": 3.303658985479431e-07,
      "pct_error": 0.17035714513659844
    },
    "dKg_zz": {
      "true": -2.999999999997449e-05,
      "est": -2.9523122255348255e-05,
      "abs_error": 4.768777446262362e-07,
      "pct_error": 1.5895924820888059
    },
    "dKa_xx": {
      "true": -9.99999999995449e-06,
      "est": -9.623397364100228e-06,
      "abs_error": 3.766026358542618e-07,
      "pct_error": 3.766026358559757
    },
    "dKa_xy": {
      "true": 4.84813681109536e-05,
      "est": 4.8950400842762287e-05,
      "abs_error": 4.690327318086898e-07,
      "pct_error": 0.9674494555006571
    },
    "dKa_xz": {
      "true": 9.69627362219072e-05,
      "est": 9.691676785378616e-05,
      "abs_error": 4.596836812103221e-08,
      "pct_error": 0.04740828271989955
    },
    "dKa_yy": {
      "true": -2.0000000000020002e-05,
      "est": -1.932508823632162e-05,
      "abs_error": 6.749117636983826e-07,
      "pct_error": 3.374558818488538
    },
    "dKa_yz": {
      "true": 0.0001939254724438144,
      "est": 0.00019440983441624605,
      "abs_error": 4.843619724316604e-07,
      "pct_error": 0.24976707099269463
    },
    "dKa_zz": {
      "true": -2.999999999997449e-05,
      "est": -2.9628546576399017e-05,
      "abs_error": 3.7145342357547406e-07,
      "pct_error": 1.2381780785859664
    },
    "Ka2_x": {
      "true": 1.0224607248440952e-06,
      "est": 1.0181388032422661e-06,
      "abs_error": 4.321921601829094e-09,
      "pct_error": 0.4226980554669325
    },
    "Ka2_y": {
      "true": 2.0449214496881904e-06,
      "est": 2.01340121573009e-06,
      "abs_error": 3.1520233958100624e-08,
      "pct_error": 1.541390940121775
    },
    "Ka2_z": {
      "true": 3.0673821745322856e-06,
      "est": 3.033442477937813e-06,
      "abs_error": 3.3939696594472505e-08,
      "pct_error": 1.1064710773983562
    },
    "rx_x": {
      "true": 0.01,
      "est": 0.01015490527253954,
      "abs_error": 0.00015490527253953987,
      "pct_error": 1.5490527253953987
    },
    "rx_y": {
      "true": 0.02,
      "est": 0.01997831676279218,
      "abs_error": 2.1683237207820866e-05,
      "pct_error": 0.10841618603910433
    },
    "rx_z": {
      "true": 0.03,
      "est": 0.030204381208243623,
      "abs_error": 0.00020438120824362374,
      "pct_error": 0.6812706941454125
    },
    "ry_x": {
      "true": 0.04,
      "est": 0.03999123797551749,
      "abs_error": 8.762024482508735e-06,
      "pct_error": 0.021905061206271836
    },
    "ry_y": {
      "true": 0.05,
      "est": 0.05012786300975537,
      "abs_error": 0.00012786300975536902,
      "pct_error": 0.25572601951073803
    },
    "ry_z": {
      "true": 0.06,
      "est": 0.06013268011635346,
      "abs_error": 0.00013268011635346466,
      "pct_error": 0.22113352725577445
    }
  },
  "focus_scale_pct": {
    "dKg_xx": 0.9393254674126555,
    "dKg_xy": 0.6384627138687143,
    "dKg_yy": 0.28590485368045476,
    "dKg_zz": 1.5895924820888059,
    "dKa_xx": 3.766026358559757
  },
  "lever_guard_pct": {
    "rx_y": 0.10841618603910433,
    "ry_z": 0.22113352725577445
  },
  "overall": {
    "mean_pct_error": 0.788474920685051,
    "median_pct_error": 0.4325812694828025,
    "max_pct_error": 3.766026358559757
  },
  "extra": {
    "noise_scale": 0.08,
    "noise_config": {
      "arw_dpsh": 0.0004,
      "vrw_ugpsHz": 0.4,
      "bi_g_dph": 0.00016,
      "bi_a_ug": 0.4,
      "tau_g": 300.0,
      "tau_a": 300.0,
      "seed": 42,
      "base_family": "round53_round61_shared"
    },
    "comparison_mode": "corrected_symmetric20_followup",
    "candidate_name": "anchor2_zpair_anchor11_xpair_symmetric20_outerheavy_50_70",
    "method_key": "markov42_noisy",
    "legality": "faithful12_base_plus_closed_loop_local_insertions",
    "time_total_s": 1200.0,
    "att0_deg": [
      0.0,
      0.0,
      0.0
    ],
    "candidate_registry_key": "anchor2_zpair_anchor11_xpair_symmetric20_outerheavy_50_70",
    "family": "symmetry_preserving_timing_redistribution",
    "hypothesis_id": "A1"
  }
}