{
  "variant": "handoffy_l6_ypair_neg1_markov42_noisy_noise0p08",
  "method_file": "search_ch3_12pos_closedloop_local_insertions.py",
  "source_file": "/root/.openclaw/workspace/tmp_psins_py/psins_py/test_calibration_markov_pruned.py",
  "param_order": [
    "eb_x",
    "eb_y",
    "eb_z",
    "db_x",
    "db_y",
    "db_z",
    "dKg_xx",
    "dKg_yx",
    "dKg_zx",
    "dKg_xy",
    "dKg_yy",
    "dKg_zy",
    "dKg_xz",
    "dKg_yz",
    "dKg_zz",
    "dKa_xx",
    "dKa_xy",
    "dKa_xz",
    "dKa_yy",
    "dKa_yz",
    "dKa_zz",
    "Ka2_x",
    "Ka2_y",
    "Ka2_z",
    "rx_x",
    "rx_y",
    "rx_z",
    "ry_x",
    "ry_y",
    "ry_z"
  ],
  "param_errors": {
    "eb_x": {
      "true": 4.84813681109536e-07,
      "est": 4.6281370696552174e-07,
      "abs_error": 2.1999974144014312e-08,
      "pct_error": 4.537820404256241
    },
    "eb_y": {
      "true": 9.69627362219072e-07,
      "est": 9.736681812647746e-07,
      "abs_error": 4.040819045702544e-09,
      "pct_error": 0.41673937877070605
    },
    "eb_z": {
      "true": 1.4544410433286078e-06,
      "est": 1.4533078292201632e-06,
      "abs_error": 1.1332141084446452e-09,
      "pct_error": 0.07791406283827028
    },
    "db_x": {
      "true": 0.00097803267715,
      "est": 0.0009784864116202737,
      "abs_error": 4.537344702737478e-07,
      "pct_error": 0.04639256753628478
    },
    "db_y": {
      "true": 0.0019560653543,
      "est": 0.0019576324881583136,
      "abs_error": 1.5671338583138177e-06,
      "pct_error": 0.08011664103496349
    },
    "db_z": {
      "true": 0.00293409803145,
      "est": 0.0031896550413274593,
      "abs_error": 0.0002555570098774591,
      "pct_error": 8.709900185276547
    },
    "dKg_xx": {
      "true": -9.99999999995449e-06,
      "est": -9.539656737445057e-06,
      "abs_error": 4.603432625094328e-07,
      "pct_error": 4.603432625115278
    },
    "dKg_yx": {
      "true": 0.0001454441043328608,
      "est": 0.0001454642323806659,
      "abs_error": 2.0128047805123258e-08,
      "pct_error": 0.013839026268853472
    },
    "dKg_zx": {
      "true": 0.00024240684055476798,
      "est": 0.0002170300444128611,
      "abs_error": 2.5376796141906872e-05,
      "pct_error": 10.468679878764966
    },
    "dKg_xy": {
      "true": 4.84813681109536e-05,
      "est": 4.7626096042519804e-05,
      "abs_error": 8.552720684337927e-07,
      "pct_error": 1.7641252748404959
    },
    "dKg_yy": {
      "true": -2.0000000000020002e-05,
      "est": -1.97501901235686e-05,
      "abs_error": 2.498098764514012e-07,
      "pct_error": 1.2490493822557567
    },
    "dKg_zy": {
      "true": 0.0002908882086657216,
      "est": 0.00029169124992718464,
      "abs_error": 8.03041261463063e-07,
      "pct_error": 0.2760652503401709
    },
    "dKg_xz": {
      "true": 9.69627362219072e-05,
      "est": 0.00012240132633787925,
      "abs_error": 2.543859011597206e-05,
      "pct_error": 26.23542930735139
    },
    "dKg_yz": {
      "true": 0.0001939254724438144,
      "est": 0.00019224483886517396,
      "abs_error": 1.680633578640423e-06,
      "pct_error": 0.8666388986765777
    },
    "dKg_zz": {
      "true": -2.999999999997449e-05,
      "est": -3.3270740311674984e-06,
      "abs_error": 2.6672925968806993e-05,
      "pct_error": 88.90975322943224
    },
    "dKa_xx": {
      "true": -9.99999999995449e-06,
      "est": -7.622156711795114e-06,
      "abs_error": 2.377843288159376e-06,
      "pct_error": 23.778432881701974
    },
    "dKa_xy": {
      "true": 4.84813681109536e-05,
      "est": 4.950454682215774e-05,
      "abs_error": 1.0231787112041402e-06,
      "pct_error": 2.110457586226757
    },
    "dKa_xz": {
      "true": 9.69627362219072e-05,
      "est": 0.00012169923227506927,
      "abs_error": 2.4736496053162077e-05,
      "pct_error": 25.5113428281877
    },
    "dKa_yy": {
      "true": -2.0000000000020002e-05,
      "est": 1.5174312146815083e-06,
      "abs_error": 2.151743121470151e-05,
      "pct_error": 107.58715607339995
    },
    "dKa_yz": {
      "true": 0.0001939254724438144,
      "est": 0.00019300914544580027,
      "abs_error": 9.163269980141183e-07,
      "pct_error": 0.4725150267609139
    },
    "dKa_zz": {
      "true": -2.999999999997449e-05,
      "est": -2.9931288228368658e-05,
      "abs_error": 6.871177160583386e-08,
      "pct_error": 0.22903923868630763
    },
    "Ka2_x": {
      "true": 1.0224607248440952e-06,
      "est": 1.251804178599078e-06,
      "abs_error": 2.2934345375498275e-07,
      "pct_error": 22.4305392062813
    },
    "Ka2_y": {
      "true": 2.0449214496881904e-06,
      "est": 1.085400317007969e-09,
      "abs_error": 2.0438360493711826e-06,
      "pct_error": 99.94692215110886
    },
    "Ka2_z": {
      "true": 3.0673821745322856e-06,
      "est": 4.4404542366683355e-07,
      "abs_error": 2.623336750865452e-06,
      "pct_error": 85.52363551716404
    },
    "rx_x": {
      "true": 0.01,
      "est": 0.010244938431341449,
      "abs_error": 0.00024493843134144877,
      "pct_error": 2.4493843134144875
    },
    "rx_y": {
      "true": 0.02,
      "est": 0.020002329393275082,
      "abs_error": 2.3293932750814705e-06,
      "pct_error": 0.011646966375407353
    },
    "rx_z": {
      "true": 0.03,
      "est": 0.0313273562521086,
      "abs_error": 0.0013273562521085996,
      "pct_error": 4.424520840361999
    },
    "ry_x": {
      "true": 0.04,
      "est": 0.04033525195820213,
      "abs_error": 0.00033525195820213044,
      "pct_error": 0.8381298955053261
    },
    "ry_y": {
      "true": 0.05,
      "est": 0.05003222972773304,
      "abs_error": 3.222972773303523e-05,
      "pct_error": 0.06445945546607046
    },
    "ry_z": {
      "true": 0.06,
      "est": 0.060033891587320753,
      "abs_error": 3.38915873207557e-05,
      "pct_error": 0.05648597886792617
    }
  },
  "focus_scale_pct": {
    "dKg_xx": 4.603432625115278,
    "dKg_xy": 1.7641252748404959,
    "dKg_yy": 1.2490493822557567,
    "dKg_zz": 88.90975322943224,
    "dKa_xx": 23.778432881701974
  },
  "lever_guard_pct": {
    "rx_y": 0.011646966375407353,
    "ry_z": 0.05648597886792617
  },
  "overall": {
    "mean_pct_error": 17.456352135742257,
    "median_pct_error": 1.9372914305336266,
    "max_pct_error": 107.58715607339995
  },
  "extra": {
    "noise_scale": 0.08,
    "noise_config": {
      "arw_dpsh": 0.0004,
      "vrw_ugpsHz": 0.4,
      "bi_g_dph": 0.00016,
      "bi_a_ug": 0.4,
      "tau_g": 300.0,
      "tau_a": 300.0,
      "seed": 42,
      "base_family": "round53_round61_shared"
    },
    "comparison_mode": "ch3_closedloop_local_insertions",
    "candidate_name": "handoffy_l6_ypair_neg1",
    "method_key": "markov42_noisy",
    "legality": "faithful12_base_plus_closed_loop_local_insertions",
    "time_total_s": 1212.0
  }
}