{
  "variant": "midgw_l6_bfly_flip_d8_markov42_noisy_noise0p08",
  "method_file": "search_ch3_12pos_closedloop_local_insertions.py",
  "source_file": "/root/.openclaw/workspace/tmp_psins_py/psins_py/test_calibration_markov_pruned.py",
  "param_order": [
    "eb_x",
    "eb_y",
    "eb_z",
    "db_x",
    "db_y",
    "db_z",
    "dKg_xx",
    "dKg_yx",
    "dKg_zx",
    "dKg_xy",
    "dKg_yy",
    "dKg_zy",
    "dKg_xz",
    "dKg_yz",
    "dKg_zz",
    "dKa_xx",
    "dKa_xy",
    "dKa_xz",
    "dKa_yy",
    "dKa_yz",
    "dKa_zz",
    "Ka2_x",
    "Ka2_y",
    "Ka2_z",
    "rx_x",
    "rx_y",
    "rx_z",
    "ry_x",
    "ry_y",
    "ry_z"
  ],
  "param_errors": {
    "eb_x": {
      "true": 4.84813681109536e-07,
      "est": 4.5554042492165847e-07,
      "abs_error": 2.9273256187877575e-08,
      "pct_error": 6.0380425158141815
    },
    "eb_y": {
      "true": 9.69627362219072e-07,
      "est": 9.75887359663012e-07,
      "abs_error": 6.259997443939808e-09,
      "pct_error": 0.6456085799407814
    },
    "eb_z": {
      "true": 1.4544410433286078e-06,
      "est": 1.445284663819495e-06,
      "abs_error": 9.156379509112863e-09,
      "pct_error": 0.6295462817906827
    },
    "db_x": {
      "true": 0.00097803267715,
      "est": 0.0009762528678934455,
      "abs_error": 1.7798092565543848e-06,
      "pct_error": 0.18197850625408266
    },
    "db_y": {
      "true": 0.0019560653543,
      "est": 0.0019600440274785366,
      "abs_error": 3.978673178536753e-06,
      "pct_error": 0.20340185310222247
    },
    "db_z": {
      "true": 0.00293409803145,
      "est": 0.002995284038019961,
      "abs_error": 6.118600656996069e-05,
      "pct_error": 2.0853429542612525
    },
    "dKg_xx": {
      "true": -9.99999999995449e-06,
      "est": 1.95601212515939e-06,
      "abs_error": 1.195601212511388e-05,
      "pct_error": 119.56012125168292
    },
    "dKg_yx": {
      "true": 0.0001454441043328608,
      "est": 0.00014548542842509322,
      "abs_error": 4.132409223242973e-08,
      "pct_error": 0.02841235292553086
    },
    "dKg_zx": {
      "true": 0.00024240684055476798,
      "est": 0.00023601311101944692,
      "abs_error": 6.393729535321061e-06,
      "pct_error": 2.637602767598672
    },
    "dKg_xy": {
      "true": 4.84813681109536e-05,
      "est": 4.815366958831991e-05,
      "abs_error": 3.2769852263368884e-07,
      "pct_error": 0.6759267227849755
    },
    "dKg_yy": {
      "true": -2.0000000000020002e-05,
      "est": -2.006508533969331e-05,
      "abs_error": 6.508533967330976e-08,
      "pct_error": 0.3254266983662234
    },
    "dKg_zy": {
      "true": 0.0002908882086657216,
      "est": 0.0003037898521454246,
      "abs_error": 1.2901643479703011e-05,
      "pct_error": 4.43525832101676
    },
    "dKg_xz": {
      "true": 9.69627362219072e-05,
      "est": 0.0001035418634659199,
      "abs_error": 6.579127244012709e-06,
      "pct_error": 6.785212031306373
    },
    "dKg_yz": {
      "true": 0.0001939254724438144,
      "est": 0.0001810832372425517,
      "abs_error": 1.2842235201262678e-05,
      "pct_error": 6.622252888920217
    },
    "dKg_zz": {
      "true": -2.999999999997449e-05,
      "est": -1.779957133263288e-05,
      "abs_error": 1.2200428667341612e-05,
      "pct_error": 40.66809555783995
    },
    "dKa_xx": {
      "true": -9.99999999995449e-06,
      "est": -1.1785353625448636e-05,
      "abs_error": 1.785353625494146e-06,
      "pct_error": 17.85353625502271
    },
    "dKa_xy": {
      "true": 4.84813681109536e-05,
      "est": 4.458469776451031e-05,
      "abs_error": 3.89667034644329e-06,
      "pct_error": 8.037459540179311
    },
    "dKa_xz": {
      "true": 9.69627362219072e-05,
      "est": 0.00010239932790650712,
      "abs_error": 5.436591684599923e-06,
      "pct_error": 5.606887652342891
    },
    "dKa_yy": {
      "true": -2.0000000000020002e-05,
      "est": -3.1481442128722392e-06,
      "abs_error": 1.6851855787147763e-05,
      "pct_error": 84.25927893565455
    },
    "dKa_yz": {
      "true": 0.0001939254724438144,
      "est": 0.00018149026242225667,
      "abs_error": 1.243521002155772e-05,
      "pct_error": 6.412365464346386
    },
    "dKa_zz": {
      "true": -2.999999999997449e-05,
      "est": -3.010158750216263e-05,
      "abs_error": 1.015875021881385e-07,
      "pct_error": 0.3386250072940829
    },
    "Ka2_x": {
      "true": 1.0224607248440952e-06,
      "est": 8.51445006925358e-07,
      "abs_error": 1.7101571791873723e-07,
      "pct_error": 16.72589604307918
    },
    "Ka2_y": {
      "true": 2.0449214496881904e-06,
      "est": -8.750099423122264e-11,
      "abs_error": 2.045008950682422e-06,
      "pct_error": 100.00427894158206
    },
    "Ka2_z": {
      "true": 3.0673821745322856e-06,
      "est": 2.4536461126188906e-06,
      "abs_error": 6.13736061913395e-07,
      "pct_error": 20.008464123221863
    },
    "rx_x": {
      "true": 0.01,
      "est": 0.010526127222449364,
      "abs_error": 0.000526127222449364,
      "pct_error": 5.26127222449364
    },
    "rx_y": {
      "true": 0.02,
      "est": 0.019851597433721526,
      "abs_error": 0.00014840256627847437,
      "pct_error": 0.7420128313923718
    },
    "rx_z": {
      "true": 0.03,
      "est": 0.03048539865266939,
      "abs_error": 0.0004853986526693922,
      "pct_error": 1.6179955088979743
    },
    "ry_x": {
      "true": 0.04,
      "est": 0.040560281329937366,
      "abs_error": 0.0005602813299373649,
      "pct_error": 1.4007033248434122
    },
    "ry_y": {
      "true": 0.05,
      "est": 0.05011330165184731,
      "abs_error": 0.00011330165184730845,
      "pct_error": 0.2266033036946169
    },
    "ry_z": {
      "true": 0.06,
      "est": 0.060769459484966974,
      "abs_error": 0.0007694594849669764,
      "pct_error": 1.2824324749449607
    }
  },
  "focus_scale_pct": {
    "dKg_xx": 119.56012125168292,
    "dKg_xy": 0.6759267227849755,
    "dKg_yy": 0.3254266983662234,
    "dKg_zz": 40.66809555783995,
    "dKa_xx": 17.85353625502271
  },
  "lever_guard_pct": {
    "rx_y": 0.7420128313923718,
    "ry_z": 1.2824324749449607
  },
  "overall": {
    "mean_pct_error": 15.376668030486494,
    "median_pct_error": 3.536430544307716,
    "max_pct_error": 119.56012125168292
  },
  "extra": {
    "noise_scale": 0.08,
    "noise_config": {
      "arw_dpsh": 0.0004,
      "vrw_ugpsHz": 0.4,
      "bi_g_dph": 0.00016,
      "bi_a_ug": 0.4,
      "tau_g": 300.0,
      "tau_a": 300.0,
      "seed": 42,
      "base_family": "round53_round61_shared"
    },
    "comparison_mode": "ch3_closedloop_local_insertions",
    "candidate_name": "midgw_l6_bfly_flip_d8",
    "method_key": "markov42_noisy",
    "legality": "faithful12_base_plus_closed_loop_local_insertions",
    "time_total_s": 1271.0
  }
}