{
  "variant": "tail_z_return_nx_ny_markov42_noisy_noise0p08",
  "method_file": "search_ch3_12pos_append_tail.py",
  "source_file": "/root/.openclaw/workspace/tmp_psins_py/psins_py/test_calibration_markov_pruned.py",
  "param_order": [
    "eb_x",
    "eb_y",
    "eb_z",
    "db_x",
    "db_y",
    "db_z",
    "dKg_xx",
    "dKg_yx",
    "dKg_zx",
    "dKg_xy",
    "dKg_yy",
    "dKg_zy",
    "dKg_xz",
    "dKg_yz",
    "dKg_zz",
    "dKa_xx",
    "dKa_xy",
    "dKa_xz",
    "dKa_yy",
    "dKa_yz",
    "dKa_zz",
    "Ka2_x",
    "Ka2_y",
    "Ka2_z",
    "rx_x",
    "rx_y",
    "rx_z",
    "ry_x",
    "ry_y",
    "ry_z"
  ],
  "param_errors": {
    "eb_x": {
      "true": 4.84813681109536e-07,
      "est": 4.7444599889156963e-07,
      "abs_error": 1.0367682217966421e-08,
      "pct_error": 2.13848796392031
    },
    "eb_y": {
      "true": 9.69627362219072e-07,
      "est": 9.681606647303477e-07,
      "abs_error": 1.4666974887243606e-09,
      "pct_error": 0.1512640366674165
    },
    "eb_z": {
      "true": 1.4544410433286078e-06,
      "est": 1.4494652881479173e-06,
      "abs_error": 4.97575518069054e-09,
      "pct_error": 0.34210772609270673
    },
    "db_x": {
      "true": 0.00097803267715,
      "est": 0.0009822544367176372,
      "abs_error": 4.221759567637302e-06,
      "pct_error": 0.4316583347643931
    },
    "db_y": {
      "true": 0.0019560653543,
      "est": 0.0019573718447538947,
      "abs_error": 1.3064904538949082e-06,
      "pct_error": 0.06679175882456395
    },
    "db_z": {
      "true": 0.00293409803145,
      "est": 0.0030997807518546375,
      "abs_error": 0.00016568272040463732,
      "pct_error": 5.646802479968901
    },
    "dKg_xx": {
      "true": -9.99999999995449e-06,
      "est": -8.681751428651907e-06,
      "abs_error": 1.3182485713025827e-06,
      "pct_error": 13.18248571308582
    },
    "dKg_yx": {
      "true": 0.0001454441043328608,
      "est": 0.0001449465141269822,
      "abs_error": 4.975902058786011e-07,
      "pct_error": 0.3421178246866748
    },
    "dKg_zx": {
      "true": 0.00024240684055476798,
      "est": 0.00022478774041336566,
      "abs_error": 1.7619100141402327e-05,
      "pct_error": 7.268400553829078
    },
    "dKg_xy": {
      "true": 4.84813681109536e-05,
      "est": 4.814549050062362e-05,
      "abs_error": 3.358776103299781e-07,
      "pct_error": 0.6927973021745067
    },
    "dKg_yy": {
      "true": -2.0000000000020002e-05,
      "est": -1.9805180936804945e-05,
      "abs_error": 1.9481906321505704e-07,
      "pct_error": 0.974095316074311
    },
    "dKg_zy": {
      "true": 0.0002908882086657216,
      "est": 0.0002885399479856735,
      "abs_error": 2.3482606800480756e-06,
      "pct_error": 0.8072725569796518
    },
    "dKg_xz": {
      "true": 9.69627362219072e-05,
      "est": 0.00011417148183973122,
      "abs_error": 1.7208745617824022e-05,
      "pct_error": 17.747792903080203
    },
    "dKg_yz": {
      "true": 0.0001939254724438144,
      "est": 0.0001963857180647981,
      "abs_error": 2.460245620983703e-06,
      "pct_error": 1.268655215831177
    },
    "dKg_zz": {
      "true": -2.999999999997449e-05,
      "est": -2.7626780219058844e-06,
      "abs_error": 2.7237321978068607e-05,
      "pct_error": 90.7910732603059
    },
    "dKa_xx": {
      "true": -9.99999999995449e-06,
      "est": -6.140308502544656e-06,
      "abs_error": 3.859691497409834e-06,
      "pct_error": 38.59691497427399
    },
    "dKa_xy": {
      "true": 4.84813681109536e-05,
      "est": 4.7069312367093576e-05,
      "abs_error": 1.412055743860021e-06,
      "pct_error": 2.912574044173868
    },
    "dKa_xz": {
      "true": 9.69627362219072e-05,
      "est": 0.00011419121973506888,
      "abs_error": 1.7228483513161683e-05,
      "pct_error": 17.768149068867945
    },
    "dKa_yy": {
      "true": -2.0000000000020002e-05,
      "est": -4.964028861298431e-07,
      "abs_error": 1.950359711389016e-05,
      "pct_error": 97.51798556935327
    },
    "dKa_yz": {
      "true": 0.0001939254724438144,
      "est": 0.00019621593289581023,
      "abs_error": 2.2904604519958475e-06,
      "pct_error": 1.1811034533689007
    },
    "dKa_zz": {
      "true": -2.999999999997449e-05,
      "est": -2.995437673192214e-05,
      "abs_error": 4.562326805235273e-08,
      "pct_error": 0.15207756017463842
    },
    "Ka2_x": {
      "true": 1.0224607248440952e-06,
      "est": 1.405339187489691e-06,
      "abs_error": 3.828784626455958e-07,
      "pct_error": 37.44676478443483
    },
    "Ka2_y": {
      "true": 2.0449214496881904e-06,
      "est": 1.0379603245656869e-09,
      "abs_error": 2.0438834893636246e-06,
      "pct_error": 99.94924204424947
    },
    "Ka2_z": {
      "true": 3.0673821745322856e-06,
      "est": 1.316890176850107e-06,
      "abs_error": 1.7504919976821786e-06,
      "pct_error": 57.06794582742509
    },
    "rx_x": {
      "true": 0.01,
      "est": 0.010088556928537315,
      "abs_error": 8.85569285373148e-05,
      "pct_error": 0.8855692853731479
    },
    "rx_y": {
      "true": 0.02,
      "est": 0.019929921221383526,
      "abs_error": 7.007877861647457e-05,
      "pct_error": 0.3503938930823729
    },
    "rx_z": {
      "true": 0.03,
      "est": 0.03077487083073346,
      "abs_error": 0.0007748708307334616,
      "pct_error": 2.5829027691115387
    },
    "ry_x": {
      "true": 0.04,
      "est": 0.04000001307653949,
      "abs_error": 1.3076539490119998e-08,
      "pct_error": 3.2691348725299996e-05
    },
    "ry_y": {
      "true": 0.05,
      "est": 0.04995459031735746,
      "abs_error": 4.5409682642542915e-05,
      "pct_error": 0.09081936528508583
    },
    "ry_z": {
      "true": 0.06,
      "est": 0.0601675839540752,
      "abs_error": 0.00016758395407519971,
      "pct_error": 0.2793065901253329
    }
  },
  "focus_scale_pct": {
    "dKg_xx": 13.18248571308582,
    "dKg_xy": 0.6927973021745067,
    "dKg_yy": 0.974095316074311,
    "dKg_zz": 90.7910732603059,
    "dKa_xx": 38.59691497427399
  },
  "lever_guard_pct": {
    "rx_y": 0.3503938930823729,
    "ry_z": 0.2793065901253329
  },
  "overall": {
    "mean_pct_error": 16.62111949556446,
    "median_pct_error": 1.2248793346000388,
    "max_pct_error": 99.94924204424947
  },
  "extra": {
    "noise_scale": 0.08,
    "noise_config": {
      "arw_dpsh": 0.0004,
      "vrw_ugpsHz": 0.4,
      "bi_g_dph": 0.00016,
      "bi_a_ug": 0.4,
      "tau_g": 300.0,
      "tau_a": 300.0,
      "seed": 42,
      "base_family": "round53_round61_shared"
    },
    "comparison_mode": "ch3_append_tail_search",
    "candidate_name": "tail_z_return_nx_ny",
    "method_key": "markov42_noisy",
    "family": "z_return_closed",
    "timing_policy": "base100",
    "tail_actions": [
      [
        "inner",
        90
      ],
      [
        "outer",
        -90
      ],
      [
        "outer",
        90
      ],
      [
        "inner",
        -90
      ]
    ],
    "tail_length": 4,
    "tail_total_time_s": 400.0,
    "legality": "fixed_original_12_plus_legal_appended_tail_only"
  }
}