{
  "variant": "zseed_l5_neg2_plus_relaymax_unified_l9y2_markov42_noisy_noise0p08",
  "method_file": "search_ch3_12pos_closedloop_local_insertions.py",
  "source_file": "/root/.openclaw/workspace/tmp_psins_py/psins_py/test_calibration_markov_pruned.py",
  "param_order": [
    "eb_x",
    "eb_y",
    "eb_z",
    "db_x",
    "db_y",
    "db_z",
    "dKg_xx",
    "dKg_yx",
    "dKg_zx",
    "dKg_xy",
    "dKg_yy",
    "dKg_zy",
    "dKg_xz",
    "dKg_yz",
    "dKg_zz",
    "dKa_xx",
    "dKa_xy",
    "dKa_xz",
    "dKa_yy",
    "dKa_yz",
    "dKa_zz",
    "Ka2_x",
    "Ka2_y",
    "Ka2_z",
    "rx_x",
    "rx_y",
    "rx_z",
    "ry_x",
    "ry_y",
    "ry_z"
  ],
  "param_errors": {
    "eb_x": {
      "true": 4.84813681109536e-07,
      "est": 4.632555992576202e-07,
      "abs_error": 2.1558081851915844e-08,
      "pct_error": 4.446673576244465
    },
    "eb_y": {
      "true": 9.69627362219072e-07,
      "est": 9.708674201035367e-07,
      "abs_error": 1.2400578844646284e-09,
      "pct_error": 0.12789014963714038
    },
    "eb_z": {
      "true": 1.4544410433286078e-06,
      "est": 1.4471785930319832e-06,
      "abs_error": 7.2624502966246585e-09,
      "pct_error": 0.4993293011041509
    },
    "db_x": {
      "true": 0.00097803267715,
      "est": 0.0009804389212059754,
      "abs_error": 2.406244055975452e-06,
      "pct_error": 0.24602900416244564
    },
    "db_y": {
      "true": 0.0019560653543,
      "est": 0.0019615487760503876,
      "abs_error": 5.483421750387789e-06,
      "pct_error": 0.28032916887636883
    },
    "db_z": {
      "true": 0.00293409803145,
      "est": 0.0029430239250977774,
      "abs_error": 8.925893647777211e-06,
      "pct_error": 0.30421252296625306
    },
    "dKg_xx": {
      "true": -9.99999999995449e-06,
      "est": -1.3137611987623643e-05,
      "abs_error": 3.1376119876691533e-06,
      "pct_error": 31.376119876834323
    },
    "dKg_yx": {
      "true": 0.0001454441043328608,
      "est": 0.0001451666006003125,
      "abs_error": 2.7750373254829277e-07,
      "pct_error": 0.1907975120897322
    },
    "dKg_zx": {
      "true": 0.00024240684055476798,
      "est": 0.00024176760330311292,
      "abs_error": 6.392372516550676e-07,
      "pct_error": 0.26370429571711784
    },
    "dKg_xy": {
      "true": 4.84813681109536e-05,
      "est": 4.8620653974309336e-05,
      "abs_error": 1.3928586335573917e-07,
      "pct_error": 0.2872977161803108
    },
    "dKg_yy": {
      "true": -2.0000000000020002e-05,
      "est": -1.954534148307374e-05,
      "abs_error": 4.5465851694626025e-07,
      "pct_error": 2.2732925847290275
    },
    "dKg_zy": {
      "true": 0.0002908882086657216,
      "est": 0.0002885456885735936,
      "abs_error": 2.34252009212796e-06,
      "pct_error": 0.8052990882211734
    },
    "dKg_xz": {
      "true": 9.69627362219072e-05,
      "est": 9.711066183327044e-05,
      "abs_error": 1.4792561136324218e-07,
      "pct_error": 0.15255923783411213
    },
    "dKg_yz": {
      "true": 0.0001939254724438144,
      "est": 0.0001962052361900985,
      "abs_error": 2.2797637462841213e-06,
      "pct_error": 1.1755875685411221
    },
    "dKg_zz": {
      "true": -2.999999999997449e-05,
      "est": -2.0142538272205357e-05,
      "abs_error": 9.857461727769135e-06,
      "pct_error": 32.85820575925838
    },
    "dKa_xx": {
      "true": -9.99999999995449e-06,
      "est": -9.499371610877105e-06,
      "abs_error": 5.006283890773844e-07,
      "pct_error": 5.006283890796627
    },
    "dKa_xy": {
      "true": 4.84813681109536e-05,
      "est": 4.964618444448361e-05,
      "abs_error": 1.164816333530014e-06,
      "pct_error": 2.4026061534902152
    },
    "dKa_xz": {
      "true": 9.69627362219072e-05,
      "est": 9.665471287937611e-05,
      "abs_error": 3.0802334253108503e-07,
      "pct_error": 0.3176718753337862
    },
    "dKa_yy": {
      "true": -2.0000000000020002e-05,
      "est": -3.212610487413059e-06,
      "abs_error": 1.6787389512606943e-05,
      "pct_error": 83.93694756295076
    },
    "dKa_yz": {
      "true": 0.0001939254724438144,
      "est": 0.00019618088446532456,
      "abs_error": 2.2554120215101696e-06,
      "pct_error": 1.1630303090604177
    },
    "dKa_zz": {
      "true": -2.999999999997449e-05,
      "est": -3.0435330292011287e-05,
      "abs_error": 4.353302920367952e-07,
      "pct_error": 1.4511009734572178
    },
    "Ka2_x": {
      "true": 1.0224607248440952e-06,
      "est": 1.0385762662121538e-06,
      "abs_error": 1.6115541368058566e-08,
      "pct_error": 1.5761526067923894
    },
    "Ka2_y": {
      "true": 2.0449214496881904e-06,
      "est": 7.829572766162332e-09,
      "abs_error": 2.037091876922028e-06,
      "pct_error": 99.61712109932847
    },
    "Ka2_z": {
      "true": 3.0673821745322856e-06,
      "est": 2.9959085920165326e-06,
      "abs_error": 7.147358251575303e-08,
      "pct_error": 2.330116641779446
    },
    "rx_x": {
      "true": 0.01,
      "est": 0.00979059370026919,
      "abs_error": 0.00020940629973081014,
      "pct_error": 2.0940629973081015
    },
    "rx_y": {
      "true": 0.02,
      "est": 0.019959568311460764,
      "abs_error": 4.043168853923654e-05,
      "pct_error": 0.2021584426961827
    },
    "rx_z": {
      "true": 0.03,
      "est": 0.03055424690896392,
      "abs_error": 0.0005542469089639228,
      "pct_error": 1.8474896965464096
    },
    "ry_x": {
      "true": 0.04,
      "est": 0.040276208754838505,
      "abs_error": 0.0002762087548385042,
      "pct_error": 0.6905218870962605
    },
    "ry_y": {
      "true": 0.05,
      "est": 0.04998079284404333,
      "abs_error": 1.920715595667144e-05,
      "pct_error": 0.03841431191334288
    },
    "ry_z": {
      "true": 0.06,
      "est": 0.06065790664706727,
      "abs_error": 0.0006579066470672745,
      "pct_error": 1.0965110784454577
    }
  },
  "focus_scale_pct": {
    "dKg_xx": 31.376119876834323,
    "dKg_xy": 0.2872977161803108,
    "dKg_yy": 2.2732925847290275,
    "dKg_zz": 32.85820575925838,
    "dKa_xx": 5.006283890796627
  },
  "lever_guard_pct": {
    "rx_y": 0.2021584426961827,
    "ry_z": 1.0965110784454577
  },
  "overall": {
    "mean_pct_error": 9.301917229646376,
    "median_pct_error": 1.1297706937529377,
    "max_pct_error": 99.61712109932847
  },
  "extra": {
    "noise_scale": 0.08,
    "noise_config": {
      "arw_dpsh": 0.0004,
      "vrw_ugpsHz": 0.4,
      "bi_g_dph": 0.00016,
      "bi_a_ug": 0.4,
      "tau_g": 300.0,
      "tau_a": 300.0,
      "seed": 42,
      "base_family": "round53_round61_shared"
    },
    "comparison_mode": "ch3_closedloop_local_insertions",
    "candidate_name": "zseed_l5_neg2_plus_relaymax_unified_l9y2",
    "method_key": "markov42_noisy",
    "legality": "faithful12_base_plus_closed_loop_local_insertions",
    "time_total_s": 1342.0
  }
}