{
  "variant": "42state_gm1_shared_noise0p5",
  "method_file": "baseline_direct_run_calibration_shared_noise0p5",
  "source_file": "/root/.openclaw/workspace/tmp_psins_py/psins_py/test_calibration_markov_pruned.py",
  "param_order": [
    "eb_x",
    "eb_y",
    "eb_z",
    "db_x",
    "db_y",
    "db_z",
    "dKg_xx",
    "dKg_yx",
    "dKg_zx",
    "dKg_xy",
    "dKg_yy",
    "dKg_zy",
    "dKg_xz",
    "dKg_yz",
    "dKg_zz",
    "dKa_xx",
    "dKa_xy",
    "dKa_xz",
    "dKa_yy",
    "dKa_yz",
    "dKa_zz",
    "Ka2_x",
    "Ka2_y",
    "Ka2_z",
    "rx_x",
    "rx_y",
    "rx_z",
    "ry_x",
    "ry_y",
    "ry_z"
  ],
  "param_errors": {
    "eb_x": {
      "true": 4.84813681109536e-07,
      "est": 4.387294857969203e-07,
      "abs_error": 4.6084195312615744e-08,
      "pct_error": 9.505547617210032
    },
    "eb_y": {
      "true": 9.69627362219072e-07,
      "est": 8.999259540473784e-07,
      "abs_error": 6.970140817169365e-08,
      "pct_error": 7.188473725842084
    },
    "eb_z": {
      "true": 1.4544410433286078e-06,
      "est": 1.396448618544581e-06,
      "abs_error": 5.799242478402678e-08,
      "pct_error": 3.987265420625531
    },
    "db_x": {
      "true": 0.00097803267715,
      "est": 0.0009933620858114175,
      "abs_error": 1.5329408661417547e-05,
      "pct_error": 1.567371829138434
    },
    "db_y": {
      "true": 0.0019560653543,
      "est": 0.0019861104393076165,
      "abs_error": 3.0045085007616643e-05,
      "pct_error": 1.5359959697445087
    },
    "db_z": {
      "true": 0.00293409803145,
      "est": 0.0029933210582645435,
      "abs_error": 5.922302681454338e-05,
      "pct_error": 2.0184406308086436
    },
    "dKg_xx": {
      "true": -9.99999999995449e-06,
      "est": -8.004095677138778e-06,
      "abs_error": 1.9959043228157114e-06,
      "pct_error": 19.959043228247946
    },
    "dKg_yx": {
      "true": 0.0001454441043328608,
      "est": 0.00014424423536911975,
      "abs_error": 1.1998689637410373e-06,
      "pct_error": 0.8249691310931645
    },
    "dKg_zx": {
      "true": 0.00024240684055476798,
      "est": 0.00024521746302535725,
      "abs_error": 2.810622470589269e-06,
      "pct_error": 1.159464998659662
    },
    "dKg_xy": {
      "true": 4.84813681109536e-05,
      "est": 4.5762797967739174e-05,
      "abs_error": 2.7185701432144225e-06,
      "pct_error": 5.607453438592639
    },
    "dKg_yy": {
      "true": -2.0000000000020002e-05,
      "est": -1.8499805073846076e-05,
      "abs_error": 1.5001949261739256e-06,
      "pct_error": 7.5009746308621255
    },
    "dKg_zy": {
      "true": 0.0002908882086657216,
      "est": 0.0002914873392891999,
      "abs_error": 5.991306234783412e-07,
      "pct_error": 0.2059659366141035
    },
    "dKg_xz": {
      "true": 9.69627362219072e-05,
      "est": 9.552749332597089e-05,
      "abs_error": 1.435242895936304e-06,
      "pct_error": 1.480200489239116
    },
    "dKg_yz": {
      "true": 0.0001939254724438144,
      "est": 0.00019279325125488598,
      "abs_error": 1.1322211889284084e-06,
      "pct_error": 0.5838434604079381
    },
    "dKg_zz": {
      "true": -2.999999999997449e-05,
      "est": -3.161444367871802e-05,
      "abs_error": 1.6144436787435268e-06,
      "pct_error": 5.381478929149665
    },
    "dKa_xx": {
      "true": -9.99999999995449e-06,
      "est": -9.08880579553184e-06,
      "abs_error": 9.111942044226495e-07,
      "pct_error": 9.111942044267964
    },
    "dKa_xy": {
      "true": 4.84813681109536e-05,
      "est": 4.703457269529284e-05,
      "abs_error": 1.4467954156607588e-06,
      "pct_error": 2.9842297609045367
    },
    "dKa_xz": {
      "true": 9.69627362219072e-05,
      "est": 9.442128104160128e-05,
      "abs_error": 2.541455180305911e-06,
      "pct_error": 2.62106380175739
    },
    "dKa_yy": {
      "true": -2.0000000000020002e-05,
      "est": -2.012957371144708e-05,
      "abs_error": 1.2957371142707785e-07,
      "pct_error": 0.6478685571347413
    },
    "dKa_yz": {
      "true": 0.0001939254724438144,
      "est": 0.00019288117017665613,
      "abs_error": 1.0443022671582556e-06,
      "pct_error": 0.5385070119970027
    },
    "dKa_zz": {
      "true": -2.999999999997449e-05,
      "est": -2.8759398058575414e-05,
      "abs_error": 1.2406019413990776e-06,
      "pct_error": 4.135339804667108
    },
    "Ka2_x": {
      "true": 1.0224607248440952e-06,
      "est": 9.159622672231485e-07,
      "abs_error": 1.064984576209467e-07,
      "pct_error": 10.415897161936032
    },
    "Ka2_y": {
      "true": 2.0449214496881904e-06,
      "est": 1.8905541714679133e-06,
      "abs_error": 1.543672782202771e-07,
      "pct_error": 7.5488121191068265
    },
    "Ka2_z": {
      "true": 3.0673821745322856e-06,
      "est": 2.8204536314282416e-06,
      "abs_error": 2.4692854310404403e-07,
      "pct_error": 8.050139469226579
    },
    "rx_x": {
      "true": 0.01,
      "est": 0.009854322414388298,
      "abs_error": 0.0001456775856117018,
      "pct_error": 1.456775856117018
    },
    "rx_y": {
      "true": 0.02,
      "est": 0.019546355695244075,
      "abs_error": 0.00045364430475592493,
      "pct_error": 2.2682215237796246
    },
    "rx_z": {
      "true": 0.03,
      "est": 0.029653601396591407,
      "abs_error": 0.0003463986034085917,
      "pct_error": 1.1546620113619723
    },
    "ry_x": {
      "true": 0.04,
      "est": 0.03947783994112279,
      "abs_error": 0.0005221600588772093,
      "pct_error": 1.3054001471930234
    },
    "ry_y": {
      "true": 0.05,
      "est": 0.049845951811260066,
      "abs_error": 0.00015404818873993725,
      "pct_error": 0.3080963774798745
    },
    "ry_z": {
      "true": 0.06,
      "est": 0.05926671851175509,
      "abs_error": 0.0007332814882449051,
      "pct_error": 1.2221358137415086
    }
  },
  "focus_scale_pct": {
    "dKg_xx": 19.959043228247946,
    "dKg_xy": 5.607453438592639,
    "dKg_yy": 7.5009746308621255,
    "dKg_zz": 5.381478929149665,
    "dKa_xx": 9.111942044267964
  },
  "lever_guard_pct": {
    "rx_y": 2.2682215237796246,
    "ry_z": 1.2221358137415086
  },
  "overall": {
    "mean_pct_error": 4.07585269656356,
    "median_pct_error": 2.143331077294134,
    "max_pct_error": 19.959043228247946
  },
  "extra": {
    "noise_scale": 0.5,
    "noise_config": {
      "arw_dpsh": 0.0025,
      "vrw_ugpsHz": 2.5,
      "bi_g_dph": 0.001,
      "bi_a_ug": 2.5,
      "tau_g": 300.0,
      "tau_a": 300.0,
      "seed": 42,
      "base_family": "round53_round61_shared"
    },
    "comparison_mode": "shared_dataset_apples_to_apples",
    "label": "42-GM1-BASELINE-SHARED-NOISE0P5"
  }
}