{
  "variant": "allnew_betarecoil_l3_pos0p5_markov42_noisy_noise0p08",
  "method_file": "search_ch3_12pos_closedloop_local_insertions.py",
  "source_file": "/root/.openclaw/workspace/tmp_psins_py/psins_py/test_calibration_markov_pruned.py",
  "param_order": [
    "eb_x",
    "eb_y",
    "eb_z",
    "db_x",
    "db_y",
    "db_z",
    "dKg_xx",
    "dKg_yx",
    "dKg_zx",
    "dKg_xy",
    "dKg_yy",
    "dKg_zy",
    "dKg_xz",
    "dKg_yz",
    "dKg_zz",
    "dKa_xx",
    "dKa_xy",
    "dKa_xz",
    "dKa_yy",
    "dKa_yz",
    "dKa_zz",
    "Ka2_x",
    "Ka2_y",
    "Ka2_z",
    "rx_x",
    "rx_y",
    "rx_z",
    "ry_x",
    "ry_y",
    "ry_z"
  ],
  "param_errors": {
    "eb_x": {
      "true": 4.84813681109536e-07,
      "est": 4.172746537903986e-07,
      "abs_error": 6.753902731913745e-08,
      "pct_error": 13.930924384099233
    },
    "eb_y": {
      "true": 9.69627362219072e-07,
      "est": 9.731150684850075e-07,
      "abs_error": 3.487706265935447e-09,
      "pct_error": 0.3596955285949794
    },
    "eb_z": {
      "true": 1.4544410433286078e-06,
      "est": 1.4381943574317425e-06,
      "abs_error": 1.6246685896865373e-08,
      "pct_error": 1.1170398395581231
    },
    "db_x": {
      "true": 0.00097803267715,
      "est": 0.0009785112332337596,
      "abs_error": 4.785560837597055e-07,
      "pct_error": 0.04893048002795001
    },
    "db_y": {
      "true": 0.0019560653543,
      "est": 0.001988916030817996,
      "abs_error": 3.2850676517996204e-05,
      "pct_error": 1.6794263262104652
    },
    "db_z": {
      "true": 0.00293409803145,
      "est": 0.0029404667060420105,
      "abs_error": 6.368674592010376e-06,
      "pct_error": 0.2170573213214367
    },
    "dKg_xx": {
      "true": -9.99999999995449e-06,
      "est": -1.0339023982730566e-05,
      "abs_error": 3.390239827760766e-07,
      "pct_error": 3.3902398277761954
    },
    "dKg_yx": {
      "true": 0.0001454441043328608,
      "est": 0.00014588193790674822,
      "abs_error": 4.378335738874288e-07,
      "pct_error": 0.3010321909545475
    },
    "dKg_zx": {
      "true": 0.00024240684055476798,
      "est": 0.00024275076336146442,
      "abs_error": 3.43922806696434e-07,
      "pct_error": 0.14187834217439507
    },
    "dKg_xy": {
      "true": 4.84813681109536e-05,
      "est": 4.8373846234702794e-05,
      "abs_error": 1.0752187625080262e-07,
      "pct_error": 0.22177978972196072
    },
    "dKg_yy": {
      "true": -2.0000000000020002e-05,
      "est": -1.9641024342487157e-05,
      "abs_error": 3.589756575328451e-07,
      "pct_error": 1.7948782876624305
    },
    "dKg_zy": {
      "true": 0.0002908882086657216,
      "est": 0.0002904171521350537,
      "abs_error": 4.710565306678856e-07,
      "pct_error": 0.16193730671606804
    },
    "dKg_xz": {
      "true": 9.69627362219072e-05,
      "est": 9.968260445403591e-05,
      "abs_error": 2.719868232128715e-06,
      "pct_error": 2.8050654695883095
    },
    "dKg_yz": {
      "true": 0.0001939254724438144,
      "est": 0.0001943859728052703,
      "abs_error": 4.6050036145591465e-07,
      "pct_error": 0.2374625445810552
    },
    "dKg_zz": {
      "true": -2.999999999997449e-05,
      "est": -2.923305906810114e-05,
      "abs_error": 7.6694093187335e-07,
      "pct_error": 2.5564697729133403
    },
    "dKa_xx": {
      "true": -9.99999999995449e-06,
      "est": -9.699895136217052e-06,
      "abs_error": 3.0010486373743817e-07,
      "pct_error": 3.0010486373880396
    },
    "dKa_xy": {
      "true": 4.84813681109536e-05,
      "est": 4.803346787995155e-05,
      "abs_error": 4.4790023100204566e-07,
      "pct_error": 0.9238605436566665
    },
    "dKa_xz": {
      "true": 9.69627362219072e-05,
      "est": 9.707929384842568e-05,
      "abs_error": 1.1655762651848422e-07,
      "pct_error": 0.12020868125228283
    },
    "dKa_yy": {
      "true": -2.0000000000020002e-05,
      "est": -1.9542270109251803e-05,
      "abs_error": 4.5772989076819925e-07,
      "pct_error": 2.2886494538387074
    },
    "dKa_yz": {
      "true": 0.0001939254724438144,
      "est": 0.00019447876508003352,
      "abs_error": 5.53292636219137e-07,
      "pct_error": 0.28531199601921364
    },
    "dKa_zz": {
      "true": -2.999999999997449e-05,
      "est": -2.9747875601504603e-05,
      "abs_error": 2.5212439846988843e-07,
      "pct_error": 0.8404146615670094
    },
    "Ka2_x": {
      "true": 1.0224607248440952e-06,
      "est": 1.0050312433649226e-06,
      "abs_error": 1.7429481479172614e-08,
      "pct_error": 1.7046602432411535
    },
    "Ka2_y": {
      "true": 2.0449214496881904e-06,
      "est": 1.7431198145159087e-06,
      "abs_error": 3.0180163517228175e-07,
      "pct_error": 14.758593060789718
    },
    "Ka2_z": {
      "true": 3.0673821745322856e-06,
      "est": 3.0484235628327757e-06,
      "abs_error": 1.8958611699509927e-08,
      "pct_error": 0.6180713918506335
    },
    "rx_x": {
      "true": 0.01,
      "est": 0.01031384003200162,
      "abs_error": 0.00031384003200161936,
      "pct_error": 3.138400320016194
    },
    "rx_y": {
      "true": 0.02,
      "est": 0.019672008310120878,
      "abs_error": 0.0003279916898791223,
      "pct_error": 1.6399584493956114
    },
    "rx_z": {
      "true": 0.03,
      "est": 0.029943196715709167,
      "abs_error": 5.680328429083156e-05,
      "pct_error": 0.18934428096943856
    },
    "ry_x": {
      "true": 0.04,
      "est": 0.04047487041992341,
      "abs_error": 0.0004748704199234108,
      "pct_error": 1.1871760498085269
    },
    "ry_y": {
      "true": 0.05,
      "est": 0.04998257431363589,
      "abs_error": 1.7425686364112847e-05,
      "pct_error": 0.034851372728225694
    },
    "ry_z": {
      "true": 0.06,
      "est": 0.0600399873845336,
      "abs_error": 3.998738453360462e-05,
      "pct_error": 0.06664564088934104
    }
  },
  "focus_scale_pct": {
    "dKg_xx": 3.3902398277761954,
    "dKg_xy": 0.22177978972196072,
    "dKg_yy": 1.7948782876624305,
    "dKg_zz": 2.5564697729133403,
    "dKa_xx": 3.0010486373880396
  },
  "lever_guard_pct": {
    "rx_y": 1.6399584493956114,
    "ry_z": 0.06664564088934104
  },
  "overall": {
    "mean_pct_error": 1.9920337398437085,
    "median_pct_error": 0.8821376026118379,
    "max_pct_error": 14.758593060789718
  },
  "extra": {
    "noise_scale": 0.08,
    "noise_config": {
      "arw_dpsh": 0.0004,
      "vrw_ugpsHz": 0.4,
      "bi_g_dph": 0.00016,
      "bi_a_ug": 0.4,
      "tau_g": 300.0,
      "tau_a": 300.0,
      "seed": 42,
      "base_family": "round53_round61_shared"
    },
    "comparison_mode": "corrected_att0_allnew_startup_family_search",
    "candidate_name": "allnew_betarecoil_l3_pos0p5",
    "method_key": "markov42_noisy",
    "legality": "faithful12_base_plus_closed_loop_local_insertions",
    "time_total_s": 1211.0,
    "att0_deg": [
      0.0,
      0.0,
      0.0
    ],
    "candidate_registry_key": "allnew_betarecoil_l3_pos0p5",
    "family_search_scope": "all_new_only",
    "excluded_old_basins": [
      "late10/late11 local",
      "relay",
      "anchor9 butterfly",
      "precondition/fullblock",
      "anchor6",
      "anchor8 entry-boundary",
      "entry-conditioned relay",
      "anchor5 far-z seed",
      "anchor4 front-z",
      "corridor-bookend",
      "terminal reclosure",
      "any rerun/variant of the above"
    ]
  }
}