{
  "variant": "twoanchor_l10_zquad_x6_l11_zquad_y8_markov42_noisy_noise0p08",
  "method_file": "search_ch3_12pos_closedloop_local_insertions.py",
  "source_file": "/root/.openclaw/workspace/tmp_psins_py/psins_py/test_calibration_markov_pruned.py",
  "param_order": [
    "eb_x",
    "eb_y",
    "eb_z",
    "db_x",
    "db_y",
    "db_z",
    "dKg_xx",
    "dKg_yx",
    "dKg_zx",
    "dKg_xy",
    "dKg_yy",
    "dKg_zy",
    "dKg_xz",
    "dKg_yz",
    "dKg_zz",
    "dKa_xx",
    "dKa_xy",
    "dKa_xz",
    "dKa_yy",
    "dKa_yz",
    "dKa_zz",
    "Ka2_x",
    "Ka2_y",
    "Ka2_z",
    "rx_x",
    "rx_y",
    "rx_z",
    "ry_x",
    "ry_y",
    "ry_z"
  ],
  "param_errors": {
    "eb_x": {
      "true": 4.84813681109536e-07,
      "est": 4.612003766330245e-07,
      "abs_error": 2.3613304476511572e-08,
      "pct_error": 4.870593672701352
    },
    "eb_y": {
      "true": 9.69627362219072e-07,
      "est": 9.704253715735348e-07,
      "abs_error": 7.980093544626795e-10,
      "pct_error": 0.0823006224408075
    },
    "eb_z": {
      "true": 1.4544410433286078e-06,
      "est": 1.4450235264820777e-06,
      "abs_error": 9.417516846530104e-09,
      "pct_error": 0.6475007625594327
    },
    "db_x": {
      "true": 0.00097803267715,
      "est": 0.0009774654614099878,
      "abs_error": 5.672157400121551e-07,
      "pct_error": 0.05799558166758081
    },
    "db_y": {
      "true": 0.0019560653543,
      "est": 0.0019572447845059757,
      "abs_error": 1.1794302059759017e-06,
      "pct_error": 0.06029605316525705
    },
    "db_z": {
      "true": 0.00293409803145,
      "est": 0.003096700414447141,
      "abs_error": 0.00016260238299714092,
      "pct_error": 5.541818346021129
    },
    "dKg_xx": {
      "true": -9.99999999995449e-06,
      "est": -1.2080134880187998e-05,
      "abs_error": 2.0801348802335085e-06,
      "pct_error": 20.801348802429754
    },
    "dKg_yx": {
      "true": 0.0001454441043328608,
      "est": 0.00014554184665131493,
      "abs_error": 9.77423184541379e-08,
      "pct_error": 0.06720266792694915
    },
    "dKg_zx": {
      "true": 0.00024240684055476798,
      "est": 0.00022586876142211785,
      "abs_error": 1.6538079132650136e-05,
      "pct_error": 6.822447375990456
    },
    "dKg_xy": {
      "true": 4.84813681109536e-05,
      "est": 4.82512628587742e-05,
      "abs_error": 2.301052521793979e-07,
      "pct_error": 0.47462615257222757
    },
    "dKg_yy": {
      "true": -2.0000000000020002e-05,
      "est": -1.949631351627623e-05,
      "abs_error": 5.036864837437705e-07,
      "pct_error": 2.5184324187163334
    },
    "dKg_zy": {
      "true": 0.0002908882086657216,
      "est": 0.0003044806320676288,
      "abs_error": 1.3592423401907218e-05,
      "pct_error": 4.672730965704818
    },
    "dKg_xz": {
      "true": 9.69627362219072e-05,
      "est": 0.00011270658506843748,
      "abs_error": 1.5743848846530285e-05,
      "pct_error": 16.237009659565704
    },
    "dKg_yz": {
      "true": 0.0001939254724438144,
      "est": 0.00018043547855722984,
      "abs_error": 1.3489993886584543e-05,
      "pct_error": 6.956277438227188
    },
    "dKg_zz": {
      "true": -2.999999999997449e-05,
      "est": -1.836769035934438e-05,
      "abs_error": 1.1632309640630112e-05,
      "pct_error": 38.774365468800006
    },
    "dKa_xx": {
      "true": -9.99999999995449e-06,
      "est": -7.711868932114285e-06,
      "abs_error": 2.2881310678402045e-06,
      "pct_error": 22.88131067850618
    },
    "dKa_xy": {
      "true": 4.84813681109536e-05,
      "est": 4.8338671334824026e-05,
      "abs_error": 1.4269677612957114e-07,
      "pct_error": 0.29433322880451274
    },
    "dKa_xz": {
      "true": 9.69627362219072e-05,
      "est": 0.0001119365962856547,
      "abs_error": 1.497386006374751e-05,
      "pct_error": 15.44290172410007
    },
    "dKa_yy": {
      "true": -2.0000000000020002e-05,
      "est": -1.1007528841755487e-06,
      "abs_error": 1.8899247115844453e-05,
      "pct_error": 94.49623557912776
    },
    "dKa_yz": {
      "true": 0.0001939254724438144,
      "est": 0.00018056431318569664,
      "abs_error": 1.3361159258117744e-05,
      "pct_error": 6.889842314030635
    },
    "dKa_zz": {
      "true": -2.999999999997449e-05,
      "est": -3.0055880120283263e-05,
      "abs_error": 5.58801203087711e-08,
      "pct_error": 0.18626706769606205
    },
    "Ka2_x": {
      "true": 1.0224607248440952e-06,
      "est": 1.2639072457698746e-06,
      "abs_error": 2.414465209257794e-07,
      "pct_error": 23.614258724959353
    },
    "Ka2_y": {
      "true": 2.0449214496881904e-06,
      "est": 1.4147721064117829e-09,
      "abs_error": 2.0435066775817786e-06,
      "pct_error": 99.93081533246044
    },
    "Ka2_z": {
      "true": 3.0673821745322856e-06,
      "est": 1.402393652306532e-06,
      "abs_error": 1.6649885222257536e-06,
      "pct_error": 54.28043939388254
    },
    "rx_x": {
      "true": 0.01,
      "est": 0.010245582376115243,
      "abs_error": 0.0002455823761152425,
      "pct_error": 2.455823761152425
    },
    "rx_y": {
      "true": 0.02,
      "est": 0.020067738272338428,
      "abs_error": 6.773827233842733e-05,
      "pct_error": 0.33869136169213665
    },
    "rx_z": {
      "true": 0.03,
      "est": 0.030868887368509557,
      "abs_error": 0.0008688873685095584,
      "pct_error": 2.896291228365195
    },
    "ry_x": {
      "true": 0.04,
      "est": 0.040679039964292785,
      "abs_error": 0.0006790399642927838,
      "pct_error": 1.6975999107319597
    },
    "ry_y": {
      "true": 0.05,
      "est": 0.05000149340622229,
      "abs_error": 1.4934062222901612e-06,
      "pct_error": 0.0029868124445803224
    },
    "ry_z": {
      "true": 0.06,
      "est": 0.06015619400594338,
      "abs_error": 0.00015619400594338306,
      "pct_error": 0.26032334323897177
    }
  },
  "focus_scale_pct": {
    "dKg_xx": 20.801348802429754,
    "dKg_xy": 0.47462615257222757,
    "dKg_yy": 2.5184324187163334,
    "dKg_zz": 38.774365468800006,
    "dKa_xx": 22.88131067850618
  },
  "lever_guard_pct": {
    "rx_y": 0.33869136169213665,
    "ry_z": 0.26032334323897177
  },
  "overall": {
    "mean_pct_error": 14.475102214989395,
    "median_pct_error": 3.7845110970350064,
    "max_pct_error": 99.93081533246044
  },
  "extra": {
    "noise_scale": 0.08,
    "noise_config": {
      "arw_dpsh": 0.0004,
      "vrw_ugpsHz": 0.4,
      "bi_g_dph": 0.00016,
      "bi_a_ug": 0.4,
      "tau_g": 300.0,
      "tau_a": 300.0,
      "seed": 42,
      "base_family": "round53_round61_shared"
    },
    "comparison_mode": "ch3_closedloop_local_insertions",
    "candidate_name": "twoanchor_l10_zquad_x6_l11_zquad_y8",
    "method_key": "markov42_noisy",
    "legality": "faithful12_base_plus_closed_loop_local_insertions",
    "time_total_s": 1268.0
  }
}