{
  "variant": "coupled_E_move7to4_move10to8_retime_markov42_noisy_noise0p08",
  "method_file": "benchmark_ch3_12pos_coupled_repairs.py",
  "source_file": "/root/.openclaw/workspace/tmp_psins_py/psins_py/test_calibration_markov_pruned.py",
  "param_order": [
    "eb_x",
    "eb_y",
    "eb_z",
    "db_x",
    "db_y",
    "db_z",
    "dKg_xx",
    "dKg_yx",
    "dKg_zx",
    "dKg_xy",
    "dKg_yy",
    "dKg_zy",
    "dKg_xz",
    "dKg_yz",
    "dKg_zz",
    "dKa_xx",
    "dKa_xy",
    "dKa_xz",
    "dKa_yy",
    "dKa_yz",
    "dKa_zz",
    "Ka2_x",
    "Ka2_y",
    "Ka2_z",
    "rx_x",
    "rx_y",
    "rx_z",
    "ry_x",
    "ry_y",
    "ry_z"
  ],
  "param_errors": {
    "eb_x": {
      "true": 4.84813681109536e-07,
      "est": 4.658126093426771e-07,
      "abs_error": 1.9001071766858968e-08,
      "pct_error": 3.9192523864783375
    },
    "eb_y": {
      "true": 9.69627362219072e-07,
      "est": 9.747492917456032e-07,
      "abs_error": 5.12192952653113e-09,
      "pct_error": 0.5282369007006127
    },
    "eb_z": {
      "true": 1.4544410433286078e-06,
      "est": 1.458026322319521e-06,
      "abs_error": 3.585278990913158e-09,
      "pct_error": 0.24650562546749594
    },
    "db_x": {
      "true": 0.00097803267715,
      "est": 0.0009873842085126045,
      "abs_error": 9.351531362604632e-06,
      "pct_error": 0.9561573535411023
    },
    "db_y": {
      "true": 0.0019560653543,
      "est": 0.0019640819637506113,
      "abs_error": 8.016609450611518e-06,
      "pct_error": 0.4098334154832139
    },
    "db_z": {
      "true": 0.00293409803145,
      "est": 0.0029423526270283234,
      "abs_error": 8.254595578323278e-06,
      "pct_error": 0.2813333259435761
    },
    "dKg_xx": {
      "true": -9.99999999995449e-06,
      "est": -8.763380913157093e-06,
      "abs_error": 1.236619086797397e-06,
      "pct_error": 12.366190868030248
    },
    "dKg_yx": {
      "true": 0.0001454441043328608,
      "est": 0.00014527060373176643,
      "abs_error": 1.7350060109436378e-07,
      "pct_error": 0.119290226228279
    },
    "dKg_zx": {
      "true": 0.00024240684055476798,
      "est": 0.0002416724298828061,
      "abs_error": 7.344106719618876e-07,
      "pct_error": 0.30296614991603715
    },
    "dKg_xy": {
      "true": 4.84813681109536e-05,
      "est": 4.798996696453124e-05,
      "abs_error": 4.914011464223601e-07,
      "pct_error": 1.0135876225640912
    },
    "dKg_yy": {
      "true": -2.0000000000020002e-05,
      "est": -1.9512953946865252e-05,
      "abs_error": 4.870460531547494e-07,
      "pct_error": 2.4352302657713114
    },
    "dKg_zy": {
      "true": 0.0002908882086657216,
      "est": 0.00029104187192998705,
      "abs_error": 1.5366326426547415e-07,
      "pct_error": 0.05282553905169065
    },
    "dKg_xz": {
      "true": 9.69627362219072e-05,
      "est": 9.78197121644502e-05,
      "abs_error": 8.569759425430004e-07,
      "pct_error": 0.8838198837352738
    },
    "dKg_yz": {
      "true": 0.0001939254724438144,
      "est": 0.00019424135811653035,
      "abs_error": 3.1588567271596596e-07,
      "pct_error": 0.16289024269748104
    },
    "dKg_zz": {
      "true": -2.999999999997449e-05,
      "est": -2.937497054533722e-05,
      "abs_error": 6.250294546372714e-07,
      "pct_error": 2.0834315154593432
    },
    "dKa_xx": {
      "true": -9.99999999995449e-06,
      "est": -6.906596837108481e-06,
      "abs_error": 3.093403162846009e-06,
      "pct_error": 30.934031628600874
    },
    "dKa_xy": {
      "true": 4.84813681109536e-05,
      "est": 4.8650434602895884e-05,
      "abs_error": 1.690664919422872e-07,
      "pct_error": 0.3487246720335215
    },
    "dKa_xz": {
      "true": 9.69627362219072e-05,
      "est": 9.745456581218395e-05,
      "abs_error": 4.918295902767562e-07,
      "pct_error": 0.5072356757251196
    },
    "dKa_yy": {
      "true": -2.0000000000020002e-05,
      "est": -2.0168366539730087e-05,
      "abs_error": 1.683665397100853e-07,
      "pct_error": 0.8418326985495846
    },
    "dKa_yz": {
      "true": 0.0001939254724438144,
      "est": 0.00019474050971197114,
      "abs_error": 8.150372681567527e-07,
      "pct_error": 0.4202837605012883
    },
    "dKa_zz": {
      "true": -2.999999999997449e-05,
      "est": -3.0010775087907504e-05,
      "abs_error": 1.0775087933012628e-08,
      "pct_error": 0.035916959776739296
    },
    "Ka2_x": {
      "true": 1.0224607248440952e-06,
      "est": 1.2247546629429562e-06,
      "abs_error": 2.02293938098861e-07,
      "pct_error": 19.785008185004543
    },
    "Ka2_y": {
      "true": 2.0449214496881904e-06,
      "est": 1.9830532986038937e-06,
      "abs_error": 6.186815108429669e-08,
      "pct_error": 3.0254536717647684
    },
    "Ka2_z": {
      "true": 3.0673821745322856e-06,
      "est": 3.0164761442372075e-06,
      "abs_error": 5.090603029507819e-08,
      "pct_error": 1.6595920364191445
    },
    "rx_x": {
      "true": 0.01,
      "est": 0.010153188439535252,
      "abs_error": 0.00015318843953525223,
      "pct_error": 1.5318843953525223
    },
    "rx_y": {
      "true": 0.02,
      "est": 0.019642108478790082,
      "abs_error": 0.00035789152120991805,
      "pct_error": 1.7894576060495901
    },
    "rx_z": {
      "true": 0.03,
      "est": 0.030234278529762845,
      "abs_error": 0.00023427852976284566,
      "pct_error": 0.780928432542819
    },
    "ry_x": {
      "true": 0.04,
      "est": 0.04008696750863763,
      "abs_error": 8.696750863763231e-05,
      "pct_error": 0.21741877159408077
    },
    "ry_y": {
      "true": 0.05,
      "est": 0.049802577699306044,
      "abs_error": 0.0001974223006939585,
      "pct_error": 0.394844601387917
    },
    "ry_z": {
      "true": 0.06,
      "est": 0.060086768704845236,
      "abs_error": 8.676870484523869e-05,
      "pct_error": 0.14461450807539783
    }
  },
  "focus_scale_pct": {
    "dKg_xx": 12.366190868030248,
    "dKg_xy": 1.0135876225640912,
    "dKg_yy": 2.4352302657713114,
    "dKg_zz": 2.0834315154593432,
    "dKa_xx": 30.934031628600874
  },
  "lever_guard_pct": {
    "rx_y": 1.7894576060495901,
    "ry_z": 0.14461450807539783
  },
  "overall": {
    "mean_pct_error": 2.939292630814867,
    "median_pct_error": 0.6545826666217158,
    "max_pct_error": 30.934031628600874
  },
  "extra": {
    "noise_scale": 0.08,
    "noise_config": {
      "arw_dpsh": 0.0004,
      "vrw_ugpsHz": 0.4,
      "bi_g_dph": 0.00016,
      "bi_a_ug": 0.4,
      "tau_g": 300.0,
      "tau_a": 300.0,
      "seed": 42,
      "base_family": "round53_round61_shared"
    },
    "comparison_mode": "ch3_12pos_coupled_repairs",
    "candidate_name": "coupled_E_move7to4_move10to8_retime",
    "method_key": "markov42_noisy"
  }
}