{
  "variant": "relay_l11back4_l12y0p125_on_entry_markov42_noisy_noise0p08",
  "method_file": "search_ch3_12pos_closedloop_local_insertions.py",
  "source_file": "/root/.openclaw/workspace/tmp_psins_py/psins_py/test_calibration_markov_pruned.py",
  "param_order": [
    "eb_x",
    "eb_y",
    "eb_z",
    "db_x",
    "db_y",
    "db_z",
    "dKg_xx",
    "dKg_yx",
    "dKg_zx",
    "dKg_xy",
    "dKg_yy",
    "dKg_zy",
    "dKg_xz",
    "dKg_yz",
    "dKg_zz",
    "dKa_xx",
    "dKa_xy",
    "dKa_xz",
    "dKa_yy",
    "dKa_yz",
    "dKa_zz",
    "Ka2_x",
    "Ka2_y",
    "Ka2_z",
    "rx_x",
    "rx_y",
    "rx_z",
    "ry_x",
    "ry_y",
    "ry_z"
  ],
  "param_errors": {
    "eb_x": {
      "true": 4.84813681109536e-07,
      "est": 4.621666483900871e-07,
      "abs_error": 2.2647032719448968e-08,
      "pct_error": 4.671285815948792
    },
    "eb_y": {
      "true": 9.69627362219072e-07,
      "est": 9.670035819181068e-07,
      "abs_error": 2.6237803009652655e-09,
      "pct_error": 0.2705967677067743
    },
    "eb_z": {
      "true": 1.4544410433286078e-06,
      "est": 1.4464565495715292e-06,
      "abs_error": 7.98449375707862e-09,
      "pct_error": 0.5489733525949907
    },
    "db_x": {
      "true": 0.00097803267715,
      "est": 0.000979098279892532,
      "abs_error": 1.0656027425320642e-06,
      "pct_error": 0.10895369525251904
    },
    "db_y": {
      "true": 0.0019560653543,
      "est": 0.0019659542403576077,
      "abs_error": 9.888886057607925e-06,
      "pct_error": 0.5055498803181233
    },
    "db_z": {
      "true": 0.00293409803145,
      "est": 0.0029342410204030753,
      "abs_error": 1.4298895307509815e-07,
      "pct_error": 0.0048733529535287725
    },
    "dKg_xx": {
      "true": -9.99999999995449e-06,
      "est": -1.0463135747817986e-05,
      "abs_error": 4.6313574786349676e-07,
      "pct_error": 4.631357478656045
    },
    "dKg_yx": {
      "true": 0.0001454441043328608,
      "est": 0.0001452428078974606,
      "abs_error": 2.0129643540020017e-07,
      "pct_error": 0.13840123415351147
    },
    "dKg_zx": {
      "true": 0.00024240684055476798,
      "est": 0.00024228510552482585,
      "abs_error": 1.217350299421386e-07,
      "pct_error": 0.05021930472899938
    },
    "dKg_xy": {
      "true": 4.84813681109536e-05,
      "est": 4.846802610243944e-05,
      "abs_error": 1.334200851415521e-08,
      "pct_error": 0.027519868011193344
    },
    "dKg_yy": {
      "true": -2.0000000000020002e-05,
      "est": -1.950637339653838e-05,
      "abs_error": 4.936266034816228e-07,
      "pct_error": 2.4681330174056453
    },
    "dKg_zy": {
      "true": 0.0002908882086657216,
      "est": 0.0002912391226099343,
      "abs_error": 3.50913944212718e-07,
      "pct_error": 0.12063532785406778
    },
    "dKg_xz": {
      "true": 9.69627362219072e-05,
      "est": 9.774501984869366e-05,
      "abs_error": 7.822836267864657e-07,
      "pct_error": 0.806787903546931
    },
    "dKg_yz": {
      "true": 0.0001939254724438144,
      "est": 0.00019368988306568832,
      "abs_error": 2.3558937812606998e-07,
      "pct_error": 0.12148449358261937
    },
    "dKg_zz": {
      "true": -2.999999999997449e-05,
      "est": -2.9747026647930497e-05,
      "abs_error": 2.5297335204399474e-07,
      "pct_error": 0.8432445068140328
    },
    "dKa_xx": {
      "true": -9.99999999995449e-06,
      "est": -9.737647109764325e-06,
      "abs_error": 2.6235289019016506e-07,
      "pct_error": 2.6235289019135903
    },
    "dKa_xy": {
      "true": 4.84813681109536e-05,
      "est": 4.8515184528814536e-05,
      "abs_error": 3.381641786093969e-08,
      "pct_error": 0.06975136878057574
    },
    "dKa_xz": {
      "true": 9.69627362219072e-05,
      "est": 9.688508197406478e-05,
      "abs_error": 7.765424784241816e-08,
      "pct_error": 0.08008669192740192
    },
    "dKa_yy": {
      "true": -2.0000000000020002e-05,
      "est": -1.9760403613400257e-05,
      "abs_error": 2.395963866197448e-07,
      "pct_error": 1.1979819330975259
    },
    "dKa_yz": {
      "true": 0.0001939254724438144,
      "est": 0.00019386251257321396,
      "abs_error": 6.295987060042987e-08,
      "pct_error": 0.032466013776849816
    },
    "dKa_zz": {
      "true": -2.999999999997449e-05,
      "est": -2.9450604998482177e-05,
      "abs_error": 5.493950014923143e-07,
      "pct_error": 1.8313166716426048
    },
    "Ka2_x": {
      "true": 1.0224607248440952e-06,
      "est": 1.0104391690583968e-06,
      "abs_error": 1.2021555785698445e-08,
      "pct_error": 1.1757474388594722
    },
    "Ka2_y": {
      "true": 2.0449214496881904e-06,
      "est": 1.9850518672439534e-06,
      "abs_error": 5.986958244423706e-08,
      "pct_error": 2.9277203998894907
    },
    "Ka2_z": {
      "true": 3.0673821745322856e-06,
      "est": 3.0740135537399752e-06,
      "abs_error": 6.6313792076895935e-09,
      "pct_error": 0.21619018532311662
    },
    "rx_x": {
      "true": 0.01,
      "est": 0.0099351765661361,
      "abs_error": 6.482343386389998e-05,
      "pct_error": 0.6482343386389998
    },
    "rx_y": {
      "true": 0.02,
      "est": 0.02021873076905125,
      "abs_error": 0.00021873076905125008,
      "pct_error": 1.0936538452562503
    },
    "rx_z": {
      "true": 0.03,
      "est": 0.03030781277918314,
      "abs_error": 0.0003078127791831427,
      "pct_error": 1.0260425972771423
    },
    "ry_x": {
      "true": 0.04,
      "est": 0.04054840378309081,
      "abs_error": 0.0005484037830908103,
      "pct_error": 1.3710094577270258
    },
    "ry_y": {
      "true": 0.05,
      "est": 0.05028006228647678,
      "abs_error": 0.0002800622864767774,
      "pct_error": 0.5601245729535548
    },
    "ry_z": {
      "true": 0.06,
      "est": 0.06104090161969504,
      "abs_error": 0.0010409016196950421,
      "pct_error": 1.7348360328250705
    }
  },
  "focus_scale_pct": {
    "dKg_xx": 4.631357478656045,
    "dKg_xy": 0.027519868011193344,
    "dKg_yy": 2.4681330174056453,
    "dKg_zz": 0.8432445068140328,
    "dKa_xx": 2.6235289019135903
  },
  "lever_guard_pct": {
    "rx_y": 1.0936538452562503,
    "ry_z": 1.7348360328250705
  },
  "overall": {
    "mean_pct_error": 1.063556881647215,
    "median_pct_error": 0.6041794557962773,
    "max_pct_error": 4.671285815948792
  },
  "extra": {
    "noise_scale": 0.08,
    "noise_config": {
      "arw_dpsh": 0.0004,
      "vrw_ugpsHz": 0.4,
      "bi_g_dph": 0.00016,
      "bi_a_ug": 0.4,
      "tau_g": 300.0,
      "tau_a": 300.0,
      "seed": 42,
      "base_family": "round53_round61_shared"
    },
    "comparison_mode": "ch3_closedloop_local_insertions",
    "candidate_name": "relay_l11back4_l12y0p125_on_entry",
    "method_key": "markov42_noisy",
    "legality": "faithful12_base_plus_closed_loop_local_insertions",
    "time_total_s": 1349.875
  }
}