{
  "variant": "probe3_l9_diag_bfly_flip_d8_markov42_noisy_noise0p08",
  "method_file": "search_ch3_12pos_closedloop_local_insertions.py",
  "source_file": "/root/.openclaw/workspace/tmp_psins_py/psins_py/test_calibration_markov_pruned.py",
  "param_order": [
    "eb_x",
    "eb_y",
    "eb_z",
    "db_x",
    "db_y",
    "db_z",
    "dKg_xx",
    "dKg_yx",
    "dKg_zx",
    "dKg_xy",
    "dKg_yy",
    "dKg_zy",
    "dKg_xz",
    "dKg_yz",
    "dKg_zz",
    "dKa_xx",
    "dKa_xy",
    "dKa_xz",
    "dKa_yy",
    "dKa_yz",
    "dKa_zz",
    "Ka2_x",
    "Ka2_y",
    "Ka2_z",
    "rx_x",
    "rx_y",
    "rx_z",
    "ry_x",
    "ry_y",
    "ry_z"
  ],
  "param_errors": {
    "eb_x": {
      "true": 4.84813681109536e-07,
      "est": 4.655126118677813e-07,
      "abs_error": 1.9301069241754725e-08,
      "pct_error": 3.981131307512329
    },
    "eb_y": {
      "true": 9.69627362219072e-07,
      "est": 9.770909508818601e-07,
      "abs_error": 7.463588662788016e-09,
      "pct_error": 0.7697378347189974
    },
    "eb_z": {
      "true": 1.4544410433286078e-06,
      "est": 1.4466953542951342e-06,
      "abs_error": 7.745689033473662e-09,
      "pct_error": 0.5325543492465681
    },
    "db_x": {
      "true": 0.00097803267715,
      "est": 0.0009746019843710099,
      "abs_error": 3.4306927789900035e-06,
      "pct_error": 0.3507748625523523
    },
    "db_y": {
      "true": 0.0019560653543,
      "est": 0.0019581231799467376,
      "abs_error": 2.057825646737798e-06,
      "pct_error": 0.1052022951183149
    },
    "db_z": {
      "true": 0.00293409803145,
      "est": 0.0029444474481197746,
      "abs_error": 1.0349416669774413e-05,
      "pct_error": 0.35272906899637024
    },
    "dKg_xx": {
      "true": -9.99999999995449e-06,
      "est": -1.6961808415594248e-06,
      "abs_error": 8.303819158395065e-06,
      "pct_error": 83.03819158432856
    },
    "dKg_yx": {
      "true": 0.0001454441043328608,
      "est": 0.0001455516600938713,
      "abs_error": 1.0755576101051292e-07,
      "pct_error": 0.0739498940186415
    },
    "dKg_zx": {
      "true": 0.00024240684055476798,
      "est": 0.00024150042631795898,
      "abs_error": 9.064142368090061e-07,
      "pct_error": 0.3739227138700387
    },
    "dKg_xy": {
      "true": 4.84813681109536e-05,
      "est": 4.849032778106149e-05,
      "abs_error": 8.959670107890679e-09,
      "pct_error": 0.018480646188419717
    },
    "dKg_yy": {
      "true": -2.0000000000020002e-05,
      "est": -1.9999752796762138e-05,
      "abs_error": 2.472032578637595e-10,
      "pct_error": 0.0012360162893175614
    },
    "dKg_zy": {
      "true": 0.0002908882086657216,
      "est": 0.0002999474884608974,
      "abs_error": 9.059279795175807e-06,
      "pct_error": 3.114350986150288
    },
    "dKg_xz": {
      "true": 9.69627362219072e-05,
      "est": 9.824576522448265e-05,
      "abs_error": 1.283029002575455e-06,
      "pct_error": 1.3232186431281576
    },
    "dKg_yz": {
      "true": 0.0001939254724438144,
      "est": 0.0001846394986133056,
      "abs_error": 9.28597383050879e-06,
      "pct_error": 4.788423982413757
    },
    "dKg_zz": {
      "true": -2.999999999997449e-05,
      "est": -2.1557938902239115e-05,
      "abs_error": 8.442061097735376e-06,
      "pct_error": 28.14020365914185
    },
    "dKa_xx": {
      "true": -9.99999999995449e-06,
      "est": -1.0360456512259475e-05,
      "abs_error": 3.604565123049852e-07,
      "pct_error": 3.6045651230662563
    },
    "dKa_xy": {
      "true": 4.84813681109536e-05,
      "est": 4.626349298072639e-05,
      "abs_error": 2.2178751302272053e-06,
      "pct_error": 4.574695840165681
    },
    "dKa_xz": {
      "true": 9.69627362219072e-05,
      "est": 9.732961869627362e-05,
      "abs_error": 3.6688247436642517e-07,
      "pct_error": 0.37837471245322996
    },
    "dKa_yy": {
      "true": -2.0000000000020002e-05,
      "est": -1.8336521734330091e-06,
      "abs_error": 1.8166347826586993e-05,
      "pct_error": 90.83173913284412
    },
    "dKa_yz": {
      "true": 0.0001939254724438144,
      "est": 0.00018508786010270497,
      "abs_error": 8.837612341109415e-06,
      "pct_error": 4.557220993064703
    },
    "dKa_zz": {
      "true": -2.999999999997449e-05,
      "est": -3.0021471742358585e-05,
      "abs_error": 2.1471742384093773e-08,
      "pct_error": 0.07157247461370676
    },
    "Ka2_x": {
      "true": 1.0224607248440952e-06,
      "est": 1.0210705462853984e-06,
      "abs_error": 1.3901785586968423e-09,
      "pct_error": 0.13596400574788012
    },
    "Ka2_y": {
      "true": 2.0449214496881904e-06,
      "est": 2.574991857200283e-09,
      "abs_error": 2.0423464578309903e-06,
      "pct_error": 99.87407869101315
    },
    "Ka2_z": {
      "true": 3.0673821745322856e-06,
      "est": 2.976761955132688e-06,
      "abs_error": 9.062021939959775e-08,
      "pct_error": 2.9543178594436315
    },
    "rx_x": {
      "true": 0.01,
      "est": 0.010232384166101347,
      "abs_error": 0.00023238416610134663,
      "pct_error": 2.3238416610134665
    },
    "rx_y": {
      "true": 0.02,
      "est": 0.019867274878957546,
      "abs_error": 0.00013272512104245404,
      "pct_error": 0.6636256052122702
    },
    "rx_z": {
      "true": 0.03,
      "est": 0.03069013301745884,
      "abs_error": 0.0006901330174588424,
      "pct_error": 2.3004433915294746
    },
    "ry_x": {
      "true": 0.04,
      "est": 0.04048516131300741,
      "abs_error": 0.0004851613130074095,
      "pct_error": 1.2129032825185238
    },
    "ry_y": {
      "true": 0.05,
      "est": 0.05018647142776001,
      "abs_error": 0.00018647142776000852,
      "pct_error": 0.37294285552001705
    },
    "ry_z": {
      "true": 0.06,
      "est": 0.06058398458669218,
      "abs_error": 0.0005839845866921836,
      "pct_error": 0.9733076444869728
    }
  },
  "focus_scale_pct": {
    "dKg_xx": 83.03819158432856,
    "dKg_xy": 0.018480646188419717,
    "dKg_yy": 0.0012360162893175614,
    "dKg_zz": 28.14020365914185,
    "dKa_xx": 3.6045651230662563
  },
  "lever_guard_pct": {
    "rx_y": 0.6636256052122702,
    "ry_z": 0.9733076444869728
  },
  "overall": {
    "mean_pct_error": 11.393123370545569,
    "median_pct_error": 1.0931054635027482,
    "max_pct_error": 99.87407869101315
  },
  "extra": {
    "noise_scale": 0.08,
    "noise_config": {
      "arw_dpsh": 0.0004,
      "vrw_ugpsHz": 0.4,
      "bi_g_dph": 0.00016,
      "bi_a_ug": 0.4,
      "tau_g": 300.0,
      "tau_a": 300.0,
      "seed": 42,
      "base_family": "round53_round61_shared"
    },
    "comparison_mode": "ch3_closedloop_local_insertions",
    "candidate_name": "probe3_l9_diag_bfly_flip_d8",
    "method_key": "markov42_noisy",
    "legality": "faithful12_base_plus_closed_loop_local_insertions",
    "time_total_s": 1271.0
  }
}