{
  "variant": "coupled_flip_10_11_markov42_noisy_noise0p08",
  "method_file": "probe_ch3_12pos_coupled_repair_search.py",
  "source_file": "/root/.openclaw/workspace/tmp_psins_py/psins_py/test_calibration_markov_pruned.py",
  "param_order": [
    "eb_x",
    "eb_y",
    "eb_z",
    "db_x",
    "db_y",
    "db_z",
    "dKg_xx",
    "dKg_yx",
    "dKg_zx",
    "dKg_xy",
    "dKg_yy",
    "dKg_zy",
    "dKg_xz",
    "dKg_yz",
    "dKg_zz",
    "dKa_xx",
    "dKa_xy",
    "dKa_xz",
    "dKa_yy",
    "dKa_yz",
    "dKa_zz",
    "Ka2_x",
    "Ka2_y",
    "Ka2_z",
    "rx_x",
    "rx_y",
    "rx_z",
    "ry_x",
    "ry_y",
    "ry_z"
  ],
  "param_errors": {
    "eb_x": {
      "true": 4.84813681109536e-07,
      "est": 4.6090721201225235e-07,
      "abs_error": 2.3906469097283702e-08,
      "pct_error": 4.931063216403419
    },
    "eb_y": {
      "true": 9.69627362219072e-07,
      "est": 9.734513683417196e-07,
      "abs_error": 3.824006122647529e-09,
      "pct_error": 0.3943789409878013
    },
    "eb_z": {
      "true": 1.4544410433286078e-06,
      "est": 1.4526963630069759e-06,
      "abs_error": 1.74468032163196e-09,
      "pct_error": 0.119955382834846
    },
    "db_x": {
      "true": 0.00097803267715,
      "est": 0.0009793698474917123,
      "abs_error": 1.337170341712433e-06,
      "pct_error": 0.1367204156827321
    },
    "db_y": {
      "true": 0.0019560653543,
      "est": 0.001957308750063493,
      "abs_error": 1.243395763493322e-06,
      "pct_error": 0.06356616668047296
    },
    "db_z": {
      "true": 0.00293409803145,
      "est": 0.003139781788092867,
      "abs_error": 0.00020568375664286676,
      "pct_error": 7.010118763524067
    },
    "dKg_xx": {
      "true": -9.99999999995449e-06,
      "est": -1.0269627736203546e-05,
      "abs_error": 2.6962773624905623e-07,
      "pct_error": 2.696277362502833
    },
    "dKg_yx": {
      "true": 0.0001454441043328608,
      "est": 0.0001452994541124974,
      "abs_error": 1.4465022036338213e-07,
      "pct_error": 0.09945416558950937
    },
    "dKg_zx": {
      "true": 0.00024240684055476798,
      "est": 0.00022144210540438262,
      "abs_error": 2.0964735150385362e-05,
      "pct_error": 8.648574067631856
    },
    "dKg_xy": {
      "true": 4.84813681109536e-05,
      "est": 4.794361004674305e-05,
      "abs_error": 5.377580642105441e-07,
      "pct_error": 1.109205629222015
    },
    "dKg_yy": {
      "true": -2.0000000000020002e-05,
      "est": -1.9506117983070226e-05,
      "abs_error": 4.93882016949776e-07,
      "pct_error": 2.46941008474641
    },
    "dKg_zy": {
      "true": 0.0002908882086657216,
      "est": 0.00028795699522059573,
      "abs_error": 2.9312134451258483e-06,
      "pct_error": 1.0076769555462783
    },
    "dKg_xz": {
      "true": 9.69627362219072e-05,
      "est": 0.00011706708480952742,
      "abs_error": 2.010434858762023e-05,
      "pct_error": 20.734097830747864
    },
    "dKg_yz": {
      "true": 0.0001939254724438144,
      "est": 0.00019619223412496047,
      "abs_error": 2.266761681146088e-06,
      "pct_error": 1.1688828974248506
    },
    "dKg_zz": {
      "true": -2.999999999997449e-05,
      "est": -2.6765686458318783e-06,
      "abs_error": 2.7323431354142613e-05,
      "pct_error": 91.07810451388615
    },
    "dKa_xx": {
      "true": -9.99999999995449e-06,
      "est": -7.465828159913812e-06,
      "abs_error": 2.5341718400406776e-06,
      "pct_error": 25.341718400522105
    },
    "dKa_xy": {
      "true": 4.84813681109536e-05,
      "est": 5.003935184491081e-05,
      "abs_error": 1.5579837339572145e-06,
      "pct_error": 3.2135721302081253
    },
    "dKa_xz": {
      "true": 9.69627362219072e-05,
      "est": 0.00011652143803819001,
      "abs_error": 1.9558701816282814e-05,
      "pct_error": 20.17135920290153
    },
    "dKa_yy": {
      "true": -2.0000000000020002e-05,
      "est": 1.0318823928656684e-06,
      "abs_error": 2.103188239288567e-05,
      "pct_error": 105.1594119643232
    },
    "dKa_yz": {
      "true": 0.0001939254724438144,
      "est": 0.00019705439004778192,
      "abs_error": 3.1289176039675287e-06,
      "pct_error": 1.6134639583637282
    },
    "dKa_zz": {
      "true": -2.999999999997449e-05,
      "est": -2.989702129152505e-05,
      "abs_error": 1.0297870844944157e-07,
      "pct_error": 0.3432623614984304
    },
    "Ka2_x": {
      "true": 1.0224607248440952e-06,
      "est": 1.2529757703103744e-06,
      "abs_error": 2.3051504546627914e-07,
      "pct_error": 22.545124704073896
    },
    "Ka2_y": {
      "true": 2.0449214496881904e-06,
      "est": 1.0750277084092648e-09,
      "abs_error": 2.043846421979781e-06,
      "pct_error": 99.9474293886167
    },
    "Ka2_z": {
      "true": 3.0673821745322856e-06,
      "est": 9.63432599215994e-07,
      "abs_error": 2.1039495753162917e-06,
      "pct_error": 68.59104785783995
    },
    "rx_x": {
      "true": 0.01,
      "est": 0.010245801267066286,
      "abs_error": 0.0002458012670662861,
      "pct_error": 2.458012670662861
    },
    "rx_y": {
      "true": 0.02,
      "est": 0.01988604669435751,
      "abs_error": 0.00011395330564249045,
      "pct_error": 0.5697665282124522
    },
    "rx_z": {
      "true": 0.03,
      "est": 0.03117550546936333,
      "abs_error": 0.0011755054693633298,
      "pct_error": 3.9183515645444325
    },
    "ry_x": {
      "true": 0.04,
      "est": 0.04028898186931067,
      "abs_error": 0.0002889818693106658,
      "pct_error": 0.7224546732766645
    },
    "ry_y": {
      "true": 0.05,
      "est": 0.050005648186759004,
      "abs_error": 5.648186759001084e-06,
      "pct_error": 0.011296373518002167
    },
    "ry_z": {
      "true": 0.06,
      "est": 0.060198906521921614,
      "abs_error": 0.00019890652192161573,
      "pct_error": 0.33151086986935957
    }
  },
  "focus_scale_pct": {
    "dKg_xx": 2.696277362502833,
    "dKg_xy": 1.109205629222015,
    "dKg_yy": 2.46941008474641,
    "dKg_zz": 91.07810451388615,
    "dKa_xx": 25.341718400522105
  },
  "lever_guard_pct": {
    "rx_y": 0.5697665282124522,
    "ry_z": 0.33151086986935957
  },
  "overall": {
    "mean_pct_error": 16.55350896806142,
    "median_pct_error": 2.4637113777046356,
    "max_pct_error": 105.1594119643232
  },
  "extra": {
    "noise_scale": 0.08,
    "noise_config": {
      "arw_dpsh": 0.0004,
      "vrw_ugpsHz": 0.4,
      "bi_g_dph": 0.00016,
      "bi_a_ug": 0.4,
      "tau_g": 300.0,
      "tau_a": 300.0,
      "seed": 42,
      "base_family": "round53_round61_shared"
    },
    "comparison_mode": "ch3_coupled_repair_search",
    "candidate_name": "coupled_flip_10_11",
    "method_key": "markov42_noisy"
  }
}