{
  "variant": "42state_gm1_round40_scaleblock_p6_ultrarefine",
  "method_file": "/root/.openclaw/workspace/psins_method_bench/methods/markov/method_42state_gm1_round40_scaleblock_p6_ultrarefine.py",
  "source_file": "/root/.openclaw/workspace/tmp_psins_py/psins_py/test_calibration_markov_pruned.py",
  "param_order": [
    "eb_x",
    "eb_y",
    "eb_z",
    "db_x",
    "db_y",
    "db_z",
    "dKg_xx",
    "dKg_yx",
    "dKg_zx",
    "dKg_xy",
    "dKg_yy",
    "dKg_zy",
    "dKg_xz",
    "dKg_yz",
    "dKg_zz",
    "dKa_xx",
    "dKa_xy",
    "dKa_xz",
    "dKa_yy",
    "dKa_yz",
    "dKa_zz",
    "Ka2_x",
    "Ka2_y",
    "Ka2_z",
    "rx_x",
    "rx_y",
    "rx_z",
    "ry_x",
    "ry_y",
    "ry_z"
  ],
  "param_errors": {
    "eb_x": {
      "true": 4.84813681109536e-07,
      "est": 4.676884706115083e-07,
      "abs_error": 1.7125210498027722e-08,
      "pct_error": 3.532328225316428
    },
    "eb_y": {
      "true": 9.69627362219072e-07,
      "est": 8.997488562071757e-07,
      "abs_error": 6.987850601189639e-08,
      "pct_error": 7.206738251690183
    },
    "eb_z": {
      "true": 1.4544410433286078e-06,
      "est": 1.3720390472107876e-06,
      "abs_error": 8.240199611782026e-08,
      "pct_error": 5.665543921205394
    },
    "db_x": {
      "true": 0.00097803267715,
      "est": 0.0010041123628189868,
      "abs_error": 2.60796856689869e-05,
      "pct_error": 2.666545431281851
    },
    "db_y": {
      "true": 0.0019560653543,
      "est": 0.0020085357429226428,
      "abs_error": 5.2470388622642954e-05,
      "pct_error": 2.6824455791979442
    },
    "db_z": {
      "true": 0.00293409803145,
      "est": 0.0030508827606918567,
      "abs_error": 0.00011678472924185656,
      "pct_error": 3.980259963711669
    },
    "dKg_xx": {
      "true": -9.99999999995449e-06,
      "est": -7.066928088939051e-06,
      "abs_error": 2.933071911015439e-06,
      "pct_error": 29.330719110287873
    },
    "dKg_yx": {
      "true": 0.0001454441043328608,
      "est": 0.0001422073389334542,
      "abs_error": 3.236765399406582e-06,
      "pct_error": 2.2254359599196807
    },
    "dKg_zx": {
      "true": 0.00024240684055476798,
      "est": 0.00024806180896042534,
      "abs_error": 5.6549684056573515e-06,
      "pct_error": 2.33284192505273
    },
    "dKg_xy": {
      "true": 4.84813681109536e-05,
      "est": 4.38687565746155e-05,
      "abs_error": 4.612611536338098e-06,
      "pct_error": 9.514194248358994
    },
    "dKg_yy": {
      "true": -2.0000000000020002e-05,
      "est": -1.8981680798946243e-05,
      "abs_error": 1.0183192010737585e-06,
      "pct_error": 5.091596005363701
    },
    "dKg_zy": {
      "true": 0.0002908882086657216,
      "est": 0.0002924141896878744,
      "abs_error": 1.5259810221528321e-06,
      "pct_error": 0.5245936331185
    },
    "dKg_xz": {
      "true": 9.69627362219072e-05,
      "est": 9.41879147299398e-05,
      "abs_error": 2.7748214919673983e-06,
      "pct_error": 2.861740087054671
    },
    "dKg_yz": {
      "true": 0.0001939254724438144,
      "est": 0.0001915162459279061,
      "abs_error": 2.4092265159082814e-06,
      "pct_error": 1.2423466012729718
    },
    "dKg_zz": {
      "true": -2.999999999997449e-05,
      "est": -3.1576917439712915e-05,
      "abs_error": 1.5769174397384234e-06,
      "pct_error": 5.256391465799213
    },
    "dKa_xx": {
      "true": -9.99999999995449e-06,
      "est": -9.54005983633266e-06,
      "abs_error": 4.599401636218303e-07,
      "pct_error": 4.599401636239235
    },
    "dKa_xy": {
      "true": 4.84813681109536e-05,
      "est": 4.6455644712300685e-05,
      "abs_error": 2.025723398652912e-06,
      "pct_error": 4.178354443333524
    },
    "dKa_xz": {
      "true": 9.69627362219072e-05,
      "est": 9.18709045260475e-05,
      "abs_error": 5.091831695859693e-06,
      "pct_error": 5.251328390946618
    },
    "dKa_yy": {
      "true": -2.0000000000020002e-05,
      "est": -2.04571966557765e-05,
      "abs_error": 4.571966557564977e-07,
      "pct_error": 2.2859832787802024
    },
    "dKa_yz": {
      "true": 0.0001939254724438144,
      "est": 0.00019180957528349874,
      "abs_error": 2.1158971603156454e-06,
      "pct_error": 1.09108779452822
    },
    "dKa_zz": {
      "true": -2.999999999997449e-05,
      "est": -2.781591648193249e-05,
      "abs_error": 2.1840835180420015e-06,
      "pct_error": 7.280278393479529
    },
    "Ka2_x": {
      "true": 1.0224607248440952e-06,
      "est": 8.1090621270865e-07,
      "abs_error": 2.115545121354452e-07,
      "pct_error": 20.690722586699163
    },
    "Ka2_y": {
      "true": 2.0449214496881904e-06,
      "est": 1.7794739687358235e-06,
      "abs_error": 2.654474809523669e-07,
      "pct_error": 12.980815521928351
    },
    "Ka2_z": {
      "true": 3.0673821745322856e-06,
      "est": 2.5898890444335056e-06,
      "abs_error": 4.774931300987801e-07,
      "pct_error": 15.56679614504144
    },
    "rx_x": {
      "true": 0.01,
      "est": 0.009880401015680645,
      "abs_error": 0.00011959898431935546,
      "pct_error": 1.1959898431935547
    },
    "rx_y": {
      "true": 0.02,
      "est": 0.019618323046743883,
      "abs_error": 0.00038167695325611734,
      "pct_error": 1.9083847662805866
    },
    "rx_z": {
      "true": 0.03,
      "est": 0.029407119417225867,
      "abs_error": 0.0005928805827741315,
      "pct_error": 1.9762686092471053
    },
    "ry_x": {
      "true": 0.04,
      "est": 0.03907223441326653,
      "abs_error": 0.0009277655867334714,
      "pct_error": 2.3194139668336784
    },
    "ry_y": {
      "true": 0.05,
      "est": 0.0496076866881521,
      "abs_error": 0.00039231331184789997,
      "pct_error": 0.7846266236957999
    },
    "ry_z": {
      "true": 0.06,
      "est": 0.05874585673864987,
      "abs_error": 0.0012541432613501283,
      "pct_error": 2.0902387689168807
    }
  },
  "focus_scale_pct": {
    "dKg_xx": 29.330719110287873,
    "dKg_xy": 9.514194248358994,
    "dKg_yy": 5.091596005363701,
    "dKg_zz": 5.256391465799213,
    "dKa_xx": 4.599401636239235
  },
  "lever_guard_pct": {
    "rx_y": 1.9083847662805866,
    "ry_z": 2.0902387689168807
  },
  "overall": {
    "mean_pct_error": 5.61044703925919,
    "median_pct_error": 3.1970341561855493,
    "max_pct_error": 29.330719110287873
  },
  "extra": {
    "iter_bounds": [
      4902,
      9804,
      14706
    ],
    "profile": {
      "12": -2.0,
      "15": 1.0,
      "16": 1.2,
      "20": -2.0,
      "21": -2.5
    },
    "selected_state_labels": {
      "12": "dKg_xx",
      "15": "dKg_xy",
      "16": "dKg_yy",
      "20": "dKg_zz",
      "21": "dKa_xx"
    },
    "selected_xk": {
      "12": 5.204791795739925e-07,
      "15": 4.452685897748184e-07,
      "16": -1.5356827860860753e-06,
      "20": -6.615162403066951e-07,
      "21": 4.802158960391099e-07
    },
    "applied_feedback": {
      "12": -1.040958359147985e-06,
      "15": 4.452685897748184e-07,
      "16": -1.8428193433032902e-06,
      "20": 1.3230324806133903e-06,
      "21": -1.2005397400977746e-06
    },
    "round39_baseline": {
      "rx_y_guard_mult": 1.037,
      "ry_z_guard_mult": 1.001
    },
    "ultra_small_candidates_considered": [
      {
        "name": "C1",
        "rx_y_guard_mult": 1.0375,
        "ry_z_guard_mult": 1.001
      },
      {
        "name": "C2",
        "rx_y_guard_mult": 1.038,
        "ry_z_guard_mult": 1.0015
      },
      {
        "name": "C3",
        "rx_y_guard_mult": 1.038,
        "ry_z_guard_mult": 1.002
      },
      {
        "name": "C4",
        "rx_y_guard_mult": 1.039,
        "ry_z_guard_mult": 1.002
      }
    ],
    "selected_candidate": {
      "name": "C4",
      "rx_y_guard_mult": 1.039,
      "ry_z_guard_mult": 1.002
    },
    "rx_y_guard": {
      "target_axis": "rx_y",
      "mode": "post_scale_multiplicative_guard",
      "multiplier": 1.039,
      "rx_y_before": -0.01888192786019623,
      "rx_y_after": -0.019618323046743883,
      "rx_y_delta": -0.0007363951865476531,