{
  "variant": "42state_gm1_round61_h_scd_state20_microtight_commit_shared_noise0p1",
  "method_file": "/root/.openclaw/workspace/psins_method_bench/methods/markov/method_42state_gm1_round61_h_scd_state20_microtight_commit.py",
  "source_file": "/root/.openclaw/workspace/tmp_psins_py/psins_py/test_calibration_markov_pruned.py",
  "param_order": [
    "eb_x",
    "eb_y",
    "eb_z",
    "db_x",
    "db_y",
    "db_z",
    "dKg_xx",
    "dKg_yx",
    "dKg_zx",
    "dKg_xy",
    "dKg_yy",
    "dKg_zy",
    "dKg_xz",
    "dKg_yz",
    "dKg_zz",
    "dKa_xx",
    "dKa_xy",
    "dKa_xz",
    "dKa_yy",
    "dKa_yz",
    "dKa_zz",
    "Ka2_x",
    "Ka2_y",
    "Ka2_z",
    "rx_x",
    "rx_y",
    "rx_z",
    "ry_x",
    "ry_y",
    "ry_z"
  ],
  "param_errors": {
    "eb_x": {
      "true": 4.84813681109536e-07,
      "est": 4.123117168489882e-07,
      "abs_error": 7.250196426054784e-08,
      "pct_error": 14.954603610735804
    },
    "eb_y": {
      "true": 9.69627362219072e-07,
      "est": 9.018734303819243e-07,
      "abs_error": 6.775393183714783e-08,
      "pct_error": 6.987625811434135
    },
    "eb_z": {
      "true": 1.4544410433286078e-06,
      "est": 1.417050286486122e-06,
      "abs_error": 3.7390756842485845e-08,
      "pct_error": 2.570799071849212
    },
    "db_x": {
      "true": 0.00097803267715,
      "est": 0.00098051708430062,
      "abs_error": 2.4844071506201562e-06,
      "pct_error": 0.25402087360309383
    },
    "db_y": {
      "true": 0.0019560653543,
      "est": 0.0019630128459453278,
      "abs_error": 6.947491645327951e-06,
      "pct_error": 0.3551768671765157
    },
    "db_z": {
      "true": 0.00293409803145,
      "est": 0.0029469733967945125,
      "abs_error": 1.2875365344512321e-05,
      "pct_error": 0.43881851275942035
    },
    "dKg_xx": {
      "true": -9.99999999995449e-06,
      "est": -9.696253213675732e-06,
      "abs_error": 3.0374678627875795e-07,
      "pct_error": 3.037467862801403
    },
    "dKg_yx": {
      "true": 0.0001454441043328608,
      "est": 0.00014537139744134946,
      "abs_error": 7.270689151133163e-08,
      "pct_error": 0.04998957630137824
    },
    "dKg_zx": {
      "true": 0.00024240684055476798,
      "est": 0.00024274894129859198,
      "abs_error": 3.421007438239999e-07,
      "pct_error": 0.14112668728368977
    },
    "dKg_xy": {
      "true": 4.84813681109536e-05,
      "est": 4.8436904140252543e-05,
      "abs_error": 4.4463970701053295e-08,
      "pct_error": 0.09171352301629328
    },
    "dKg_yy": {
      "true": -2.0000000000020002e-05,
      "est": -1.992932208971787e-05,
      "abs_error": 7.067791030213044e-08,
      "pct_error": 0.3533895515102988
    },
    "dKg_zy": {
      "true": 0.0002908882086657216,
      "est": 0.0002902301043600498,
      "abs_error": 6.581043056717991e-07,
      "pct_error": 0.22623959516628922
    },
    "dKg_xz": {
      "true": 9.69627362219072e-05,
      "est": 9.648855330604749e-05,
      "abs_error": 4.7418291585970076e-07,
      "pct_error": 0.4890362363274219
    },
    "dKg_yz": {
      "true": 0.0001939254724438144,
      "est": 0.0001938003862823481,
      "abs_error": 1.2508616146629753e-07,
      "pct_error": 0.06450218214759718
    },
    "dKg_zz": {
      "true": -2.999999999997449e-05,
      "est": -3.02029843559648e-05,
      "abs_error": 2.0298435599030995e-07,
      "pct_error": 0.6766145199682752
    },
    "dKa_xx": {
      "true": -9.99999999995449e-06,
      "est": -9.657019288233926e-06,
      "abs_error": 3.429807117205641e-07,
      "pct_error": 3.42980711722125
    },
    "dKa_xy": {
      "true": 4.84813681109536e-05,
      "est": 4.7969452841463215e-05,
      "abs_error": 5.119152694903816e-07,
      "pct_error": 1.0559010387636367
    },
    "dKa_xz": {
      "true": 9.69627362219072e-05,
      "est": 9.650883709571205e-05,
      "abs_error": 4.538991261951458e-07,
      "pct_error": 0.4681170766018405
    },
    "dKa_yy": {
      "true": -2.0000000000020002e-05,
      "est": -1.982727680926999e-05,
      "abs_error": 1.7272319075001263e-07,
      "pct_error": 0.8636159537491994
    },
    "dKa_yz": {
      "true": 0.0001939254724438144,
      "est": 0.000193729163986547,
      "abs_error": 1.963084572673742e-07,
      "pct_error": 0.10122881475730335
    },
    "dKa_zz": {
      "true": -2.999999999997449e-05,
      "est": -2.958993975998858e-05,
      "abs_error": 4.100602399859099e-07,
      "pct_error": 1.3668674666208618
    },
    "Ka2_x": {
      "true": 1.0224607248440952e-06,
      "est": 1.0056801576011963e-06,
      "abs_error": 1.6780567242898888e-08,
      "pct_error": 1.6411943104667994
    },
    "Ka2_y": {
      "true": 2.0449214496881904e-06,
      "est": 1.9995737394616186e-06,
      "abs_error": 4.534771022657186e-08,
      "pct_error": 2.2175771217758258
    },
    "Ka2_z": {
      "true": 3.0673821745322856e-06,
      "est": 3.0146935299150436e-06,
      "abs_error": 5.268864461724205e-08,
      "pct_error": 1.7177072050135394
    },
    "rx_x": {
      "true": 0.01,
      "est": 0.009893915820244745,
      "abs_error": 0.00010608417975525516,
      "pct_error": 1.0608417975525517
    },
    "rx_y": {
      "true": 0.02,
      "est": 0.020131913621459566,
      "abs_error": 0.00013191362145956523,
      "pct_error": 0.6595681072978261
    },
    "rx_z": {
      "true": 0.03,
      "est": 0.029840110818789758,
      "abs_error": 0.00015988918121024112,
      "pct_error": 0.5329639373674705
    },
    "ry_x": {
      "true": 0.04,
      "est": 0.039927462988308994,
      "abs_error": 7.253701169100679e-05,
      "pct_error": 0.18134252922751698
    },
    "ry_y": {
      "true": 0.05,
      "est": 0.05005980991986991,
      "abs_error": 5.9809919869910355e-05,
      "pct_error": 0.11961983973982071
    },
    "ry_z": {
      "true": 0.06,
      "est": 0.0598221813694844,
      "abs_error": 0.00017781863051559432,
      "pct_error": 0.2963643841926572
    }
  },
  "focus_scale_pct": {
    "dKg_xx": 3.037467862801403,
    "dKg_xy": 0.09171352301629328,
    "dKg_yy": 0.3533895515102988,
    "dKg_zz": 0.6766145199682752,
    "dKa_xx": 3.42980711722125
  },
  "lever_guard_pct": {
    "rx_y": 0.6595681072978261,
    "ry_z": 0.2963643841926572
  },
  "overall": {
    "mean_pct_error": 1.546794706080964,
    "median_pct_error": 0.5110000868474462,
    "max_pct_error": 14.954603610735804
  },
  "extra": {
    "iter_bounds": [
      4902,
      9804,
      14706
    ],
    "selected_state_labels": {
      "12": "dKg_xx",
      "15": "dKg_xy",
      "16": "dKg_yy",
      "20": "dKg_zz",
      "21": "dKa_xx"
    },
    "iteration_policies": [
      {
        "name": "iter1_seed",
        "selected_prior_scale": 1.38,
        "other_scale_prior_scale": 0.94,
        "ka2_prior_scale": 0.93,
        "lever_prior_scale": 0.91,
        "selected_q_static_scale": 0.62,
        "selected_q_dynamic_scale": 0.88,
        "selected_q_late_mult": 1.42,
        "other_scale_q_scale": 0.92,
        "other_scale_q_late_mult": 1.05,
        "ka2_q_scale": 0.95,
        "lever_q_scale": 0.93,
        "static_r_scale": 1.06,
        "dynamic_r_scale": 1.0,
        "late_r_mult": 0.99,
        "late_release_frac": 0.55,
        "selected_alpha_floor": 0.88,
        "selected_alpha_span": 0.16,
        "other_scale_alpha": 0.98,
        "ka2_alpha": 1.0,
        "lever_alpha": 1.0,
        "markov_alpha": 1.0,
        "trust_score_soft": 2.4,
        "trust_cov_soft": 0.48,
        "trust_mix": 0.56,
        "state_alpha_mult": {
          "15": 1.02,
          "20": 0.97
        },
        "post_rx_y_mult": 1.00047,
        "post_ry_z_mult": 1.00116
      },
      {
        "name": "iter2_commit",
        "selected_prior_scale": 1.24,
        "other_scale_prior_scale": 0.97,
        "ka2_prior_scale": 0.96,
        "lever_prior_scale": 0.94,
        "selected_q_static_scale": 0.78,
        "selected_q_dynamic_scale": 1.0,
        "selected_q_late_mult": 1.28,
        "other_scale_q_scale": 0.96,