{
  "variant": "r68_global_family_r68_balanced_strong_anchor",
  "method_file": "probe_round68_global_family_balanced::round61_backbone_plus_family_reconcile",
  "source_file": "/root/.openclaw/workspace/tmp_psins_py/psins_py/test_calibration_markov_pruned.py",
  "param_order": [
    "eb_x",
    "eb_y",
    "eb_z",
    "db_x",
    "db_y",
    "db_z",
    "dKg_xx",
    "dKg_yx",
    "dKg_zx",
    "dKg_xy",
    "dKg_yy",
    "dKg_zy",
    "dKg_xz",
    "dKg_yz",
    "dKg_zz",
    "dKa_xx",
    "dKa_xy",
    "dKa_xz",
    "dKa_yy",
    "dKa_yz",
    "dKa_zz",
    "Ka2_x",
    "Ka2_y",
    "Ka2_z",
    "rx_x",
    "rx_y",
    "rx_z",
    "ry_x",
    "ry_y",
    "ry_z"
  ],
  "param_errors": {
    "eb_x": {
      "true": 4.84813681109536e-07,
      "est": 4.580863153800886e-07,
      "abs_error": 2.6727365729447462e-08,
      "pct_error": 5.512914913679763
    },
    "eb_y": {
      "true": 9.69627362219072e-07,
      "est": 8.934785750043194e-07,
      "abs_error": 7.614878721475265e-08,
      "pct_error": 7.853407420401161
    },
    "eb_z": {
      "true": 1.4544410433286078e-06,
      "est": 1.3638815146830944e-06,
      "abs_error": 9.05595286455134e-08,
      "pct_error": 6.226414543298399
    },
    "db_x": {
      "true": 0.00097803267715,
      "est": 0.0009825005922443448,
      "abs_error": 4.467915094344887e-06,
      "pct_error": 0.4568267705905748
    },
    "db_y": {
      "true": 0.0019560653543,
      "est": 0.00195894361981826,
      "abs_error": 2.8782655182601515e-06,
      "pct_error": 0.14714567240470203
    },
    "db_z": {
      "true": 0.00293409803145,
      "est": 0.0029797526705149287,
      "abs_error": 4.565463906492859e-05,
      "pct_error": 1.556002511694081
    },
    "dKg_xx": {
      "true": -9.99999999995449e-06,
      "est": -6.180284596757346e-06,
      "abs_error": 3.819715403197144e-06,
      "pct_error": 38.19715403214528
    },
    "dKg_yx": {
      "true": 0.0001454441043328608,
      "est": 0.00013565717731084788,
      "abs_error": 9.786927022012909e-06,
      "pct_error": 6.728995353166549
    },
    "dKg_zx": {
      "true": 0.00024240684055476798,
      "est": 0.0002373174067403839,
      "abs_error": 5.089433814384079e-06,
      "pct_error": 2.0995421592627053
    },
    "dKg_xy": {
      "true": 4.84813681109536e-05,
      "est": 4.2966489394384225e-05,
      "abs_error": 5.514878716569372e-06,
      "pct_error": 11.37525389949417
    },
    "dKg_yy": {
      "true": -2.0000000000020002e-05,
      "est": -1.7792591394005797e-05,
      "abs_error": 2.207408606014205e-06,
      "pct_error": 11.037043030059987
    },
    "dKg_zy": {
      "true": 0.0002908882086657216,
      "est": 0.0002793050225562763,
      "abs_error": 1.1583186109445306e-05,
      "pct_error": 3.982006064314657
    },
    "dKg_xz": {
      "true": 9.69627362219072e-05,
      "est": 9.005715222485014e-05,
      "abs_error": 6.905583997057055e-06,
      "pct_error": 7.1218947258801135
    },
    "dKg_yz": {
      "true": 0.0001939254724438144,
      "est": 0.00018336980219936072,
      "abs_error": 1.055567024445367e-05,
      "pct_error": 5.4431581944511915
    },
    "dKg_zz": {
      "true": -2.999999999997449e-05,
      "est": -3.3136293952296114e-05,
      "abs_error": 3.1362939523216227e-06,
      "pct_error": 10.454313174414299
    },
    "dKa_xx": {
      "true": -9.99999999995449e-06,
      "est": -8.604013568724866e-06,
      "abs_error": 1.3959864312296233e-06,
      "pct_error": 13.959864312359766
    },
    "dKa_xy": {
      "true": 4.84813681109536e-05,
      "est": 4.977021227149392e-05,
      "abs_error": 1.2888441605403235e-06,
      "pct_error": 2.658431910565514
    },
    "dKa_xz": {
      "true": 9.69627362219072e-05,
      "est": 9.79383511296685e-05,
      "abs_error": 9.756149077613026e-07,
      "pct_error": 1.0061750996058194
    },
    "dKa_yy": {
      "true": -2.0000000000020002e-05,
      "est": -2.088205509176433e-05,
      "abs_error": 8.820550917443271e-07,
      "pct_error": 4.410275458717225
    },
    "dKa_yz": {
      "true": 0.0001939254724438144,
      "est": 0.00020443252330549675,
      "abs_error": 1.0507050861682365e-05,
      "pct_error": 5.41808702553325
    },
    "dKa_zz": {
      "true": -2.999999999997449e-05,
      "est": -2.8360491721723946e-05,
      "abs_error": 1.6395082782505455e-06,
      "pct_error": 5.465027594173131
    },
    "Ka2_x": {
      "true": 1.0224607248440952e-06,
      "est": 8.186896565616196e-07,
      "abs_error": 2.0377106828247558e-07,
      "pct_error": 19.929476343802506
    },
    "Ka2_y": {
      "true": 2.0449214496881904e-06,
      "est": 1.8289331274045022e-06,
      "abs_error": 2.159883222836882e-07,
      "pct_error": 10.562181853812628
    },
    "Ka2_z": {
      "true": 3.0673821745322856e-06,
      "est": 2.634188666562067e-06,
      "abs_error": 4.3319350797021885e-07,
      "pct_error": 14.122580210803767
    },
    "rx_x": {
      "true": 0.01,
      "est": 0.009596560322800296,
      "abs_error": 0.00040343967719970453,
      "pct_error": 4.034396771997045
    },
    "rx_y": {
      "true": 0.02,
      "est": 0.018377717392225053,
      "abs_error": 0.0016222826077749476,
      "pct_error": 8.111413038874737
    },
    "rx_z": {
      "true": 0.03,
      "est": 0.028560209762374243,
      "abs_error": 0.0014397902376257557,
      "pct_error": 4.799300792085853
    },
    "ry_x": {
      "true": 0.04,
      "est": 0.03794666195918407,
      "abs_error": 0.002053338040815929,
      "pct_error": 5.133345102039822
    },
    "ry_y": {
      "true": 0.05,
      "est": 0.04820175689203103,
      "abs_error": 0.001798243107968972,
      "pct_error": 3.596486215937944
    },
    "ry_z": {
      "true": 0.06,
      "est": 0.05698501985749736,
      "abs_error": 0.003014980142502635,
      "pct_error": 5.024966904171059
    }
  },
  "focus_scale_pct": {
    "dKg_xx": 38.19715403214528,
    "dKg_xy": 11.37525389949417,
    "dKg_yy": 11.037043030059987,
    "dKg_zz": 10.454313174414299,
    "dKa_xx": 13.959864312359766
  },
  "lever_guard_pct": {
    "rx_y": 8.111413038874737,
    "ry_z": 5.024966904171059
  },
  "overall": {
    "mean_pct_error": 7.547469369991258,
    "median_pct_error": 5.454092894312161,
    "max_pct_error": 38.19715403214528
  },
  "extra": {
    "dataset_noise_config": {
      "noise_scale_tag": "mainline_1x_round53_family",
      "arw_dpsh": 0.005,
      "vrw_ugpsHz": 5.0,
      "bi_g_dph": 0.002,
      "bi_a_ug": 5.0,
      "tau_g": 300.0,
      "tau_a": 300.0,
      "seed": 42
    },
    "base_round61_candidate": "r61_s20_08988_ryz00116",
    "family_balance_cfg": {
      "gamma": 0.18,
      "blend": 0.78,
      "mult_min": 0.9,
      "mult_max": 1.12,
      "weak_consensus_blend": 0.35,
      "weights": {
        "kg_diag": 1.15,
        "kg_offdiag": 1.15,
        "ka_diag": 1.1,
        "ka_offdiag": 1.1,
        "gyro_bias": 1.05,
        "acc_bias": 1.05,
        "ka2": 0.75,
        "lever": 0.7
      }
    },
    "family_balance_log": {
      "global_ref": 0.9230833943777661,
      "rms_before": {
        "kg_diag": 0.8734230412057645,
        "kg_offdiag": 1.2593028860556392,
        "ka_diag": 0.8239953416865125,
        "ka_offdiag": 0.5933224897490594,
        "gyro_bias": 0.9870340486879727,
        "acc_bias": 1.0933712618042426,
        "ka2": 0.750072457190562,
        "lever": 1.2731352010796118
      },
      "multipliers": {
        "kg_diag": 1.0100036258728498,
        "kg_offdiag": 0.9456271507790497,
        "ka_diag": 1.0206501711724674,
        "ka_offdiag": 1.082806921065635,
        "gyro_bias": 0.9880151061325565,
        "acc_bias": 0.9699853858170947,
        "ka2": 1.0243959028977871,
        "lever": 0.9631034759159418
      },
      "strong_consensus_multiplier": 0.9990093660027031,
      "cfg": {
        "gamma": 0.18,
        "blend": 0.78,
        "mult_min": 0.9,
        "mult_max": 1.12,
        "weak_consensus_blend": 0.35,
        "weights": {
          "kg_diag": 1.15,