{
  "variant": "r69_global_family_r69_cap106_wcb010_trim",
  "method_file": "probe_round69_global_family_balanced::round61_backbone_plus_family_reconcile",
  "source_file": "/root/.openclaw/workspace/tmp_psins_py/psins_py/test_calibration_markov_pruned.py",
  "param_order": [
    "eb_x",
    "eb_y",
    "eb_z",
    "db_x",
    "db_y",
    "db_z",
    "dKg_xx",
    "dKg_yx",
    "dKg_zx",
    "dKg_xy",
    "dKg_yy",
    "dKg_zy",
    "dKg_xz",
    "dKg_yz",
    "dKg_zz",
    "dKa_xx",
    "dKa_xy",
    "dKa_xz",
    "dKa_yy",
    "dKa_yz",
    "dKa_zz",
    "Ka2_x",
    "Ka2_y",
    "Ka2_z",
    "rx_x",
    "rx_y",
    "rx_z",
    "ry_x",
    "ry_y",
    "ry_z"
  ],
  "param_errors": {
    "eb_x": {
      "true": 4.84813681109536e-07,
      "est": 4.5971209029307863e-07,
      "abs_error": 2.5101590816457417e-08,
      "pct_error": 5.177574766250482
    },
    "eb_y": {
      "true": 9.69627362219072e-07,
      "est": 8.966495823096368e-07,
      "abs_error": 7.297777990943529e-08,
      "pct_error": 7.526373816681454
    },
    "eb_z": {
      "true": 1.4544410433286078e-06,
      "est": 1.3687220093156898e-06,
      "abs_error": 8.571903401291799e-08,
      "pct_error": 5.8936066474542645
    },
    "db_x": {
      "true": 0.00097803267715,
      "est": 0.0009899675399147928,
      "abs_error": 1.1934862764792888e-05,
      "pct_error": 1.220292843340494
    },
    "db_y": {
      "true": 0.0019560653543,
      "est": 0.0019738314780180476,
      "abs_error": 1.7766123718047748e-05,
      "pct_error": 0.9082581867212487
    },
    "db_z": {
      "true": 0.00293409803145,
      "est": 0.003002398618453532,
      "abs_error": 6.830058700353202e-05,
      "pct_error": 2.3278222564969515
    },
    "dKg_xx": {
      "true": -9.99999999995449e-06,
      "est": -6.172291107997552e-06,
      "abs_error": 3.827708891956938e-06,
      "pct_error": 38.277088919743576
    },
    "dKg_yx": {
      "true": 0.0001454441043328608,
      "est": 0.00013744673251319702,
      "abs_error": 7.997371819663774e-06,
      "pct_error": 5.498587829563123
    },
    "dKg_zx": {
      "true": 0.00024240684055476798,
      "est": 0.00024044803799970246,
      "abs_error": 1.9588025550655195e-06,
      "pct_error": 0.8080640589938133
    },
    "dKg_xy": {
      "true": 4.84813681109536e-05,
      "est": 4.353329246479024e-05,
      "abs_error": 4.948075646163359e-06,
      "pct_error": 10.206138644518614
    },
    "dKg_yy": {
      "true": -2.0000000000020002e-05,
      "est": -1.7769578718906942e-05,
      "abs_error": 2.2304212811130597e-06,
      "pct_error": 11.152106405554145
    },
    "dKg_zy": {
      "true": 0.0002908882086657216,
      "est": 0.00028298954383311595,
      "abs_error": 7.898664832605633e-06,
      "pct_error": 2.7153609521802577
    },
    "dKg_xz": {
      "true": 9.69627362219072e-05,
      "est": 9.124516341944723e-05,
      "abs_error": 5.717572802459964e-06,
      "pct_error": 5.896670231515362
    },
    "dKg_yz": {
      "true": 0.0001939254724438144,
      "est": 0.00018578877029220013,
      "abs_error": 8.136702151614254e-06,
      "pct_error": 4.195788231982616
    },
    "dKg_zz": {
      "true": -2.999999999997449e-05,
      "est": -3.3093435958697626e-05,
      "abs_error": 3.093435958723134e-06,
      "pct_error": 10.311453195752549
    },
    "dKa_xx": {
      "true": -9.99999999995449e-06,
      "est": -8.573035362058334e-06,
      "abs_error": 1.4269646378961554e-06,
      "pct_error": 14.269646379026495
    },
    "dKa_xy": {
      "true": 4.84813681109536e-05,
      "est": 4.877024467661753e-05,
      "abs_error": 2.888765656639344e-07,
      "pct_error": 0.5958506884599803
    },
    "dKa_xz": {
      "true": 9.69627362219072e-05,
      "est": 9.597060429967581e-05,
      "abs_error": 9.921319222313787e-07,
      "pct_error": 1.023209493553073
    },
    "dKa_yy": {
      "true": -2.0000000000020002e-05,
      "est": -2.0806870573153446e-05,
      "abs_error": 8.068705731334447e-07,
      "pct_error": 4.034352865663188
    },
    "dKa_yz": {
      "true": 0.0001939254724438144,
      "est": 0.00020032512875533534,
      "abs_error": 6.399656311520949e-06,
      "pct_error": 3.30005967285969
    },
    "dKa_zz": {
      "true": -2.999999999997449e-05,
      "est": -2.8258381565171575e-05,
      "abs_error": 1.7416184348029162e-06,
      "pct_error": 5.805394782681324
    },
    "Ka2_x": {
      "true": 1.0224607248440952e-06,
      "est": 8.194451552974711e-07,
      "abs_error": 2.0301556954662408e-07,
      "pct_error": 19.855586098681677
    },
    "Ka2_y": {
      "true": 2.0449214496881904e-06,
      "est": 1.8306208935252006e-06,
      "abs_error": 2.143005561629898e-07,
      "pct_error": 10.479647332941143
    },
    "Ka2_z": {
      "true": 3.0673821745322856e-06,
      "est": 2.6366195342194648e-06,
      "abs_error": 4.307626403128209e-07,
      "pct_error": 14.043331277378357
    },
    "rx_x": {
      "true": 0.01,
      "est": 0.00960705995494493,
      "abs_error": 0.0003929400450550704,
      "pct_error": 3.929400450550704
    },
    "rx_y": {
      "true": 0.02,
      "est": 0.018397824520798814,
      "abs_error": 0.0016021754792011865,
      "pct_error": 8.010877396005931
    },
    "rx_z": {
      "true": 0.03,
      "est": 0.02859145759351287,
      "abs_error": 0.0014085424064871274,
      "pct_error": 4.695141354957092
    },
    "ry_x": {
      "true": 0.04,
      "est": 0.03798817954238955,
      "abs_error": 0.002011820457610454,
      "pct_error": 5.029551144026135
    },
    "ry_y": {
      "true": 0.05,
      "est": 0.04825449461253377,
      "abs_error": 0.001745505387466234,
      "pct_error": 3.491010774932468
    },
    "ry_z": {
      "true": 0.06,
      "est": 0.057047367378497874,
      "abs_error": 0.0029526326215021242,
      "pct_error": 4.921054369170207
    }
  },
  "focus_scale_pct": {
    "dKg_xx": 38.277088919743576,
    "dKg_xy": 10.206138644518614,
    "dKg_yy": 11.152106405554145,
    "dKg_zz": 10.311453195752549,
    "dKa_xx": 14.269646379026495
  },
  "lever_guard_pct": {
    "rx_y": 8.010877396005931,
    "ry_z": 4.921054369170207
  },
  "overall": {
    "mean_pct_error": 7.186643368921213,
    "median_pct_error": 5.103562955138308,
    "max_pct_error": 38.277088919743576
  },
  "extra": {
    "dataset_noise_config": {
      "noise_scale_tag": "mainline_1x_round53_family",
      "arw_dpsh": 0.005,
      "vrw_ugpsHz": 5.0,
      "bi_g_dph": 0.002,
      "bi_a_ug": 5.0,
      "tau_g": 300.0,
      "tau_a": 300.0,
      "seed": 42
    },
    "base_round61_candidate": "r61_s20_08988_ryz00116",
    "base_round68_candidate": "r68_balanced_iso_mild",
    "family_balance_cfg": {
      "gamma": 0.14,
      "blend": 0.72,
      "mult_min": 0.95,
      "mult_max": 1.06,
      "weak_consensus_blend": 0.1,
      "weights": {
        "kg_diag": 1.0,
        "kg_offdiag": 1.05,
        "ka_diag": 1.0,
        "ka_offdiag": 1.0,
        "gyro_bias": 1.0,
        "acc_bias": 1.0,
        "ka2": 0.9,
        "lever": 0.95
      }
    },
    "family_balance_log": {
      "global_ref": 0.9313251202584022,
      "rms_before": {
        "kg_diag": 0.8734230412057645,
        "kg_offdiag": 1.2593028860556392,
        "ka_diag": 0.8239953416865125,
        "ka_offdiag": 0.5933224897490594,
        "gyro_bias": 0.9870340486879727,
        "acc_bias": 1.0933712618042426,
        "ka2": 0.750072457190562,
        "lever": 1.2731352010796118
      },
      "multipliers": {
        "kg_diag": 1.0090268762152588,
        "kg_offdiag": 0.9586409056315223,
        "ka_diag": 1.0172898667322259,
        "ka_offdiag": 1.06,
        "gyro_bias": 0.9918995325575488,
        "acc_bias": 0.9777925247441873,
        "ka2": 1.027734970664889,
        "lever": 0.961504621370688
      },
      "strong_consensus_multiplier": 1.0004632043864037,
      "cfg": {
        "gamma": 0.14,
        "blend": 0.72,
        "mult_min": 0.95,
        "mult_max": 1.06,
        "weak_consensus_blend": 0.1,