{
  "variant": "r69_global_family_r69_wcb006_relax_more",
  "method_file": "probe_round69_global_family_balanced::round61_backbone_plus_family_reconcile",
  "source_file": "/root/.openclaw/workspace/tmp_psins_py/psins_py/test_calibration_markov_pruned.py",
  "param_order": [
    "eb_x",
    "eb_y",
    "eb_z",
    "db_x",
    "db_y",
    "db_z",
    "dKg_xx",
    "dKg_yx",
    "dKg_zx",
    "dKg_xy",
    "dKg_yy",
    "dKg_zy",
    "dKg_xz",
    "dKg_yz",
    "dKg_zz",
    "dKa_xx",
    "dKa_xy",
    "dKa_xz",
    "dKa_yy",
    "dKa_yz",
    "dKa_zz",
    "Ka2_x",
    "Ka2_y",
    "Ka2_z",
    "rx_x",
    "rx_y",
    "rx_z",
    "ry_x",
    "ry_y",
    "ry_z"
  ],
  "param_errors": {
    "eb_x": {
      "true": 4.84813681109536e-07,
      "est": 4.5953007196725385e-07,
      "abs_error": 2.52836091422822e-08,
      "pct_error": 5.215118740960151
    },
    "eb_y": {
      "true": 9.69627362219072e-07,
      "est": 8.962945630285049e-07,
      "abs_error": 7.333279919056724e-08,
      "pct_error": 7.562987808299787
    },
    "eb_z": {
      "true": 1.4544410433286078e-06,
      "est": 1.3681800777591445e-06,
      "abs_error": 8.626096556946331e-08,
      "pct_error": 5.930867116624267
    },
    "db_x": {
      "true": 0.00097803267715,
      "est": 0.000989577158602132,
      "abs_error": 1.1544481452132119e-05,
      "pct_error": 1.180377887349622
    },
    "db_y": {
      "true": 0.0019560653543,
      "est": 0.0019730531222717303,
      "abs_error": 1.698776797173047e-05,
      "pct_error": 0.8684662776929423
    },
    "db_z": {
      "true": 0.00293409803145,
      "est": 0.003001214660125056,
      "abs_error": 6.71166286750559e-05,
      "pct_error": 2.2874705601396546
    },
    "dKg_xx": {
      "true": -9.99999999995449e-06,
      "est": -6.169835512714883e-06,
      "abs_error": 3.830164487239607e-06,
      "pct_error": 38.30164487257038
    },
    "dKg_yx": {
      "true": 0.0001454441043328608,
      "est": 0.00013739283848554116,
      "abs_error": 8.05126584731963e-06,
      "pct_error": 5.535642633470825
    },
    "dKg_zx": {
      "true": 0.00024240684055476798,
      "est": 0.00024035375628799637,
      "abs_error": 2.053084266771609e-06,
      "pct_error": 0.8469580569892157
    },
    "dKg_xy": {
      "true": 4.84813681109536e-05,
      "est": 4.351622269219434e-05,
      "abs_error": 4.9651454187592595e-06,
      "pct_error": 10.241347577890368
    },
    "dKg_yy": {
      "true": -2.0000000000020002e-05,
      "est": -1.7762509238350432e-05,
      "abs_error": 2.2374907616695694e-06,
      "pct_error": 11.18745380833666
    },
    "dKg_zy": {
      "true": 0.0002908882086657216,
      "est": 0.00028287858123675016,
      "abs_error": 8.00962742897142e-06,
      "pct_error": 2.753507082913697
    },
    "dKg_xz": {
      "true": 9.69627362219072e-05,
      "est": 9.120938541824724e-05,
      "abs_error": 5.753350803659949e-06,
      "pct_error": 5.933568943942478
    },
    "dKg_yz": {
      "true": 0.0001939254724438144,
      "est": 0.00018571592094219239,
      "abs_error": 8.209551501622001e-06,
      "pct_error": 4.233353874644052
    },
    "dKg_zz": {
      "true": -2.999999999997449e-05,
      "est": -3.3080270007923573e-05,
      "abs_error": 3.080270007949082e-06,
      "pct_error": 10.267566693172336
    },
    "dKa_xx": {
      "true": -9.99999999995449e-06,
      "est": -8.569616926301649e-06,
      "abs_error": 1.4303830736528411e-06,
      "pct_error": 14.30383073659351
    },
    "dKa_xy": {
      "true": 4.84813681109536e-05,
      "est": 4.892405721170667e-05,
      "abs_error": 4.426891007530765e-07,
      "pct_error": 0.9131118159453465
    },
    "dKa_xz": {
      "true": 9.69627362219072e-05,
      "est": 9.627327823619695e-05,
      "abs_error": 6.894579857102484e-07,
      "pct_error": 0.7110545891901887
    },
    "dKa_yy": {
      "true": -2.0000000000020002e-05,
      "est": -2.0798573983737967e-05,
      "abs_error": 7.985739837179651e-07,
      "pct_error": 3.992869918585832
    },
    "dKa_yz": {
      "true": 0.0001939254724438144,
      "est": 0.00020095691799691548,
      "abs_error": 7.031445553101095e-06,
      "pct_error": 3.625849386618512
    },
    "dKa_zz": {
      "true": -2.999999999997449e-05,
      "est": -2.8247113739610086e-05,
      "abs_error": 1.7528862603644058e-06,
      "pct_error": 5.842954201219654
    },
    "Ka2_x": {
      "true": 1.0224607248440952e-06,
      "est": 8.198182260617747e-07,
      "abs_error": 2.0264249878232056e-07,
      "pct_error": 19.81909855884386
    },
    "Ka2_y": {
      "true": 2.0449214496881904e-06,
      "est": 1.8314543246968691e-06,
      "abs_error": 2.1346712499132132e-07,
      "pct_error": 10.438891186938784
    },
    "Ka2_z": {
      "true": 3.0673821745322856e-06,
      "est": 2.6378199143284324e-06,
      "abs_error": 4.295622602038533e-07,
      "pct_error": 14.004197578325986
    },
    "rx_x": {
      "true": 0.01,
      "est": 0.009590978193765465,
      "abs_error": 0.0004090218062345347,
      "pct_error": 4.090218062345348
    },
    "rx_y": {
      "true": 0.02,
      "est": 0.018367027438074987,
      "abs_error": 0.0016329725619250134,
      "pct_error": 8.164862809625067
    },
    "rx_z": {
      "true": 0.03,
      "est": 0.02854359685412454,
      "abs_error": 0.0014564031458754595,
      "pct_error": 4.854677152918199
    },
    "ry_x": {
      "true": 0.04,
      "est": 0.037924589137634246,
      "abs_error": 0.002075410862365755,
      "pct_error": 5.188527155914388
    },
    "ry_y": {
      "true": 0.05,
      "est": 0.04817371888490908,
      "abs_error": 0.001826281115090922,
      "pct_error": 3.652562230181844
    },
    "ry_z": {
      "true": 0.06,
      "est": 0.05695187280030217,
      "abs_error": 0.0030481271996978254,
      "pct_error": 5.080211999496376
    }
  },
  "focus_scale_pct": {
    "dKg_xx": 38.30164487257038,
    "dKg_xy": 10.241347577890368,
    "dKg_yy": 11.18745380833666,
    "dKg_zz": 10.267566693172336,
    "dKa_xx": 14.30383073659351
  },
  "lever_guard_pct": {
    "rx_y": 8.164862809625067,
    "ry_z": 5.080211999496376
  },
  "overall": {
    "mean_pct_error": 7.234308310591311,
    "median_pct_error": 5.20182294843727,
    "max_pct_error": 38.30164487257038
  },
  "extra": {
    "dataset_noise_config": {
      "noise_scale_tag": "mainline_1x_round53_family",
      "arw_dpsh": 0.005,
      "vrw_ugpsHz": 5.0,
      "bi_g_dph": 0.002,
      "bi_a_ug": 5.0,
      "tau_g": 300.0,
      "tau_a": 300.0,
      "seed": 42
    },
    "base_round61_candidate": "r61_s20_08988_ryz00116",
    "base_round68_candidate": "r68_balanced_iso_mild",
    "family_balance_cfg": {
      "gamma": 0.14,
      "blend": 0.72,
      "mult_min": 0.92,
      "mult_max": 1.1,
      "weak_consensus_blend": 0.06,
      "weights": {
        "kg_diag": 1.0,
        "kg_offdiag": 1.0,
        "ka_diag": 1.0,
        "ka_offdiag": 1.0,
        "gyro_bias": 1.0,
        "acc_bias": 1.0,
        "ka2": 0.9,
        "lever": 0.9
      }
    },
    "family_balance_log": {
      "global_ref": 0.9276647351369329,
      "rms_before": {
        "kg_diag": 0.8734230412057645,
        "kg_offdiag": 1.2593028860556392,
        "ka_diag": 0.8239953416865125,
        "ka_offdiag": 0.5933224897490594,
        "gyro_bias": 0.9870340486879727,
        "acc_bias": 1.0933712618042426,
        "ka2": 0.750072457190562,
        "lever": 1.2731352010796118
      },
      "multipliers": {
        "kg_diag": 1.008470726940843,
        "kg_offdiag": 0.9581125277888113,
        "ka_diag": 1.0167291631131354,
        "ka_offdiag": 1.0645695336273215,
        "gyro_bias": 0.9913528234278633,
        "acc_bias": 0.9772535910289575,
        "ka2": 1.0283799204124076,
        "lever": 0.9592441268976503
      },
      "strong_consensus_multiplier": 0.9999117751843531,
      "cfg": {
        "gamma": 0.14,
        "blend": 0.72,
        "mult_min": 0.92,
        "mult_max": 1.1,
        "weak_consensus_blend": 0.06,