{
  "variant": "42state_gm1_scdneutral_shared_noise0p5",
  "method_file": "neutral_markov42_plus_once_scd_on_shared_dataset",
  "source_file": "/root/.openclaw/workspace/tmp_psins_py/psins_py/test_calibration_markov_pruned.py",
  "param_order": [
    "eb_x",
    "eb_y",
    "eb_z",
    "db_x",
    "db_y",
    "db_z",
    "dKg_xx",
    "dKg_yx",
    "dKg_zx",
    "dKg_xy",
    "dKg_yy",
    "dKg_zy",
    "dKg_xz",
    "dKg_yz",
    "dKg_zz",
    "dKa_xx",
    "dKa_xy",
    "dKa_xz",
    "dKa_yy",
    "dKa_yz",
    "dKa_zz",
    "Ka2_x",
    "Ka2_y",
    "Ka2_z",
    "rx_x",
    "rx_y",
    "rx_z",
    "ry_x",
    "ry_y",
    "ry_z"
  ],
  "param_errors": {
    "eb_x": {
      "true": 4.84813681109536e-07,
      "est": 4.3469652718420436e-07,
      "abs_error": 5.011715392533169e-08,
      "pct_error": 10.337405044064445
    },
    "eb_y": {
      "true": 9.69627362219072e-07,
      "est": 9.012016851582215e-07,
      "abs_error": 6.842567706085056e-08,
      "pct_error": 7.056904510641362
    },
    "eb_z": {
      "true": 1.4544410433286078e-06,
      "est": 1.3990644357737652e-06,
      "abs_error": 5.537660755484267e-08,
      "pct_error": 3.8074150759737053
    },
    "db_x": {
      "true": 0.00097803267715,
      "est": 0.0009943677300893608,
      "abs_error": 1.633505293936093e-05,
      "pct_error": 1.6701950068745646
    },
    "db_y": {
      "true": 0.0019560653543,
      "est": 0.0019846002719728782,
      "abs_error": 2.8534917672878423e-05,
      "pct_error": 1.458791630358893
    },
    "db_z": {
      "true": 0.00293409803145,
      "est": 0.0029935230059103053,
      "abs_error": 5.942497446030518e-05,
      "pct_error": 2.025323415350849
    },
    "dKg_xx": {
      "true": -9.99999999995449e-06,
      "est": -8.042113081696556e-06,
      "abs_error": 1.957886918257934e-06,
      "pct_error": 19.57886918266844
    },
    "dKg_yx": {
      "true": 0.0001454441043328608,
      "est": 0.00014400159189383873,
      "abs_error": 1.4425124390220602e-06,
      "pct_error": 0.9917984958130389
    },
    "dKg_zx": {
      "true": 0.00024240684055476798,
      "est": 0.00024500411242023474,
      "abs_error": 2.5972718654667596e-06,
      "pct_error": 1.0714515562030715
    },
    "dKg_xy": {
      "true": 4.84813681109536e-05,
      "est": 4.603300774808677e-05,
      "abs_error": 2.4483603628668265e-06,
      "pct_error": 5.050105758697965
    },
    "dKg_yy": {
      "true": -2.0000000000020002e-05,
      "est": -1.8748188263639776e-05,
      "abs_error": 1.2518117363802261e-06,
      "pct_error": 6.259058681894871
    },
    "dKg_zy": {
      "true": 0.0002908882086657216,
      "est": 0.0002909600367196843,
      "abs_error": 7.182805396272569e-08,
      "pct_error": 0.02469266605621266
    },
    "dKg_xz": {
      "true": 9.69627362219072e-05,
      "est": 9.545496284911245e-05,
      "abs_error": 1.5077733727947437e-06,
      "pct_error": 1.5550029130201939
    },
    "dKg_yz": {
      "true": 0.0001939254724438144,
      "est": 0.00019280307899126743,
      "abs_error": 1.122393452546958e-06,
      "pct_error": 0.5787756700565196
    },
    "dKg_zz": {
      "true": -2.999999999997449e-05,
      "est": -3.167393562963916e-05,
      "abs_error": 1.673935629664669e-06,
      "pct_error": 5.579785432220308
    },
    "dKa_xx": {
      "true": -9.99999999995449e-06,
      "est": -9.152749278706906e-06,
      "abs_error": 8.472507212475833e-07,
      "pct_error": 8.47250721251439
    },
    "dKa_xy": {
      "true": 4.84813681109536e-05,
      "est": 4.720548231013502e-05,
      "abs_error": 1.275885800818577e-06,
      "pct_error": 2.6317033749926515
    },
    "dKa_xz": {
      "true": 9.69627362219072e-05,
      "est": 9.458268501196661e-05,
      "abs_error": 2.380051209940586e-06,
      "pct_error": 2.454604008382811
    },
    "dKa_yy": {
      "true": -2.0000000000020002e-05,
      "est": -2.0183968717502054e-05,
      "abs_error": 1.8396871748205257e-07,
      "pct_error": 0.9198435874093429
    },
    "dKa_yz": {
      "true": 0.0001939254724438144,
      "est": 0.00019298658938422242,
      "abs_error": 9.388830595919719e-07,
      "pct_error": 0.4841463309385478
    },
    "dKa_zz": {
      "true": -2.999999999997449e-05,
      "est": -2.8829874668012678e-05,
      "abs_error": 1.1701253319618132e-06,
      "pct_error": 3.900417773209361
    },
    "Ka2_x": {
      "true": 1.0224607248440952e-06,
      "est": 9.117204040952874e-07,
      "abs_error": 1.1074032074880782e-07,
      "pct_error": 10.830765237040621
    },
    "Ka2_y": {
      "true": 2.0449214496881904e-06,
      "est": 1.898486731705424e-06,
      "abs_error": 1.464347179827664e-07,
      "pct_error": 7.160896962819514
    },
    "Ka2_z": {
      "true": 3.0673821745322856e-06,
      "est": 2.819528840532708e-06,
      "abs_error": 2.4785333399957745e-07,
      "pct_error": 8.080288659738661
    },
    "rx_x": {
      "true": 0.01,
      "est": 0.009854140532800123,
      "abs_error": 0.00014585946719987766,
      "pct_error": 1.4585946719987766
    },
    "rx_y": {
      "true": 0.02,
      "est": 0.019567516122389817,
      "abs_error": 0.0004324838776101833,
      "pct_error": 2.1624193880509166
    },
    "rx_z": {
      "true": 0.03,
      "est": 0.029654705323116416,
      "abs_error": 0.00034529467688358337,
      "pct_error": 1.1509822562786112
    },
    "ry_x": {
      "true": 0.04,
      "est": 0.03948166147142503,
      "abs_error": 0.0005183385285749686,
      "pct_error": 1.2958463214374216
    },
    "ry_y": {
      "true": 0.05,
      "est": 0.04985883070138802,
      "abs_error": 0.00014116929861198585,
      "pct_error": 0.2823385972239717
    },
    "ry_z": {
      "true": 0.06,
      "est": 0.059250636507749255,
      "abs_error": 0.0007493634922507431,
      "pct_error": 1.2489391537512384
    }
  },
  "focus_scale_pct": {
    "dKg_xx": 19.57886918266844,
    "dKg_xy": 5.050105758697965,
    "dKg_yy": 6.259058681894871,
    "dKg_zz": 5.579785432220308,
    "dKa_xx": 8.47250721251439
  },
  "lever_guard_pct": {
    "rx_y": 2.1624193880509166,
    "ry_z": 1.2489391537512384
  },
  "overall": {
    "mean_pct_error": 3.985995619189376,
    "median_pct_error": 2.093871401700883,
    "max_pct_error": 19.57886918266844
  },
  "extra": {
    "noise_scale": 0.5,
    "noise_config": {
      "arw_dpsh": 0.0025,
      "vrw_ugpsHz": 2.5,
      "bi_g_dph": 0.001,
      "bi_a_ug": 2.5,
      "tau_g": 300.0,
      "tau_a": 300.0,
      "seed": 42,
      "base_family": "round53_round61_shared"
    },
    "comparison_mode": "shared_dataset_apples_to_apples",
    "mainline_rung": "scd42_neutral",
    "selected_candidate": "neutral_markov42_plus_scd_baseline",
    "candidate_description": "Controlled neutral Markov+SCD baseline (iter2 once-per-phase SCD only).",
    "scd_cfg": {
      "mode": "once_per_phase",
      "alpha": 0.999,
      "transition_duration": 2.0,
      "target": "scale_block",
      "bias_to_target": true,
      "apply_policy_names": [
        "iter2_commit"
      ]
    },
    "iter_patches": {
      "0": {
        "selected_prior_scale": 1.0,
        "other_scale_prior_scale": 1.0,
        "ka2_prior_scale": 1.0,
        "lever_prior_scale": 1.0,
        "selected_q_static_scale": 1.0,
        "selected_q_dynamic_scale": 1.0,
        "selected_q_late_mult": 1.0,
        "other_scale_q_scale": 1.0,
        "other_scale_q_late_mult": 1.0,
        "ka2_q_scale": 1.0,
        "lever_q_scale": 1.0,
        "static_r_scale": 1.0,
        "dynamic_r_scale": 1.0,
        "late_r_mult": 1.0,
        "late_release_frac": 0.58,
        "selected_alpha_floor": 1.0,
        "selected_alpha_span": 0.0,
        "other_scale_alpha": 1.0,
        "ka2_alpha": 1.0,
        "lever_alpha": 1.0,
        "markov_alpha": 1.0,
        "trust_score_soft": 2.1,
        "trust_cov_soft": 0.44,
        "trust_mix": 0.58,
        "state_alpha_mult": {},
        "state_alpha_add": {},
        "state_prior_diag_mult": {},
        "state_q_static_mult": {},