{
  "variant": "42state_gm1_llm_scd_only_clean_candidate_B_noise2p0",
  "method_file": "probe_llm_scd_only_clean::neutral_markov42_plus_scd_with_llm_scd_only_cfg",
  "source_file": "/root/.openclaw/workspace/tmp_psins_py/psins_py/test_calibration_markov_pruned.py",
  "param_order": [
    "eb_x",
    "eb_y",
    "eb_z",
    "db_x",
    "db_y",
    "db_z",
    "dKg_xx",
    "dKg_yx",
    "dKg_zx",
    "dKg_xy",
    "dKg_yy",
    "dKg_zy",
    "dKg_xz",
    "dKg_yz",
    "dKg_zz",
    "dKa_xx",
    "dKa_xy",
    "dKa_xz",
    "dKa_yy",
    "dKa_yz",
    "dKa_zz",
    "Ka2_x",
    "Ka2_y",
    "Ka2_z",
    "rx_x",
    "rx_y",
    "rx_z",
    "ry_x",
    "ry_y",
    "ry_z"
  ],
  "param_errors": {
    "eb_x": {
      "true": 4.84813681109536e-07,
      "est": 5.160128831687607e-07,
      "abs_error": 3.119920205922463e-08,
      "pct_error": 6.4352973678099765
    },
    "eb_y": {
      "true": 9.69627362219072e-07,
      "est": 9.065965198653901e-07,
      "abs_error": 6.303084235368203e-08,
      "pct_error": 6.50052224283675
    },
    "eb_z": {
      "true": 1.4544410433286078e-06,
      "est": 1.332130930063011e-06,
      "abs_error": 1.2231011326559674e-07,
      "pct_error": 8.409423938262908
    },
    "db_x": {
      "true": 0.00097803267715,
      "est": 0.0010030162819322226,
      "abs_error": 2.498360478222269e-05,
      "pct_error": 2.5544754654849817
    },
    "db_y": {
      "true": 0.0019560653543,
      "est": 0.0020223713741073343,
      "abs_error": 6.630601980733451e-05,
      "pct_error": 3.3897650536867094
    },
    "db_z": {
      "true": 0.00293409803145,
      "est": 0.003157114522653156,
      "abs_error": 0.00022301649120315577,
      "pct_error": 7.600853441592181
    },
    "dKg_xx": {
      "true": -9.99999999995449e-06,
      "est": -2.2853929644295334e-06,
      "abs_error": 7.714607035524956e-06,
      "pct_error": 77.14607035560066
    },
    "dKg_yx": {
      "true": 0.0001454441043328608,
      "est": 0.0001352360921355381,
      "abs_error": 1.0208012197322682e-05,
      "pct_error": 7.018512193495864
    },
    "dKg_zx": {
      "true": 0.00024240684055476798,
      "est": 0.00025340346308456156,
      "abs_error": 1.0996622529793571e-05,
      "pct_error": 4.536432430960651
    },
    "dKg_xy": {
      "true": 4.84813681109536e-05,
      "est": 3.997217660879571e-05,
      "abs_error": 8.509191502157884e-06,
      "pct_error": 17.55146736512035
    },
    "dKg_yy": {
      "true": -2.0000000000020002e-05,
      "est": -1.509502443886035e-05,
      "abs_error": 4.904975561159652e-06,
      "pct_error": 24.524877805773734
    },
    "dKg_zy": {
      "true": 0.0002908882086657216,
      "est": 0.00029424399153605917,
      "abs_error": 3.355782870337592e-06,
      "pct_error": 1.153633172595847
    },
    "dKg_xz": {
      "true": 9.69627362219072e-05,
      "est": 9.127228689987314e-05,
      "abs_error": 5.6904493220340555e-06,
      "pct_error": 5.868697134341376
    },
    "dKg_yz": {
      "true": 0.0001939254724438144,
      "est": 0.0001889961829232142,
      "abs_error": 4.929289520600182e-06,
      "pct_error": 2.5418473697560975
    },
    "dKg_zz": {
      "true": -2.999999999997449e-05,
      "est": -3.414183009664562e-05,
      "abs_error": 4.1418300966711286e-06,
      "pct_error": 13.806100322248835
    },
    "dKa_xx": {
      "true": -9.99999999995449e-06,
      "est": -6.7632027906938674e-06,
      "abs_error": 3.2367972092606223e-06,
      "pct_error": 32.36797209275353
    },
    "dKa_xy": {
      "true": 4.84813681109536e-05,
      "est": 4.806958813955974e-05,
      "abs_error": 4.1177997139385454e-07,
      "pct_error": 0.8493571601598829
    },
    "dKa_xz": {
      "true": 9.69627362219072e-05,
      "est": 8.7039661549219e-05,
      "abs_error": 9.923074672688192e-06,
      "pct_error": 10.233905373687495
    },
    "dKa_yy": {
      "true": -2.0000000000020002e-05,
      "est": -2.0969463021769386e-05,
      "abs_error": 9.694630217493838e-07,
      "pct_error": 4.847315108742071
    },
    "dKa_yz": {
      "true": 0.0001939254724438144,
      "est": 0.00018949007498892176,
      "abs_error": 4.435397454892627e-06,
      "pct_error": 2.2871659916557303
    },
    "dKa_zz": {
      "true": -2.999999999997449e-05,
      "est": -2.629749199889453e-05,
      "abs_error": 3.7025080010799627e-06,
      "pct_error": 12.341693336943703
    },
    "Ka2_x": {
      "true": 1.0224607248440952e-06,
      "est": 6.4557168249743e-07,
      "abs_error": 3.768890423466652e-07,
      "pct_error": 36.86097990748087
    },
    "Ka2_y": {
      "true": 2.0449214496881904e-06,
      "est": 1.6814856959021634e-06,
      "abs_error": 3.6343575378602707e-07,
      "pct_error": 17.772602162368816
    },
    "Ka2_z": {
      "true": 3.0673821745322856e-06,
      "est": 2.194497463759831e-06,
      "abs_error": 8.728847107724546e-07,
      "pct_error": 28.456992350669573
    },
    "rx_x": {
      "true": 0.01,
      "est": 0.010218515648228088,
      "abs_error": 0.00021851564822808825,
      "pct_error": 2.1851564822808824
    },
    "rx_y": {
      "true": 0.02,
      "est": 0.01784094996595583,
      "abs_error": 0.0021590500340441694,
      "pct_error": 10.795250170220847
    },
    "rx_z": {
      "true": 0.03,
      "est": 0.02881165056559242,
      "abs_error": 0.0011883494344075776,
      "pct_error": 3.961164781358592
    },
    "ry_x": {
      "true": 0.04,
      "est": 0.0388285052932839,
      "abs_error": 0.0011714947067160975,
      "pct_error": 2.9287367667902435
    },
    "ry_y": {
      "true": 0.05,
      "est": 0.049306821050660435,
      "abs_error": 0.0006931789493395679,
      "pct_error": 1.3863578986791358
    },
    "ry_z": {
      "true": 0.06,
      "est": 0.05728317202592654,
      "abs_error": 0.002716827974073459,
      "pct_error": 4.528046623455765
    }
  },
  "focus_scale_pct": {
    "dKg_xx": 77.14607035560066,
    "dKg_xy": 17.55146736512035,
    "dKg_yy": 24.524877805773734,
    "dKg_zz": 13.806100322248835,
    "dKa_xx": 32.36797209275353
  },
  "lever_guard_pct": {
    "rx_y": 10.795250170220847,
    "ry_z": 4.528046623455765
  },
  "overall": {
    "mean_pct_error": 12.02802239556047,
    "median_pct_error": 6.467909805323363,
    "max_pct_error": 77.14607035560066
  },
  "extra": {
    "noise_scale": 2.0,
    "noise_config": {
      "arw_dpsh": 0.01,
      "vrw_ugpsHz": 10.0,
      "bi_g_dph": 0.004,
      "bi_a_ug": 10.0,
      "tau_g": 300.0,
      "tau_a": 300.0,
      "seed": 42,
      "base_family": "round53_round61_shared"
    },
    "comparison_mode": "shared_dataset_apples_to_apples",
    "mainline_rung": "candidate_B",
    "candidate_name": "candidate_B",
    "candidate_label": "B",
    "candidate_description": "scale_block scope, once_per_phase, alpha=0.9995, transition_duration=2.0, bias_to_target=True",
    "candidate_signature": "{\"description\": \"scale_block scope, once_per_phase, alpha=0.9995, transition_duration=2.0, bias_to_target=True\", \"label\": \"B\", \"name\": \"candidate_B\", \"scd\": {\"alpha\": 0.9995, \"apply_policy_names\": [\"iter2_commit\"], \"bias_to_target\": true, \"mode\": \"once_per_phase\", \"target\": \"scale_block\", \"transition_duration\": 2.0}}",
    "candidate_scd_cfg": {
      "mode": "once_per_phase",
      "alpha": 0.9995,
      "transition_duration": 2.0,
      "target": "scale_block",
      "bias_to_target": true,
      "apply_policy_names": [
        "iter2_commit"
      ]
    },
    "constraint_note": "SCD-only candidate on top of neutral Markov+SCD baseline; no state alpha/prior/q multipliers; no post_rx_y_mult; no post_ry_z_mult.",
    "runtime_log": {
      "schedule_log": [
        {
          "policy_name": "iter1_seed",
          "n_static_meas": 3912,
          "n_dynamic_sched": 990,
          "n_late_sched": 2060,
          "late_release_frac": 0.58
        },
        {
          "policy_name": "iter2_commit",
          "n_static_meas": 3912,
          "n_dynamic_sched": 990,
          "n_late_sched": 2060,