{
  "variant": "42state_gm1_scdneutral_shared_noise2p0",
  "method_file": "neutral_markov42_plus_once_scd_on_shared_dataset",
  "source_file": "/root/.openclaw/workspace/tmp_psins_py/psins_py/test_calibration_markov_pruned.py",
  "param_order": [
    "eb_x",
    "eb_y",
    "eb_z",
    "db_x",
    "db_y",
    "db_z",
    "dKg_xx",
    "dKg_yx",
    "dKg_zx",
    "dKg_xy",
    "dKg_yy",
    "dKg_zy",
    "dKg_xz",
    "dKg_yz",
    "dKg_zz",
    "dKa_xx",
    "dKa_xy",
    "dKa_xz",
    "dKa_yy",
    "dKa_yz",
    "dKa_zz",
    "Ka2_x",
    "Ka2_y",
    "Ka2_z",
    "rx_x",
    "rx_y",
    "rx_z",
    "ry_x",
    "ry_y",
    "ry_z"
  ],
  "param_errors": {
    "eb_x": {
      "true": 4.84813681109536e-07,
      "est": 5.12127470084684e-07,
      "abs_error": 2.7313788975147925e-08,
      "pct_error": 5.633873390832963
    },
    "eb_y": {
      "true": 9.69627362219072e-07,
      "est": 9.074384858976028e-07,
      "abs_error": 6.218887632146933e-08,
      "pct_error": 6.413688262586255
    },
    "eb_z": {
      "true": 1.4544410433286078e-06,
      "est": 1.3359651754028978e-06,
      "abs_error": 1.1847586792571005e-07,
      "pct_error": 8.145800647551054
    },
    "db_x": {
      "true": 0.00097803267715,
      "est": 0.0010042545116913848,
      "abs_error": 2.6221834541384883e-05,
      "pct_error": 2.6810795951926325
    },
    "db_y": {
      "true": 0.0019560653543,
      "est": 0.002020630990700706,
      "abs_error": 6.456563640070637e-05,
      "pct_error": 3.3007913697143274
    },
    "db_z": {
      "true": 0.00293409803145,
      "est": 0.0031566082181462667,
      "abs_error": 0.0002225101866962665,
      "pct_error": 7.5835975591553195
    },
    "dKg_xx": {
      "true": -9.99999999995449e-06,
      "est": -2.3499075381128165e-06,
      "abs_error": 7.650092461841673e-06,
      "pct_error": 76.50092461876488
    },
    "dKg_yx": {
      "true": 0.0001454441043328608,
      "est": 0.00013486921171068644,
      "abs_error": 1.0574892622174347e-05,
      "pct_error": 7.270760592655469
    },
    "dKg_zx": {
      "true": 0.00024240684055476798,
      "est": 0.0002532872535413931,
      "abs_error": 1.0880412986625127e-05,
      "pct_error": 4.488492553149246
    },
    "dKg_xy": {
      "true": 4.84813681109536e-05,
      "est": 4.08211994999694e-05,
      "abs_error": 7.660168610984195e-06,
      "pct_error": 15.800231943647441
    },
    "dKg_yy": {
      "true": -2.0000000000020002e-05,
      "est": -1.532951019145301e-05,
      "abs_error": 4.670489808566991e-06,
      "pct_error": 23.352449042811603
    },
    "dKg_zy": {
      "true": 0.0002908882086657216,
      "est": 0.0002939257490658739,
      "abs_error": 3.037540400152312e-06,
      "pct_error": 1.0442294701752401
    },
    "dKg_xz": {
      "true": 9.69627362219072e-05,
      "est": 9.120990207448933e-05,
      "abs_error": 5.752834147417868e-06,
      "pct_error": 5.933036103944132
    },
    "dKg_yz": {
      "true": 0.0001939254724438144,
      "est": 0.0001889941787089629,
      "abs_error": 4.931293734851476e-06,
      "pct_error": 2.54288086691665
    },
    "dKg_zz": {
      "true": -2.999999999997449e-05,
      "est": -3.424124203932344e-05,
      "abs_error": 4.241242039348947e-06,
      "pct_error": 14.13747346450851
    },
    "dKa_xx": {
      "true": -9.99999999995449e-06,
      "est": -6.846964472950745e-06,
      "abs_error": 3.1530355270037447e-06,
      "pct_error": 31.530355270180944
    },
    "dKa_xy": {
      "true": 4.84813681109536e-05,
      "est": 4.8280257396191125e-05,
      "abs_error": 2.0111071476247214e-07,
      "pct_error": 0.4148206261469638
    },
    "dKa_xz": {
      "true": 9.69627362219072e-05,
      "est": 8.715264947375151e-05,
      "abs_error": 9.810086748155686e-06,
      "pct_error": 10.1173782118777
    },
    "dKa_yy": {
      "true": -2.0000000000020002e-05,
      "est": -2.1050762431862324e-05,
      "abs_error": 1.0507624318423225e-06,
      "pct_error": 5.253812159206358
    },
    "dKa_yz": {
      "true": 0.0001939254724438144,
      "est": 0.00018961253572787794,
      "abs_error": 4.3129367159364476e-06,
      "pct_error": 2.2240176401715486
    },
    "dKa_zz": {
      "true": -2.999999999997449e-05,
      "est": -2.6357299374835108e-05,
      "abs_error": 3.6427006251393834e-06,
      "pct_error": 12.142335417141602
    },
    "Ka2_x": {
      "true": 1.0224607248440952e-06,
      "est": 6.393871810169688e-07,
      "abs_error": 3.8307354382712644e-07,
      "pct_error": 37.46584436145823
    },
    "Ka2_y": {
      "true": 2.0449214496881904e-06,
      "est": 1.696616148503292e-06,
      "abs_error": 3.4830530118489837e-07,
      "pct_error": 17.03269830917016
    },
    "Ka2_z": {
      "true": 3.0673821745322856e-06,
      "est": 2.1942141420843708e-06,
      "abs_error": 8.731680324479149e-07,
      "pct_error": 28.46622894589441
    },
    "rx_x": {
      "true": 0.01,
      "est": 0.010213089428383369,
      "abs_error": 0.00021308942838336835,
      "pct_error": 2.1308942838336833
    },
    "rx_y": {
      "true": 0.02,
      "est": 0.017856070813963128,
      "abs_error": 0.0021439291860368727,
      "pct_error": 10.719645930184363
    },
    "rx_z": {
      "true": 0.03,
      "est": 0.028809164915202225,
      "abs_error": 0.0011908350847977742,
      "pct_error": 3.9694502826592473
    },
    "ry_x": {
      "true": 0.04,
      "est": 0.0388222794755161,
      "abs_error": 0.001177720524483901,
      "pct_error": 2.9443013112097525
    },
    "ry_y": {
      "true": 0.05,
      "est": 0.04932251940152513,
      "abs_error": 0.000677480598474875,
      "pct_error": 1.35496119694975
    },
    "ry_z": {
      "true": 0.06,
      "est": 0.057275505896983867,
      "abs_error": 0.0027244941030161313,
      "pct_error": 4.540823505026886
    }
  },
  "focus_scale_pct": {
    "dKg_xx": 76.50092461876488,
    "dKg_xy": 15.800231943647441,
    "dKg_yy": 23.352449042811603,
    "dKg_zz": 14.13747346450851,
    "dKa_xx": 31.530355270180944
  },
  "lever_guard_pct": {
    "rx_y": 10.719645930184363,
    "ry_z": 4.540823505026886
  },
  "overall": {
    "mean_pct_error": 11.837895897757246,
    "median_pct_error": 6.173362183265193,
    "max_pct_error": 76.50092461876488
  },
  "extra": {
    "noise_scale": 2.0,
    "noise_config": {
      "arw_dpsh": 0.01,
      "vrw_ugpsHz": 10.0,
      "bi_g_dph": 0.004,
      "bi_a_ug": 10.0,
      "tau_g": 300.0,
      "tau_a": 300.0,
      "seed": 42,
      "base_family": "round53_round61_shared"
    },
    "comparison_mode": "shared_dataset_apples_to_apples",
    "mainline_rung": "scd42_neutral",
    "selected_candidate": "neutral_markov42_plus_scd_baseline",
    "candidate_description": "Controlled neutral Markov+SCD baseline (iter2 once-per-phase SCD only).",
    "scd_cfg": {
      "mode": "once_per_phase",
      "alpha": 0.999,
      "transition_duration": 2.0,
      "target": "scale_block",
      "bias_to_target": true,
      "apply_policy_names": [
        "iter2_commit"
      ]
    },
    "iter_patches": {
      "0": {
        "selected_prior_scale": 1.0,
        "other_scale_prior_scale": 1.0,
        "ka2_prior_scale": 1.0,
        "lever_prior_scale": 1.0,
        "selected_q_static_scale": 1.0,
        "selected_q_dynamic_scale": 1.0,
        "selected_q_late_mult": 1.0,
        "other_scale_q_scale": 1.0,
        "other_scale_q_late_mult": 1.0,
        "ka2_q_scale": 1.0,
        "lever_q_scale": 1.0,
        "static_r_scale": 1.0,
        "dynamic_r_scale": 1.0,
        "late_r_mult": 1.0,
        "late_release_frac": 0.58,
        "selected_alpha_floor": 1.0,
        "selected_alpha_span": 0.0,
        "other_scale_alpha": 1.0,
        "ka2_alpha": 1.0,
        "lever_alpha": 1.0,
        "markov_alpha": 1.0,
        "trust_score_soft": 2.1,
        "trust_cov_soft": 0.44,
        "trust_mix": 0.58,
        "state_alpha_mult": {},
        "state_alpha_add": {},
        "state_prior_diag_mult": {},
        "state_q_static_mult": {},