{
  "variant": "42state_gm1_scdneutral_shared_noise0p05",
  "method_file": "neutral_markov42_plus_once_scd_on_shared_dataset",
  "source_file": "/root/.openclaw/workspace/tmp_psins_py/psins_py/test_calibration_markov_pruned.py",
  "param_order": [
    "eb_x",
    "eb_y",
    "eb_z",
    "db_x",
    "db_y",
    "db_z",
    "dKg_xx",
    "dKg_yx",
    "dKg_zx",
    "dKg_xy",
    "dKg_yy",
    "dKg_zy",
    "dKg_xz",
    "dKg_yz",
    "dKg_zz",
    "dKa_xx",
    "dKa_xy",
    "dKa_xz",
    "dKa_yy",
    "dKa_yz",
    "dKa_zz",
    "Ka2_x",
    "Ka2_y",
    "Ka2_z",
    "rx_x",
    "rx_y",
    "rx_z",
    "ry_x",
    "ry_y",
    "ry_z"
  ],
  "param_errors": {
    "eb_x": {
      "true": 4.84813681109536e-07,
      "est": 4.0907175580739796e-07,
      "abs_error": 7.574192530213809e-08,
      "pct_error": 15.622893547227557
    },
    "eb_y": {
      "true": 9.69627362219072e-07,
      "est": 9.016692601835876e-07,
      "abs_error": 6.795810203548452e-08,
      "pct_error": 7.008682374634809
    },
    "eb_z": {
      "true": 1.4544410433286078e-06,
      "est": 1.4193335649483155e-06,
      "abs_error": 3.510747838029229e-08,
      "pct_error": 2.413812408645038
    },
    "db_x": {
      "true": 0.00097803267715,
      "est": 0.000978677689944468,
      "abs_error": 6.450127944680317e-07,
      "pct_error": 0.06595002493654992
    },
    "db_y": {
      "true": 0.0019560653543,
      "est": 0.001960088075776864,
      "abs_error": 4.022721476864156e-06,
      "pct_error": 0.20565373585402172
    },
    "db_z": {
      "true": 0.00293409803145,
      "est": 0.0029407429160508464,
      "abs_error": 6.644884600846227e-06,
      "pct_error": 0.22647111751621998
    },
    "dKg_xx": {
      "true": -9.99999999995449e-06,
      "est": -9.845043623668559e-06,
      "abs_error": 1.5495637628593073e-07,
      "pct_error": 1.5495637628663594
    },
    "dKg_yx": {
      "true": 0.0001454441043328608,
      "est": 0.00014559198713332388,
      "abs_error": 1.478828004630858e-07,
      "pct_error": 0.10167672394932134
    },
    "dKg_zx": {
      "true": 0.00024240684055476798,
      "est": 0.0002424183625368624,
      "abs_error": 1.1521982094412969e-08,
      "pct_error": 0.004753158808573209
    },
    "dKg_xy": {
      "true": 4.84813681109536e-05,
      "est": 4.765166932309287e-05,
      "abs_error": 8.296987878607276e-07,
      "pct_error": 1.7113765972154367
    },
    "dKg_yy": {
      "true": -2.0000000000020002e-05,
      "est": -1.993070166150801e-05,
      "abs_error": 6.929833851199163e-08,
      "pct_error": 0.34649169255961165
    },
    "dKg_zy": {
      "true": 0.0002908882086657216,
      "est": 0.0002902879922592276,
      "abs_error": 6.002164064939763e-07,
      "pct_error": 0.20633920131968075
    },
    "dKg_xz": {
      "true": 9.69627362219072e-05,
      "est": 9.666181273169946e-05,
      "abs_error": 3.009234902077334e-07,
      "pct_error": 0.31034962701449065
    },
    "dKg_yz": {
      "true": 0.0001939254724438144,
      "est": 0.00019395806285243006,
      "abs_error": 3.259040861567633e-08,
      "pct_error": 0.016805635796565445
    },
    "dKg_zz": {
      "true": -2.999999999997449e-05,
      "est": -3.015145943296993e-05,
      "abs_error": 1.5145943299543774e-07,
      "pct_error": 0.5048647766518883
    },
    "dKa_xx": {
      "true": -9.99999999995449e-06,
      "est": -9.71424366214002e-06,
      "abs_error": 2.8575633781446896e-07,
      "pct_error": 2.8575633781576943
    },
    "dKa_xy": {
      "true": 4.84813681109536e-05,
      "est": 4.808769844470714e-05,
      "abs_error": 3.936696662464544e-07,
      "pct_error": 0.8120019743368401
    },
    "dKa_xz": {
      "true": 9.69627362219072e-05,
      "est": 9.68713443788035e-05,
      "abs_error": 9.139184310369614e-08,
      "pct_error": 0.09425460405174457
    },
    "dKa_yy": {
      "true": -2.0000000000020002e-05,
      "est": -1.9790559671495345e-05,
      "abs_error": 2.094403285246571e-07,
      "pct_error": 1.0472016426222384
    },
    "dKa_yz": {
      "true": 0.0001939254724438144,
      "est": 0.00019378226972692537,
      "abs_error": 1.432027168890126e-07,
      "pct_error": 0.07384420163292495
    },
    "dKa_zz": {
      "true": -2.999999999997449e-05,
      "est": -2.9699865659926772e-05,
      "abs_error": 3.0013434004771966e-07,
      "pct_error": 1.0004478001599162
    },
    "Ka2_x": {
      "true": 1.0224607248440952e-06,
      "est": 1.0173586230654716e-06,
      "abs_error": 5.102101778623665e-09,
      "pct_error": 0.49900222616390805
    },
    "Ka2_y": {
      "true": 2.0449214496881904e-06,
      "est": 2.0138146299447222e-06,
      "abs_error": 3.110681974346821e-08,
      "pct_error": 1.5211743095663346
    },
    "Ka2_z": {
      "true": 3.0673821745322856e-06,
      "est": 3.0435262339625114e-06,
      "abs_error": 2.3855940569774228e-08,
      "pct_error": 0.7777296473795862
    },
    "rx_x": {
      "true": 0.01,
      "est": 0.009899107799018468,
      "abs_error": 0.00010089220098153176,
      "pct_error": 1.0089220098153175
    },
    "rx_y": {
      "true": 0.02,
      "est": 0.02019669531917194,
      "abs_error": 0.00019669531917193908,
      "pct_error": 0.9834765958596954
    },
    "rx_z": {
      "true": 0.03,
      "est": 0.029863255401518803,
      "abs_error": 0.0001367445984811963,
      "pct_error": 0.45581532827065435
    },
    "ry_x": {
      "true": 0.04,
      "est": 0.039985211542485515,
      "abs_error": 1.478845751448632e-05,
      "pct_error": 0.0369711437862158
    },
    "ry_y": {
      "true": 0.05,
      "est": 0.050088451774061925,
      "abs_error": 8.8451774061922e-05,
      "pct_error": 0.176903548123844
    },
    "ry_z": {
      "true": 0.06,
      "est": 0.05981541755558031,
      "abs_error": 0.00018458244441969113,
      "pct_error": 0.3076374073661519
    }
  },
  "focus_scale_pct": {
    "dKg_xx": 1.5495637628663594,
    "dKg_xy": 1.7113765972154367,
    "dKg_yy": 0.34649169255961165,
    "dKg_zz": 0.5048647766518883,
    "dKa_xx": 2.8575633781576943
  },
  "lever_guard_pct": {
    "rx_y": 0.9834765958596954,
    "ry_z": 0.3076374073661519
  },
  "overall": {
    "mean_pct_error": 1.3982876734096394,
    "median_pct_error": 0.4774087772172812,
    "max_pct_error": 15.622893547227557
  },
  "extra": {
    "noise_scale": 0.05,
    "noise_config": {
      "arw_dpsh": 0.00025,
      "vrw_ugpsHz": 0.25,
      "bi_g_dph": 0.0001,
      "bi_a_ug": 0.25,
      "tau_g": 300.0,
      "tau_a": 300.0,
      "seed": 42,
      "base_family": "round53_round61_shared"
    },
    "comparison_mode": "shared_dataset_apples_to_apples",
    "mainline_rung": "scd42_neutral",
    "selected_candidate": "neutral_markov42_plus_scd_baseline",
    "candidate_description": "Controlled neutral Markov+SCD baseline (iter2 once-per-phase SCD only).",
    "scd_cfg": {
      "mode": "once_per_phase",
      "alpha": 0.999,
      "transition_duration": 2.0,
      "target": "scale_block",
      "bias_to_target": true,
      "apply_policy_names": [
        "iter2_commit"
      ]
    },
    "iter_patches": {
      "0": {
        "selected_prior_scale": 1.0,
        "other_scale_prior_scale": 1.0,
        "ka2_prior_scale": 1.0,
        "lever_prior_scale": 1.0,
        "selected_q_static_scale": 1.0,
        "selected_q_dynamic_scale": 1.0,
        "selected_q_late_mult": 1.0,
        "other_scale_q_scale": 1.0,
        "other_scale_q_late_mult": 1.0,
        "ka2_q_scale": 1.0,
        "lever_q_scale": 1.0,
        "static_r_scale": 1.0,
        "dynamic_r_scale": 1.0,
        "late_r_mult": 1.0,
        "late_release_frac": 0.58,
        "selected_alpha_floor": 1.0,
        "selected_alpha_span": 0.0,
        "other_scale_alpha": 1.0,
        "ka2_alpha": 1.0,
        "lever_alpha": 1.0,
        "markov_alpha": 1.0,
        "trust_score_soft": 2.1,
        "trust_cov_soft": 0.44,
        "trust_mix": 0.58,
        "state_alpha_mult": {},
        "state_alpha_add": {},
        "state_prior_diag_mult": {},