{
  "task": "chapter-3 corrected frontier resume batch 2",
  "report_date": "2026-04-02",
  "noise_scale": 0.08,
  "corrected_att0_deg": [
    0.0,
    0.0,
    0.0
  ],
  "leader_improved": true,
  "new_leader": {
    "name": "relay_l9y0p75_l12y0p25_on_entry",
    "markov42": {
      "overall": {
        "mean_pct_error": 1.0628330299996445,
        "median_pct_error": 0.614884789415418,
        "max_pct_error": 4.725238024216171
      },
      "top5": [
        [
          "dKg_xx",
          {
            "true": -9.99999999995449e-06,
            "est": -1.0472523802373956e-05,
            "abs_error": 4.725238024194667e-07,
            "pct_error": 4.725238024216171
          }
        ],
        [
          "eb_x",
          {
            "true": 4.84813681109536e-07,
            "est": 4.623324341551494e-07,
            "abs_error": 2.2481246954386638e-08,
            "pct_error": 4.637090047239685
          }
        ],
        [
          "Ka2_y",
          {
            "true": 2.0449214496881904e-06,
            "est": 1.9864273994024687e-06,
            "abs_error": 5.849405028572175e-08,
            "pct_error": 2.8604546299145586
          }
        ],
        [
          "dKa_xx",
          {
            "true": -9.99999999995449e-06,
            "est": -9.74715905011081e-06,
            "abs_error": 2.528409498436801e-07,
            "pct_error": 2.528409498448308
          }
        ],
        [
          "dKg_yy",
          {
            "true": -2.0000000000020002e-05,
            "est": -1.951137770039857e-05,
            "abs_error": 4.886222996214329e-07,
            "pct_error": 2.443111498104721
          }
        ]
      ]
    },
    "kf36": {
      "overall": {
        "mean_pct_error": 1.0625646738983392,
        "median_pct_error": 0.6148208149509837,
        "max_pct_error": 4.725432373197525
      },
      "top5": [
        [
          "dKg_xx",
          {
            "true": -9.99999999995449e-06,
            "est": -1.0472543237272092e-05,
            "abs_error": 4.7254323731760195e-07,
            "pct_error": 4.725432373197525
          }
        ],
        [
          "eb_x",
          {
            "true": 4.84813681109536e-07,
            "est": 4.6234250615652087e-07,
            "abs_error": 2.2471174953015178e-08,
            "pct_error": 4.635012547828279
          }
        ],
        [
          "Ka2_y",
          {
            "true": 2.0449214496881904e-06,
            "est": 1.986466719407571e-06,
            "abs_error": 5.845473028061932e-08,
            "pct_error": 2.858531817421764
          }
        ],
        [
          "dKa_xx",
          {
            "true": -9.99999999995449e-06,
            "est": -9.747272826876596e-06,
            "abs_error": 2.527271730778935e-07,
            "pct_error": 2.5272717307904364
          }
        ],
        [
          "dKg_yy",
          {
            "true": -2.0000000000020002e-05,
            "est": -1.9511427828078354e-05,
            "abs_error": 4.88572171941648e-07,
            "pct_error": 2.442860859705797
          }
        ]
      ]
    }
  },
  "previous_leader": {
    "name": "relay_l12y0p5_on_entry",
    "markov42": {
      "overall": {
        "mean_pct_error": 1.064025708138846,
        "median_pct_error": 0.5688883097231023,
        "max_pct_error": 4.858658774220444
      },
      "top5": [
        [
          "dKg_xx",
          {
            "true": -9.99999999995449e-06,
            "est": -1.0485865877374323e-05,
            "abs_error": 4.858658774198332e-07,
            "pct_error": 4.858658774220444
          }
        ],
        [
          "eb_x",
          {
            "true": 4.84813681109536e-07,
            "est": 4.618127455443133e-07,
            "abs_error": 2.300093556522274e-08,
            "pct_error": 4.744283517862616
          }
        ],
        [
          "Ka2_y",
          {
            "true": 2.0449214496881904e-06,
            "est": 1.982003980262754e-06,
            "abs_error": 6.291746942543629e-08,
            "pct_error": 3.0767670530831364
          }
        ],
        [
          "dKa_xx",
          {
            "true": -9.99999999995449e-06,
            "est": -9.759940930109678e-06,
            "abs_error": 2.400590698448113e-07,
            "pct_error": 2.4005906984590384
          }
        ],
        [
          "dKg_yy",
          {
            "true": -2.0000000000020002e-05,
            "est": -1.958875347418676e-05,
            "abs_error": 4.1124652583324206e-07,
            "pct_error": 2.056232629164154
          }
        ]
      ]
    }
  },
  "second_winner": {
    "name": "relay_l9y0p75_l12y0p5_on_entry",
    "markov42": {
      "overall": {
        "mean_pct_error": 1.0648777399539473,
        "median_pct_error": 0.6074952758779069,
        "max_pct_error": 4.76368183013279
      },
      "top5": [
        [
          "dKg_xx",
          {
            "true": -9.99999999995449e-06,
            "est": -1.04763681829656e-05,
            "abs_error": 4.7636818301111106e-07,
            "pct_error": 4.76368183013279
          }
        ],
        [
          "eb_x",
          {
            "true": 4.84813681109536e-07,
            "est": 4.624019457885377e-07,
            "abs_error": 2.2411735320998323e-08,
            "pct_error": 4.622752243646924
          }
        ],
        [
          "Ka2_y",
          {
            "true": 2.0449214496881904e-06,
            "est": 1.9860324211700866e-06,
            "abs_error": 5.8889028518103784e-08,
            "pct_error": 2.8797697108161873
          }
        ],
        [
          "dKa_xx",
          {
            "true": -9.99999999995449e-06,
            "est": -9.743779612492176e-06,
            "abs_error": 2.562203874623137e-07,
            "pct_error": 2.5622038746347977
          }
        ],
        [
          "dKg_yy",
          {
            "true": -2.0000000000020002e-05,
            "est": -1.9511241312830663e-05,
            "abs_error": 4.88758687189339e-07,
            "pct_error": 2.4437934359442512
          }
        ]
      ]
    },
    "kf36": {
      "overall": {
        "mean_pct_error": 1.064610082937275,
        "median_pct_error": 0.6074360287560352,
        "max_pct_error": 4.763880018265363
      },
      "top5": [
        [
          "dKg_xx",
          {
            "true": -9.99999999995449e-06,
            "est": -1.0476388001778858e-05,
            "abs_error": 4.7638800182436825e-07,
            "pct_error": 4.763880018265363
          }
        ],
        [
          "eb_x",
          {
            "true": 4.84813681109536e-07,
            "est": 4.624120462044075e-07,
            "abs_error": 2.2401634905128542e-08,
            "pct_error": 4.620668883324528
          }
        ],
        [
          "Ka2_y",
          {
            "true": 2.0449214496881904e-06,
            "est": 1.986071784207167e-06,
            "abs_error": 5.8849665481023476e-08,
            "pct_error": 2.8778447939893668
          }
        ],
        [
          "dKa_xx",
          {
            "true": -9.99999999995449e-06,
            "est": -9.743892577906976e-06,
            "abs_error": 2.5610742204751347e-07,
            "pct_error": 2.5610742204867902
          }
        ],
        [
          "dKg_yy",
          {
            "true": -2.0000000000020002e-05,
            "est": -1.9511292673302094e-05,
            "abs_error": 4.887073267179076e-07,
            "pct_error": 2.4435366335870943
          }
        ]
      ]
    }
  },
  "all_candidates": [
    {
      "name": "relay_l9y0p625_l12y0p5_on_entry",
      "mean": 1.0563763060972675,
      "median": 0.5729965532610155,
      "max": 4.87414216212565,
      "delta_mean_vs_leader": -0.007623693902732542,
      "delta_max_vs_leader": 0.015142162125649783,
      "beats_leader_on_both": false
    },
    {
      "name": "relay_l9y0p75_l12y0p25_on_entry",
      "mean": 1.0628330299996445,
      "median": 0.614884789415418,
      "max": 4.725238024216171,