{
  "mode": "shared_dataset_apples_to_apples",
  "noise_scale": 0.3333333333333333,
  "noise_config": {
    "arw_dpsh": 0.0016666666666666666,
    "vrw_ugpsHz": 1.6666666666666665,
    "bi_g_dph": 0.0006666666666666666,
    "bi_a_ug": 1.6666666666666665,
    "tau_g": 300.0,
    "tau_a": 300.0,
    "seed": 42,
    "base_family": "round53_round61_shared"
  },
  "baseline_json": "/root/.openclaw/workspace/psins_method_bench/results/M_markov_42state_gm1_shared_noise1over3_param_errors.json",
  "round61_json": "/root/.openclaw/workspace/psins_method_bench/results/R61_42state_gm1_round61_h_scd_state20_microtight_commit_shared_noise1over3_param_errors.json",
  "all_params": {
    "eb_x": {
      "baseline_pct_error": 11.554672506262069,
      "round61_pct_error": 12.20233889454051,
      "delta_pct_points": -0.6476663882784415,
      "relative_improvement_pct": -5.605233622393347
    },
    "eb_y": {
      "baseline_pct_error": 7.147120152001422,
      "round61_pct_error": 7.012588683682947,
      "delta_pct_points": 0.1345314683184755,
      "relative_improvement_pct": 1.8823171495277353
    },
    "eb_z": {
      "baseline_pct_error": 3.4155170770074523,
      "round61_pct_error": 3.2979720137844537,
      "delta_pct_points": 0.11754506322299862,
      "relative_improvement_pct": 3.4415012594809564
    },
    "db_x": {
      "baseline_pct_error": 1.0484146373302508,
      "round61_pct_error": 1.113693836533747,
      "delta_pct_points": -0.06527919920349623,
      "relative_improvement_pct": -6.226467742736529
    },
    "db_y": {
      "baseline_pct_error": 1.0659015275062544,
      "round61_pct_error": 1.0188060218784865,
      "delta_pct_points": 0.047095505627767986,
      "relative_improvement_pct": 4.418373030945079
    },
    "db_z": {
      "baseline_pct_error": 1.3522998932866244,
      "round61_pct_error": 1.3734182601122393,
      "delta_pct_points": -0.021118366825614965,
      "relative_improvement_pct": -1.5616629810040856
    },
    "dKg_xx": {
      "baseline_pct_error": 13.281981653461777,
      "round61_pct_error": 12.421873641977799,
      "delta_pct_points": 0.8601080114839785,
      "relative_improvement_pct": 6.475750636651441
    },
    "dKg_yx": {
      "baseline_pct_error": 0.463003941671669,
      "round61_pct_error": 0.5997544671206874,
      "delta_pct_points": -0.1367505254490184,
      "relative_improvement_pct": -29.535499191493408
    },
    "dKg_zx": {
      "baseline_pct_error": 0.7563814389517741,
      "round61_pct_error": 0.6934944127827224,
      "delta_pct_points": 0.06288702616905173,
      "relative_improvement_pct": 8.314194787249575
    },
    "dKg_xy": {
      "baseline_pct_error": 3.9821571053058578,
      "round61_pct_error": 2.0114652541894715,
      "delta_pct_points": 1.9706918511163862,
      "relative_improvement_pct": 49.488048788698485
    },
    "dKg_yy": {
      "baseline_pct_error": 5.067832344324769,
      "round61_pct_error": 3.421771702091145,
      "delta_pct_points": 1.646060642233624,
      "relative_improvement_pct": 32.48056625387324
    },
    "dKg_zy": {
      "baseline_pct_error": 0.1057594949627596,
      "round61_pct_error": 0.10749558025833089,
      "delta_pct_points": -0.001736085295571288,
      "relative_improvement_pct": -1.6415408339294775
    },
    "dKg_xz": {
      "baseline_pct_error": 1.0299739603346676,
      "round61_pct_error": 1.1331334841932197,
      "delta_pct_points": -0.1031595238585521,
      "relative_improvement_pct": -10.01574096349316
    },
    "dKg_yz": {
      "baseline_pct_error": 0.3640916107760337,
      "round61_pct_error": 0.37342550690125237,
      "delta_pct_points": -0.009333896125218677,
      "relative_improvement_pct": -2.563611972636278
    },
    "dKg_zz": {
      "baseline_pct_error": 3.650305269908241,
      "round61_pct_error": 3.3458670641519963,
      "delta_pct_points": 0.3044382057562447,
      "relative_improvement_pct": 8.340075233321445
    },
    "dKa_xx": {
      "baseline_pct_error": 6.753877322993246,
      "round61_pct_error": 6.301170197870832,
      "delta_pct_points": 0.45270712512241396,
      "relative_improvement_pct": 6.702921943535969
    },
    "dKa_xy": {
      "baseline_pct_error": 2.2669513439991333,
      "round61_pct_error": 2.0536496718797617,
      "delta_pct_points": 0.21330167211937168,
      "relative_improvement_pct": 9.409186160258992
    },
    "dKa_xz": {
      "baseline_pct_error": 1.7178407344621145,
      "round61_pct_error": 1.693270700956436,
      "delta_pct_points": 0.024570033505678435,
      "relative_improvement_pct": 1.4302858823156115
    },
    "dKa_yy": {
      "baseline_pct_error": 0.030166857345440366,
      "round61_pct_error": 0.16465075025601425,
      "delta_pct_points": -0.1344838929105739,
      "relative_improvement_pct": -445.800142091701
    },
    "dKa_yz": {
      "baseline_pct_error": 0.36236507649785804,
      "round61_pct_error": 0.3129932919076382,
      "delta_pct_points": 0.04937178459021985,
      "relative_improvement_pct": 13.62487386129543
    },
    "dKa_zz": {
      "baseline_pct_error": 3.024632047046523,
      "round61_pct_error": 2.8757334757958413,
      "delta_pct_points": 0.14889857125068184,
      "relative_improvement_pct": 4.922865622483817
    },
    "Ka2_x": {
      "baseline_pct_error": 6.7221007422110794,
      "round61_pct_error": 7.058758544980931,
      "delta_pct_points": -0.33665780276985124,
      "relative_improvement_pct": -5.008223108824094
    },
    "Ka2_y": {
      "baseline_pct_error": 5.417574645334974,
      "round61_pct_error": 5.199322346820342,
      "delta_pct_points": 0.21825229851463224,
      "relative_improvement_pct": 4.028597902247039
    },
    "Ka2_z": {
      "baseline_pct_error": 5.400099119225209,
      "round61_pct_error": 5.529848550669444,
      "delta_pct_points": -0.12974943144423445,
      "relative_improvement_pct": -2.402723145993856
    },
    "rx_x": {
      "baseline_pct_error": 1.355200193648258,
      "round61_pct_error": 1.3145864339457296,
      "delta_pct_points": 0.04061375970252845,
      "relative_improvement_pct": 2.996882666699924
    },
    "rx_y": {
      "baseline_pct_error": 1.0782476951396065,
      "round61_pct_error": 0.9866723846752891,
      "delta_pct_points": 0.09157531046431744,
      "relative_improvement_pct": 8.492975304014973
    },
    "rx_z": {
      "baseline_pct_error": 0.8957200482007099,
      "round61_pct_error": 0.889859277634214,
      "delta_pct_points": 0.005860770566495921,
      "relative_improvement_pct": 0.6543082940109273
    },
    "ry_x": {
      "baseline_pct_error": 0.8738881844995959,
      "round61_pct_error": 0.8475801033415269,
      "delta_pct_points": 0.02630808115806904,
      "relative_improvement_pct": 3.010463080369203
    },
    "ry_y": {
      "baseline_pct_error": 0.129686426022374,
      "round61_pct_error": 0.12229800836222049,
      "delta_pct_points": 0.007388417660153523,
      "relative_improvement_pct": 5.69714031511582
    },
    "ry_z": {
      "baseline_pct_error": 0.8769841881754031,
      "round61_pct_error": 0.784733047070954,
      "delta_pct_points": 0.0922511411044491,
      "relative_improvement_pct": 10.519133907805212
    }
  },
  "overall": {
    "mean_pct_error": {
      "baseline": 3.0396915745964384,
      "round61": 2.87540752034554,
      "delta_pct_points": 0.16428405425089831,
      "relative_improvement_pct": 5.404629062496557
    },
    "median_pct_error": {
      "baseline": 1.3537500434674412,
      "round61": 1.3440023470289844,
      "delta_pct_points": 0.009747696438456854,
      "relative_improvement_pct": 0.7200514220106317
    },
    "max_pct_error": {
      "baseline": 13.281981653461777,
      "round61": 12.421873641977799,
      "delta_pct_points": 0.8601080114839785,
      "relative_improvement_pct": 6.475750636651441
    }
  }
}