{
  "variant": "42state_gm1_ch3faithful12_freezeweak_shared_noise0p08",
  "method_file": "compare_ch3_faithful12_markov_vs_freeze.py -> round17 frozen-weak refine on faithful12 path",
  "source_file": "/root/.openclaw/workspace/tmp_psins_py/psins_py/test_calibration_markov_pruned.py",
  "param_order": [
    "eb_x",
    "eb_y",
    "eb_z",
    "db_x",
    "db_y",
    "db_z",
    "dKg_xx",
    "dKg_yx",
    "dKg_zx",
    "dKg_xy",
    "dKg_yy",
    "dKg_zy",
    "dKg_xz",
    "dKg_yz",
    "dKg_zz",
    "dKa_xx",
    "dKa_xy",
    "dKa_xz",
    "dKa_yy",
    "dKa_yz",
    "dKa_zz",
    "Ka2_x",
    "Ka2_y",
    "Ka2_z",
    "rx_x",
    "rx_y",
    "rx_z",
    "ry_x",
    "ry_y",
    "ry_z"
  ],
  "param_errors": {
    "eb_x": {
      "true": 4.84813681109536e-07,
      "est": 4.6688656709949276e-07,
      "abs_error": 1.7927114010043285e-08,
      "pct_error": 3.6977326978511846
    },
    "eb_y": {
      "true": 9.69627362219072e-07,
      "est": 1.153902094998036e-06,
      "abs_error": 1.842747327789638e-07,
      "pct_error": 19.004696026444208
    },
    "eb_z": {
      "true": 1.4544410433286078e-06,
      "est": 1.454399605121768e-06,
      "abs_error": 4.143820683990774e-11,
      "pct_error": 0.0028490812350202245
    },
    "db_x": {
      "true": 0.00097803267715,
      "est": 0.000682537888610417,
      "abs_error": 0.0002954947885395829,
      "pct_error": 30.213181567783458
    },
    "db_y": {
      "true": 0.0019560653543,
      "est": 0.0017018968147924365,
      "abs_error": 0.00025416853950756334,
      "pct_error": 12.993867456873415
    },
    "db_z": {
      "true": 0.00293409803145,
      "est": 0.0030073049821629097,
      "abs_error": 7.320695071290958e-05,
      "pct_error": 2.495041062984916
    },
    "dKg_xx": {
      "true": -9.99999999995449e-06,
      "est": 4.884182134956561e-06,
      "abs_error": 1.488418213491105e-05,
      "pct_error": 148.8418213497879
    },
    "dKg_yx": {
      "true": 0.0001454441043328608,
      "est": 0.00014815093817355699,
      "abs_error": 2.706833840696195e-06,
      "pct_error": 1.8610818589809481
    },
    "dKg_zx": {
      "true": 0.00024240684055476798,
      "est": 0.00024339234600786504,
      "abs_error": 9.855054530970525e-07,
      "pct_error": 0.4065501826770409
    },
    "dKg_xy": {
      "true": 4.84813681109536e-05,
      "est": 4.816415729071103e-05,
      "abs_error": 3.1721082024256734e-07,
      "pct_error": 0.6542942837681567
    },
    "dKg_yy": {
      "true": -2.0000000000020002e-05,
      "est": -1.9537247452738882e-05,
      "abs_error": 4.6275254728112003e-07,
      "pct_error": 2.313762736403286
    },
    "dKg_zy": {
      "true": 0.0002908882086657216,
      "est": 0.00026633398279505026,
      "abs_error": 2.4554225870671324e-05,
      "pct_error": 8.441121069602437
    },
    "dKg_xz": {
      "true": 9.69627362219072e-05,
      "est": 9.718306293946441e-05,
      "abs_error": 2.2032671755721858e-07,
      "pct_error": 0.22722823853999208
    },
    "dKg_yz": {
      "true": 0.0001939254724438144,
      "est": 0.0001933396228137057,
      "abs_error": 5.858496301086949e-07,
      "pct_error": 0.3021004011107576
    },
    "dKg_zz": {
      "true": -2.999999999997449e-05,
      "est": -4.543752868690909e-05,
      "abs_error": 1.54375286869346e-05,
      "pct_error": 51.45842895649242
    },
    "dKa_xx": {
      "true": -9.99999999995449e-06,
      "est": -8.934430917317826e-06,
      "abs_error": 1.0655690826366637e-06,
      "pct_error": 10.655690826415132
    },
    "dKa_xy": {
      "true": 4.84813681109536e-05,
      "est": 4.4296956740817664e-05,
      "abs_error": 4.184411370135932e-06,
      "pct_error": 8.63096800519235
    },
    "dKa_xz": {
      "true": 9.69627362219072e-05,
      "est": 9.691581948538284e-05,
      "abs_error": 4.691673652435836e-08,
      "pct_error": 0.04838635784471423
    },
    "dKa_yy": {
      "true": -2.0000000000020002e-05,
      "est": -2.5953973769476946e-05,
      "abs_error": 5.953973769456944e-06,
      "pct_error": 29.769868847254948
    },
    "dKa_yz": {
      "true": 0.0001939254724438144,
      "est": 0.00021754226723667226,
      "abs_error": 2.361679479285787e-05,
      "pct_error": 12.178284005315657
    },
    "dKa_zz": {
      "true": -2.999999999997449e-05,
      "est": -2.9191927390925798e-05,
      "abs_error": 8.080726090486934e-07,
      "pct_error": 2.693575363497935
    },
    "Ka2_x": {
      "true": 1.0224607248440952e-06,
      "est": 2.8628900295634665e-06,
      "abs_error": 1.8404293047193713e-06,
      "pct_error": 179.99999999999997
    },
    "Ka2_y": {
      "true": 2.0449214496881904e-06,
      "est": 2.8628900295634665e-06,
      "abs_error": 8.179685798752761e-07,
      "pct_error": 40.0
    },
    "Ka2_z": {
      "true": 3.0673821745322856e-06,
      "est": 2.8628900295634665e-06,
      "abs_error": 2.0449214496881913e-07,
      "pct_error": 6.66666666666667
    },
    "rx_x": {
      "true": 0.01,
      "est": -0.06,
      "abs_error": 0.06999999999999999,
      "pct_error": 699.9999999999999
    },
    "rx_y": {
      "true": 0.02,
      "est": -0.06,
      "abs_error": 0.08,
      "pct_error": 400.0
    },
    "rx_z": {
      "true": 0.03,
      "est": 0.06,
      "abs_error": 0.03,
      "pct_error": 100.0
    },
    "ry_x": {
      "true": 0.04,
      "est": 0.06,
      "abs_error": 0.019999999999999997,
      "pct_error": 49.999999999999986
    },
    "ry_y": {
      "true": 0.05,
      "est": -0.06,
      "abs_error": 0.11,
      "pct_error": 219.99999999999997
    },
    "ry_z": {
      "true": 0.06,
      "est": -0.06,
      "abs_error": 0.12,
      "pct_error": 200.0
    }
  },
  "focus_scale_pct": {
    "dKg_xx": 148.8418213497879,
    "dKg_xy": 0.6542942837681567,
    "dKg_yy": 2.313762736403286,
    "dKg_zz": 51.45842895649242,
    "dKa_xx": 10.655690826415132
  },
  "lever_guard_pct": {
    "rx_y": 400.0,
    "ry_z": 200.0
  },
  "overall": {
    "mean_pct_error": 74.78523990142409,
    "median_pct_error": 11.416987415865394,
    "max_pct_error": 699.9999999999999
  },
  "extra": {
    "noise_scale": 0.08,
    "att0_deg": [
      0.0,
      0.0,
      0.0
    ],
    "path_key": "chapter3_12pos_reconstructed",
    "path_tag": "ch3faithful12",
    "candidate_name": "faithful12_freezeweak",
    "comparison_mode": "markov42_vs_freeze_on_faithful12",
    "baseline_json": "/root/.openclaw/workspace/psins_method_bench/results/M_markov_42state_gm1_ch3faithful12_shared_noise0p08_param_errors.json",
    "freeze_policy": "reuse faithful12 baseline seed -> static consensus on weak states -> rerun strong refine with weak states frozen (indices 27:36)"
  }
}