{
  "variant": "best_pure_scd_selected_once_a09998_td1_b0_ch3corrected_symmetric20_att0zero_1200s_noise0p08",
  "method_file": "round53_base + _build_patched_method(neutral) + _run_internalized_hybrid_scd",
  "source_file": "/root/.openclaw/workspace/tmp_psins_py/psins_py/test_calibration_markov_pruned.py",
  "param_order": [
    "eb_x",
    "eb_y",
    "eb_z",
    "db_x",
    "db_y",
    "db_z",
    "dKg_xx",
    "dKg_yx",
    "dKg_zx",
    "dKg_xy",
    "dKg_yy",
    "dKg_zy",
    "dKg_xz",
    "dKg_yz",
    "dKg_zz",
    "dKa_xx",
    "dKa_xy",
    "dKa_xz",
    "dKa_yy",
    "dKa_yz",
    "dKa_zz",
    "Ka2_x",
    "Ka2_y",
    "Ka2_z",
    "rx_x",
    "rx_y",
    "rx_z",
    "ry_x",
    "ry_y",
    "ry_z"
  ],
  "param_errors": {
    "eb_x": {
      "true": 4.84813681109536e-07,
      "est": 4.75665025993036e-07,
      "abs_error": 9.148655116500055e-09,
      "pct_error": 1.8870455750263904
    },
    "eb_y": {
      "true": 9.69627362219072e-07,
      "est": 9.692181171705439e-07,
      "abs_error": 4.0924504852821416e-10,
      "pct_error": 0.04220642532112782
    },
    "eb_z": {
      "true": 1.4544410433286078e-06,
      "est": 1.4432525538593153e-06,
      "abs_error": 1.1188489469292524e-08,
      "pct_error": 0.7692638708604336
    },
    "db_x": {
      "true": 0.00097803267715,
      "est": 0.0009791417804924278,
      "abs_error": 1.1091033424279369e-06,
      "pct_error": 0.11340146074258772
    },
    "db_y": {
      "true": 0.0019560653543,
      "est": 0.00196555571513707,
      "abs_error": 9.490360837070312e-06,
      "pct_error": 0.4851760610251463
    },
    "db_z": {
      "true": 0.00293409803145,
      "est": 0.0029402201711366746,
      "abs_error": 6.122139686674452e-06,
      "pct_error": 0.20865491272113204
    },
    "dKg_xx": {
      "true": -9.99999999995449e-06,
      "est": -9.925243956487861e-06,
      "abs_error": 7.475604346662834e-08,
      "pct_error": 0.7475604346696856
    },
    "dKg_yx": {
      "true": 0.0001454441043328608,
      "est": 0.00014428079568463937,
      "abs_error": 1.1633086482214173e-06,
      "pct_error": 0.7998321097698741
    },
    "dKg_zx": {
      "true": 0.00024240684055476798,
      "est": 0.00024269125048743858,
      "abs_error": 2.8440993267059875e-07,
      "pct_error": 0.11732751931410154
    },
    "dKg_xy": {
      "true": 4.84813681109536e-05,
      "est": 4.8852472414558e-05,
      "abs_error": 3.7110430360440266e-07,
      "pct_error": 0.7654575728042574
    },
    "dKg_yy": {
      "true": -2.0000000000020002e-05,
      "est": -1.9955238791835583e-05,
      "abs_error": 4.476120818441842e-08,
      "pct_error": 0.2238060409218683
    },
    "dKg_zy": {
      "true": 0.0002908882086657216,
      "est": 0.0002900465545027353,
      "abs_error": 8.416541629862728e-07,
      "pct_error": 0.289339388092376
    },
    "dKg_xz": {
      "true": 9.69627362219072e-05,
      "est": 9.721492702552494e-05,
      "abs_error": 2.521908036177484e-07,
      "pct_error": 0.26009043622757205
    },
    "dKg_yz": {
      "true": 0.0001939254724438144,
      "est": 0.00019370190989597677,
      "abs_error": 2.2356254783761865e-07,
      "pct_error": 0.11528271403458405
    },
    "dKg_zz": {
      "true": -2.999999999997449e-05,
      "est": -2.9518365052272344e-05,
      "abs_error": 4.816349477021475e-07,
      "pct_error": 1.6054498256751901
    },
    "dKa_xx": {
      "true": -9.99999999995449e-06,
      "est": -9.623258963031844e-06,
      "abs_error": 3.767410369226454e-07,
      "pct_error": 3.767410369243599
    },
    "dKa_xy": {
      "true": 4.84813681109536e-05,
      "est": 4.8934719197769816e-05,
      "abs_error": 4.5335108681621915e-07,
      "pct_error": 0.93510374084058
    },
    "dKa_xz": {
      "true": 9.69627362219072e-05,
      "est": 9.691796965805722e-05,
      "abs_error": 4.476656384996868e-08,
      "pct_error": 0.046168833094310295
    },
    "dKa_yy": {
      "true": -2.0000000000020002e-05,
      "est": -1.9302574864044075e-05,
      "abs_error": 6.974251359759265e-07,
      "pct_error": 3.487125679876145
    },
    "dKa_yz": {
      "true": 0.0001939254724438144,
      "est": 0.00019430597144915195,
      "abs_error": 3.8049900533755924e-07,
      "pct_error": 0.19620888403291134
    },
    "dKa_zz": {
      "true": -2.999999999997449e-05,
      "est": -2.9634531198308167e-05,
      "abs_error": 3.6546880166632434e-07,
      "pct_error": 1.2182293388887837
    },
    "Ka2_x": {
      "true": 1.0224607248440952e-06,
      "est": 1.0165350950083745e-06,
      "abs_error": 5.925629835720743e-09,
      "pct_error": 0.5795459612029873
    },
    "Ka2_y": {
      "true": 2.0449214496881904e-06,
      "est": 2.0016475363547362e-06,
      "abs_error": 4.327391333345421e-08,
      "pct_error": 2.116165065413765
    },
    "Ka2_z": {
      "true": 3.0673821745322856e-06,
      "est": 3.028114877996025e-06,
      "abs_error": 3.926729653626052e-08,
      "pct_error": 1.2801566385267267
    },
    "rx_x": {
      "true": 0.01,
      "est": 0.010163998537838649,
      "abs_error": 0.00016399853783864889,
      "pct_error": 1.6399853783864888
    },
    "rx_y": {
      "true": 0.02,
      "est": 0.019958102039688744,
      "abs_error": 4.189796031125667e-05,
      "pct_error": 0.20948980155628336
    },
    "rx_z": {
      "true": 0.03,
      "est": 0.030204032635525832,
      "abs_error": 0.00020403263552583317,
      "pct_error": 0.6801087850861106
    },
    "ry_x": {
      "true": 0.04,
      "est": 0.03998270911423792,
      "abs_error": 1.7290885762077934e-05,
      "pct_error": 0.043227214405194836
    },
    "ry_y": {
      "true": 0.05,
      "est": 0.05010937415023591,
      "abs_error": 0.0001093741502359094,
      "pct_error": 0.2187483004718188
    },
    "ry_z": {
      "true": 0.06,
      "est": 0.0601447689690097,
      "abs_error": 0.00014476896900970232,
      "pct_error": 0.24128161501617054
    }
  },
  "focus_scale_pct": {
    "dKg_xx": 0.7475604346696856,
    "dKg_xy": 0.7654575728042574,
    "dKg_yy": 0.2238060409218683,
    "dKg_zz": 1.6054498256751901,
    "dKa_xx": 3.767410369243599
  },
  "lever_guard_pct": {
    "rx_y": 0.20948980155628336,
    "ry_z": 0.24128161501617054
  },
  "overall": {
    "mean_pct_error": 0.8362949984416068,
    "median_pct_error": 0.5323610111140669,
    "max_pct_error": 3.767410369243599
  },
  "extra": {
    "comparison_mode": "best_pure_scd_vs_markov_sym20_noise_triplet_2026_04_05",
    "path_case_key": "symmetric20",
    "path_case_tag": "ch3corrected_symmetric20_att0zero_1200s",
    "path_case_display_name": "20-position corrected symmetric scheme",
    "att0_deg": [
      0.0,
      0.0,
      0.0
    ],
    "n_motion_rows": 20,
    "claimed_position_count": 20,
    "total_time_s": 1200.0,
    "timing_note": "uniform 20 × 60 s = 1200 s, row split 6 / 6 / 48 s",
    "source_builder": "/root/.openclaw/workspace/psins_method_bench/scripts/probe_ch3_corrected_symmetric20_front2_back11.py",
    "source_reference": "anchor2_zpair_anchor11_xpair_symmetric20_60s",
    "builder_method_tag": "ch3closedloop_anchor2_zpair_anchor11_xpair_symmetric20_60s",
    "rationale": "Restore stronger front/back symmetry under the real two-axis mechanism by pairing the existing late anchor11 x-family outerhold with its front-half counterpart after anchor2. Under legality, the mirrored front motif must sweep the z-family (not x-family) because anchor2 inner-open +90 shifts the legal outer axis from +X to +Z before the outer pair executes.",
    "noise_scale": 0.08,
    "noise_config": {
      "arw_dpsh": 0.0004,
      "vrw_ugpsHz": 0.4,
      "bi_g_dph": 0.00016,
      "bi_a_ug": 0.4,
      "tau_g": 300.0,
      "tau_a": 300.0,
      "seed": 42,
      "base_family": "round53_round61_shared"
    },
    "best_scd_cfg": {
      "mode": "once_per_phase",
      "alpha": 0.9998,
      "transition_duration": 1.0,
      "target": "selected",
      "bias_to_target": false,
      "apply_policy_names": [
        "iter2_commit"
      ]
    },