{
  "variant": "g4_sym20_retune_r61_td22_s20_0899_ryz00116_noise0p12",
  "method_file": "round53_base + _build_patched_method + _run_internalized_hybrid_scd",
  "source_file": "/root/.openclaw/workspace/tmp_psins_py/psins_py/test_calibration_markov_pruned.py",
  "param_order": [
    "eb_x",
    "eb_y",
    "eb_z",
    "db_x",
    "db_y",
    "db_z",
    "dKg_xx",
    "dKg_yx",
    "dKg_zx",
    "dKg_xy",
    "dKg_yy",
    "dKg_zy",
    "dKg_xz",
    "dKg_yz",
    "dKg_zz",
    "dKa_xx",
    "dKa_xy",
    "dKa_xz",
    "dKa_yy",
    "dKa_yz",
    "dKa_zz",
    "Ka2_x",
    "Ka2_y",
    "Ka2_z",
    "rx_x",
    "rx_y",
    "rx_z",
    "ry_x",
    "ry_y",
    "ry_z"
  ],
  "param_errors": {
    "eb_x": {
      "true": 4.84813681109536e-07,
      "est": 4.86302852722483e-07,
      "abs_error": 1.4891716129469278e-09,
      "pct_error": 0.30716369421317397
    },
    "eb_y": {
      "true": 9.69627362219072e-07,
      "est": 9.72476932474189e-07,
      "abs_error": 2.8495702551168253e-09,
      "pct_error": 0.2938830282795804
    },
    "eb_z": {
      "true": 1.4544410433286078e-06,
      "est": 1.445115476373888e-06,
      "abs_error": 9.3255669547199e-09,
      "pct_error": 0.6411787536865415
    },
    "db_x": {
      "true": 0.00097803267715,
      "est": 0.000978818132387212,
      "abs_error": 7.854552372121848e-07,
      "pct_error": 0.08030971311725613
    },
    "db_y": {
      "true": 0.0019560653543,
      "est": 0.0019642608916372642,
      "abs_error": 8.195537337264431e-06,
      "pct_error": 0.41898075231731186
    },
    "db_z": {
      "true": 0.00293409803145,
      "est": 0.002941015664505346,
      "abs_error": 6.917633055345939e-06,
      "pct_error": 0.23576693693248274
    },
    "dKg_xx": {
      "true": -9.99999999995449e-06,
      "est": -9.628166618869116e-06,
      "abs_error": 3.7183338108537356e-07,
      "pct_error": 3.718333810870658
    },
    "dKg_yx": {
      "true": 0.0001454441043328608,
      "est": 0.00014376675513529366,
      "abs_error": 1.677349197567134e-06,
      "pct_error": 1.153260357483025
    },
    "dKg_zx": {
      "true": 0.00024240684055476798,
      "est": 0.0002428793261786029,
      "abs_error": 4.724856238349053e-07,
      "pct_error": 0.1949143113096904
    },
    "dKg_xy": {
      "true": 4.84813681109536e-05,
      "est": 4.971158977717678e-05,
      "abs_error": 1.2302216662231848e-06,
      "pct_error": 2.5375143362450525
    },
    "dKg_yy": {
      "true": -2.0000000000020002e-05,
      "est": -1.988180021306185e-05,
      "abs_error": 1.1819978695815081e-07,
      "pct_error": 0.5909989347901631
    },
    "dKg_zy": {
      "true": 0.0002908882086657216,
      "est": 0.0002891829521069117,
      "abs_error": 1.7052565588099072e-06,
      "pct_error": 0.5862240228408597
    },
    "dKg_xz": {
      "true": 9.69627362219072e-05,
      "est": 9.692659648889753e-05,
      "abs_error": 3.6139733009665906e-08,
      "pct_error": 0.03727177513530266
    },
    "dKg_yz": {
      "true": 0.0001939254724438144,
      "est": 0.0001933464270144622,
      "abs_error": 5.790454293521838e-07,
      "pct_error": 0.29859173323398736
    },
    "dKg_zz": {
      "true": -2.999999999997449e-05,
      "est": -2.919756648656069e-05,
      "abs_error": 8.024335134138028e-07,
      "pct_error": 2.6747783780482837
    },
    "dKa_xx": {
      "true": -9.99999999995449e-06,
      "est": -9.58507230097716e-06,
      "abs_error": 4.1492769897732984e-07,
      "pct_error": 4.149276989792182
    },
    "dKa_xy": {
      "true": 4.84813681109536e-05,
      "est": 4.9013714928883584e-05,
      "abs_error": 5.32346817929987e-07,
      "pct_error": 1.0980441325658705
    },
    "dKa_xz": {
      "true": 9.69627362219072e-05,
      "est": 9.681458383212477e-05,
      "abs_error": 1.4815238978241926e-07,
      "pct_error": 0.15279311986757504
    },
    "dKa_yy": {
      "true": -2.0000000000020002e-05,
      "est": -1.9124983601903622e-05,
      "abs_error": 8.750163981163794e-07,
      "pct_error": 4.375081990577521
    },
    "dKa_yz": {
      "true": 0.0001939254724438144,
      "est": 0.0001949334531074057,
      "abs_error": 1.0079806635913198e-06,
      "pct_error": 0.519777340691208
    },
    "dKa_zz": {
      "true": -2.999999999997449e-05,
      "est": -2.958494686078339e-05,
      "abs_error": 4.1505313919110165e-07,
      "pct_error": 1.3835104639715152
    },
    "Ka2_x": {
      "true": 1.0224607248440952e-06,
      "est": 1.0215133161432459e-06,
      "abs_error": 9.474087008493405e-10,
      "pct_error": 0.0926596668046884
    },
    "Ka2_y": {
      "true": 2.0449214496881904e-06,
      "est": 2.0414563773823e-06,
      "abs_error": 3.4650723058902603e-09,
      "pct_error": 0.16944769719240876
    },
    "Ka2_z": {
      "true": 3.0673821745322856e-06,
      "est": 3.0394301636967074e-06,
      "abs_error": 2.7952010835578277e-08,
      "pct_error": 0.9112659996415476
    },
    "rx_x": {
      "true": 0.01,
      "est": 0.010150512043249044,
      "abs_error": 0.00015051204324904345,
      "pct_error": 1.5051204324904346
    },
    "rx_y": {
      "true": 0.02,
      "est": 0.019967467891388063,
      "abs_error": 3.25321086119372e-05,
      "pct_error": 0.162660543059686
    },
    "rx_z": {
      "true": 0.03,
      "est": 0.030216506261390705,
      "abs_error": 0.00021650626139070595,
      "pct_error": 0.7216875379690199
    },
    "ry_x": {
      "true": 0.04,
      "est": 0.039953816279736716,
      "abs_error": 4.6183720263284767e-05,
      "pct_error": 0.11545930065821192
    },
    "ry_y": {
      "true": 0.05,
      "est": 0.05009134682453059,
      "abs_error": 9.134682453058873e-05,
      "pct_error": 0.18269364906117747
    },
    "ry_z": {
      "true": 0.06,
      "est": 0.060190982159115,
      "abs_error": 0.00019098215911500516,
      "pct_error": 0.3183035985250086
    }
  },
  "focus_scale_pct": {
    "dKg_xx": 3.718333810870658,
    "dKg_xy": 2.5375143362450525,
    "dKg_yy": 0.5909989347901631,
    "dKg_zz": 2.6747783780482837,
    "dKa_xx": 4.149276989792182
  },
  "lever_guard_pct": {
    "rx_y": 0.162660543059686,
    "ry_z": 0.3183035985250086
  },
  "overall": {
    "mean_pct_error": 0.9875651000457143,
    "median_pct_error": 0.4693790465042599,
    "max_pct_error": 4.375081990577521
  },
  "extra": {
    "comparison_mode": "g4_sym20_retune_r59_r60_r61_on_corrected_symmetric20_att0zero_1200s",
    "path_case_key": "symmetric20",
    "path_case_tag": "ch3corrected_symmetric20_att0zero_1200s",
    "path_case_display_name": "20-position corrected symmetric scheme",
    "att0_deg": [
      0.0,
      0.0,
      0.0
    ],
    "n_motion_rows": 20,
    "claimed_position_count": 20,
    "total_time_s": 1200.0,
    "timing_note": "uniform 20 × 60 s = 1200 s, row split 6 / 6 / 48 s",
    "source_builder": "/root/.openclaw/workspace/psins_method_bench/scripts/probe_ch3_corrected_symmetric20_front2_back11.py",
    "source_reference": "anchor2_zpair_anchor11_xpair_symmetric20_60s",
    "builder_method_tag": "ch3closedloop_anchor2_zpair_anchor11_xpair_symmetric20_60s",
    "rationale": "Restore stronger front/back symmetry under the real two-axis mechanism by pairing the existing late anchor11 x-family outerhold with its front-half counterpart after anchor2. Under legality, the mirrored front motif must sweep the z-family (not x-family) because anchor2 inner-open +90 shifts the legal outer axis from +X to +Z before the outer pair executes.",
    "noise_scale": 0.12,
    "noise_config": {
      "arw_dpsh": 0.0006,
      "vrw_ugpsHz": 0.6,
      "bi_g_dph": 0.00024,
      "bi_a_ug": 0.6,
      "tau_g": 300.0,
      "tau_a": 300.0,
      "seed": 42,
      "base_family": "round53_round61_shared"
    },
    "candidate_family": "round61_micro",
    "source_name": "r61_td22_s20_0899_ryz00116",
    "candidate_name": "r61_td22_s20_0899_ryz00116",
    "merge_source": "probe_round61_hybrid_micro._merge_round61_candidate",