{
  "variant": "g4_sym20_native_scd_ultrafine_c1_sel_once_b0_a099988_td0p85_noise0p12",
  "method_file": "round53_base + _build_patched_method(neutral) + local _run_internalized_hybrid_scd",
  "source_file": "/root/.openclaw/workspace/tmp_psins_py/psins_py/test_calibration_markov_pruned.py",
  "param_order": [
    "eb_x",
    "eb_y",
    "eb_z",
    "db_x",
    "db_y",
    "db_z",
    "dKg_xx",
    "dKg_yx",
    "dKg_zx",
    "dKg_xy",
    "dKg_yy",
    "dKg_zy",
    "dKg_xz",
    "dKg_yz",
    "dKg_zz",
    "dKa_xx",
    "dKa_xy",
    "dKa_xz",
    "dKa_yy",
    "dKa_yz",
    "dKa_zz",
    "Ka2_x",
    "Ka2_y",
    "Ka2_z",
    "rx_x",
    "rx_y",
    "rx_z",
    "ry_x",
    "ry_y",
    "ry_z"
  ],
  "param_errors": {
    "eb_x": {
      "true": 4.84813681109536e-07,
      "est": 4.866310370757677e-07,
      "abs_error": 1.8173559662316452e-09,
      "pct_error": 0.3748565762567748
    },
    "eb_y": {
      "true": 9.69627362219072e-07,
      "est": 9.73146633911434e-07,
      "abs_error": 3.5192716923619488e-09,
      "pct_error": 0.3629509468779641
    },
    "eb_z": {
      "true": 1.4544410433286078e-06,
      "est": 1.445865564333429e-06,
      "abs_error": 8.575478995178794e-09,
      "pct_error": 0.5896065044721996
    },
    "db_x": {
      "true": 0.00097803267715,
      "est": 0.0009785835076378568,
      "abs_error": 5.50830487856856e-07,
      "pct_error": 0.056320253988034766
    },
    "db_y": {
      "true": 0.0019560653543,
      "est": 0.001963753933998363,
      "abs_error": 7.68857969836315e-06,
      "pct_error": 0.393063538570499
    },
    "db_z": {
      "true": 0.00293409803145,
      "est": 0.0029404555908201244,
      "abs_error": 6.3575593701242425e-06,
      "pct_error": 0.21667849206055342
    },
    "dKg_xx": {
      "true": -9.99999999995449e-06,
      "est": -9.647961517478265e-06,
      "abs_error": 3.520384824762246e-07,
      "pct_error": 3.5203848247782674
    },
    "dKg_yx": {
      "true": 0.0001454441043328608,
      "est": 0.00014381526391815428,
      "abs_error": 1.6288404147065142e-06,
      "pct_error": 1.119908175156264
    },
    "dKg_zx": {
      "true": 0.00024240684055476798,
      "est": 0.00024277286513772512,
      "abs_error": 3.660245829571328e-07,
      "pct_error": 0.1509959793706545
    },
    "dKg_xy": {
      "true": 4.84813681109536e-05,
      "est": 4.891616672603254e-05,
      "abs_error": 4.347986150789437e-07,
      "pct_error": 0.8968365209576415
    },
    "dKg_yy": {
      "true": -2.0000000000020002e-05,
      "est": -1.989555432335699e-05,
      "abs_error": 1.0444567666301197e-07,
      "pct_error": 0.5222283833145376
    },
    "dKg_zy": {
      "true": 0.0002908882086657216,
      "est": 0.0002891218778410079,
      "abs_error": 1.7663308247137027e-06,
      "pct_error": 0.607219808879743
    },
    "dKg_xz": {
      "true": 9.69627362219072e-05,
      "est": 9.693249264388279e-05,
      "abs_error": 3.024357802440688e-08,
      "pct_error": 0.03119092880711613
    },
    "dKg_yz": {
      "true": 0.0001939254724438144,
      "est": 0.00019335218302794782,
      "abs_error": 5.732894158665667e-07,
      "pct_error": 0.2956235757180711
    },
    "dKg_zz": {
      "true": -2.999999999997449e-05,
      "est": -2.9643841548576688e-05,
      "abs_error": 3.5615845139780333e-07,
      "pct_error": 1.1871948379936872
    },
    "dKa_xx": {
      "true": -9.99999999995449e-06,
      "est": -9.571913729633508e-06,
      "abs_error": 4.28086270320982e-07,
      "pct_error": 4.280862703229302
    },
    "dKa_xy": {
      "true": 4.84813681109536e-05,
      "est": 4.9046606604906786e-05,
      "abs_error": 5.652384939531889e-07,
      "pct_error": 1.1658880843865507
    },
    "dKa_xz": {
      "true": 9.69627362219072e-05,
      "est": 9.686942509593264e-05,
      "abs_error": 9.331112597455295e-08,
      "pct_error": 0.09623400659919783
    },
    "dKa_yy": {
      "true": -2.0000000000020002e-05,
      "est": -1.913258040953103e-05,
      "abs_error": 8.674195904889714e-07,
      "pct_error": 4.337097952440519
    },
    "dKa_yz": {
      "true": 0.0001939254724438144,
      "est": 0.00019510645395094786,
      "abs_error": 1.1809815071334748e-06,
      "pct_error": 0.608987304375725
    },
    "dKa_zz": {
      "true": -2.999999999997449e-05,
      "est": -2.9607619783655892e-05,
      "abs_error": 3.9238021631859965e-07,
      "pct_error": 1.3079340543964444
    },
    "Ka2_x": {
      "true": 1.0224607248440952e-06,
      "est": 1.0224408031708047e-06,
      "abs_error": 1.992167329055577e-11,
      "pct_error": 0.0019484047461669912
    },
    "Ka2_y": {
      "true": 2.0449214496881904e-06,
      "est": 2.0465108052817485e-06,
      "abs_error": 1.5893555935580657e-09,
      "pct_error": 0.07772208530554611
    },
    "Ka2_z": {
      "true": 3.0673821745322856e-06,
      "est": 3.0441539847777617e-06,
      "abs_error": 2.322818975452395e-08,
      "pct_error": 0.7572642870321754
    },
    "rx_x": {
      "true": 0.01,
      "est": 0.01014926961830086,
      "abs_error": 0.00014926961830086065,
      "pct_error": 1.4926961830086065
    },
    "rx_y": {
      "true": 0.02,
      "est": 0.01994912754175772,
      "abs_error": 5.087245824228134e-05,
      "pct_error": 0.25436229121140674
    },
    "rx_z": {
      "true": 0.03,
      "est": 0.03021656097377975,
      "abs_error": 0.00021656097377975234,
      "pct_error": 0.7218699125991745
    },
    "ry_x": {
      "true": 0.04,
      "est": 0.03995719169744257,
      "abs_error": 4.2808302557428846e-05,
      "pct_error": 0.10702075639357211
    },
    "ry_y": {
      "true": 0.05,
      "est": 0.050088263152206484,
      "abs_error": 8.826315220648168e-05,
      "pct_error": 0.17652630441296335
    },
    "ry_z": {
      "true": 0.06,
      "est": 0.06012004691740242,
      "abs_error": 0.00012004691740242351,
      "pct_error": 0.20007819567070587
    }
  },
  "focus_scale_pct": {
    "dKg_xx": 3.5203848247782674,
    "dKg_xy": 0.8968365209576415,
    "dKg_yy": 0.5222283833145376,
    "dKg_zz": 1.1871948379936872,
    "dKa_xx": 4.280862703229302
  },
  "lever_guard_pct": {
    "rx_y": 0.25436229121140674,
    "ry_z": 0.20007819567070587
  },
  "overall": {
    "mean_pct_error": 0.8637183957670022,
    "median_pct_error": 0.4576459609425183,
    "max_pct_error": 4.337097952440519
  },
  "extra": {
    "comparison_mode": "sym20_native_scd_ultrafine_local_refine_2026_04_05",
    "path_case_key": "symmetric20",
    "path_case_tag": "ch3corrected_symmetric20_att0zero_1200s",
    "path_case_display_name": "20-position corrected symmetric scheme",
    "att0_deg": [
      0.0,
      0.0,
      0.0
    ],
    "n_motion_rows": 20,
    "claimed_position_count": 20,
    "total_time_s": 1200.0,
    "timing_note": "uniform 20 × 60 s = 1200 s, row split 6 / 6 / 48 s",
    "source_builder": "/root/.openclaw/workspace/psins_method_bench/scripts/probe_ch3_corrected_symmetric20_front2_back11.py",
    "source_reference": "anchor2_zpair_anchor11_xpair_symmetric20_60s",
    "builder_method_tag": "ch3closedloop_anchor2_zpair_anchor11_xpair_symmetric20_60s",
    "rationale": "Stage C1 ultra-fine local refinement around current best: alpha=0.99988, transition_duration=0.85, target=selected, mode=once_per_phase, bias_to_target=False, apply_policy_names=['iter2_commit']",
    "noise_scale": 0.12,
    "noise_config": {
      "arw_dpsh": 0.0006,
      "vrw_ugpsHz": 0.6,
      "bi_g_dph": 0.00024,
      "bi_a_ug": 0.6,
      "tau_g": 300.0,
      "tau_a": 300.0,
      "seed": 42,
      "base_family": "round53_round61_shared"
    },
    "candidate_name": "c1_sel_once_b0_a099988_td0p85",
    "candidate_stage": "C1",
    "candidate_parent": null,
    "candidate_stage_index": 47,