{
  "variant": "g4_sym20_pure_followup_neutral_xxzz_a0992_os098_ka2095_noise0p12",
  "method_file": "round53_base + _build_patched_method + local _run_internalized_hybrid_scd",
  "source_file": "/root/.openclaw/workspace/tmp_psins_py/psins_py/test_calibration_markov_pruned.py",
  "param_order": [
    "eb_x",
    "eb_y",
    "eb_z",
    "db_x",
    "db_y",
    "db_z",
    "dKg_xx",
    "dKg_yx",
    "dKg_zx",
    "dKg_xy",
    "dKg_yy",
    "dKg_zy",
    "dKg_xz",
    "dKg_yz",
    "dKg_zz",
    "dKa_xx",
    "dKa_xy",
    "dKa_xz",
    "dKa_yy",
    "dKa_yz",
    "dKa_zz",
    "Ka2_x",
    "Ka2_y",
    "Ka2_z",
    "rx_x",
    "rx_y",
    "rx_z",
    "ry_x",
    "ry_y",
    "ry_z"
  ],
  "param_errors": {
    "eb_x": {
      "true": 4.84813681109536e-07,
      "est": 4.862991336962308e-07,
      "abs_error": 1.4854525866947917e-09,
      "pct_error": 0.3063965899838493
    },
    "eb_y": {
      "true": 9.69627362219072e-07,
      "est": 9.731373298075826e-07,
      "abs_error": 3.5099675885105466e-09,
      "pct_error": 0.3619913922888579
    },
    "eb_z": {
      "true": 1.4544410433286078e-06,
      "est": 1.4458346888861661e-06,
      "abs_error": 8.606354442441709e-09,
      "pct_error": 0.5917293438546921
    },
    "db_x": {
      "true": 0.00097803267715,
      "est": 0.0009785779089114112,
      "abs_error": 5.452317614112936e-07,
      "pct_error": 0.05574780619806141
    },
    "db_y": {
      "true": 0.0019560653543,
      "est": 0.0019638101647594104,
      "abs_error": 7.744810459410587e-06,
      "pct_error": 0.395938225805454
    },
    "db_z": {
      "true": 0.00293409803145,
      "est": 0.0029404530625025374,
      "abs_error": 6.355031052537267e-06,
      "pct_error": 0.21659232187946623
    },
    "dKg_xx": {
      "true": -9.99999999995449e-06,
      "est": -9.622176799783944e-06,
      "abs_error": 3.7782320017054616e-07,
      "pct_error": 3.7782320017226563
    },
    "dKg_yx": {
      "true": 0.0001454441043328608,
      "est": 0.0001437810910834608,
      "abs_error": 1.6630132493999775e-06,
      "pct_error": 1.1434036855794683
    },
    "dKg_zx": {
      "true": 0.00024240684055476798,
      "est": 0.00024280967790810405,
      "abs_error": 4.0283735333607055e-07,
      "pct_error": 0.16618233726991538
    },
    "dKg_xy": {
      "true": 4.84813681109536e-05,
      "est": 4.8917041423554785e-05,
      "abs_error": 4.3567331260118807e-07,
      "pct_error": 0.8986407141071471
    },
    "dKg_yy": {
      "true": -2.0000000000020002e-05,
      "est": -1.989605124941285e-05,
      "abs_error": 1.0394875060715236e-07,
      "pct_error": 0.519743753035242
    },
    "dKg_zy": {
      "true": 0.0002908882086657216,
      "est": 0.00028917565736304054,
      "abs_error": 1.7125513026810374e-06,
      "pct_error": 0.5887317710595278
    },
    "dKg_xz": {
      "true": 9.69627362219072e-05,
      "est": 9.6972704008785e-05,
      "abs_error": 9.967786877810463e-09,
      "pct_error": 0.010280018145319625
    },
    "dKg_yz": {
      "true": 0.0001939254724438144,
      "est": 0.00019341362741856323,
      "abs_error": 5.118450252511572e-07,
      "pct_error": 0.26393903740492525
    },
    "dKg_zz": {
      "true": -2.999999999997449e-05,
      "est": -2.96686506462418e-05,
      "abs_error": 3.313493537326906e-07,
      "pct_error": 1.1044978457765744
    },
    "dKa_xx": {
      "true": -9.99999999995449e-06,
      "est": -9.575285227603203e-06,
      "abs_error": 4.2471477235128674e-07,
      "pct_error": 4.247147723532196
    },
    "dKa_xy": {
      "true": 4.84813681109536e-05,
      "est": 4.90533385117606e-05,
      "abs_error": 5.719704008070038e-07,
      "pct_error": 1.1797736390153069
    },
    "dKa_xz": {
      "true": 9.69627362219072e-05,
      "est": 9.687444053402061e-05,
      "abs_error": 8.829568788658662e-08,
      "pct_error": 0.09106146477190441
    },
    "dKa_yy": {
      "true": -2.0000000000020002e-05,
      "est": -1.908451084631224e-05,
      "abs_error": 9.154891537077603e-07,
      "pct_error": 4.577445768534224
    },
    "dKa_yz": {
      "true": 0.0001939254724438144,
      "est": 0.00019502331061077506,
      "abs_error": 1.0978381669606756e-06,
      "pct_error": 0.566113441997028
    },
    "dKa_zz": {
      "true": -2.999999999997449e-05,
      "est": -2.9592838229230978e-05,
      "abs_error": 4.071617707435138e-07,
      "pct_error": 1.3572059024795333
    },
    "Ka2_x": {
      "true": 1.0224607248440952e-06,
      "est": 1.0069057209626507e-06,
      "abs_error": 1.5555003881444554e-08,
      "pct_error": 1.521330208924786
    },
    "Ka2_y": {
      "true": 2.0449214496881904e-06,
      "est": 2.0196856949131056e-06,
      "abs_error": 2.5235754775084787e-08,
      "pct_error": 1.2340696401288536
    },
    "Ka2_z": {
      "true": 3.0673821745322856e-06,
      "est": 3.0323878927563095e-06,
      "abs_error": 3.499428177597619e-08,
      "pct_error": 1.1408517030099816
    },
    "rx_x": {
      "true": 0.01,
      "est": 0.01014958398227366,
      "abs_error": 0.00014958398227366,
      "pct_error": 1.4958398227365999
    },
    "rx_y": {
      "true": 0.02,
      "est": 0.01995471355465628,
      "abs_error": 4.5286445343718784e-05,
      "pct_error": 0.22643222671859392
    },
    "rx_z": {
      "true": 0.03,
      "est": 0.03021642266019989,
      "abs_error": 0.00021642266019989212,
      "pct_error": 0.7214088673329738
    },
    "ry_x": {
      "true": 0.04,
      "est": 0.039953945728494346,
      "abs_error": 4.6054271505655e-05,
      "pct_error": 0.1151356787641375
    },
    "ry_y": {
      "true": 0.05,
      "est": 0.050091915918529385,
      "abs_error": 9.191591852938247e-05,
      "pct_error": 0.18383183705876494
    },
    "ry_z": {
      "true": 0.06,
      "est": 0.06011895029226175,
      "abs_error": 0.00011895029226174914,
      "pct_error": 0.19825048710291523
    }
  },
  "focus_scale_pct": {
    "dKg_xx": 3.7782320017226563,
    "dKg_xy": 0.8986407141071471,
    "dKg_yy": 0.519743753035242,
    "dKg_zz": 1.1044978457765744,
    "dKa_xx": 4.247147723532196
  },
  "lever_guard_pct": {
    "rx_y": 0.22643222671859392,
    "ry_z": 0.19825048710291523
  },
  "overall": {
    "mean_pct_error": 0.9752648418739652,
    "median_pct_error": 0.5774226065282779,
    "max_pct_error": 4.577445768534224
  },
  "extra": {
    "comparison_mode": "g4_sym20_pure_followup_on_corrected_symmetric20_att0zero_1200s",
    "path_case_key": "symmetric20",
    "path_case_tag": "ch3corrected_symmetric20_att0zero_1200s",
    "path_case_display_name": "20-position corrected symmetric scheme",
    "att0_deg": [
      0.0,
      0.0,
      0.0
    ],
    "n_motion_rows": 20,
    "claimed_position_count": 20,
    "total_time_s": 1200.0,
    "timing_note": "uniform 20 × 60 s = 1200 s, row split 6 / 6 / 48 s",
    "source_builder": "/root/.openclaw/workspace/psins_method_bench/scripts/probe_ch3_corrected_symmetric20_front2_back11.py",
    "source_reference": "anchor2_zpair_anchor11_xpair_symmetric20_60s",
    "builder_method_tag": "ch3closedloop_anchor2_zpair_anchor11_xpair_symmetric20_60s",
    "rationale": "Try to keep pure route bulk shape while pushing only the xx/zz subpath that already showed good direction.",
    "noise_scale": 0.12,
    "noise_config": {
      "arw_dpsh": 0.0006,
      "vrw_ugpsHz": 0.6,
      "bi_g_dph": 0.00024,
      "bi_a_ug": 0.6,
      "tau_g": 300.0,
      "tau_a": 300.0,
      "seed": 42,
      "base_family": "round53_round61_shared"
    },
    "candidate_family": "pure_followup",
    "source_name": "neutral_xxzz_a0992_os098_ka2095",
    "candidate_name": "neutral_xxzz_a0992_os098_ka2095",
    "candidate_description": "Switch SCD target to xx/zz only, use slightly milder alpha, retain mild iter2 other-scale + Ka2 damping.",
    "iter_patches": {
      "0": {
        "selected_prior_scale": 1.0,
        "other_scale_prior_scale": 1.0,
        "ka2_prior_scale": 1.0,
        "lever_prior_scale": 1.0,
        "selected_q_static_scale": 1.0,