{
  "variant": "g4_sym20_native_scd_ultrafine_c1_sel_once_b0_a099992_td1_noise0p12",
  "method_file": "round53_base + _build_patched_method(neutral) + local _run_internalized_hybrid_scd",
  "source_file": "/root/.openclaw/workspace/tmp_psins_py/psins_py/test_calibration_markov_pruned.py",
  "param_order": [
    "eb_x",
    "eb_y",
    "eb_z",
    "db_x",
    "db_y",
    "db_z",
    "dKg_xx",
    "dKg_yx",
    "dKg_zx",
    "dKg_xy",
    "dKg_yy",
    "dKg_zy",
    "dKg_xz",
    "dKg_yz",
    "dKg_zz",
    "dKa_xx",
    "dKa_xy",
    "dKa_xz",
    "dKa_yy",
    "dKa_yz",
    "dKa_zz",
    "Ka2_x",
    "Ka2_y",
    "Ka2_z",
    "rx_x",
    "rx_y",
    "rx_z",
    "ry_x",
    "ry_y",
    "ry_z"
  ],
  "param_errors": {
    "eb_x": {
      "true": 4.84813681109536e-07,
      "est": 4.866452118462169e-07,
      "abs_error": 1.8315307366808085e-09,
      "pct_error": 0.3777803325370686
    },
    "eb_y": {
      "true": 9.69627362219072e-07,
      "est": 9.73152335551035e-07,
      "abs_error": 3.524973331962914e-09,
      "pct_error": 0.363538970671756
    },
    "eb_z": {
      "true": 1.4544410433286078e-06,
      "est": 1.4458717467344246e-06,
      "abs_error": 8.569296594183253e-09,
      "pct_error": 0.5891814338910373
    },
    "db_x": {
      "true": 0.00097803267715,
      "est": 0.0009785779701599808,
      "abs_error": 5.452930099808777e-07,
      "pct_error": 0.055754068623746676
    },
    "db_y": {
      "true": 0.0019560653543,
      "est": 0.001963754233913454,
      "abs_error": 7.688879613454176e-06,
      "pct_error": 0.3930788711405672
    },
    "db_z": {
      "true": 0.00293409803145,
      "est": 0.0029404557984587004,
      "abs_error": 6.35776700870028e-06,
      "pct_error": 0.2166855688035188
    },
    "dKg_xx": {
      "true": -9.99999999995449e-06,
      "est": -9.64930310365375e-06,
      "abs_error": 3.506968963007395e-07,
      "pct_error": 3.5069689630233554
    },
    "dKg_yx": {
      "true": 0.0001454441043328608,
      "est": 0.00014381422072304588,
      "abs_error": 1.6298836098149088e-06,
      "pct_error": 1.1206254232793005
    },
    "dKg_zx": {
      "true": 0.00024240684055476798,
      "est": 0.00024277232196818506,
      "abs_error": 3.654814134170794e-07,
      "pct_error": 0.1507719058507776
    },
    "dKg_xy": {
      "true": 4.84813681109536e-05,
      "est": 4.891648314037931e-05,
      "abs_error": 4.3511502942571417e-07,
      "pct_error": 0.8974891723969456
    },
    "dKg_yy": {
      "true": -2.0000000000020002e-05,
      "est": -1.9895693706750706e-05,
      "abs_error": 1.0430629326929619e-07,
      "pct_error": 0.5215314663459594
    },
    "dKg_zy": {
      "true": 0.0002908882086657216,
      "est": 0.00028912215148068206,
      "abs_error": 1.7660571850395233e-06,
      "pct_error": 0.6071257384891161
    },
    "dKg_xz": {
      "true": 9.69627362219072e-05,
      "est": 9.69320864383107e-05,
      "abs_error": 3.064978359648826e-08,
      "pct_error": 0.03160985837522542
    },
    "dKg_yz": {
      "true": 0.0001939254724438144,
      "est": 0.00019335201402807649,
      "abs_error": 5.734584157379014e-07,
      "pct_error": 0.29571072253236264
    },
    "dKg_zz": {
      "true": -2.999999999997449e-05,
      "est": -2.9643320888173008e-05,
      "abs_error": 3.5667911180148337e-07,
      "pct_error": 1.1889303726726221
    },
    "dKa_xx": {
      "true": -9.99999999995449e-06,
      "est": -9.571840182909241e-06,
      "abs_error": 4.281598170452483e-07,
      "pct_error": 4.281598170471969
    },
    "dKa_xy": {
      "true": 4.84813681109536e-05,
      "est": 4.90477610575719e-05,
      "abs_error": 5.663929466183059e-07,
      "pct_error": 1.1682693139394686
    },
    "dKa_xz": {
      "true": 9.69627362219072e-05,
      "est": 9.686973178529066e-05,
      "abs_error": 9.300443661653432e-08,
      "pct_error": 0.09591771049414903
    },
    "dKa_yy": {
      "true": -2.0000000000020002e-05,
      "est": -1.9132567269597445e-05,
      "abs_error": 8.674327304225571e-07,
      "pct_error": 4.337163652108448
    },
    "dKa_yz": {
      "true": 0.0001939254724438144,
      "est": 0.00019510631532780213,
      "abs_error": 1.1808428839877433e-06,
      "pct_error": 0.6089158216849859
    },
    "dKa_zz": {
      "true": -2.999999999997449e-05,
      "est": -2.9607615014803912e-05,
      "abs_error": 3.923849851705796e-07,
      "pct_error": 1.307949950569711
    },
    "Ka2_x": {
      "true": 1.0224607248440952e-06,
      "est": 1.0224873669046321e-06,
      "abs_error": 2.6642060536891397e-11,
      "pct_error": 0.002605680579168826
    },
    "Ka2_y": {
      "true": 2.0449214496881904e-06,
      "est": 2.046508412174501e-06,
      "abs_error": 1.5869624863104612e-09,
      "pct_error": 0.07760505845114203
    },
    "Ka2_z": {
      "true": 3.0673821745322856e-06,
      "est": 3.0441524801540046e-06,
      "abs_error": 2.322969437828108e-08,
      "pct_error": 0.7573133394055518
    },
    "rx_x": {
      "true": 0.01,
      "est": 0.010149261468482622,
      "abs_error": 0.00014926146848262198,
      "pct_error": 1.4926146848262198
    },
    "rx_y": {
      "true": 0.02,
      "est": 0.0199489912158964,
      "abs_error": 5.1008784103599714e-05,
      "pct_error": 0.25504392051799857
    },
    "rx_z": {
      "true": 0.03,
      "est": 0.030216560518912045,
      "abs_error": 0.00021656051891204633,
      "pct_error": 0.7218683963734879
    },
    "ry_x": {
      "true": 0.04,
      "est": 0.03995729351812291,
      "abs_error": 4.270648187709031e-05,
      "pct_error": 0.10676620469272577
    },
    "ry_y": {
      "true": 0.05,
      "est": 0.05008822469444518,
      "abs_error": 8.822469444517977e-05,
      "pct_error": 0.17644938889035955
    },
    "ry_z": {
      "true": 0.06,
      "est": 0.06012000294209266,
      "abs_error": 0.00012000294209266182,
      "pct_error": 0.20000490348776973
    }
  },
  "focus_scale_pct": {
    "dKg_xx": 3.5069689630233554,
    "dKg_xy": 0.8974891723969456,
    "dKg_yy": 0.5215314663459594,
    "dKg_zz": 1.1889303726726221,
    "dKa_xx": 4.281598170471969
  },
  "lever_guard_pct": {
    "rx_y": 0.25504392051799857,
    "ry_z": 0.20000490348776973
  },
  "overall": {
    "mean_pct_error": 0.8635623021708837,
    "median_pct_error": 0.4573051687432633,
    "max_pct_error": 4.337163652108448
  },
  "extra": {
    "comparison_mode": "sym20_native_scd_ultrafine_local_refine_2026_04_05",
    "path_case_key": "symmetric20",
    "path_case_tag": "ch3corrected_symmetric20_att0zero_1200s",
    "path_case_display_name": "20-position corrected symmetric scheme",
    "att0_deg": [
      0.0,
      0.0,
      0.0
    ],
    "n_motion_rows": 20,
    "claimed_position_count": 20,
    "total_time_s": 1200.0,
    "timing_note": "uniform 20 × 60 s = 1200 s, row split 6 / 6 / 48 s",
    "source_builder": "/root/.openclaw/workspace/psins_method_bench/scripts/probe_ch3_corrected_symmetric20_front2_back11.py",
    "source_reference": "anchor2_zpair_anchor11_xpair_symmetric20_60s",
    "builder_method_tag": "ch3closedloop_anchor2_zpair_anchor11_xpair_symmetric20_60s",
    "rationale": "Stage C1 ultra-fine local refinement around current best: alpha=0.99992, transition_duration=1.0, target=selected, mode=once_per_phase, bias_to_target=False, apply_policy_names=['iter2_commit']",
    "noise_scale": 0.12,
    "noise_config": {
      "arw_dpsh": 0.0006,
      "vrw_ugpsHz": 0.6,
      "bi_g_dph": 0.00024,
      "bi_a_ug": 0.6,
      "tau_g": 300.0,
      "tau_a": 300.0,
      "seed": 42,
      "base_family": "round53_round61_shared"
    },
    "candidate_name": "c1_sel_once_b0_a099992_td1",
    "candidate_stage": "C1",
    "candidate_parent": null,
    "candidate_stage_index": 7,