{
  "variant": "g4_sym20_retune_scale_once_a0999_s20tight_0899_noise0p12",
  "method_file": "round53_base + _build_patched_method + _run_internalized_hybrid_scd",
  "source_file": "/root/.openclaw/workspace/tmp_psins_py/psins_py/test_calibration_markov_pruned.py",
  "param_order": [
    "eb_x",
    "eb_y",
    "eb_z",
    "db_x",
    "db_y",
    "db_z",
    "dKg_xx",
    "dKg_yx",
    "dKg_zx",
    "dKg_xy",
    "dKg_yy",
    "dKg_zy",
    "dKg_xz",
    "dKg_yz",
    "dKg_zz",
    "dKa_xx",
    "dKa_xy",
    "dKa_xz",
    "dKa_yy",
    "dKa_yz",
    "dKa_zz",
    "Ka2_x",
    "Ka2_y",
    "Ka2_z",
    "rx_x",
    "rx_y",
    "rx_z",
    "ry_x",
    "ry_y",
    "ry_z"
  ],
  "param_errors": {
    "eb_x": {
      "true": 4.84813681109536e-07,
      "est": 4.862992312881079e-07,
      "abs_error": 1.4855501785718033e-09,
      "pct_error": 0.30641671975345236
    },
    "eb_y": {
      "true": 9.69627362219072e-07,
      "est": 9.724765065172596e-07,
      "abs_error": 2.8491442981875406e-09,
      "pct_error": 0.29383909831783617
    },
    "eb_z": {
      "true": 1.4544410433286078e-06,
      "est": 1.4451085861602605e-06,
      "abs_error": 9.332457168347332e-09,
      "pct_error": 0.6416524898794961
    },
    "db_x": {
      "true": 0.00097803267715,
      "est": 0.0009788214849422998,
      "abs_error": 7.888077922998948e-07,
      "pct_error": 0.08065249870776212
    },
    "db_y": {
      "true": 0.0019560653543,
      "est": 0.001964264788749074,
      "abs_error": 8.199434449074339e-06,
      "pct_error": 0.41917998450560967
    },
    "db_z": {
      "true": 0.00293409803145,
      "est": 0.00294101794835125,
      "abs_error": 6.91991690125e-06,
      "pct_error": 0.235844775023766
    },
    "dKg_xx": {
      "true": -9.99999999995449e-06,
      "est": -9.628212726653373e-06,
      "abs_error": 3.7178727330111627e-07,
      "pct_error": 3.7178727330280825
    },
    "dKg_yx": {
      "true": 0.0001454441043328608,
      "est": 0.00014376575437820608,
      "abs_error": 1.6783499546547118e-06,
      "pct_error": 1.153948427372257
    },
    "dKg_zx": {
      "true": 0.00024240684055476798,
      "est": 0.0002428813307514643,
      "abs_error": 4.7449019669631347e-07,
      "pct_error": 0.1957412569754235
    },
    "dKg_xy": {
      "true": 4.84813681109536e-05,
      "est": 4.9711574563918855e-05,
      "abs_error": 1.2302064529652582e-06,
      "pct_error": 2.537482956648067
    },
    "dKg_yy": {
      "true": -2.0000000000020002e-05,
      "est": -1.9881712016944775e-05,
      "abs_error": 1.1828798307522703e-07,
      "pct_error": 0.5914399153755437
    },
    "dKg_zy": {
      "true": 0.0002908882086657216,
      "est": 0.00028918340184338814,
      "abs_error": 1.7048068223334402e-06,
      "pct_error": 0.5860694148288919
    },
    "dKg_xz": {
      "true": 9.69627362219072e-05,
      "est": 9.692662688565206e-05,
      "abs_error": 3.610933625513516e-08,
      "pct_error": 0.03724042623188353
    },
    "dKg_yz": {
      "true": 0.0001939254724438144,
      "est": 0.00019334644090670083,
      "abs_error": 5.790315371135603e-07,
      "pct_error": 0.29858456953421725
    },
    "dKg_zz": {
      "true": -2.999999999997449e-05,
      "est": -2.9197831912686212e-05,
      "abs_error": 8.021680872882797e-07,
      "pct_error": 2.6738936242965394
    },
    "dKa_xx": {
      "true": -9.99999999995449e-06,
      "est": -9.585168073256156e-06,
      "abs_error": 4.148319266983336e-07,
      "pct_error": 4.148319267002215
    },
    "dKa_xy": {
      "true": 4.84813681109536e-05,
      "est": 4.9013104413042435e-05,
      "abs_error": 5.317363020888378e-07,
      "pct_error": 1.096784853249016
    },
    "dKa_xz": {
      "true": 9.69627362219072e-05,
      "est": 9.681469350619531e-05,
      "abs_error": 1.4804271571188053e-07,
      "pct_error": 0.15268001036302503
    },
    "dKa_yy": {
      "true": -2.0000000000020002e-05,
      "est": -1.9125225840577187e-05,
      "abs_error": 8.747741594428149e-07,
      "pct_error": 4.3738707972097
    },
    "dKa_yz": {
      "true": 0.0001939254724438144,
      "est": 0.0001949333319614255,
      "abs_error": 1.0078595176111094e-06,
      "pct_error": 0.5197148703108687
    },
    "dKa_zz": {
      "true": -2.999999999997449e-05,
      "est": -2.9584918087799394e-05,
      "abs_error": 4.1508191217509705e-07,
      "pct_error": 1.3836063739181665
    },
    "Ka2_x": {
      "true": 1.0224607248440952e-06,
      "est": 1.0214921770960834e-06,
      "abs_error": 9.685477480118425e-10,
      "pct_error": 0.09472713469356259
    },
    "Ka2_y": {
      "true": 2.0449214496881904e-06,
      "est": 2.041443739132819e-06,
      "abs_error": 3.4777105553714257e-09,
      "pct_error": 0.17006572824113644
    },
    "Ka2_z": {
      "true": 3.0673821745322856e-06,
      "est": 3.039414574753843e-06,
      "abs_error": 2.7967599778442632e-08,
      "pct_error": 0.9117742161589998
    },
    "rx_x": {
      "true": 0.01,
      "est": 0.010150553541137128,
      "abs_error": 0.00015055354113712761,
      "pct_error": 1.5055354113712762
    },
    "rx_y": {
      "true": 0.02,
      "est": 0.01996756605305993,
      "abs_error": 3.2433946940069874e-05,
      "pct_error": 0.16216973470034937
    },
    "rx_z": {
      "true": 0.03,
      "est": 0.030216505834555044,
      "abs_error": 0.00021650583455504538,
      "pct_error": 0.7216861151834847
    },
    "ry_x": {
      "true": 0.04,
      "est": 0.03995380390329807,
      "abs_error": 4.6196096701929534e-05,
      "pct_error": 0.11549024175482384
    },
    "ry_y": {
      "true": 0.05,
      "est": 0.05009140818699591,
      "abs_error": 9.140818699590603e-05,
      "pct_error": 0.18281637399181205
    },
    "ry_z": {
      "true": 0.06,
      "est": 0.06018920482191268,
      "abs_error": 0.00018920482191268212,
      "pct_error": 0.3153413698544702
    }
  },
  "focus_scale_pct": {
    "dKg_xx": 3.7178727330280825,
    "dKg_xy": 2.537482956648067,
    "dKg_yy": 0.5914399153755437,
    "dKg_zz": 2.6738936242965394,
    "dKa_xx": 4.148319267002215
  },
  "lever_guard_pct": {
    "rx_y": 0.16216973470034937,
    "ry_z": 0.3153413698544702
  },
  "overall": {
    "mean_pct_error": 0.9874813796160578,
    "median_pct_error": 0.4694474274082392,
    "max_pct_error": 4.3738707972097
  },
  "extra": {
    "comparison_mode": "g4_sym20_retune_r59_r60_r61_on_corrected_symmetric20_att0zero_1200s",
    "path_case_key": "symmetric20",
    "path_case_tag": "ch3corrected_symmetric20_att0zero_1200s",
    "path_case_display_name": "20-position corrected symmetric scheme",
    "att0_deg": [
      0.0,
      0.0,
      0.0
    ],
    "n_motion_rows": 20,
    "claimed_position_count": 20,
    "total_time_s": 1200.0,
    "timing_note": "uniform 20 × 60 s = 1200 s, row split 6 / 6 / 48 s",
    "source_builder": "/root/.openclaw/workspace/psins_method_bench/scripts/probe_ch3_corrected_symmetric20_front2_back11.py",
    "source_reference": "anchor2_zpair_anchor11_xpair_symmetric20_60s",
    "builder_method_tag": "ch3closedloop_anchor2_zpair_anchor11_xpair_symmetric20_60s",
    "rationale": "Restore stronger front/back symmetry under the real two-axis mechanism by pairing the existing late anchor11 x-family outerhold with its front-half counterpart after anchor2. Under legality, the mirrored front motif must sweep the z-family (not x-family) because anchor2 inner-open +90 shifts the legal outer axis from +X to +Z before the outer pair executes.",
    "noise_scale": 0.12,
    "noise_config": {
      "arw_dpsh": 0.0006,
      "vrw_ugpsHz": 0.6,
      "bi_g_dph": 0.00024,
      "bi_a_ug": 0.6,
      "tau_g": 300.0,
      "tau_a": 300.0,
      "seed": 42,
      "base_family": "round53_round61_shared"
    },
    "candidate_family": "round60_conservative",
    "source_name": "scale_once_a0999_s20tight_0899",
    "candidate_name": "scale_once_a0999_s20tight_0899",
    "merge_source": "probe_round60_conservative._merge_round60_candidate",