{
  "variant": "entryrelay_l8x1_l9y1_unifiedcore_kf36_noisy_noise0p08",
  "method_file": "search_ch3_12pos_closedloop_local_insertions.py",
  "source_file": "/root/.openclaw/workspace/tmp_psins_py/psins_py/test_calibration_markov_pruned.py",
  "param_order": [
    "eb_x",
    "eb_y",
    "eb_z",
    "db_x",
    "db_y",
    "db_z",
    "dKg_xx",
    "dKg_yx",
    "dKg_zx",
    "dKg_xy",
    "dKg_yy",
    "dKg_zy",
    "dKg_xz",
    "dKg_yz",
    "dKg_zz",
    "dKa_xx",
    "dKa_xy",
    "dKa_xz",
    "dKa_yy",
    "dKa_yz",
    "dKa_zz",
    "Ka2_x",
    "Ka2_y",
    "Ka2_z",
    "rx_x",
    "rx_y",
    "rx_z",
    "ry_x",
    "ry_y",
    "ry_z"
  ],
  "param_errors": {
    "eb_x": {
      "true": 4.84813681109536e-07,
      "est": 4.6293458895000584e-07,
      "abs_error": 2.1879092159530208e-08,
      "pct_error": 4.512886705147863
    },
    "eb_y": {
      "true": 9.69627362219072e-07,
      "est": 9.670015191678086e-07,
      "abs_error": 2.6258430512635186e-09,
      "pct_error": 0.27080950410207694
    },
    "eb_z": {
      "true": 1.4544410433286078e-06,
      "est": 1.4455555548445582e-06,
      "abs_error": 8.88548848404959e-09,
      "pct_error": 0.610921186857765
    },
    "db_x": {
      "true": 0.00097803267715,
      "est": 0.0009791098326824349,
      "abs_error": 1.077155532434957e-06,
      "pct_error": 0.11013492264632736
    },
    "db_y": {
      "true": 0.0019560653543,
      "est": 0.0019671111964365265,
      "abs_error": 1.1045842136526637e-05,
      "pct_error": 0.5646969878713238
    },
    "db_z": {
      "true": 0.00293409803145,
      "est": 0.002934853077453738,
      "abs_error": 7.550460037379983e-07,
      "pct_error": 0.025733496142419706
    },
    "dKg_xx": {
      "true": -9.99999999995449e-06,
      "est": -1.0513712033199951e-05,
      "abs_error": 5.137120332454614e-07,
      "pct_error": 5.137120332477994
    },
    "dKg_yx": {
      "true": 0.0001454441043328608,
      "est": 0.00014528865134867826,
      "abs_error": 1.554529841825273e-07,
      "pct_error": 0.1068815988764731
    },
    "dKg_zx": {
      "true": 0.00024240684055476798,
      "est": 0.0002420364655760791,
      "abs_error": 3.703749786888855e-07,
      "pct_error": 0.15279064643607082
    },
    "dKg_xy": {
      "true": 4.84813681109536e-05,
      "est": 4.8362957004749e-05,
      "abs_error": 1.1841110620459472e-07,
      "pct_error": 0.2442404387879508
    },
    "dKg_yy": {
      "true": -2.0000000000020002e-05,
      "est": -1.9586304084384665e-05,
      "abs_error": 4.1369591563533703e-07,
      "pct_error": 2.068479578174616
    },
    "dKg_zy": {
      "true": 0.0002908882086657216,
      "est": 0.0002916975422690027,
      "abs_error": 8.093336032811201e-07,
      "pct_error": 0.278228398116741
    },
    "dKg_xz": {
      "true": 9.69627362219072e-05,
      "est": 9.768823590268052e-05,
      "abs_error": 7.254996807733248e-07,
      "pct_error": 0.7482252554352005
    },
    "dKg_yz": {
      "true": 0.0001939254724438144,
      "est": 0.00019372142873920126,
      "abs_error": 2.040437046131301e-07,
      "pct_error": 0.10521758799491761
    },
    "dKg_zz": {
      "true": -2.999999999997449e-05,
      "est": -2.972769648357243e-05,
      "abs_error": 2.723035164020615e-07,
      "pct_error": 0.9076783880076436
    },
    "dKa_xx": {
      "true": -9.99999999995449e-06,
      "est": -9.765801247452188e-06,
      "abs_error": 2.341987525023015e-07,
      "pct_error": 2.3419875250336735
    },
    "dKa_xy": {
      "true": 4.84813681109536e-05,
      "est": 4.850190533262766e-05,
      "abs_error": 2.053722167406403e-08,
      "pct_error": 0.042361060494544855
    },
    "dKa_xz": {
      "true": 9.69627362219072e-05,
      "est": 9.707170242613113e-05,
      "abs_error": 1.0896620422393513e-07,
      "pct_error": 0.11237946500865757
    },
    "dKa_yy": {
      "true": -2.0000000000020002e-05,
      "est": -1.9672633601253153e-05,
      "abs_error": 3.273663987668485e-07,
      "pct_error": 1.6368319938326055
    },
    "dKa_yz": {
      "true": 0.0001939254724438144,
      "est": 0.00019369072563008258,
      "abs_error": 2.3474681373181184e-07,
      "pct_error": 0.12105001512878848
    },
    "dKa_zz": {
      "true": -2.999999999997449e-05,
      "est": -2.9485845982168968e-05,
      "abs_error": 5.141540178055237e-07,
      "pct_error": 1.7138467260198698
    },
    "Ka2_x": {
      "true": 1.0224607248440952e-06,
      "est": 1.0098300557627844e-06,
      "abs_error": 1.2630669081310788e-08,
      "pct_error": 1.2353207095790122
    },
    "Ka2_y": {
      "true": 2.0449214496881904e-06,
      "est": 1.9839593253472248e-06,
      "abs_error": 6.096212434096566e-08,
      "pct_error": 2.9811474836972915
    },
    "Ka2_z": {
      "true": 3.0673821745322856e-06,
      "est": 3.065561413974214e-06,
      "abs_error": 1.820760558071525e-09,
      "pct_error": 0.059358777435327394
    },
    "rx_x": {
      "true": 0.01,
      "est": 0.010060305703291786,
      "abs_error": 6.0305703291786e-05,
      "pct_error": 0.60305703291786
    },
    "rx_y": {
      "true": 0.02,
      "est": 0.02024284873695581,
      "abs_error": 0.00024284873695580925,
      "pct_error": 1.2142436847790463
    },
    "rx_z": {
      "true": 0.03,
      "est": 0.030199894344379054,
      "abs_error": 0.0001998943443790556,
      "pct_error": 0.6663144812635187
    },
    "ry_x": {
      "true": 0.04,
      "est": 0.040661445844044304,
      "abs_error": 0.0006614458440443033,
      "pct_error": 1.6536146101107583
    },
    "ry_y": {
      "true": 0.05,
      "est": 0.05031141966293133,
      "abs_error": 0.00031141966293132817,
      "pct_error": 0.6228393258626563
    },
    "ry_z": {
      "true": 0.06,
      "est": 0.06099239742661969,
      "abs_error": 0.00099239742661969,
      "pct_error": 1.6539957110328167
    }
  },
  "focus_scale_pct": {
    "dKg_xx": 5.137120332477994,
    "dKg_xy": 0.2442404387879508,
    "dKg_yy": 2.068479578174616,
    "dKg_zz": 0.9076783880076436,
    "dKa_xx": 2.3419875250336735
  },
  "lever_guard_pct": {
    "rx_y": 1.2142436847790463,
    "ry_z": 1.6539957110328167
  },
  "overall": {
    "mean_pct_error": 1.083413120975727,
    "median_pct_error": 0.6168802563602107,
    "max_pct_error": 5.137120332477994
  },
  "extra": {
    "noise_scale": 0.08,
    "noise_config": {
      "arw_dpsh": 0.0004,
      "vrw_ugpsHz": 0.4,
      "bi_g_dph": 0.00016,
      "bi_a_ug": 0.4,
      "tau_g": 300.0,
      "tau_a": 300.0,
      "seed": 42,
      "base_family": "round53_round61_shared"
    },
    "comparison_mode": "att0_corrected_rerun",
    "candidate_name": "entryrelay_l8x1_l9y1_unifiedcore",
    "method_key": "kf36_noisy",
    "legality": "faithful12_base_plus_closed_loop_local_insertions",
    "time_total_s": 1338.0,
    "att0_deg": [
      0.0,
      0.0,
      0.0
    ],
    "candidate_registry_key": "entry_frontier"
  }
}