{
  "variant": "probe3_l9_diag_bfly_flip_d4_kf36_noisy_noise0p08",
  "method_file": "search_ch3_12pos_closedloop_local_insertions.py",
  "source_file": "/root/.openclaw/workspace/tmp_psins_py/psins_py/test_calibration_markov_pruned.py",
  "param_order": [
    "eb_x",
    "eb_y",
    "eb_z",
    "db_x",
    "db_y",
    "db_z",
    "dKg_xx",
    "dKg_yx",
    "dKg_zx",
    "dKg_xy",
    "dKg_yy",
    "dKg_zy",
    "dKg_xz",
    "dKg_yz",
    "dKg_zz",
    "dKa_xx",
    "dKa_xy",
    "dKa_xz",
    "dKa_yy",
    "dKa_yz",
    "dKa_zz",
    "Ka2_x",
    "Ka2_y",
    "Ka2_z",
    "rx_x",
    "rx_y",
    "rx_z",
    "ry_x",
    "ry_y",
    "ry_z"
  ],
  "param_errors": {
    "eb_x": {
      "true": 4.84813681109536e-07,
      "est": 4.644974110695847e-07,
      "abs_error": 2.031627003995135e-08,
      "pct_error": 4.190531503454253
    },
    "eb_y": {
      "true": 9.69627362219072e-07,
      "est": 9.773105216389893e-07,
      "abs_error": 7.683159419917164e-09,
      "pct_error": 0.7923826945573834
    },
    "eb_z": {
      "true": 1.4544410433286078e-06,
      "est": 1.4455503485111832e-06,
      "abs_error": 8.890694817424644e-09,
      "pct_error": 0.6112791479727194
    },
    "db_x": {
      "true": 0.00097803267715,
      "est": 0.0009758343271327741,
      "abs_error": 2.198350017225837e-06,
      "pct_error": 0.22477265520737588
    },
    "db_y": {
      "true": 0.0019560653543,
      "est": 0.0019557249455920338,
      "abs_error": 3.404087079660577e-07,
      "pct_error": 0.017402726714510864
    },
    "db_z": {
      "true": 0.00293409803145,
      "est": 0.002958869785260455,
      "abs_error": 2.477175381045485e-05,
      "pct_error": 0.8442715118899047
    },
    "dKg_xx": {
      "true": -9.99999999995449e-06,
      "est": -2.0841851564590286e-06,
      "abs_error": 7.915814843495461e-06,
      "pct_error": 79.15814843531487
    },
    "dKg_yx": {
      "true": 0.0001454441043328608,
      "est": 0.00014576366002384253,
      "abs_error": 3.1955569098173603e-07,
      "pct_error": 0.2197103089516826
    },
    "dKg_zx": {
      "true": 0.00024240684055476798,
      "est": 0.00024027623395629795,
      "abs_error": 2.1306065984700304e-06,
      "pct_error": 0.8789383144444117
    },
    "dKg_xy": {
      "true": 4.84813681109536e-05,
      "est": 4.868194714897516e-05,
      "abs_error": 2.0057903802156272e-07,
      "pct_error": 0.4137239641474661
    },
    "dKg_yy": {
      "true": -2.0000000000020002e-05,
      "est": -2.0051677132926216e-05,
      "abs_error": 5.1677132906213785e-08,
      "pct_error": 0.2583856645308105
    },
    "dKg_zy": {
      "true": 0.0002908882086657216,
      "est": 0.0003016629797105199,
      "abs_error": 1.0774771044798337e-05,
      "pct_error": 3.7040934365202554
    },
    "dKg_xz": {
      "true": 9.69627362219072e-05,
      "est": 9.911672986906146e-05,
      "abs_error": 2.153993647154267e-06,
      "pct_error": 2.221465411438757
    },
    "dKg_yz": {
      "true": 0.0001939254724438144,
      "est": 0.00018330502988657348,
      "abs_error": 1.0620442557240912e-05,
      "pct_error": 5.476558815819283
    },
    "dKg_zz": {
      "true": -2.999999999997449e-05,
      "est": -1.9036789690174416e-05,
      "abs_error": 1.0963210309800075e-05,
      "pct_error": 36.544034366031326
    },
    "dKa_xx": {
      "true": -9.99999999995449e-06,
      "est": -1.1673818073765219e-05,
      "abs_error": 1.6738180738107289e-06,
      "pct_error": 16.738180738183463
    },
    "dKa_xy": {
      "true": 4.84813681109536e-05,
      "est": 4.7542604309501054e-05,
      "abs_error": 9.387638014525431e-07,
      "pct_error": 1.9363393361839645
    },
    "dKa_xz": {
      "true": 9.69627362219072e-05,
      "est": 9.855907214998429e-05,
      "abs_error": 1.5963359280770929e-06,
      "pct_error": 1.6463396045505014
    },
    "dKa_yy": {
      "true": -2.0000000000020002e-05,
      "est": -1.1208464665291018e-06,
      "abs_error": 1.88791535334909e-05,
      "pct_error": 94.3957676673601
    },
    "dKa_yz": {
      "true": 0.0001939254724438144,
      "est": 0.00018368283597452366,
      "abs_error": 1.0242636469290725e-05,
      "pct_error": 5.281738566994236
    },
    "dKa_zz": {
      "true": -2.999999999997449e-05,
      "est": -2.9980254588668487e-05,
      "abs_error": 1.9745411306004712e-08,
      "pct_error": 0.06581803768673834
    },
    "Ka2_x": {
      "true": 1.0224607248440952e-06,
      "est": 8.671775293180237e-07,
      "abs_error": 1.5528319552607156e-07,
      "pct_error": 15.18720394367707
    },
    "Ka2_y": {
      "true": 2.0449214496881904e-06,
      "est": 2.882900349573415e-09,
      "abs_error": 2.042038549338617e-06,
      "pct_error": 99.85902146265751
    },
    "Ka2_z": {
      "true": 3.0673821745322856e-06,
      "est": 2.829903764930203e-06,
      "abs_error": 2.3747840960208264e-07,
      "pct_error": 7.742054823614971
    },
    "rx_x": {
      "true": 0.01,
      "est": 0.010274670370633999,
      "abs_error": 0.0002746703706339986,
      "pct_error": 2.746703706339986
    },
    "rx_y": {
      "true": 0.02,
      "est": 0.019810788871115762,
      "abs_error": 0.00018921112888423824,
      "pct_error": 0.9460556444211912
    },
    "rx_z": {
      "true": 0.03,
      "est": 0.030743671697934124,
      "abs_error": 0.000743671697934125,
      "pct_error": 2.4789056597804167
    },
    "ry_x": {
      "true": 0.04,
      "est": 0.04059587097416949,
      "abs_error": 0.0005958709741694865,
      "pct_error": 1.4896774354237161
    },
    "ry_y": {
      "true": 0.05,
      "est": 0.05020998132072648,
      "abs_error": 0.00020998132072647807,
      "pct_error": 0.41996264145295614
    },
    "ry_z": {
      "true": 0.06,
      "est": 0.06047994506821261,
      "abs_error": 0.0004799450682126116,
      "pct_error": 0.7999084470210194
    }
  },
  "focus_scale_pct": {
    "dKg_xx": 79.15814843531487,
    "dKg_xy": 0.4137239641474661,
    "dKg_yy": 0.2583856645308105,
    "dKg_zz": 36.544034366031326,
    "dKa_xx": 16.738180738183463
  },
  "lever_guard_pct": {
    "rx_y": 0.9460556444211912,
    "ry_z": 0.7999084470210194
  },
  "overall": {
    "mean_pct_error": 12.909645889078096,
    "median_pct_error": 1.791339470367233,
    "max_pct_error": 99.85902146265751
  },
  "extra": {
    "noise_scale": 0.08,
    "noise_config": {
      "arw_dpsh": 0.0004,
      "vrw_ugpsHz": 0.4,
      "bi_g_dph": 0.00016,
      "bi_a_ug": 0.4,
      "tau_g": 300.0,
      "tau_a": 300.0,
      "seed": 42,
      "base_family": "round53_round61_shared"
    },
    "comparison_mode": "ch3_closedloop_local_insertions",
    "candidate_name": "probe3_l9_diag_bfly_flip_d4",
    "method_key": "kf36_noisy",
    "legality": "faithful12_base_plus_closed_loop_local_insertions",
    "time_total_s": 1255.0
  }
}