{
  "variant": "twoanchor_l10_ypair_neg2_then_zpair_neg4_plus_l11_maxbest_kf36_noisy_noise0p08",
  "method_file": "search_ch3_12pos_closedloop_local_insertions.py",
  "source_file": "/root/.openclaw/workspace/tmp_psins_py/psins_py/test_calibration_markov_pruned.py",
  "param_order": [
    "eb_x",
    "eb_y",
    "eb_z",
    "db_x",
    "db_y",
    "db_z",
    "dKg_xx",
    "dKg_yx",
    "dKg_zx",
    "dKg_xy",
    "dKg_yy",
    "dKg_zy",
    "dKg_xz",
    "dKg_yz",
    "dKg_zz",
    "dKa_xx",
    "dKa_xy",
    "dKa_xz",
    "dKa_yy",
    "dKa_yz",
    "dKa_zz",
    "Ka2_x",
    "Ka2_y",
    "Ka2_z",
    "rx_x",
    "rx_y",
    "rx_z",
    "ry_x",
    "ry_y",
    "ry_z"
  ],
  "param_errors": {
    "eb_x": {
      "true": 4.84813681109536e-07,
      "est": 4.6118114411326167e-07,
      "abs_error": 2.3632536996274377e-08,
      "pct_error": 4.87456066466387
    },
    "eb_y": {
      "true": 9.69627362219072e-07,
      "est": 9.713943762525307e-07,
      "abs_error": 1.7670140334585588e-09,
      "pct_error": 0.18223640362361493
    },
    "eb_z": {
      "true": 1.4544410433286078e-06,
      "est": 1.4433253399046326e-06,
      "abs_error": 1.1115703423975234e-08,
      "pct_error": 0.7642594710154792
    },
    "db_x": {
      "true": 0.00097803267715,
      "est": 0.0009796217971438275,
      "abs_error": 1.5891199938275653e-06,
      "pct_error": 0.16248127807531768
    },
    "db_y": {
      "true": 0.0019560653543,
      "est": 0.001958114477712241,
      "abs_error": 2.0491234122409913e-06,
      "pct_error": 0.1047574104687465
    },
    "db_z": {
      "true": 0.00293409803145,
      "est": 0.0029397007311171984,
      "abs_error": 5.602699667198261e-06,
      "pct_error": 0.19095134542691017
    },
    "dKg_xx": {
      "true": -9.99999999995449e-06,
      "est": -1.4560450775302769e-05,
      "abs_error": 4.560450775348279e-06,
      "pct_error": 45.604507753690335
    },
    "dKg_yx": {
      "true": 0.0001454441043328608,
      "est": 0.00014542275245685806,
      "abs_error": 2.1351876002733208e-08,
      "pct_error": 0.014680468555719304
    },
    "dKg_zx": {
      "true": 0.00024240684055476798,
      "est": 0.00024159523659213525,
      "abs_error": 8.1160396263273e-07,
      "pct_error": 0.33481066820363137
    },
    "dKg_xy": {
      "true": 4.84813681109536e-05,
      "est": 4.869058733971759e-05,
      "abs_error": 2.0921922876399187e-07,
      "pct_error": 0.43154563684171715
    },
    "dKg_yy": {
      "true": -2.0000000000020002e-05,
      "est": -1.916238072086074e-05,
      "abs_error": 8.376192791592629e-07,
      "pct_error": 4.188096395792126
    },
    "dKg_zy": {
      "true": 0.0002908882086657216,
      "est": 0.00030377008792306675,
      "abs_error": 1.288187925734517e-05,
      "pct_error": 4.428463881857985
    },
    "dKg_xz": {
      "true": 9.69627362219072e-05,
      "est": 9.683552182881635e-05,
      "abs_error": 1.2721439309083945e-07,
      "pct_error": 0.1311992607136198
    },
    "dKg_yz": {
      "true": 0.0001939254724438144,
      "est": 0.0001810833548556516,
      "abs_error": 1.2842117588162782e-05,
      "pct_error": 6.622192240312062
    },
    "dKg_zz": {
      "true": -2.999999999997449e-05,
      "est": -1.693738076902207e-05,
      "abs_error": 1.3062619230952421e-05,
      "pct_error": 43.54206410321176
    },
    "dKa_xx": {
      "true": -9.99999999995449e-06,
      "est": -9.790598414438634e-06,
      "abs_error": 2.0940158551585597e-07,
      "pct_error": 2.0940158551680894
    },
    "dKa_xy": {
      "true": 4.84813681109536e-05,
      "est": 4.211564767744795e-05,
      "abs_error": 6.365720433505649e-06,
      "pct_error": 13.13024091840225
    },
    "dKa_xz": {
      "true": 9.69627362219072e-05,
      "est": 9.621382102922369e-05,
      "abs_error": 7.489151926835054e-07,
      "pct_error": 0.7723742355718504
    },
    "dKa_yy": {
      "true": -2.0000000000020002e-05,
      "est": -2.9698846140124857e-06,
      "abs_error": 1.7030115386007516e-05,
      "pct_error": 85.15057692995242
    },
    "dKa_yz": {
      "true": 0.0001939254724438144,
      "est": 0.00018111209837054246,
      "abs_error": 1.2813374073271925e-05,
      "pct_error": 6.607370301487505
    },
    "dKa_zz": {
      "true": -2.999999999997449e-05,
      "est": -3.038085036499716e-05,
      "abs_error": 3.808503650226669e-07,
      "pct_error": 1.2695012167433024
    },
    "Ka2_x": {
      "true": 1.0224607248440952e-06,
      "est": 1.0232587450228262e-06,
      "abs_error": 7.980201787310173e-10,
      "pct_error": 0.07804898118240183
    },
    "Ka2_y": {
      "true": 2.0449214496881904e-06,
      "est": 7.769802018767483e-09,
      "abs_error": 2.037151647669423e-06,
      "pct_error": 99.62004398653296
    },
    "Ka2_z": {
      "true": 3.0673821745322856e-06,
      "est": 3.0364767423703836e-06,
      "abs_error": 3.090543216190209e-08,
      "pct_error": 1.0075507518594273
    },
    "rx_x": {
      "true": 0.01,
      "est": 0.009810374968347751,
      "abs_error": 0.0001896250316522491,
      "pct_error": 1.8962503165224909
    },
    "rx_y": {
      "true": 0.02,
      "est": 0.020010830861273796,
      "abs_error": 1.0830861273795206e-05,
      "pct_error": 0.05415430636897603
    },
    "rx_z": {
      "true": 0.03,
      "est": 0.03057811897666239,
      "abs_error": 0.0005781189766623923,
      "pct_error": 1.9270632555413079
    },
    "ry_x": {
      "true": 0.04,
      "est": 0.04022325399729757,
      "abs_error": 0.00022325399729757056,
      "pct_error": 0.5581349932439263
    },
    "ry_y": {
      "true": 0.05,
      "est": 0.049982320132490834,
      "abs_error": 1.767986750916828e-05,
      "pct_error": 0.03535973501833656
    },
    "ry_z": {
      "true": 0.06,
      "est": 0.06073293047485924,
      "abs_error": 0.0007329304748592419,
      "pct_error": 1.22155079143207
    }
  },
  "focus_scale_pct": {
    "dKg_xx": 45.604507753690335,
    "dKg_xy": 0.43154563684171715,
    "dKg_yy": 4.188096395792126,
    "dKg_zz": 43.54206410321176,
    "dKa_xx": 2.0940158551680894
  },
  "lever_guard_pct": {
    "rx_y": 0.05415430636897603,
    "ry_z": 1.22155079143207
  },
  "overall": {
    "mean_pct_error": 10.899968118582674,
    "median_pct_error": 1.1145507716457486,
    "max_pct_error": 99.62004398653296
  },
  "extra": {
    "noise_scale": 0.08,
    "noise_config": {
      "arw_dpsh": 0.0004,
      "vrw_ugpsHz": 0.4,
      "bi_g_dph": 0.00016,
      "bi_a_ug": 0.4,
      "tau_g": 300.0,
      "tau_a": 300.0,
      "seed": 42,
      "base_family": "round53_round61_shared"
    },
    "comparison_mode": "ch3_closedloop_local_insertions",
    "candidate_name": "twoanchor_l10_ypair_neg2_then_zpair_neg4_plus_l11_maxbest",
    "method_key": "kf36_noisy",
    "legality": "faithful12_base_plus_closed_loop_local_insertions",
    "time_total_s": 1308.0
  }
}