{
  "variant": "legacy19pos_histatt0_scaled1200s_kf36_noisy_custom_arw0p0005_vrw0p5_big7em05_bia0p5_tg300_ta300_seed42",
  "method_file": "source_mod.run_calibration(n_states=36)",
  "source_file": "/root/.openclaw/workspace/tmp_psins_py/psins_py/test_calibration_markov_pruned.py",
  "param_order": [
    "eb_x",
    "eb_y",
    "eb_z",
    "db_x",
    "db_y",
    "db_z",
    "dKg_xx",
    "dKg_yx",
    "dKg_zx",
    "dKg_xy",
    "dKg_yy",
    "dKg_zy",
    "dKg_xz",
    "dKg_yz",
    "dKg_zz",
    "dKa_xx",
    "dKa_xy",
    "dKa_xz",
    "dKa_yy",
    "dKa_yz",
    "dKa_zz",
    "Ka2_x",
    "Ka2_y",
    "Ka2_z",
    "rx_x",
    "rx_y",
    "rx_z",
    "ry_x",
    "ry_y",
    "ry_z"
  ],
  "param_errors": {
    "eb_x": {
      "true": 4.84813681109536e-07,
      "est": 4.5336703102519734e-07,
      "abs_error": 3.1446650084338705e-08,
      "pct_error": 6.486337186766359
    },
    "eb_y": {
      "true": 9.69627362219072e-07,
      "est": 9.382573924986484e-07,
      "abs_error": 3.136996972042369e-08,
      "pct_error": 3.235260363180236
    },
    "eb_z": {
      "true": 1.4544410433286078e-06,
      "est": 1.4363545759954992e-06,
      "abs_error": 1.8086467333108644e-08,
      "pct_error": 1.2435338933860307
    },
    "db_x": {
      "true": 0.00097803267715,
      "est": 0.000976738092815771,
      "abs_error": 1.2945843342289983e-06,
      "pct_error": 0.13236616367475923
    },
    "db_y": {
      "true": 0.0019560653543,
      "est": 0.001965960784376682,
      "abs_error": 9.895430076682383e-06,
      "pct_error": 0.5058844304424366
    },
    "db_z": {
      "true": 0.00293409803145,
      "est": 0.0029314292230679445,
      "abs_error": 2.6688083820556804e-06,
      "pct_error": 0.09095839175955493
    },
    "dKg_xx": {
      "true": -9.99999999995449e-06,
      "est": -1.03603548660125e-05,
      "abs_error": 3.6035486605801026e-07,
      "pct_error": 3.603548660596503
    },
    "dKg_yx": {
      "true": 0.0001454441043328608,
      "est": 0.00014573923866426574,
      "abs_error": 2.951343314049504e-07,
      "pct_error": 0.20291941894702809
    },
    "dKg_zx": {
      "true": 0.00024240684055476798,
      "est": 0.000240828753760855,
      "abs_error": 1.5780867939129762e-06,
      "pct_error": 0.6510075335751231
    },
    "dKg_xy": {
      "true": 4.84813681109536e-05,
      "est": 4.8708683046703286e-05,
      "abs_error": 2.2731493574968938e-07,
      "pct_error": 0.4688707117948084
    },
    "dKg_yy": {
      "true": -2.0000000000020002e-05,
      "est": -2.0313706296404277e-05,
      "abs_error": 3.1370629638427516e-07,
      "pct_error": 1.5685314819198073
    },
    "dKg_zy": {
      "true": 0.0002908882086657216,
      "est": 0.0002913936996928495,
      "abs_error": 5.054910271279031e-07,
      "pct_error": 0.1737750146169711
    },
    "dKg_xz": {
      "true": 9.69627362219072e-05,
      "est": 9.707620421127073e-05,
      "abs_error": 1.134679893635335e-07,
      "pct_error": 0.11702226420658415
    },
    "dKg_yz": {
      "true": 0.0001939254724438144,
      "est": 0.00019388045101789936,
      "abs_error": 4.5021425915028196e-08,
      "pct_error": 0.023215839233328234
    },
    "dKg_zz": {
      "true": -2.999999999997449e-05,
      "est": -2.993834892639491e-05,
      "abs_error": 6.165107357958277e-08,
      "pct_error": 0.20550357859878396
    },
    "dKa_xx": {
      "true": -9.99999999995449e-06,
      "est": -9.81497078900162e-06,
      "abs_error": 1.850292109528695e-07,
      "pct_error": 1.8502921095371156
    },
    "dKa_xy": {
      "true": 4.84813681109536e-05,
      "est": 4.876656083302797e-05,
      "abs_error": 2.851927220743711e-07,
      "pct_error": 0.5882522156175215
    },
    "dKa_xz": {
      "true": 9.69627362219072e-05,
      "est": 9.806577367286167e-05,
      "abs_error": 1.1030374509544803e-06,
      "pct_error": 1.1375890305220846
    },
    "dKa_yy": {
      "true": -2.0000000000020002e-05,
      "est": -2.0090732419264512e-05,
      "abs_error": 9.073241924451025e-08,
      "pct_error": 0.4536620962220976
    },
    "dKa_yz": {
      "true": 0.0001939254724438144,
      "est": 0.00019312594329473515,
      "abs_error": 7.995291490792394e-07,
      "pct_error": 0.41228681255933786
    },
    "dKa_zz": {
      "true": -2.999999999997449e-05,
      "est": -2.9608193881314193e-05,
      "abs_error": 3.9180611866029835e-07,
      "pct_error": 1.3060203955354384
    },
    "Ka2_x": {
      "true": 1.0224607248440952e-06,
      "est": 1.0239725439985304e-06,
      "abs_error": 1.5118191544351753e-09,
      "pct_error": 0.14786085349788838
    },
    "Ka2_y": {
      "true": 2.0449214496881904e-06,
      "est": 2.0165149375711056e-06,
      "abs_error": 2.8406512117084862e-08,
      "pct_error": 1.3891248547183213
    },
    "Ka2_z": {
      "true": 3.0673821745322856e-06,
      "est": 3.1572755246115616e-06,
      "abs_error": 8.989335007927593e-08,
      "pct_error": 2.930621127867213
    },
    "rx_x": {
      "true": 0.01,
      "est": 0.010061383131782255,
      "abs_error": 6.138313178225517e-05,
      "pct_error": 0.6138313178225517
    },
    "rx_y": {
      "true": 0.02,
      "est": 0.02016298055994846,
      "abs_error": 0.0001629805599484592,
      "pct_error": 0.814902799742296
    },
    "rx_z": {
      "true": 0.03,
      "est": 0.02988708929328454,
      "abs_error": 0.00011291070671545778,
      "pct_error": 0.37636902238485925
    },
    "ry_x": {
      "true": 0.04,
      "est": 0.0402063355910839,
      "abs_error": 0.00020633559108389904,
      "pct_error": 0.5158389777097476
    },
    "ry_y": {
      "true": 0.05,
      "est": 0.05008182820505796,
      "abs_error": 8.18282050579558e-05,
      "pct_error": 0.1636564101159116
    },
    "ry_z": {
      "true": 0.06,
      "est": 0.06023149716257722,
      "abs_error": 0.0002314971625772197,
      "pct_error": 0.3858286042953662
    }
  },
  "focus_scale_pct": {
    "dKg_xx": 3.603548660596503,
    "dKg_xy": 0.4688707117948084,
    "dKg_yy": 1.5685314819198073,
    "dKg_zz": 0.20550357859878396,
    "dKa_xx": 1.8502921095371156
  },
  "lever_guard_pct": {
    "rx_y": 0.814902799742296,
    "ry_z": 0.3858286042953662
  },
  "overall": {
    "mean_pct_error": 1.059829052028202,
    "median_pct_error": 0.5108617040760921,
    "max_pct_error": 6.486337186766359
  },
  "extra": {
    "comparison_mode": "four_group_progression_19pos_markov_20pos_round61_custom_noise",
    "case_key": "legacy19pos",
    "case_tag": "legacy19pos_histatt0_scaled1200s",
    "case_display_name": "legacy 19-position method",
    "method_key": "kf36_noisy",
    "noise_tag": "custom_arw0p0005_vrw0p5_big7em05_bia0p5_tg300_ta300_seed42",
    "noise_config": {
      "arw_dpsh": 0.0005,
      "vrw_ugpsHz": 0.5,
      "bi_g_dph": 7e-05,
      "bi_a_ug": 0.5,
      "tau_g": 300.0,
      "tau_a": 300.0,
      "seed": 42,
      "base_family": "user_explicit_custom_noise"
    },
    "att0_deg": [
      1.0,
      -91.0,
      -91.0
    ],
    "n_motion_rows": 18,
    "claimed_position_count": 19,
    "total_time_s": 1200.0,
    "timing_note": "original 982 s over 18 motion rows, scaled uniformly by 1200/982 to preserve row timing proportions",
    "source_builder": "/root/.openclaw/workspace/tmp_psins_py/psins_py/test_system_calibration_19pos.py",
    "source_reference": "historical paras block + att0=[1,-91,-91] deg from original 19pos script",
    "rationale": "Historical 19-position calibration path, evaluated with its original initial attitude and fair-duration normalization only.",
    "timing_scale_factor": 1.2219959266802445,
    "raw_total_s_before_scaling": 982.0,
    "builder_method_tag": null
  }
}