{
  "variant": "relay_l11back0p125_l12y0p3125_on_entry_kf36_noisy_noise0p08",
  "method_file": "search_ch3_12pos_closedloop_local_insertions.py",
  "source_file": "/root/.openclaw/workspace/tmp_psins_py/psins_py/test_calibration_markov_pruned.py",
  "param_order": [
    "eb_x",
    "eb_y",
    "eb_z",
    "db_x",
    "db_y",
    "db_z",
    "dKg_xx",
    "dKg_yx",
    "dKg_zx",
    "dKg_xy",
    "dKg_yy",
    "dKg_zy",
    "dKg_xz",
    "dKg_yz",
    "dKg_zz",
    "dKa_xx",
    "dKa_xy",
    "dKa_xz",
    "dKa_yy",
    "dKa_yz",
    "dKa_zz",
    "Ka2_x",
    "Ka2_y",
    "Ka2_z",
    "rx_x",
    "rx_y",
    "rx_z",
    "ry_x",
    "ry_y",
    "ry_z"
  ],
  "param_errors": {
    "eb_x": {
      "true": 4.84813681109536e-07,
      "est": 4.627749160986514e-07,
      "abs_error": 2.2038765010884662e-08,
      "pct_error": 4.54582159489541
    },
    "eb_y": {
      "true": 9.69627362219072e-07,
      "est": 9.667875388412017e-07,
      "abs_error": 2.8398233778704347e-09,
      "pct_error": 0.29287780940620994
    },
    "eb_z": {
      "true": 1.4544410433286078e-06,
      "est": 1.446038888711387e-06,
      "abs_error": 8.402154617220813e-09,
      "pct_error": 0.5776895980597324
    },
    "db_x": {
      "true": 0.00097803267715,
      "est": 0.0009793922227801211,
      "abs_error": 1.359545630121202e-06,
      "pct_error": 0.13900820104323466
    },
    "db_y": {
      "true": 0.0019560653543,
      "est": 0.0019660942579228257,
      "abs_error": 1.0028903622825904e-05,
      "pct_error": 0.5127080033793074
    },
    "db_z": {
      "true": 0.00293409803145,
      "est": 0.0029342445726079406,
      "abs_error": 1.465411579404212e-07,
      "pct_error": 0.004994419285575202
    },
    "dKg_xx": {
      "true": -9.99999999995449e-06,
      "est": -1.0455381025398225e-05,
      "abs_error": 4.5538102544373515e-07,
      "pct_error": 4.553810254458076
    },
    "dKg_yx": {
      "true": 0.0001454441043328608,
      "est": 0.00014529910043636327,
      "abs_error": 1.4500389649752432e-07,
      "pct_error": 0.09969733538711957
    },
    "dKg_zx": {
      "true": 0.00024240684055476798,
      "est": 0.00024219694322720554,
      "abs_error": 2.0989732756244474e-07,
      "pct_error": 0.08658886320290198
    },
    "dKg_xy": {
      "true": 4.84813681109536e-05,
      "est": 4.836621290471235e-05,
      "abs_error": 1.1515520624124568e-07,
      "pct_error": 0.23752466303694963
    },
    "dKg_yy": {
      "true": -2.0000000000020002e-05,
      "est": -1.9505418223042525e-05,
      "abs_error": 4.945817769774763e-07,
      "pct_error": 2.4729088848849083
    },
    "dKg_zy": {
      "true": 0.0002908882086657216,
      "est": 0.00029138258561423985,
      "abs_error": 4.943769485182695e-07,
      "pct_error": 0.16995427583191933
    },
    "dKg_xz": {
      "true": 9.69627362219072e-05,
      "est": 9.771886245610285e-05,
      "abs_error": 7.56126234195654e-07,
      "pct_error": 0.7798111559735659
    },
    "dKg_yz": {
      "true": 0.0001939254724438144,
      "est": 0.0001936638193785533,
      "abs_error": 2.616530652610927e-07,
      "pct_error": 0.13492454702509538
    },
    "dKg_zz": {
      "true": -2.999999999997449e-05,
      "est": -2.9736090843002216e-05,
      "abs_error": 2.6390915697227513e-07,
      "pct_error": 0.8796971899083317
    },
    "dKa_xx": {
      "true": -9.99999999995449e-06,
      "est": -9.743197393996539e-06,
      "abs_error": 2.568026059579509e-07,
      "pct_error": 2.568026059591196
    },
    "dKa_xy": {
      "true": 4.84813681109536e-05,
      "est": 4.8490705928595e-05,
      "abs_error": 9.337817641399948e-09,
      "pct_error": 0.019260631465740786
    },
    "dKa_xz": {
      "true": 9.69627362219072e-05,
      "est": 9.692130336437365e-05,
      "abs_error": 4.143285753354373e-08,
      "pct_error": 0.042730701657099725
    },
    "dKa_yy": {
      "true": -2.0000000000020002e-05,
      "est": -1.9748373273786868e-05,
      "abs_error": 2.51626726233134e-07,
      "pct_error": 1.2581336311644118
    },
    "dKa_yz": {
      "true": 0.0001939254724438144,
      "est": 0.00019384576795047906,
      "abs_error": 7.970449333532885e-08,
      "pct_error": 0.041100579687086476
    },
    "dKa_zz": {
      "true": -2.999999999997449e-05,
      "est": -2.9472132387242667e-05,
      "abs_error": 5.278676127318249e-07,
      "pct_error": 1.7595587091075793
    },
    "Ka2_x": {
      "true": 1.0224607248440952e-06,
      "est": 1.0095848248742596e-06,
      "abs_error": 1.2875899969835618e-08,
      "pct_error": 1.2593050918213935
    },
    "Ka2_y": {
      "true": 2.0449214496881904e-06,
      "est": 1.9890526815156473e-06,
      "abs_error": 5.5868768172543114e-08,
      "pct_error": 2.732074045243253
    },
    "Ka2_z": {
      "true": 3.0673821745322856e-06,
      "est": 3.07473377293509e-06,
      "abs_error": 7.3515984028045025e-09,
      "pct_error": 0.2396701155742184
    },
    "rx_x": {
      "true": 0.01,
      "est": 0.009941157526581076,
      "abs_error": 5.884247341892378e-05,
      "pct_error": 0.5884247341892378
    },
    "rx_y": {
      "true": 0.02,
      "est": 0.0202140751107815,
      "abs_error": 0.00021407511078149963,
      "pct_error": 1.0703755539074982
    },
    "rx_z": {
      "true": 0.03,
      "est": 0.030289864147490433,
      "abs_error": 0.00028986414749043385,
      "pct_error": 0.9662138249681129
    },
    "ry_x": {
      "true": 0.04,
      "est": 0.040551864841332275,
      "abs_error": 0.0005518648413322738,
      "pct_error": 1.3796621033306846
    },
    "ry_y": {
      "true": 0.05,
      "est": 0.05027824991767003,
      "abs_error": 0.00027824991767002455,
      "pct_error": 0.5564998353400491
    },
    "ry_z": {
      "true": 0.06,
      "est": 0.061025549154940885,
      "abs_error": 0.0010255491549408871,
      "pct_error": 1.7092485915681452
    }
  },
  "focus_scale_pct": {
    "dKg_xx": 4.553810254458076,
    "dKg_xy": 0.23752466303694963,
    "dKg_yy": 2.4729088848849083,
    "dKg_zz": 0.8796971899083317,
    "dKa_xx": 2.568026059591196
  },
  "lever_guard_pct": {
    "rx_y": 1.0703755539074982,
    "ry_z": 1.7092485915681452
  },
  "overall": {
    "mean_pct_error": 1.0559433668131348,
    "median_pct_error": 0.5830571661244851,
    "max_pct_error": 4.553810254458076
  },
  "extra": {
    "noise_scale": 0.08,
    "noise_config": {
      "arw_dpsh": 0.0004,
      "vrw_ugpsHz": 0.4,
      "bi_g_dph": 0.00016,
      "bi_a_ug": 0.4,
      "tau_g": 300.0,
      "tau_a": 300.0,
      "seed": 42,
      "base_family": "round53_round61_shared"
    },
    "comparison_mode": "corrected_zcadence_handoff_next",
    "candidate_name": "relay_l11back0p125_l12y0p3125_on_entry",
    "method_key": "kf36_noisy",
    "legality": "faithful12_base_plus_closed_loop_local_insertions",
    "time_total_s": 1346.375,
    "att0_deg": [
      0.0,
      0.0,
      0.0
    ],
    "candidate_registry_key": "relay_l11back0p125_l12y0p3125_on_entry",
    "family": "constant_total_q4_to_l12_redistribution",
    "hypothesis_id": "N1"
  }
}