{
  "variant": "relay_l11interleave_q2_x1_l12y0p125_on_entry_kf36_noisy_noise0p08",
  "method_file": "search_ch3_12pos_closedloop_local_insertions.py",
  "source_file": "/root/.openclaw/workspace/tmp_psins_py/psins_py/test_calibration_markov_pruned.py",
  "param_order": [
    "eb_x",
    "eb_y",
    "eb_z",
    "db_x",
    "db_y",
    "db_z",
    "dKg_xx",
    "dKg_yx",
    "dKg_zx",
    "dKg_xy",
    "dKg_yy",
    "dKg_zy",
    "dKg_xz",
    "dKg_yz",
    "dKg_zz",
    "dKa_xx",
    "dKa_xy",
    "dKa_xz",
    "dKa_yy",
    "dKa_yz",
    "dKa_zz",
    "Ka2_x",
    "Ka2_y",
    "Ka2_z",
    "rx_x",
    "rx_y",
    "rx_z",
    "ry_x",
    "ry_y",
    "ry_z"
  ],
  "param_errors": {
    "eb_x": {
      "true": 4.84813681109536e-07,
      "est": 4.734522330082476e-07,
      "abs_error": 1.136144810128844e-08,
      "pct_error": 2.343466891298701
    },
    "eb_y": {
      "true": 9.69627362219072e-07,
      "est": 9.6804386560301e-07,
      "abs_error": 1.5834966160620652e-09,
      "pct_error": 0.1633098113524873
    },
    "eb_z": {
      "true": 1.4544410433286078e-06,
      "est": 1.4480032366260806e-06,
      "abs_error": 6.4378067025272e-09,
      "pct_error": 0.4426309840510104
    },
    "db_x": {
      "true": 0.00097803267715,
      "est": 0.0009796243970411954,
      "abs_error": 1.591719891195489e-06,
      "pct_error": 0.16274710737005044
    },
    "db_y": {
      "true": 0.0019560653543,
      "est": 0.0019622104765139826,
      "abs_error": 6.145122213982793e-06,
      "pct_error": 0.31415730565821987
    },
    "db_z": {
      "true": 0.00293409803145,
      "est": 0.002935007803355964,
      "abs_error": 9.097719059639534e-07,
      "pct_error": 0.031006868080489927
    },
    "dKg_xx": {
      "true": -9.99999999995449e-06,
      "est": -1.0417720126110197e-05,
      "abs_error": 4.177201261557073e-07,
      "pct_error": 4.177201261576084
    },
    "dKg_yx": {
      "true": 0.0001454441043328608,
      "est": 0.00014562257596251895,
      "abs_error": 1.7847162965816277e-07,
      "pct_error": 0.12270805370681495
    },
    "dKg_zx": {
      "true": 0.00024240684055476798,
      "est": 0.0002425284115793153,
      "abs_error": 1.21571024547316e-07,
      "pct_error": 0.050151647647026266
    },
    "dKg_xy": {
      "true": 4.84813681109536e-05,
      "est": 4.873871605517888e-05,
      "abs_error": 2.573479442252857e-07,
      "pct_error": 0.5308182385371711
    },
    "dKg_yy": {
      "true": -2.0000000000020002e-05,
      "est": -1.9765940514115954e-05,
      "abs_error": 2.340594859040479e-07,
      "pct_error": 1.1702974295190691
    },
    "dKg_zy": {
      "true": 0.0002908882086657216,
      "est": 0.0002912896095324802,
      "abs_error": 4.0140086675859556e-07,
      "pct_error": 0.13799145334896376
    },
    "dKg_xz": {
      "true": 9.69627362219072e-05,
      "est": 9.697802173546715e-05,
      "abs_error": 1.5285513559957337e-08,
      "pct_error": 0.01576431746415982
    },
    "dKg_yz": {
      "true": 0.0001939254724438144,
      "est": 0.0001936807555252083,
      "abs_error": 2.4471691860609795e-07,
      "pct_error": 0.1261912195041831
    },
    "dKg_zz": {
      "true": -2.999999999997449e-05,
      "est": -3.0056314916482307e-05,
      "abs_error": 5.631491650781584e-08,
      "pct_error": 0.18771638835954574
    },
    "dKa_xx": {
      "true": -9.99999999995449e-06,
      "est": -9.68929647471306e-06,
      "abs_error": 3.107035252414292e-07,
      "pct_error": 3.107035252428432
    },
    "dKa_xy": {
      "true": 4.84813681109536e-05,
      "est": 4.8247728692328667e-05,
      "abs_error": 2.3363941862493013e-07,
      "pct_error": 0.48191589414355457
    },
    "dKa_xz": {
      "true": 9.69627362219072e-05,
      "est": 9.659379946391732e-05,
      "abs_error": 3.6893675798987003e-07,
      "pct_error": 0.38049334452106215
    },
    "dKa_yy": {
      "true": -2.0000000000020002e-05,
      "est": -1.9828935129861947e-05,
      "abs_error": 1.7106487015805527e-07,
      "pct_error": 0.8553243507894209
    },
    "dKa_yz": {
      "true": 0.0001939254724438144,
      "est": 0.00019377862973259265,
      "abs_error": 1.468427112217359e-07,
      "pct_error": 0.0757212084473742
    },
    "dKa_zz": {
      "true": -2.999999999997449e-05,
      "est": -2.9273582604627535e-05,
      "abs_error": 7.264173953469566e-07,
      "pct_error": 2.4213913178252477
    },
    "Ka2_x": {
      "true": 1.0224607248440952e-06,
      "est": 9.963598153442775e-07,
      "abs_error": 2.6100909499817695e-08,
      "pct_error": 2.552754239415657
    },
    "Ka2_y": {
      "true": 2.0449214496881904e-06,
      "est": 2.0220119368365996e-06,
      "abs_error": 2.2909512851590846e-08,
      "pct_error": 1.1203126093221862
    },
    "Ka2_z": {
      "true": 3.0673821745322856e-06,
      "est": 3.082875580498311e-06,
      "abs_error": 1.54934059660252e-08,
      "pct_error": 0.5051019105041136
    },
    "rx_x": {
      "true": 0.01,
      "est": 0.009855591815468146,
      "abs_error": 0.00014440818453185372,
      "pct_error": 1.4440818453185371
    },
    "rx_y": {
      "true": 0.02,
      "est": 0.02019972178183932,
      "abs_error": 0.0001997217818393189,
      "pct_error": 0.9986089091965945
    },
    "rx_z": {
      "true": 0.03,
      "est": 0.030221145676900683,
      "abs_error": 0.0002211456769006838,
      "pct_error": 0.7371522563356127
    },
    "ry_x": {
      "true": 0.04,
      "est": 0.040509862729554195,
      "abs_error": 0.0005098627295541946,
      "pct_error": 1.2746568238854867
    },
    "ry_y": {
      "true": 0.05,
      "est": 0.05020497151735073,
      "abs_error": 0.00020497151735072994,
      "pct_error": 0.4099430347014599
    },
    "ry_z": {
      "true": 0.06,
      "est": 0.06071592888509923,
      "abs_error": 0.0007159288850992346,
      "pct_error": 1.1932148084987242
    }
  },
  "focus_scale_pct": {
    "dKg_xx": 4.177201261576084,
    "dKg_xy": 0.5308182385371711,
    "dKg_yy": 1.1702974295190691,
    "dKg_zz": 0.18771638835954574,
    "dKa_xx": 3.107035252428432
  },
  "lever_guard_pct": {
    "rx_y": 0.9986089091965945,
    "ry_z": 1.1932148084987242
  },
  "overall": {
    "mean_pct_error": 0.9177955594269146,
    "median_pct_error": 0.49350890232383404,
    "max_pct_error": 4.177201261576084
  },
  "extra": {
    "noise_scale": 0.08,
    "noise_config": {
      "arw_dpsh": 0.0004,
      "vrw_ugpsHz": 0.4,
      "bi_g_dph": 0.00016,
      "bi_a_ug": 0.4,
      "tau_g": 300.0,
      "tau_a": 300.0,
      "seed": 42,
      "base_family": "round53_round61_shared"
    },
    "comparison_mode": "corrected_nonterminal_x_conditioning",
    "candidate_name": "relay_l11interleave_q2_x1_l12y0p125_on_entry",
    "method_key": "kf36_noisy",
    "legality": "faithful12_base_plus_closed_loop_local_insertions",
    "time_total_s": 1369.875,
    "att0_deg": [
      0.0,
      0.0,
      0.0
    ],
    "candidate_registry_key": "relay_l11interleave_q2_x1_l12y0p125_on_entry",
    "family": "x_y_interleaved_l11_boundary_closure",
    "hypothesis_id": "B"
  }
}