{
  "variant": "kf36_shared_noise0p1",
  "method_file": "source_mod.run_calibration(n_states=36)",
  "source_file": "/root/.openclaw/workspace/tmp_psins_py/psins_py/test_calibration_markov_pruned.py",
  "param_order": [
    "eb_x",
    "eb_y",
    "eb_z",
    "db_x",
    "db_y",
    "db_z",
    "dKg_xx",
    "dKg_yx",
    "dKg_zx",
    "dKg_xy",
    "dKg_yy",
    "dKg_zy",
    "dKg_xz",
    "dKg_yz",
    "dKg_zz",
    "dKa_xx",
    "dKa_xy",
    "dKa_xz",
    "dKa_yy",
    "dKa_yz",
    "dKa_zz",
    "Ka2_x",
    "Ka2_y",
    "Ka2_z",
    "rx_x",
    "rx_y",
    "rx_z",
    "ry_x",
    "ry_y",
    "ry_z"
  ],
  "param_errors": {
    "eb_x": {
      "true": 4.84813681109536e-07,
      "est": 4.1471361464344897e-07,
      "abs_error": 7.010006646608708e-08,
      "pct_error": 14.459176627536028
    },
    "eb_y": {
      "true": 9.69627362219072e-07,
      "est": 9.010179147631137e-07,
      "abs_error": 6.86094474559584e-08,
      "pct_error": 7.075857193111798
    },
    "eb_z": {
      "true": 1.4544410433286078e-06,
      "est": 1.4164754362442211e-06,
      "abs_error": 3.796560708438668e-08,
      "pct_error": 2.6103228631048028
    },
    "db_x": {
      "true": 0.00097803267715,
      "est": 0.0009804550683330728,
      "abs_error": 2.4223911830728844e-06,
      "pct_error": 0.24767998449006473
    },
    "db_y": {
      "true": 0.0019560653543,
      "est": 0.001963219620313027,
      "abs_error": 7.154266013027245e-06,
      "pct_error": 0.36574780067036566
    },
    "db_z": {
      "true": 0.00293409803145,
      "est": 0.002946324624788422,
      "abs_error": 1.2226593338421961e-05,
      "pct_error": 0.4167070495725635
    },
    "dKg_xx": {
      "true": -9.99999999995449e-06,
      "est": -9.61104925112366e-06,
      "abs_error": 3.889507488308297e-07,
      "pct_error": 3.889507488325998
    },
    "dKg_yx": {
      "true": 0.0001454441043328608,
      "est": 0.0001454339838427266,
      "abs_error": 1.012049013419513e-08,
      "pct_error": 0.0069583364555180285
    },
    "dKg_zx": {
      "true": 0.00024240684055476798,
      "est": 0.00024285605028888374,
      "abs_error": 4.492097341157579e-07,
      "pct_error": 0.18531231754339295
    },
    "dKg_xy": {
      "true": 4.84813681109536e-05,
      "est": 4.765745188809891e-05,
      "abs_error": 8.23916222854688e-07,
      "pct_error": 1.6994492007096171
    },
    "dKg_yy": {
      "true": -2.0000000000020002e-05,
      "est": -1.9684830369293138e-05,
      "abs_error": 3.1516963072686366e-07,
      "pct_error": 1.5758481536327424
    },
    "dKg_zy": {
      "true": 0.0002908882086657216,
      "est": 0.00029079614961494203,
      "abs_error": 9.205905077955051e-08,
      "pct_error": 0.03164757045389265
    },
    "dKg_xz": {
      "true": 9.69627362219072e-05,
      "est": 9.657047252031269e-05,
      "abs_error": 3.922637015945019e-07,
      "pct_error": 0.4045509820357938
    },
    "dKg_yz": {
      "true": 0.0001939254724438144,
      "est": 0.0001938160031723734,
      "abs_error": 1.0946927144099626e-07,
      "pct_error": 0.056449145159469735
    },
    "dKg_zz": {
      "true": -2.999999999997449e-05,
      "est": -3.0323501950313414e-05,
      "abs_error": 3.235019503389225e-07,
      "pct_error": 1.0783398344639918
    },
    "dKa_xx": {
      "true": -9.99999999995449e-06,
      "est": -9.647263927714533e-06,
      "abs_error": 3.527360722399564e-07,
      "pct_error": 3.527360722415617
    },
    "dKa_xy": {
      "true": 4.84813681109536e-05,
      "est": 4.794390636735128e-05,
      "abs_error": 5.37461743602316e-07,
      "pct_error": 1.108594424093583
    },
    "dKa_xz": {
      "true": 9.69627362219072e-05,
      "est": 9.653819243862605e-05,
      "abs_error": 4.2454378328114805e-07,
      "pct_error": 0.4378422060094763
    },
    "dKa_yy": {
      "true": -2.0000000000020002e-05,
      "est": -1.982613708273462e-05,
      "abs_error": 1.738629172853834e-07,
      "pct_error": 0.8693145864260475
    },
    "dKa_yz": {
      "true": 0.0001939254724438144,
      "est": 0.000193693362583978,
      "abs_error": 2.3210985983639098e-07,
      "pct_error": 0.11969023816798469
    },
    "dKa_zz": {
      "true": -2.999999999997449e-05,
      "est": -2.956827522249128e-05,
      "abs_error": 4.3172477748321114e-07,
      "pct_error": 1.4390825916119274
    },
    "Ka2_x": {
      "true": 1.0224607248440952e-06,
      "est": 1.0078299524173775e-06,
      "abs_error": 1.463077242671769e-08,
      "pct_error": 1.4309373525275104
    },
    "Ka2_y": {
      "true": 2.0449214496881904e-06,
      "est": 1.998372236721981e-06,
      "abs_error": 4.654921296620932e-08,
      "pct_error": 2.2763325688283595
    },
    "Ka2_z": {
      "true": 3.0673821745322856e-06,
      "est": 3.017807984078822e-06,
      "abs_error": 4.9574190453463845e-08,
      "pct_error": 1.6161726068915072
    },
    "rx_x": {
      "true": 0.01,
      "est": 0.009887969250827,
      "abs_error": 0.00011203074917300049,
      "pct_error": 1.1203074917300049
    },
    "rx_y": {
      "true": 0.02,
      "est": 0.02012533427179975,
      "abs_error": 0.00012533427179975062,
      "pct_error": 0.6266713589987531
    },
    "rx_z": {
      "true": 0.03,
      "est": 0.029838038862929676,
      "abs_error": 0.0001619611370703225,
      "pct_error": 0.539870456901075
    },
    "ry_x": {
      "true": 0.04,
      "est": 0.0399106678389353,
      "abs_error": 8.933216106470077e-05,
      "pct_error": 0.22333040266175191
    },
    "ry_y": {
      "true": 0.05,
      "est": 0.05006472294397382,
      "abs_error": 6.472294397381895e-05,
      "pct_error": 0.1294458879476379
    },
    "ry_z": {
      "true": 0.06,
      "est": 0.05976078154186361,
      "abs_error": 0.0002392184581363893,
      "pct_error": 0.3986974302273155
    }
  },
  "focus_scale_pct": {
    "dKg_xx": 3.889507488325998,
    "dKg_xy": 1.6994492007096171,
    "dKg_yy": 1.5758481536327424,
    "dKg_zz": 1.0783398344639918,
    "dKa_xx": 3.527360722415617
  },
  "lever_guard_pct": {
    "rx_y": 0.6266713589987531,
    "ry_z": 0.3986974302273155
  },
  "overall": {
    "mean_pct_error": 1.6655734957568198,
    "median_pct_error": 0.7479929727124004,
    "max_pct_error": 14.459176627536028
  },
  "extra": {
    "noise_scale": 0.1,
    "noise_config": {
      "arw_dpsh": 0.0005,
      "vrw_ugpsHz": 0.5,
      "bi_g_dph": 0.0002,
      "bi_a_ug": 0.5,
      "tau_g": 300.0,
      "tau_a": 300.0,
      "seed": 42,
      "base_family": "round53_round61_shared"
    },
    "comparison_mode": "shared_dataset_apples_to_apples",
    "mainline_rung": "kf36_noisy"
  }
}