{
  "variant": "late11_yneg_xpair_return_kf36_noisy_noise0p08",
  "method_file": "search_ch3_12pos_closedloop_local_insertions.py",
  "source_file": "/root/.openclaw/workspace/tmp_psins_py/psins_py/test_calibration_markov_pruned.py",
  "param_order": [
    "eb_x",
    "eb_y",
    "eb_z",
    "db_x",
    "db_y",
    "db_z",
    "dKg_xx",
    "dKg_yx",
    "dKg_zx",
    "dKg_xy",
    "dKg_yy",
    "dKg_zy",
    "dKg_xz",
    "dKg_yz",
    "dKg_zz",
    "dKa_xx",
    "dKa_xy",
    "dKa_xz",
    "dKa_yy",
    "dKa_yz",
    "dKa_zz",
    "Ka2_x",
    "Ka2_y",
    "Ka2_z",
    "rx_x",
    "rx_y",
    "rx_z",
    "ry_x",
    "ry_y",
    "ry_z"
  ],
  "param_errors": {
    "eb_x": {
      "true": 4.84813681109536e-07,
      "est": 4.5997884269783095e-07,
      "abs_error": 2.4834838411705094e-08,
      "pct_error": 5.122553133168297
    },
    "eb_y": {
      "true": 9.69627362219072e-07,
      "est": 9.739941125710522e-07,
      "abs_error": 4.366750351980089e-09,
      "pct_error": 0.45035345764030643
    },
    "eb_z": {
      "true": 1.4544410433286078e-06,
      "est": 1.4464547761867976e-06,
      "abs_error": 7.986267141810274e-09,
      "pct_error": 0.5490952815476828
    },
    "db_x": {
      "true": 0.00097803267715,
      "est": 0.0009787259823284948,
      "abs_error": 6.933051784948491e-07,
      "pct_error": 0.07088773153420083
    },
    "db_y": {
      "true": 0.0019560653543,
      "est": 0.0019564388238061878,
      "abs_error": 3.734695061879609e-07,
      "pct_error": 0.01909289510020544
    },
    "db_z": {
      "true": 0.00293409803145,
      "est": 0.0029429935997550265,
      "abs_error": 8.895568305026386e-06,
      "pct_error": 0.30317897390191456
    },
    "dKg_xx": {
      "true": -9.99999999995449e-06,
      "est": -1.365087586613356e-05,
      "abs_error": 3.6508758661790708e-06,
      "pct_error": 36.50875866195686
    },
    "dKg_yx": {
      "true": 0.0001454441043328608,
      "est": 0.0001455036993137913,
      "abs_error": 5.9594980930498124e-08,
      "pct_error": 0.040974490649761997
    },
    "dKg_zx": {
      "true": 0.00024240684055476798,
      "est": 0.00024181027793733855,
      "abs_error": 5.965626174294302e-07,
      "pct_error": 0.2460997453966842
    },
    "dKg_xy": {
      "true": 4.84813681109536e-05,
      "est": 4.858957496624525e-05,
      "abs_error": 1.0820685529165045e-07,
      "pct_error": 0.22319266041339875
    },
    "dKg_yy": {
      "true": -2.0000000000020002e-05,
      "est": -1.9782486695874013e-05,
      "abs_error": 2.1751330414598868e-07,
      "pct_error": 1.0875665207288558
    },
    "dKg_zy": {
      "true": 0.0002908882086657216,
      "est": 0.0003072838896476634,
      "abs_error": 1.6395680981941838e-05,
      "pct_error": 5.63641993504906
    },
    "dKg_xz": {
      "true": 9.69627362219072e-05,
      "est": 9.715609702507159e-05,
      "abs_error": 1.9336080316439378e-07,
      "pct_error": 0.19941764300243311
    },
    "dKg_yz": {
      "true": 0.0001939254724438144,
      "est": 0.00017706047957163578,
      "abs_error": 1.6864992872178604e-05,
      "pct_error": 8.696636217846452
    },
    "dKg_zz": {
      "true": -2.999999999997449e-05,
      "est": 2.6288658869777493e-06,
      "abs_error": 3.262886588695224e-05,
      "pct_error": 108.76288628993329
    },
    "dKa_xx": {
      "true": -9.99999999995449e-06,
      "est": -9.759893587757418e-06,
      "abs_error": 2.4010641219707196e-07,
      "pct_error": 2.401064121981647
    },
    "dKa_xy": {
      "true": 4.84813681109536e-05,
      "est": 5.050085438404766e-05,
      "abs_error": 2.019486273094066e-06,
      "pct_error": 4.165489448384182
    },
    "dKa_xz": {
      "true": 9.69627362219072e-05,
      "est": 9.648617444483364e-05,
      "abs_error": 4.7656177707354995e-07,
      "pct_error": 0.4914896130642386
    },
    "dKa_yy": {
      "true": -2.0000000000020002e-05,
      "est": -3.0506473953639812e-06,
      "abs_error": 1.694935260465602e-05,
      "pct_error": 84.74676302319534
    },
    "dKa_yz": {
      "true": 0.0001939254724438144,
      "est": 0.00017778218025356625,
      "abs_error": 1.6143292190248137e-05,
      "pct_error": 8.32448258952949
    },
    "dKa_zz": {
      "true": -2.999999999997449e-05,
      "est": -3.0013483606206037e-05,
      "abs_error": 1.3483606231545764e-08,
      "pct_error": 0.044945354105190766
    },
    "Ka2_x": {
      "true": 1.0224607248440952e-06,
      "est": 1.0300372852679984e-06,
      "abs_error": 7.576560423903178e-09,
      "pct_error": 0.7410123674978765
    },
    "Ka2_y": {
      "true": 2.0449214496881904e-06,
      "est": 7.591764636140504e-10,
      "abs_error": 2.0441622732245765e-06,
      "pct_error": 99.96287503054312
    },
    "Ka2_z": {
      "true": 3.0673821745322856e-06,
      "est": 2.995886401978916e-06,
      "abs_error": 7.149577255336958e-08,
      "pct_error": 2.330840061175985
    },
    "rx_x": {
      "true": 0.01,
      "est": 0.009746758123504947,
      "abs_error": 0.00025324187649505316,
      "pct_error": 2.5324187649505316
    },
    "rx_y": {
      "true": 0.02,
      "est": 0.01998277134907677,
      "abs_error": 1.7228650923229588e-05,
      "pct_error": 0.08614325461614794
    },
    "rx_z": {
      "true": 0.03,
      "est": 0.030387356581240303,
      "abs_error": 0.0003873565812403043,
      "pct_error": 1.2911886041343479
    },
    "ry_x": {
      "true": 0.04,
      "est": 0.039703805756338494,
      "abs_error": 0.00029619424366150726,
      "pct_error": 0.7404856091537682
    },
    "ry_y": {
      "true": 0.05,
      "est": 0.05014730436602887,
      "abs_error": 0.00014730436602886782,
      "pct_error": 0.29460873205773563
    },
    "ry_z": {
      "true": 0.06,
      "est": 0.06040658579723684,
      "abs_error": 0.00040658579723684,
      "pct_error": 0.6776429953947334
    }
  },
  "focus_scale_pct": {
    "dKg_xx": 36.50875866195686,
    "dKg_xy": 0.22319266041339875,
    "dKg_yy": 1.0875665207288558,
    "dKg_zz": 108.76288628993329,
    "dKa_xx": 2.401064121981647
  },
  "lever_guard_pct": {
    "rx_y": 0.08614325461614794,
    "ry_z": 0.6776429953947334
  },
  "overall": {
    "mean_pct_error": 12.558285440255123,
    "median_pct_error": 0.7407489883258223,
    "max_pct_error": 108.76288628993329
  },
  "extra": {
    "noise_scale": 0.08,
    "noise_config": {
      "arw_dpsh": 0.0004,
      "vrw_ugpsHz": 0.4,
      "bi_g_dph": 0.00016,
      "bi_a_ug": 0.4,
      "tau_g": 300.0,
      "tau_a": 300.0,
      "seed": 42,
      "base_family": "round53_round61_shared"
    },
    "comparison_mode": "ch3_closedloop_local_insertions",
    "candidate_name": "late11_yneg_xpair_return",
    "method_key": "kf36_noisy",
    "legality": "faithful12_base_plus_closed_loop_local_insertions",
    "time_total_s": 1240.0
  }
}