{
  "variant": "zseed_l5_neg6p0_plus_relaymax_unified_l9y2p625_kf36_noisy_noise0p08",
  "method_file": "search_ch3_12pos_closedloop_local_insertions.py",
  "source_file": "/root/.openclaw/workspace/tmp_psins_py/psins_py/test_calibration_markov_pruned.py",
  "param_order": [
    "eb_x",
    "eb_y",
    "eb_z",
    "db_x",
    "db_y",
    "db_z",
    "dKg_xx",
    "dKg_yx",
    "dKg_zx",
    "dKg_xy",
    "dKg_yy",
    "dKg_zy",
    "dKg_xz",
    "dKg_yz",
    "dKg_zz",
    "dKa_xx",
    "dKa_xy",
    "dKa_xz",
    "dKa_yy",
    "dKa_yz",
    "dKa_zz",
    "Ka2_x",
    "Ka2_y",
    "Ka2_z",
    "rx_x",
    "rx_y",
    "rx_z",
    "ry_x",
    "ry_y",
    "ry_z"
  ],
  "param_errors": {
    "eb_x": {
      "true": 4.84813681109536e-07,
      "est": 4.625005514920196e-07,
      "abs_error": 2.2313129617516467e-08,
      "pct_error": 4.602413357323381
    },
    "eb_y": {
      "true": 9.69627362219072e-07,
      "est": 9.69905998850472e-07,
      "abs_error": 2.786366313999865e-10,
      "pct_error": 0.028736465394530907
    },
    "eb_z": {
      "true": 1.4544410433286078e-06,
      "est": 1.44719009556609e-06,
      "abs_error": 7.250947762517862e-09,
      "pct_error": 0.4985384451145213
    },
    "db_x": {
      "true": 0.00097803267715,
      "est": 0.0009806264391262628,
      "abs_error": 2.5937619762628553e-06,
      "pct_error": 0.2652019750322772
    },
    "db_y": {
      "true": 0.0019560653543,
      "est": 0.001962028462520213,
      "abs_error": 5.963108220213061e-06,
      "pct_error": 0.3048521976581415
    },
    "db_z": {
      "true": 0.00293409803145,
      "est": 0.0029437340232692337,
      "abs_error": 9.635991819233539e-06,
      "pct_error": 0.3284141060028432
    },
    "dKg_xx": {
      "true": -9.99999999995449e-06,
      "est": -1.2823330294953195e-05,
      "abs_error": 2.823330294998705e-06,
      "pct_error": 28.23330295011554
    },
    "dKg_yx": {
      "true": 0.0001454441043328608,
      "est": 0.00014508290540317687,
      "abs_error": 3.6119892968391543e-07,
      "pct_error": 0.24834209082637135
    },
    "dKg_zx": {
      "true": 0.00024240684055476798,
      "est": 0.0002416466384426154,
      "abs_error": 7.602021121525752e-07,
      "pct_error": 0.3136058827435687
    },
    "dKg_xy": {
      "true": 4.84813681109536e-05,
      "est": 4.8791092854612645e-05,
      "abs_error": 3.097247436590478e-07,
      "pct_error": 0.6388531424076509
    },
    "dKg_yy": {
      "true": -2.0000000000020002e-05,
      "est": -1.949476035045805e-05,
      "abs_error": 5.052396495619504e-07,
      "pct_error": 2.526198247807226
    },
    "dKg_zy": {
      "true": 0.0002908882086657216,
      "est": 0.0002901821327187495,
      "abs_error": 7.060759469720759e-07,
      "pct_error": 0.24273103066321722
    },
    "dKg_xz": {
      "true": 9.69627362219072e-05,
      "est": 9.702928685826965e-05,
      "abs_error": 6.655063636245683e-08,
      "pct_error": 0.06863527057461563
    },
    "dKg_yz": {
      "true": 0.0001939254724438144,
      "est": 0.00019484291674555518,
      "abs_error": 9.174443017407892e-07,
      "pct_error": 0.47309117785266624
    },
    "dKg_zz": {
      "true": -2.999999999997449e-05,
      "est": -2.020570220206963e-05,
      "abs_error": 9.79429779790486e-06,
      "pct_error": 32.647659326377294
    },
    "dKa_xx": {
      "true": -9.99999999995449e-06,
      "est": -9.58536750839123e-06,
      "abs_error": 4.1463249156326043e-07,
      "pct_error": 4.1463249156514745
    },
    "dKa_xy": {
      "true": 4.84813681109536e-05,
      "est": 5.0435508415032385e-05,
      "abs_error": 1.9541403040787886e-06,
      "pct_error": 4.0307037120045335
    },
    "dKa_xz": {
      "true": 9.69627362219072e-05,
      "est": 9.662039478501075e-05,
      "abs_error": 3.423414368964472e-07,
      "pct_error": 0.35306495075899125
    },
    "dKa_yy": {
      "true": -2.0000000000020002e-05,
      "est": -2.264161868659187e-06,
      "abs_error": 1.7735838131360815e-05,
      "pct_error": 88.67919065671539
    },
    "dKa_yz": {
      "true": 0.0001939254724438144,
      "est": 0.0001947832391327568,
      "abs_error": 8.577666889424173e-07,
      "pct_error": 0.4423176997498027
    },
    "dKa_zz": {
      "true": -2.999999999997449e-05,
      "est": -3.0468578815501246e-05,
      "abs_error": 4.685788155267545e-07,
      "pct_error": 1.5619293850905098
    },
    "Ka2_x": {
      "true": 1.0224607248440952e-06,
      "est": 1.029750435032904e-06,
      "abs_error": 7.289710188808794e-09,
      "pct_error": 0.7129574771608297
    },
    "Ka2_y": {
      "true": 2.0449214496881904e-06,
      "est": 8.625255676670069e-09,
      "abs_error": 2.0362961940115203e-06,
      "pct_error": 99.57821090497215
    },
    "Ka2_z": {
      "true": 3.0673821745322856e-06,
      "est": 2.9804985657833635e-06,
      "abs_error": 8.688360874892219e-08,
      "pct_error": 2.832500282172051
    },
    "rx_x": {
      "true": 0.01,
      "est": 0.009821905324799107,
      "abs_error": 0.00017809467520089363,
      "pct_error": 1.7809467520089364
    },
    "rx_y": {
      "true": 0.02,
      "est": 0.019937789899383662,
      "abs_error": 6.221010061633822e-05,
      "pct_error": 0.31105050308169113
    },
    "rx_z": {
      "true": 0.03,
      "est": 0.03060140280537721,
      "abs_error": 0.0006014028053772102,
      "pct_error": 2.004676017924034
    },
    "ry_x": {
      "true": 0.04,
      "est": 0.040289974022092834,
      "abs_error": 0.0002899740220928329,
      "pct_error": 0.7249350552320822
    },
    "ry_y": {
      "true": 0.05,
      "est": 0.049977540603542765,
      "abs_error": 2.2459396457237546e-05,
      "pct_error": 0.04491879291447509
    },
    "ry_z": {
      "true": 0.06,
      "est": 0.060705616804782536,
      "abs_error": 0.0007056168047825384,
      "pct_error": 1.1760280079708973
    }
  },
  "focus_scale_pct": {
    "dKg_xx": 28.23330295011554,
    "dKg_xy": 0.6388531424076509,
    "dKg_yy": 2.526198247807226,
    "dKg_zz": 32.647659326377294,
    "dKa_xx": 4.1463249156514745
  },
  "lever_guard_pct": {
    "rx_y": 0.31105050308169113,
    "ry_z": 1.1760280079708973
  },
  "overall": {
    "mean_pct_error": 9.326677692643392,
    "median_pct_error": 0.6759053097842402,
    "max_pct_error": 99.57821090497215
  },
  "extra": {
    "noise_scale": 0.08,
    "noise_config": {
      "arw_dpsh": 0.0004,
      "vrw_ugpsHz": 0.4,
      "bi_g_dph": 0.00016,
      "bi_a_ug": 0.4,
      "tau_g": 300.0,
      "tau_a": 300.0,
      "seed": 42,
      "base_family": "round53_round61_shared"
    },
    "comparison_mode": "ch3_closedloop_local_insertions",
    "candidate_name": "zseed_l5_neg6p0_plus_relaymax_unified_l9y2p625",
    "method_key": "kf36_noisy",
    "legality": "faithful12_base_plus_closed_loop_local_insertions",
    "time_total_s": 1351.25
  }
}