{
  "variant": "zseed_l5_neg5p5_plus_relaymax_unified_l9y2p625_kf36_noisy_noise0p08",
  "method_file": "search_ch3_12pos_closedloop_local_insertions.py",
  "source_file": "/root/.openclaw/workspace/tmp_psins_py/psins_py/test_calibration_markov_pruned.py",
  "param_order": [
    "eb_x",
    "eb_y",
    "eb_z",
    "db_x",
    "db_y",
    "db_z",
    "dKg_xx",
    "dKg_yx",
    "dKg_zx",
    "dKg_xy",
    "dKg_yy",
    "dKg_zy",
    "dKg_xz",
    "dKg_yz",
    "dKg_zz",
    "dKa_xx",
    "dKa_xy",
    "dKa_xz",
    "dKa_yy",
    "dKa_yz",
    "dKa_zz",
    "Ka2_x",
    "Ka2_y",
    "Ka2_z",
    "rx_x",
    "rx_y",
    "rx_z",
    "ry_x",
    "ry_y",
    "ry_z"
  ],
  "param_errors": {
    "eb_x": {
      "true": 4.84813681109536e-07,
      "est": 4.6278909010236876e-07,
      "abs_error": 2.2024591007167287e-08,
      "pct_error": 4.542897996764901
    },
    "eb_y": {
      "true": 9.69627362219072e-07,
      "est": 9.700435737214317e-07,
      "abs_error": 4.1621150235964335e-10,
      "pct_error": 0.04292489244601235
    },
    "eb_z": {
      "true": 1.4544410433286078e-06,
      "est": 1.4474161265560013e-06,
      "abs_error": 7.024916772606556e-09,
      "pct_error": 0.4829976990012229
    },
    "db_x": {
      "true": 0.00097803267715,
      "est": 0.0009805328532480017,
      "abs_error": 2.500176098001747e-06,
      "pct_error": 0.25563318654007483
    },
    "db_y": {
      "true": 0.0019560653543,
      "est": 0.00196158888437673,
      "abs_error": 5.523530076730239e-06,
      "pct_error": 0.2823796282975881
    },
    "db_z": {
      "true": 0.00293409803145,
      "est": 0.0029430376502048907,
      "abs_error": 8.93961875489055e-06,
      "pct_error": 0.30468030239850863
    },
    "dKg_xx": {
      "true": -9.99999999995449e-06,
      "est": -1.2833486360275259e-05,
      "abs_error": 2.8334863603207694e-06,
      "pct_error": 28.334863603336647
    },
    "dKg_yx": {
      "true": 0.0001454441043328608,
      "est": 0.00014510578851656435,
      "abs_error": 3.3831581629643654e-07,
      "pct_error": 0.2326088209957091
    },
    "dKg_zx": {
      "true": 0.00024240684055476798,
      "est": 0.00024175039286586687,
      "abs_error": 6.564476889011164e-07,
      "pct_error": 0.2708041107250859
    },
    "dKg_xy": {
      "true": 4.84813681109536e-05,
      "est": 4.880752875846495e-05,
      "abs_error": 3.2616064751135593e-07,
      "pct_error": 0.6727546276435733
    },
    "dKg_yy": {
      "true": -2.0000000000020002e-05,
      "est": -1.9498125672479105e-05,
      "abs_error": 5.018743275408966e-07,
      "pct_error": 2.5093716377019732
    },
    "dKg_zy": {
      "true": 0.0002908882086657216,
      "est": 0.00028985570461752974,
      "abs_error": 1.032504048191843e-06,
      "pct_error": 0.35494874574938856
    },
    "dKg_xz": {
      "true": 9.69627362219072e-05,
      "est": 9.701568335480157e-05,
      "abs_error": 5.2947132894376405e-08,
      "pct_error": 0.05460565053898906
    },
    "dKg_yz": {
      "true": 0.0001939254724438144,
      "est": 0.00019511660581435133,
      "abs_error": 1.191133370536941e-06,
      "pct_error": 0.6142222347206324
    },
    "dKg_zz": {
      "true": -2.999999999997449e-05,
      "est": -2.0054820183412758e-05,
      "abs_error": 9.945179816561733e-06,
      "pct_error": 33.1505993885673
    },
    "dKa_xx": {
      "true": -9.99999999995449e-06,
      "est": -9.569395555519833e-06,
      "abs_error": 4.3060444443465684e-07,
      "pct_error": 4.306044444366165
    },
    "dKa_xy": {
      "true": 4.84813681109536e-05,
      "est": 5.0515311444217245e-05,
      "abs_error": 2.033943333263648e-06,
      "pct_error": 4.195309275531997
    },
    "dKa_xz": {
      "true": 9.69627362219072e-05,
      "est": 9.658195778122079e-05,
      "abs_error": 3.80778440686402e-07,
      "pct_error": 0.39270595645626094
    },
    "dKa_yy": {
      "true": -2.0000000000020002e-05,
      "est": -2.3733490022159742e-06,
      "abs_error": 1.7626650997804028e-05,
      "pct_error": 88.133254988932
    },
    "dKa_yz": {
      "true": 0.0001939254724438144,
      "est": 0.00019507060821199104,
      "abs_error": 1.1451357681766525e-06,
      "pct_error": 0.5905030183739428
    },
    "dKa_zz": {
      "true": -2.999999999997449e-05,
      "est": -3.046262569417202e-05,
      "abs_error": 4.626256941975271e-07,
      "pct_error": 1.5420856473264015
    },
    "Ka2_x": {
      "true": 1.0224607248440952e-06,
      "est": 1.0322666791565956e-06,
      "abs_error": 9.805954312500412e-09,
      "pct_error": 0.9590543748265367
    },
    "Ka2_y": {
      "true": 2.0449214496881904e-06,
      "est": 8.658803686551084e-09,
      "abs_error": 2.0362626460016396e-06,
      "pct_error": 99.57657035247631
    },
    "Ka2_z": {
      "true": 3.0673821745322856e-06,
      "est": 2.9887861473404297e-06,
      "abs_error": 7.8596027191856e-08,
      "pct_error": 2.5623160962601705
    },
    "rx_x": {
      "true": 0.01,
      "est": 0.009827534559952335,
      "abs_error": 0.0001724654400476651,
      "pct_error": 1.7246544004766509
    },
    "rx_y": {
      "true": 0.02,
      "est": 0.019940799820759615,
      "abs_error": 5.920017924038526e-05,
      "pct_error": 0.29600089620192627
    },
    "rx_z": {
      "true": 0.03,
      "est": 0.030611160975189407,
      "abs_error": 0.0006111609751894079,
      "pct_error": 2.0372032506313595
    },
    "ry_x": {
      "true": 0.04,
      "est": 0.040310425131553404,
      "abs_error": 0.0003104251315534032,
      "pct_error": 0.776062828883508
    },
    "ry_y": {
      "true": 0.05,
      "est": 0.04997341142638239,
      "abs_error": 2.6588573617612743e-05,
      "pct_error": 0.053177147235225486
    },
    "ry_z": {
      "true": 0.06,
      "est": 0.060707763853070126,
      "abs_error": 0.0007077638530701286,
      "pct_error": 1.1796064217835478
    }
  },
  "focus_scale_pct": {
    "dKg_xx": 28.334863603336647,
    "dKg_xy": 0.6727546276435733,
    "dKg_yy": 2.5093716377019732,
    "dKg_zz": 33.1505993885673,
    "dKa_xx": 4.306044444366165
  },
  "lever_guard_pct": {
    "rx_y": 0.29600089620192627,
    "ry_z": 1.1796064217835478
  },
  "overall": {
    "mean_pct_error": 9.347694720839652,
    "median_pct_error": 0.7244087282635406,
    "max_pct_error": 99.57657035247631
  },
  "extra": {
    "noise_scale": 0.08,
    "noise_config": {
      "arw_dpsh": 0.0004,
      "vrw_ugpsHz": 0.4,
      "bi_g_dph": 0.00016,
      "bi_a_ug": 0.4,
      "tau_g": 300.0,
      "tau_a": 300.0,
      "seed": 42,
      "base_family": "round53_round61_shared"
    },
    "comparison_mode": "ch3_closedloop_local_insertions",
    "candidate_name": "zseed_l5_neg5p5_plus_relaymax_unified_l9y2p625",
    "method_key": "kf36_noisy",
    "legality": "faithful12_base_plus_closed_loop_local_insertions",
    "time_total_s": 1350.25
  }
}