{
  "variant": "xboundary_l2_pos1_on_entry_kf36_noisy_noise0p08",
  "method_file": "search_ch3_12pos_closedloop_local_insertions.py",
  "source_file": "/root/.openclaw/workspace/tmp_psins_py/psins_py/test_calibration_markov_pruned.py",
  "param_order": [
    "eb_x",
    "eb_y",
    "eb_z",
    "db_x",
    "db_y",
    "db_z",
    "dKg_xx",
    "dKg_yx",
    "dKg_zx",
    "dKg_xy",
    "dKg_yy",
    "dKg_zy",
    "dKg_xz",
    "dKg_yz",
    "dKg_zz",
    "dKa_xx",
    "dKa_xy",
    "dKa_xz",
    "dKa_yy",
    "dKa_yz",
    "dKa_zz",
    "Ka2_x",
    "Ka2_y",
    "Ka2_z",
    "rx_x",
    "rx_y",
    "rx_z",
    "ry_x",
    "ry_y",
    "ry_z"
  ],
  "param_errors": {
    "eb_x": {
      "true": 4.84813681109536e-07,
      "est": 4.599267477858122e-07,
      "abs_error": 2.4886933323723868e-08,
      "pct_error": 5.133298480102309
    },
    "eb_y": {
      "true": 9.69627362219072e-07,
      "est": 9.66897129292328e-07,
      "abs_error": 2.7302329267440083e-09,
      "pct_error": 0.28157548282214784
    },
    "eb_z": {
      "true": 1.4544410433286078e-06,
      "est": 1.4488826241283836e-06,
      "abs_error": 5.558419200224229e-09,
      "pct_error": 0.38216875312479703
    },
    "db_x": {
      "true": 0.00097803267715,
      "est": 0.000979879812542425,
      "abs_error": 1.8471353924250523e-06,
      "pct_error": 0.18886233922241014
    },
    "db_y": {
      "true": 0.0019560653543,
      "est": 0.0019676827741860587,
      "abs_error": 1.1617419886058872e-05,
      "pct_error": 0.5939177778758982
    },
    "db_z": {
      "true": 0.00293409803145,
      "est": 0.0029346696615706546,
      "abs_error": 5.716301206544309e-07,
      "pct_error": 0.019482311583568234
    },
    "dKg_xx": {
      "true": -9.99999999995449e-06,
      "est": -1.056980864921897e-05,
      "abs_error": 5.698086492644805e-07,
      "pct_error": 5.698086492670737
    },
    "dKg_yx": {
      "true": 0.0001454441043328608,
      "est": 0.00014492115909716635,
      "abs_error": 5.22945235694437e-07,
      "pct_error": 0.35955065906118394
    },
    "dKg_zx": {
      "true": 0.00024240684055476798,
      "est": 0.00024281418539579723,
      "abs_error": 4.0734484102925126e-07,
      "pct_error": 0.16804180942130556
    },
    "dKg_xy": {
      "true": 4.84813681109536e-05,
      "est": 4.8521213005034684e-05,
      "abs_error": 3.9844894081086924e-08,
      "pct_error": 0.08218599357571471
    },
    "dKg_yy": {
      "true": -2.0000000000020002e-05,
      "est": -1.969333226159442e-05,
      "abs_error": 3.0666773842558115e-07,
      "pct_error": 1.5333386921263723
    },
    "dKg_zy": {
      "true": 0.0002908882086657216,
      "est": 0.00029145372679781806,
      "abs_error": 5.65518132096478e-07,
      "pct_error": 0.1944108132434998
    },
    "dKg_xz": {
      "true": 9.69627362219072e-05,
      "est": 9.778518840237617e-05,
      "abs_error": 8.224521804689716e-07,
      "pct_error": 0.8482146982596717
    },
    "dKg_yz": {
      "true": 0.0001939254724438144,
      "est": 0.00019410028885129822,
      "abs_error": 1.748164074838281e-07,
      "pct_error": 0.09014618104616312
    },
    "dKg_zz": {
      "true": -2.999999999997449e-05,
      "est": -2.985273908828745e-05,
      "abs_error": 1.4726091168704158e-07,
      "pct_error": 0.4908697056238893
    },
    "dKa_xx": {
      "true": -9.99999999995449e-06,
      "est": -9.739567442990094e-06,
      "abs_error": 2.6043255696439616e-07,
      "pct_error": 2.604325569655814
    },
    "dKa_xy": {
      "true": 4.84813681109536e-05,
      "est": 4.877240635877557e-05,
      "abs_error": 2.910382478219707e-07,
      "pct_error": 0.6003094779749321
    },
    "dKa_xz": {
      "true": 9.69627362219072e-05,
      "est": 9.692462841357103e-05,
      "abs_error": 3.8107808336167105e-08,
      "pct_error": 0.03930149851480496
    },
    "dKa_yy": {
      "true": -2.0000000000020002e-05,
      "est": -1.9755380112007614e-05,
      "abs_error": 2.446198880123873e-07,
      "pct_error": 1.2230994400607134
    },
    "dKa_yz": {
      "true": 0.0001939254724438144,
      "est": 0.00019355158925213084,
      "abs_error": 3.738831916835425e-07,
      "pct_error": 0.19279736022912972
    },
    "dKa_zz": {
      "true": -2.999999999997449e-05,
      "est": -2.9412820711005594e-05,
      "abs_error": 5.871792889688976e-07,
      "pct_error": 1.957264296564656
    },
    "Ka2_x": {
      "true": 1.0224607248440952e-06,
      "est": 9.992908048859603e-07,
      "abs_error": 2.3169919958134962e-08,
      "pct_error": 2.2660938846005956
    },
    "Ka2_y": {
      "true": 2.0449214496881904e-06,
      "est": 1.961016139542319e-06,
      "abs_error": 8.390531014587151e-08,
      "pct_error": 4.103106755453389
    },
    "Ka2_z": {
      "true": 3.0673821745322856e-06,
      "est": 3.074957710695707e-06,
      "abs_error": 7.575536163421374e-09,
      "pct_error": 0.24697073049192156
    },
    "rx_x": {
      "true": 0.01,
      "est": 0.010088412987722924,
      "abs_error": 8.84129877229238e-05,
      "pct_error": 0.8841298772292381
    },
    "rx_y": {
      "true": 0.02,
      "est": 0.020074235572574442,
      "abs_error": 7.42355725744416e-05,
      "pct_error": 0.371177862872208
    },
    "rx_z": {
      "true": 0.03,
      "est": 0.030204920531432988,
      "abs_error": 0.0002049205314329887,
      "pct_error": 0.6830684381099623
    },
    "ry_x": {
      "true": 0.04,
      "est": 0.04071840476429541,
      "abs_error": 0.0007184047642954106,
      "pct_error": 1.7960119107385264
    },
    "ry_y": {
      "true": 0.05,
      "est": 0.05016105327003544,
      "abs_error": 0.00016105327003543973,
      "pct_error": 0.32210654007087947
    },
    "ry_z": {
      "true": 0.06,
      "est": 0.061039537946697246,
      "abs_error": 0.0010395379466972485,
      "pct_error": 1.7325632444954144
    }
  },
  "focus_scale_pct": {
    "dKg_xx": 5.698086492670737,
    "dKg_xy": 0.08218599357571471,
    "dKg_yy": 1.5333386921263723,
    "dKg_zz": 0.4908697056238893,
    "dKa_xx": 2.604325569655814
  },
  "lever_guard_pct": {
    "rx_y": 0.371177862872208,
    "ry_z": 1.7325632444954144
  },
  "overall": {
    "mean_pct_error": 1.1695492358940618,
    "median_pct_error": 0.5423937417498937,
    "max_pct_error": 5.698086492670737
  },
  "extra": {
    "noise_scale": 0.08,
    "noise_config": {
      "arw_dpsh": 0.0004,
      "vrw_ugpsHz": 0.4,
      "bi_g_dph": 0.00016,
      "bi_a_ug": 0.4,
      "tau_g": 300.0,
      "tau_a": 300.0,
      "seed": 42,
      "base_family": "round53_round61_shared"
    },
    "comparison_mode": "corrected_att0_hidden_next4",
    "candidate_name": "xboundary_l2_pos1_on_entry",
    "method_key": "kf36_noisy",
    "legality": "faithful12_base_plus_closed_loop_local_insertions",
    "time_total_s": 1350.0,
    "att0_deg": [
      0.0,
      0.0,
      0.0
    ],
    "candidate_registry_key": "xboundary_l2_pos1_on_entry",
    "family": "early_x_boundary_seed_on_corrected_entry",
    "hypothesis_id": "H1"
  }
}