{
  "variant": "coupled_flip_8_11_12_kf36_noisy_noise0p08",
  "method_file": "probe_ch3_12pos_coupled_repair_search.py",
  "source_file": "/root/.openclaw/workspace/tmp_psins_py/psins_py/test_calibration_markov_pruned.py",
  "param_order": [
    "eb_x",
    "eb_y",
    "eb_z",
    "db_x",
    "db_y",
    "db_z",
    "dKg_xx",
    "dKg_yx",
    "dKg_zx",
    "dKg_xy",
    "dKg_yy",
    "dKg_zy",
    "dKg_xz",
    "dKg_yz",
    "dKg_zz",
    "dKa_xx",
    "dKa_xy",
    "dKa_xz",
    "dKa_yy",
    "dKa_yz",
    "dKa_zz",
    "Ka2_x",
    "Ka2_y",
    "Ka2_z",
    "rx_x",
    "rx_y",
    "rx_z",
    "ry_x",
    "ry_y",
    "ry_z"
  ],
  "param_errors": {
    "eb_x": {
      "true": 4.84813681109536e-07,
      "est": 4.566038976541333e-07,
      "abs_error": 2.820978345540273e-08,
      "pct_error": 5.818685518701188
    },
    "eb_y": {
      "true": 9.69627362219072e-07,
      "est": 9.607208033995348e-07,
      "abs_error": 8.906558819537305e-09,
      "pct_error": 0.9185548146201145
    },
    "eb_z": {
      "true": 1.4544410433286078e-06,
      "est": 1.4380196555822683e-06,
      "abs_error": 1.642138774633951e-08,
      "pct_error": 1.1290514539357204
    },
    "db_x": {
      "true": 0.00097803267715,
      "est": 0.0009776262267462946,
      "abs_error": 4.064504037053218e-07,
      "pct_error": 0.04155795743857185
    },
    "db_y": {
      "true": 0.0019560653543,
      "est": 0.001961520135821705,
      "abs_error": 5.454781521705213e-06,
      "pct_error": 0.2788649934274445
    },
    "db_z": {
      "true": 0.00293409803145,
      "est": 0.0029444677393234654,
      "abs_error": 1.036970787346523e-05,
      "pct_error": 0.353420634290826
    },
    "dKg_xx": {
      "true": -9.99999999995449e-06,
      "est": -1.4061912948948319e-05,
      "abs_error": 4.061912948993829e-06,
      "pct_error": 40.61912949012314
    },
    "dKg_yx": {
      "true": 0.0001454441043328608,
      "est": 0.000144747116554734,
      "abs_error": 6.969877781267981e-07,
      "pct_error": 0.479213496706394
    },
    "dKg_zx": {
      "true": 0.00024240684055476798,
      "est": 0.00024109399280614231,
      "abs_error": 1.3128477486256697e-06,
      "pct_error": 0.5415885730044209
    },
    "dKg_xy": {
      "true": 4.84813681109536e-05,
      "est": 4.934452865574171e-05,
      "abs_error": 8.631605447881113e-07,
      "pct_error": 1.7803964253085791
    },
    "dKg_yy": {
      "true": -2.0000000000020002e-05,
      "est": -2.0410551323069015e-05,
      "abs_error": 4.105513230490132e-07,
      "pct_error": 2.052756615243013
    },
    "dKg_zy": {
      "true": 0.0002908882086657216,
      "est": 0.00030172457646117086,
      "abs_error": 1.0836367795449278e-05,
      "pct_error": 3.725268839584367
    },
    "dKg_xz": {
      "true": 9.69627362219072e-05,
      "est": 9.6742179767185e-05,
      "abs_error": 2.2055645472219285e-07,
      "pct_error": 0.22746517199909796
    },
    "dKg_yz": {
      "true": 0.0001939254724438144,
      "est": 0.00018387965314569244,
      "abs_error": 1.0045819298121943e-05,
      "pct_error": 5.180247427801161
    },
    "dKg_zz": {
      "true": -2.999999999997449e-05,
      "est": -7.154051265834127e-06,
      "abs_error": 2.2845948734140364e-05,
      "pct_error": 76.15316244719929
    },
    "dKa_xx": {
      "true": -9.99999999995449e-06,
      "est": -1.0037701897891438e-05,
      "abs_error": 3.7701897936948114e-08,
      "pct_error": 0.37701897937119694
    },
    "dKa_xy": {
      "true": 4.84813681109536e-05,
      "est": 5.66304830562873e-05,
      "abs_error": 8.1491149453337e-06,
      "pct_error": 16.80875615284573
    },
    "dKa_xz": {
      "true": 9.69627362219072e-05,
      "est": 9.666309716150704e-05,
      "abs_error": 2.996390604001573e-07,
      "pct_error": 0.30902496368750226
    },
    "dKa_yy": {
      "true": -2.0000000000020002e-05,
      "est": -3.0406287840900603e-06,
      "abs_error": 1.695937121592994e-05,
      "pct_error": 84.7968560795649
    },
    "dKa_yz": {
      "true": 0.0001939254724438144,
      "est": 0.00018453577555837595,
      "abs_error": 9.389696885438436e-06,
      "pct_error": 4.841910021984807
    },
    "dKa_zz": {
      "true": -2.999999999997449e-05,
      "est": -3.002740979418661e-05,
      "abs_error": 2.7409794212118754e-08,
      "pct_error": 0.0913659807071402
    },
    "Ka2_x": {
      "true": 1.0224607248440952e-06,
      "est": 1.0158043747285503e-06,
      "abs_error": 6.656350115544958e-09,
      "pct_error": 0.6510127923554148
    },
    "Ka2_y": {
      "true": 2.0449214496881904e-06,
      "est": 5.308322598413096e-10,
      "abs_error": 2.0443906174283492e-06,
      "pct_error": 99.97404143518949
    },
    "Ka2_z": {
      "true": 3.0673821745322856e-06,
      "est": 2.981022201460493e-06,
      "abs_error": 8.63599730717925e-08,
      "pct_error": 2.815429188733571
    },
    "rx_x": {
      "true": 0.01,
      "est": 0.010287140598192425,
      "abs_error": 0.0002871405981924244,
      "pct_error": 2.871405981924244
    },
    "rx_y": {
      "true": 0.02,
      "est": 0.020270783766893053,
      "abs_error": 0.00027078376689305267,
      "pct_error": 1.3539188344652633
    },
    "rx_z": {
      "true": 0.03,
      "est": 0.02997929274921527,
      "abs_error": 2.070725078472807e-05,
      "pct_error": 0.06902416928242691
    },
    "ry_x": {
      "true": 0.04,
      "est": 0.04053889922690532,
      "abs_error": 0.0005388992269053164,
      "pct_error": 1.347248067263291
    },
    "ry_y": {
      "true": 0.05,
      "est": 0.05032704627827052,
      "abs_error": 0.00032704627827051524,
      "pct_error": 0.6540925565410305
    },
    "ry_z": {
      "true": 0.06,
      "est": 0.06000311267617588,
      "abs_error": 3.112676175885676e-06,
      "pct_error": 0.005187793626476127
    }
  },
  "focus_scale_pct": {
    "dKg_xx": 40.61912949012314,
    "dKg_xy": 1.7803964253085791,
    "dKg_yy": 2.052756615243013,
    "dKg_zz": 76.15316244719929,
    "dKa_xx": 0.37701897937119694
  },
  "lever_guard_pct": {
    "rx_y": 1.3539188344652633,
    "ry_z": 0.005187793626476127
  },
  "overall": {
    "mean_pct_error": 11.87552189523086,
    "median_pct_error": 1.2381497605995055,
    "max_pct_error": 99.97404143518949
  },
  "extra": {
    "noise_scale": 0.08,
    "noise_config": {
      "arw_dpsh": 0.0004,
      "vrw_ugpsHz": 0.4,
      "bi_g_dph": 0.00016,
      "bi_a_ug": 0.4,
      "tau_g": 300.0,
      "tau_a": 300.0,
      "seed": 42,
      "base_family": "round53_round61_shared"
    },
    "comparison_mode": "ch3_coupled_repair_search",
    "candidate_name": "coupled_flip_8_11_12",
    "method_key": "kf36_noisy"
  }
}