{
  "variant": "late11_yneg_xpair_outerhold_then_zbipolar_y10_x5_kf36_noisy_noise0p08",
  "method_file": "search_ch3_12pos_closedloop_local_insertions.py",
  "source_file": "/root/.openclaw/workspace/tmp_psins_py/psins_py/test_calibration_markov_pruned.py",
  "param_order": [
    "eb_x",
    "eb_y",
    "eb_z",
    "db_x",
    "db_y",
    "db_z",
    "dKg_xx",
    "dKg_yx",
    "dKg_zx",
    "dKg_xy",
    "dKg_yy",
    "dKg_zy",
    "dKg_xz",
    "dKg_yz",
    "dKg_zz",
    "dKa_xx",
    "dKa_xy",
    "dKa_xz",
    "dKa_yy",
    "dKa_yz",
    "dKa_zz",
    "Ka2_x",
    "Ka2_y",
    "Ka2_z",
    "rx_x",
    "rx_y",
    "rx_z",
    "ry_x",
    "ry_y",
    "ry_z"
  ],
  "param_errors": {
    "eb_x": {
      "true": 4.84813681109536e-07,
      "est": 4.559532135691895e-07,
      "abs_error": 2.886046754034657e-08,
      "pct_error": 5.952898745410199
    },
    "eb_y": {
      "true": 9.69627362219072e-07,
      "est": 9.7334447007933e-07,
      "abs_error": 3.717107860257855e-09,
      "pct_error": 0.38335426629782265
    },
    "eb_z": {
      "true": 1.4544410433286078e-06,
      "est": 1.4443680439397857e-06,
      "abs_error": 1.007299938882212e-08,
      "pct_error": 0.6925684224208383
    },
    "db_x": {
      "true": 0.00097803267715,
      "est": 0.0009782284171155446,
      "abs_error": 1.957399655447105e-07,
      "pct_error": 0.020013642705180294
    },
    "db_y": {
      "true": 0.0019560653543,
      "est": 0.0019585650157196185,
      "abs_error": 2.4996614196187185e-06,
      "pct_error": 0.12779028134840875
    },
    "db_z": {
      "true": 0.00293409803145,
      "est": 0.0029399363262979095,
      "abs_error": 5.838294847909306e-06,
      "pct_error": 0.19898090606822985
    },
    "dKg_xx": {
      "true": -9.99999999995449e-06,
      "est": -1.1648036531974881e-05,
      "abs_error": 1.6480365320203916e-06,
      "pct_error": 16.48036532027892
    },
    "dKg_yx": {
      "true": 0.0001454441043328608,
      "est": 0.00014538365449406947,
      "abs_error": 6.044983879132109e-08,
      "pct_error": 0.04156224761986685
    },
    "dKg_zx": {
      "true": 0.00024240684055476798,
      "est": 0.0002415373404420525,
      "abs_error": 8.695001127154763e-07,
      "pct_error": 0.3586945445621723
    },
    "dKg_xy": {
      "true": 4.84813681109536e-05,
      "est": 4.8797269076761944e-05,
      "abs_error": 3.1590096580834707e-07,
      "pct_error": 0.6515925150572932
    },
    "dKg_yy": {
      "true": -2.0000000000020002e-05,
      "est": -1.95992143630086e-05,
      "abs_error": 4.007856370114027e-07,
      "pct_error": 2.0039281850550097
    },
    "dKg_zy": {
      "true": 0.0002908882086657216,
      "est": 0.00029979122644618476,
      "abs_error": 8.903017780463184e-06,
      "pct_error": 3.0606320625028207
    },
    "dKg_xz": {
      "true": 9.69627362219072e-05,
      "est": 9.735758632699603e-05,
      "abs_error": 3.948501050888317e-07,
      "pct_error": 0.40721840211396754
    },
    "dKg_yz": {
      "true": 0.0001939254724438144,
      "est": 0.0001846931198453936,
      "abs_error": 9.23235259842078e-06,
      "pct_error": 4.7607735497953465
    },
    "dKg_zz": {
      "true": -2.999999999997449e-05,
      "est": -1.1199869782707594e-06,
      "abs_error": 2.8880013021703732e-05,
      "pct_error": 96.26671007242763
    },
    "dKa_xx": {
      "true": -9.99999999995449e-06,
      "est": -9.727660553515705e-06,
      "abs_error": 2.7233944643878516e-07,
      "pct_error": 2.7233944644002457
    },
    "dKa_xy": {
      "true": 4.84813681109536e-05,
      "est": 4.2449079669907525e-05,
      "abs_error": 6.0322884410460715e-06,
      "pct_error": 12.44248806518967
    },
    "dKa_xz": {
      "true": 9.69627362219072e-05,
      "est": 9.629725783634471e-05,
      "abs_error": 6.654783855624812e-07,
      "pct_error": 0.6863238512983784
    },
    "dKa_yy": {
      "true": -2.0000000000020002e-05,
      "est": -1.7615654255287438e-06,
      "abs_error": 1.8238434574491258e-05,
      "pct_error": 91.19217287236509
    },
    "dKa_yz": {
      "true": 0.0001939254724438144,
      "est": 0.00018517200021006327,
      "abs_error": 8.753472233751115e-06,
      "pct_error": 4.513833135710029
    },
    "dKa_zz": {
      "true": -2.999999999997449e-05,
      "est": -3.0180722854655784e-05,
      "abs_error": 1.8072285468129223e-07,
      "pct_error": 0.6024095156048196
    },
    "Ka2_x": {
      "true": 1.0224607248440952e-06,
      "est": 1.0424510638320015e-06,
      "abs_error": 1.9990338987906296e-08,
      "pct_error": 1.9551204757478018
    },
    "Ka2_y": {
      "true": 2.0449214496881904e-06,
      "est": 5.455512326001001e-09,
      "abs_error": 2.0394659373621893e-06,
      "pct_error": 99.73321653372882
    },
    "Ka2_z": {
      "true": 3.0673821745322856e-06,
      "est": 3.031435744605362e-06,
      "abs_error": 3.5946429926923524e-08,
      "pct_error": 1.1718927698471298
    },
    "rx_x": {
      "true": 0.01,
      "est": 0.009986348612899654,
      "abs_error": 1.365138710034651e-05,
      "pct_error": 0.1365138710034651
    },
    "rx_y": {
      "true": 0.02,
      "est": 0.019683494192111156,
      "abs_error": 0.0003165058078888443,
      "pct_error": 1.5825290394442213
    },
    "rx_z": {
      "true": 0.03,
      "est": 0.03037790734357012,
      "abs_error": 0.0003779073435701205,
      "pct_error": 1.259691145233735
    },
    "ry_x": {
      "true": 0.04,
      "est": 0.04038426706405207,
      "abs_error": 0.00038426706405206984,
      "pct_error": 0.9606676601301746
    },
    "ry_y": {
      "true": 0.05,
      "est": 0.04983024150043355,
      "abs_error": 0.00016975849956644973,
      "pct_error": 0.33951699913289946
    },
    "ry_z": {
      "true": 0.06,
      "est": 0.060746497680128596,
      "abs_error": 0.000746497680128598,
      "pct_error": 1.2441628002143301
    }
  },
  "focus_scale_pct": {
    "dKg_xx": 16.48036532027892,
    "dKg_xy": 0.6515925150572932,
    "dKg_yy": 2.0039281850550097,
    "dKg_zz": 96.26671007242763,
    "dKa_xx": 2.7233944644002457
  },
  "lever_guard_pct": {
    "rx_y": 1.5825290394442213,
    "ry_z": 1.2441628002143301
  },
  "overall": {
    "mean_pct_error": 11.731700545423818,
    "median_pct_error": 1.20802778503073,
    "max_pct_error": 99.73321653372882
  },
  "extra": {
    "noise_scale": 0.08,
    "noise_config": {
      "arw_dpsh": 0.0004,
      "vrw_ugpsHz": 0.4,
      "bi_g_dph": 0.00016,
      "bi_a_ug": 0.4,
      "tau_g": 300.0,
      "tau_a": 300.0,
      "seed": 42,
      "base_family": "round53_round61_shared"
    },
    "comparison_mode": "ch3_closedloop_local_insertions",
    "candidate_name": "late11_yneg_xpair_outerhold_then_zbipolar_y10_x5",
    "method_key": "kf36_noisy",
    "legality": "faithful12_base_plus_closed_loop_local_insertions",
    "time_total_s": 1290.0
  }
}