{
  "variant": "late11_yneg_xpair_d11_then_zquad_y8_x0_kf36_noisy_noise0p08",
  "method_file": "search_ch3_12pos_closedloop_local_insertions.py",
  "source_file": "/root/.openclaw/workspace/tmp_psins_py/psins_py/test_calibration_markov_pruned.py",
  "param_order": [
    "eb_x",
    "eb_y",
    "eb_z",
    "db_x",
    "db_y",
    "db_z",
    "dKg_xx",
    "dKg_yx",
    "dKg_zx",
    "dKg_xy",
    "dKg_yy",
    "dKg_zy",
    "dKg_xz",
    "dKg_yz",
    "dKg_zz",
    "dKa_xx",
    "dKa_xy",
    "dKa_xz",
    "dKa_yy",
    "dKa_yz",
    "dKa_zz",
    "Ka2_x",
    "Ka2_y",
    "Ka2_z",
    "rx_x",
    "rx_y",
    "rx_z",
    "ry_x",
    "ry_y",
    "ry_z"
  ],
  "param_errors": {
    "eb_x": {
      "true": 4.84813681109536e-07,
      "est": 4.6089236576205463e-07,
      "abs_error": 2.392131534748142e-08,
      "pct_error": 4.934125475323947
    },
    "eb_y": {
      "true": 9.69627362219072e-07,
      "est": 9.710486109023392e-07,
      "abs_error": 1.4212486832670641e-09,
      "pct_error": 0.1465767921415109
    },
    "eb_z": {
      "true": 1.4544410433286078e-06,
      "est": 1.4451998495702596e-06,
      "abs_error": 9.241193758348262e-09,
      "pct_error": 0.6353776800191936
    },
    "db_x": {
      "true": 0.00097803267715,
      "est": 0.0009778252678219362,
      "abs_error": 2.0740932806374672e-07,
      "pct_error": 0.021206789191148524
    },
    "db_y": {
      "true": 0.0019560653543,
      "est": 0.001957744600568911,
      "abs_error": 1.67924626891117e-06,
      "pct_error": 0.08584816786513287
    },
    "db_z": {
      "true": 0.00293409803145,
      "est": 0.002942689479114458,
      "abs_error": 8.591447664457654e-06,
      "pct_error": 0.2928139268820494
    },
    "dKg_xx": {
      "true": -9.99999999995449e-06,
      "est": -1.2134335103608507e-05,
      "abs_error": 2.134335103654017e-06,
      "pct_error": 21.343351036637305
    },
    "dKg_yx": {
      "true": 0.0001454441043328608,
      "est": 0.00014552004016042731,
      "abs_error": 7.593582756652362e-08,
      "pct_error": 0.05220962920073971
    },
    "dKg_zx": {
      "true": 0.00024240684055476798,
      "est": 0.00024139394155572218,
      "abs_error": 1.0128989990458028e-06,
      "pct_error": 0.4178508315721207
    },
    "dKg_xy": {
      "true": 4.84813681109536e-05,
      "est": 4.819435912120367e-05,
      "abs_error": 2.8700898974992937e-07,
      "pct_error": 0.5919985366194405
    },
    "dKg_yy": {
      "true": -2.0000000000020002e-05,
      "est": -1.939843523324214e-05,
      "abs_error": 6.015647667778623e-07,
      "pct_error": 3.0078238338863037
    },
    "dKg_zy": {
      "true": 0.0002908882086657216,
      "est": 0.0003047125744662951,
      "abs_error": 1.3824365800573543e-05,
      "pct_error": 4.752466888907144
    },
    "dKg_xz": {
      "true": 9.69627362219072e-05,
      "est": 9.716196382623962e-05,
      "abs_error": 1.9922760433242434e-07,
      "pct_error": 0.20546821603350343
    },
    "dKg_yz": {
      "true": 0.0001939254724438144,
      "est": 0.00017969649091583895,
      "abs_error": 1.4228981527975433e-05,
      "pct_error": 7.337345294903415
    },
    "dKg_zz": {
      "true": -2.999999999997449e-05,
      "est": -1.0585885203973078e-05,
      "abs_error": 1.9414114796001414e-05,
      "pct_error": 64.7137159867264
    },
    "dKa_xx": {
      "true": -9.99999999995449e-06,
      "est": -9.738994720676075e-06,
      "abs_error": 2.6100527927841455e-07,
      "pct_error": 2.610052792796024
    },
    "dKa_xy": {
      "true": 4.84813681109536e-05,
      "est": 4.415701648005649e-05,
      "abs_error": 4.32435163089711e-06,
      "pct_error": 8.919615512913076
    },
    "dKa_xz": {
      "true": 9.69627362219072e-05,
      "est": 9.638540432430449e-05,
      "abs_error": 5.773318976027084e-07,
      "pct_error": 0.5954162599964556
    },
    "dKa_yy": {
      "true": -2.0000000000020002e-05,
      "est": -2.5845578977001793e-06,
      "abs_error": 1.7415442102319822e-05,
      "pct_error": 87.07721051151202
    },
    "dKa_yz": {
      "true": 0.0001939254724438144,
      "est": 0.00017994226885762512,
      "abs_error": 1.3983203586189266e-05,
      "pct_error": 7.21060694604758
    },
    "dKa_zz": {
      "true": -2.999999999997449e-05,
      "est": -3.0069011293543113e-05,
      "abs_error": 6.901129356862157e-08,
      "pct_error": 0.23003764522893416
    },
    "Ka2_x": {
      "true": 1.0224607248440952e-06,
      "est": 1.0445496984822777e-06,
      "abs_error": 2.2088973638182457e-08,
      "pct_error": 2.1603738022847363
    },
    "Ka2_y": {
      "true": 2.0449214496881904e-06,
      "est": 8.028078030406606e-09,
      "abs_error": 2.036893371657784e-06,
      "pct_error": 99.60741386757762
    },
    "Ka2_z": {
      "true": 3.0673821745322856e-06,
      "est": 2.9967822186950082e-06,
      "abs_error": 7.059995583727741e-08,
      "pct_error": 2.3016354604734732
    },
    "rx_x": {
      "true": 0.01,
      "est": 0.010067951286123466,
      "abs_error": 6.795128612346532e-05,
      "pct_error": 0.6795128612346533
    },
    "rx_y": {
      "true": 0.02,
      "est": 0.01988989272552498,
      "abs_error": 0.00011010727447502075,
      "pct_error": 0.5505363723751038
    },
    "rx_z": {
      "true": 0.03,
      "est": 0.030531527733858966,
      "abs_error": 0.000531527733858967,
      "pct_error": 1.7717591128632235
    },
    "ry_x": {
      "true": 0.04,
      "est": 0.04060879301804912,
      "abs_error": 0.0006087930180491211,
      "pct_error": 1.5219825451228026
    },
    "ry_y": {
      "true": 0.05,
      "est": 0.049824627876964844,
      "abs_error": 0.00017537212303515848,
      "pct_error": 0.35074424607031696
    },
    "ry_z": {
      "true": 0.06,
      "est": 0.06071630974400241,
      "abs_error": 0.0007163097440024135,
      "pct_error": 1.193849573337356
    }
  },
  "focus_scale_pct": {
    "dKg_xx": 21.343351036637305,
    "dKg_xy": 0.5919985366194405,
    "dKg_yy": 3.0078238338863037,
    "dKg_zz": 64.7137159867264,
    "dKa_xx": 2.610052792796024
  },
  "lever_guard_pct": {
    "rx_y": 0.5505363723751038,
    "ry_z": 1.193849573337356
  },
  "overall": {
    "mean_pct_error": 10.843964219858089,
    "median_pct_error": 1.3579160592300794,
    "max_pct_error": 99.60741386757762
  },
  "extra": {
    "noise_scale": 0.08,
    "noise_config": {
      "arw_dpsh": 0.0004,
      "vrw_ugpsHz": 0.4,
      "bi_g_dph": 0.00016,
      "bi_a_ug": 0.4,
      "tau_g": 300.0,
      "tau_a": 300.0,
      "seed": 42,
      "base_family": "round53_round61_shared"
    },
    "comparison_mode": "ch3_closedloop_local_insertions",
    "candidate_name": "late11_yneg_xpair_d11_then_zquad_y8_x0",
    "method_key": "kf36_noisy",
    "legality": "faithful12_base_plus_closed_loop_local_insertions",
    "time_total_s": 1278.0
  }
}