{
  "variant": "ablate_anchor12_terminal_y_kf36_noisy_noise0p08",
  "method_file": "search_ch3_12pos_closedloop_local_insertions.py",
  "source_file": "/root/.openclaw/workspace/tmp_psins_py/psins_py/test_calibration_markov_pruned.py",
  "param_order": [
    "eb_x",
    "eb_y",
    "eb_z",
    "db_x",
    "db_y",
    "db_z",
    "dKg_xx",
    "dKg_yx",
    "dKg_zx",
    "dKg_xy",
    "dKg_yy",
    "dKg_zy",
    "dKg_xz",
    "dKg_yz",
    "dKg_zz",
    "dKa_xx",
    "dKa_xy",
    "dKa_xz",
    "dKa_yy",
    "dKa_yz",
    "dKa_zz",
    "Ka2_x",
    "Ka2_y",
    "Ka2_z",
    "rx_x",
    "rx_y",
    "rx_z",
    "ry_x",
    "ry_y",
    "ry_z"
  ],
  "param_errors": {
    "eb_x": {
      "true": 4.84813681109536e-07,
      "est": 4.6381028962880217e-07,
      "abs_error": 2.1003391480733875e-08,
      "pct_error": 4.332260474305487
    },
    "eb_y": {
      "true": 9.69627362219072e-07,
      "est": 9.676916653831848e-07,
      "abs_error": 1.935696835887298e-09,
      "pct_error": 0.19963306640370546
    },
    "eb_z": {
      "true": 1.4544410433286078e-06,
      "est": 1.4457898509227645e-06,
      "abs_error": 8.65119240584334e-09,
      "pct_error": 0.5948121751325427
    },
    "db_x": {
      "true": 0.00097803267715,
      "est": 0.0009790749256310448,
      "abs_error": 1.0422484810449113e-06,
      "pct_error": 0.10656581373968373
    },
    "db_y": {
      "true": 0.0019560653543,
      "est": 0.001966413642079061,
      "abs_error": 1.03482877790613e-05,
      "pct_error": 0.5290358911737155
    },
    "db_z": {
      "true": 0.00293409803145,
      "est": 0.0029340218904420046,
      "abs_error": 7.614100799554005e-08,
      "pct_error": 0.002595039674182664
    },
    "dKg_xx": {
      "true": -9.99999999995449e-06,
      "est": -1.0465949710436462e-05,
      "abs_error": 4.659497104819721e-07,
      "pct_error": 4.659497104840926
    },
    "dKg_yx": {
      "true": 0.0001454441043328608,
      "est": 0.0001454042975291478,
      "abs_error": 3.9806803712994464e-08,
      "pct_error": 0.02736914218392333
    },
    "dKg_zx": {
      "true": 0.00024240684055476798,
      "est": 0.00024208152568257457,
      "abs_error": 3.2531487219341726e-07,
      "pct_error": 0.13420201816454824
    },
    "dKg_xy": {
      "true": 4.84813681109536e-05,
      "est": 4.836835329342214e-05,
      "abs_error": 1.1301481753145588e-07,
      "pct_error": 0.23310979441176696
    },
    "dKg_yy": {
      "true": -2.0000000000020002e-05,
      "est": -1.9530143480217532e-05,
      "abs_error": 4.6985651980246956e-07,
      "pct_error": 2.349282599009998
    },
    "dKg_zy": {
      "true": 0.0002908882086657216,
      "est": 0.00029152445162910037,
      "abs_error": 6.362429633787847e-07,
      "pct_error": 0.21872421927900576
    },
    "dKg_xz": {
      "true": 9.69627362219072e-05,
      "est": 9.771433497676733e-05,
      "abs_error": 7.515987548601392e-07,
      "pct_error": 0.7751418577339274
    },
    "dKg_yz": {
      "true": 0.0001939254724438144,
      "est": 0.000193565067519391,
      "abs_error": 3.6040492442339497e-07,
      "pct_error": 0.18584712976672743
    },
    "dKg_zz": {
      "true": -2.999999999997449e-05,
      "est": -2.9751670958200194e-05,
      "abs_error": 2.483290417742978e-07,
      "pct_error": 0.8277634725816966
    },
    "dKa_xx": {
      "true": -9.99999999995449e-06,
      "est": -9.73910995161198e-06,
      "abs_error": 2.608900483425103e-07,
      "pct_error": 2.608900483436976
    },
    "dKa_xy": {
      "true": 4.84813681109536e-05,
      "est": 4.8395057381465756e-05,
      "abs_error": 8.631072948784077e-08,
      "pct_error": 0.17802865894855024
    },
    "dKa_xz": {
      "true": 9.69627362219072e-05,
      "est": 9.698778587683259e-05,
      "abs_error": 2.5049654925395027e-08,
      "pct_error": 0.02583431109871614
    },
    "dKa_yy": {
      "true": -2.0000000000020002e-05,
      "est": -1.9629866431447596e-05,
      "abs_error": 3.701335685724061e-07,
      "pct_error": 1.8506678428601795
    },
    "dKa_yz": {
      "true": 0.0001939254724438144,
      "est": 0.0001938094172150836,
      "abs_error": 1.1605522873077878e-07,
      "pct_error": 0.05984527317029134
    },
    "dKa_zz": {
      "true": -2.999999999997449e-05,
      "est": -2.950070982410402e-05,
      "abs_error": 4.992901758704704e-07,
      "pct_error": 1.6643005862363165
    },
    "Ka2_x": {
      "true": 1.0224607248440952e-06,
      "est": 1.011038098885953e-06,
      "abs_error": 1.1422625958142308e-08,
      "pct_error": 1.1171701445925006
    },
    "Ka2_y": {
      "true": 2.0449214496881904e-06,
      "est": 1.9874803584020215e-06,
      "abs_error": 5.7441091286168973e-08,
      "pct_error": 2.8089632144514693
    },
    "Ka2_z": {
      "true": 3.0673821745322856e-06,
      "est": 3.070978905502469e-06,
      "abs_error": 3.5967309701835462e-09,
      "pct_error": 0.11725734732523102
    },
    "rx_x": {
      "true": 0.01,
      "est": 0.009953979983633475,
      "abs_error": 4.602001636652524e-05,
      "pct_error": 0.4602001636652524
    },
    "rx_y": {
      "true": 0.02,
      "est": 0.02025476042219756,
      "abs_error": 0.0002547604221975579,
      "pct_error": 1.2738021109877893
    },
    "rx_z": {
      "true": 0.03,
      "est": 0.030273197213066785,
      "abs_error": 0.00027319721306678577,
      "pct_error": 0.9106573768892858
    },
    "ry_x": {
      "true": 0.04,
      "est": 0.04054912441011628,
      "abs_error": 0.0005491244101162793,
      "pct_error": 1.3728110252906982
    },
    "ry_y": {
      "true": 0.05,
      "est": 0.0503006049664275,
      "abs_error": 0.0003006049664274965,
      "pct_error": 0.601209932854993
    },
    "ry_z": {
      "true": 0.06,
      "est": 0.06098818864675879,
      "abs_error": 0.0009881886467587933,
      "pct_error": 1.6469810779313223
    }
  },
  "focus_scale_pct": {
    "dKg_xx": 4.659497104840926,
    "dKg_xy": 0.23310979441176696,
    "dKg_yy": 2.349282599009998,
    "dKg_zz": 0.8277634725816966,
    "dKa_xx": 2.608900483436976
  },
  "lever_guard_pct": {
    "rx_y": 1.2738021109877893,
    "ry_z": 1.6469810779313223
  },
  "overall": {
    "mean_pct_error": 1.0624156449380469,
    "median_pct_error": 0.5980110539937679,
    "max_pct_error": 4.659497104840926
  },
  "extra": {
    "noise_scale": 0.08,
    "noise_config": {
      "arw_dpsh": 0.0004,
      "vrw_ugpsHz": 0.4,
      "bi_g_dph": 0.00016,
      "bi_a_ug": 0.4,
      "tau_g": 300.0,
      "tau_a": 300.0,
      "seed": 42,
      "base_family": "round53_round61_shared"
    },
    "comparison_mode": "corrected_sparse_ablation",
    "candidate_name": "ablate_anchor12_terminal_y",
    "method_key": "kf36_noisy",
    "legality": "faithful12_base_plus_closed_loop_local_insertions",
    "time_total_s": 1336.125,
    "att0_deg": [
      0.0,
      0.0,
      0.0
    ],
    "candidate_registry_key": "ablate_anchor12_terminal_y",
    "family": "single_motif_ablation",
    "hypothesis_id": "A7"
  }
}