{
  "variant": "repair_A_more_pre_static_on_late_Z_block_kf36_noisy_noise0p08",
  "method_file": "benchmark_ch3_12pos_goalA_repairs.py",
  "source_file": "/root/.openclaw/workspace/tmp_psins_py/psins_py/test_calibration_markov_pruned.py",
  "param_order": [
    "eb_x",
    "eb_y",
    "eb_z",
    "db_x",
    "db_y",
    "db_z",
    "dKg_xx",
    "dKg_yx",
    "dKg_zx",
    "dKg_xy",
    "dKg_yy",
    "dKg_zy",
    "dKg_xz",
    "dKg_yz",
    "dKg_zz",
    "dKa_xx",
    "dKa_xy",
    "dKa_xz",
    "dKa_yy",
    "dKa_yz",
    "dKa_zz",
    "Ka2_x",
    "Ka2_y",
    "Ka2_z",
    "rx_x",
    "rx_y",
    "rx_z",
    "ry_x",
    "ry_y",
    "ry_z"
  ],
  "param_errors": {
    "eb_x": {
      "true": 4.84813681109536e-07,
      "est": 4.661350423742414e-07,
      "abs_error": 1.8678638735294626e-08,
      "pct_error": 3.8527457996950543
    },
    "eb_y": {
      "true": 9.69627362219072e-07,
      "est": 9.75091974435812e-07,
      "abs_error": 5.4646122167400065e-09,
      "pct_error": 0.5635785900506964
    },
    "eb_z": {
      "true": 1.4544410433286078e-06,
      "est": 1.4525856625010655e-06,
      "abs_error": 1.8553808275423629e-09,
      "pct_error": 0.12756658896920092
    },
    "db_x": {
      "true": 0.00097803267715,
      "est": 0.0009802707995706331,
      "abs_error": 2.2381224206332023e-06,
      "pct_error": 0.22883922724904454
    },
    "db_y": {
      "true": 0.0019560653543,
      "est": 0.0019556206485382126,
      "abs_error": 4.4470576178717164e-07,
      "pct_error": 0.022734708776962858
    },
    "db_z": {
      "true": 0.00293409803145,
      "est": 0.00312676971423215,
      "abs_error": 0.00019267168278215,
      "pct_error": 6.566640947812289
    },
    "dKg_xx": {
      "true": -9.99999999995449e-06,
      "est": -9.088870390749904e-06,
      "abs_error": 9.111296092045862e-07,
      "pct_error": 9.111296092087327
    },
    "dKg_yx": {
      "true": 0.0001454441043328608,
      "est": 0.0001454451994821513,
      "abs_error": 1.0951492905076927e-09,
      "pct_error": 0.0007529691873940476
    },
    "dKg_zx": {
      "true": 0.00024240684055476798,
      "est": 0.00022270071102474783,
      "abs_error": 1.970612953002015e-05,
      "pct_error": 8.129361978779581
    },
    "dKg_xy": {
      "true": 4.84813681109536e-05,
      "est": 4.798743751660516e-05,
      "abs_error": 4.939305943484374e-07,
      "pct_error": 1.018804983427936
    },
    "dKg_yy": {
      "true": -2.0000000000020002e-05,
      "est": -1.9568544238124375e-05,
      "abs_error": 4.314557618956272e-07,
      "pct_error": 2.1572788094759785
    },
    "dKg_zy": {
      "true": 0.0002908882086657216,
      "est": 0.00028928399266192313,
      "abs_error": 1.6042160037984458e-06,
      "pct_error": 0.5514888386699627
    },
    "dKg_xz": {
      "true": 9.69627362219072e-05,
      "est": 0.00011536950287033325,
      "abs_error": 1.8406766648426057e-05,
      "pct_error": 18.98334078186558
    },
    "dKg_yz": {
      "true": 0.0001939254724438144,
      "est": 0.00019495774029020796,
      "abs_error": 1.0322678463935695e-06,
      "pct_error": 0.5323013183286927
    },
    "dKg_zz": {
      "true": -2.999999999997449e-05,
      "est": -4.62740230089409e-06,
      "abs_error": 2.53725976990804e-05,
      "pct_error": 84.57532566367325
    },
    "dKa_xx": {
      "true": -9.99999999995449e-06,
      "est": -9.398011810102247e-06,
      "abs_error": 6.019881898522428e-07,
      "pct_error": 6.019881898549825
    },
    "dKa_xy": {
      "true": 4.84813681109536e-05,
      "est": 4.8679440121160856e-05,
      "abs_error": 1.980720102072594e-07,
      "pct_error": 0.40855284808373254
    },
    "dKa_xz": {
      "true": 9.69627362219072e-05,
      "est": 0.00011526428257852544,
      "abs_error": 1.8301546356618245e-05,
      "pct_error": 18.874824566350572
    },
    "dKa_yy": {
      "true": -2.0000000000020002e-05,
      "est": 4.58189369134665e-06,
      "abs_error": 2.4581893691366652e-05,
      "pct_error": 122.90946845671033
    },
    "dKa_yz": {
      "true": 0.0001939254724438144,
      "est": 0.00019576870653192983,
      "abs_error": 1.8432340881154442e-06,
      "pct_error": 0.9504858051329387
    },
    "dKa_zz": {
      "true": -2.999999999997449e-05,
      "est": -3.0003980014736698e-05,
      "abs_error": 3.980014762205997e-09,
      "pct_error": 0.01326671587403127
    },
    "Ka2_x": {
      "true": 1.0224607248440952e-06,
      "est": 1.0463219835218558e-06,
      "abs_error": 2.3861258677760573e-08,
      "pct_error": 2.3337090704778842
    },
    "Ka2_y": {
      "true": 2.0449214496881904e-06,
      "est": 1.4832005461896502e-09,
      "abs_error": 2.0434382491420008e-06,
      "pct_error": 99.92746906995299
    },
    "Ka2_z": {
      "true": 3.0673821745322856e-06,
      "est": 1.087996007075875e-06,
      "abs_error": 1.9793861674564105e-06,
      "pct_error": 64.53014508236905
    },
    "rx_x": {
      "true": 0.01,
      "est": 0.01039340945550052,
      "abs_error": 0.00039340945550052006,
      "pct_error": 3.9340945550052004
    },
    "rx_y": {
      "true": 0.02,
      "est": 0.02005812682819924,
      "abs_error": 5.812682819924045e-05,
      "pct_error": 0.2906341409962022
    },
    "rx_z": {
      "true": 0.03,
      "est": 0.031132098573387893,
      "abs_error": 0.0011320985733878942,
      "pct_error": 3.7736619112929812
    },
    "ry_x": {
      "true": 0.04,
      "est": 0.04071578044893208,
      "abs_error": 0.0007157804489320782,
      "pct_error": 1.7894511223301954
    },
    "ry_y": {
      "true": 0.05,
      "est": 0.049999927186416424,
      "abs_error": 7.281358357924539e-08,
      "pct_error": 0.00014562716715849078
    },
    "ry_z": {
      "true": 0.06,
      "est": 0.06019790810995351,
      "abs_error": 0.00019790810995351515,
      "pct_error": 0.3298468499225253
    }
  },
  "focus_scale_pct": {
    "dKg_xx": 9.111296092087327,
    "dKg_xy": 1.018804983427936,
    "dKg_yy": 2.1572788094759785,
    "dKg_zz": 84.57532566367325,
    "dKa_xx": 6.019881898549825
  },
  "lever_guard_pct": {
    "rx_y": 0.2906341409962022,
    "ry_z": 0.3298468499225253
  },
  "overall": {
    "mean_pct_error": 15.416923167275487,
    "median_pct_error": 1.973364965903087,
    "max_pct_error": 122.90946845671033
  },
  "extra": {
    "noise_scale": 0.08,
    "noise_config": {
      "arw_dpsh": 0.0004,
      "vrw_ugpsHz": 0.4,
      "bi_g_dph": 0.00016,
      "bi_a_ug": 0.4,
      "tau_g": 300.0,
      "tau_a": 300.0,
      "seed": 42,
      "base_family": "round53_round61_shared"
    },
    "comparison_mode": "ch3_goalA_repair_benchmark",
    "candidate_name": "repair_A_more_pre_static_on_late_Z_block",
    "method_key": "kf36_noisy"
  }
}