{
  "variant": "relay_l11back0p25_l12y0p25_on_entry_kf36_noisy_noise0p08",
  "method_file": "search_ch3_12pos_closedloop_local_insertions.py",
  "source_file": "/root/.openclaw/workspace/tmp_psins_py/psins_py/test_calibration_markov_pruned.py",
  "param_order": [
    "eb_x",
    "eb_y",
    "eb_z",
    "db_x",
    "db_y",
    "db_z",
    "dKg_xx",
    "dKg_yx",
    "dKg_zx",
    "dKg_xy",
    "dKg_yy",
    "dKg_zy",
    "dKg_xz",
    "dKg_yz",
    "dKg_zz",
    "dKa_xx",
    "dKa_xy",
    "dKa_xz",
    "dKa_yy",
    "dKa_yz",
    "dKa_zz",
    "Ka2_x",
    "Ka2_y",
    "Ka2_z",
    "rx_x",
    "rx_y",
    "rx_z",
    "ry_x",
    "ry_y",
    "ry_z"
  ],
  "param_errors": {
    "eb_x": {
      "true": 4.84813681109536e-07,
      "est": 4.627347336780605e-07,
      "abs_error": 2.2078947431475554e-08,
      "pct_error": 4.55410981409313
    },
    "eb_y": {
      "true": 9.69627362219072e-07,
      "est": 9.667987187238424e-07,
      "abs_error": 2.8286434952297046e-09,
      "pct_error": 0.2917248012428322
    },
    "eb_z": {
      "true": 1.4544410433286078e-06,
      "est": 1.4460431134978426e-06,
      "abs_error": 8.397929830765257e-09,
      "pct_error": 0.5773991231398355
    },
    "db_x": {
      "true": 0.00097803267715,
      "est": 0.0009793950520401008,
      "abs_error": 1.3623748901009283e-06,
      "pct_error": 0.13929748176419898
    },
    "db_y": {
      "true": 0.0019560653543,
      "est": 0.0019660774571099763,
      "abs_error": 1.001210280997646e-05,
      "pct_error": 0.5118490948151067
    },
    "db_z": {
      "true": 0.00293409803145,
      "est": 0.0029342083470032696,
      "abs_error": 1.1031555326949244e-07,
      "pct_error": 0.0037597773519167546
    },
    "dKg_xx": {
      "true": -9.99999999995449e-06,
      "est": -1.0455197259062743e-05,
      "abs_error": 4.5519725910825315e-07,
      "pct_error": 4.551972591103247
    },
    "dKg_yx": {
      "true": 0.0001454441043328608,
      "est": 0.00014529862491696686,
      "abs_error": 1.4547941589392564e-07,
      "pct_error": 0.10002427844100442
    },
    "dKg_zx": {
      "true": 0.00024240684055476798,
      "est": 0.0002421933157197637,
      "abs_error": 2.1352483500427935e-07,
      "pct_error": 0.0880853174422018
    },
    "dKg_xy": {
      "true": 4.84813681109536e-05,
      "est": 4.836896937045052e-05,
      "abs_error": 1.123987405030741e-07,
      "pct_error": 0.23183904432284244
    },
    "dKg_yy": {
      "true": -2.0000000000020002e-05,
      "est": -1.9504205816645026e-05,
      "abs_error": 4.957941833749757e-07,
      "pct_error": 2.4789709168723992
    },
    "dKg_zy": {
      "true": 0.0002908882086657216,
      "est": 0.00029137854992779554,
      "abs_error": 4.903412620739555e-07,
      "pct_error": 0.16856690902773522
    },
    "dKg_xz": {
      "true": 9.69627362219072e-05,
      "est": 9.772147418018051e-05,
      "abs_error": 7.587379582733145e-07,
      "pct_error": 0.7825046897778135
    },
    "dKg_yz": {
      "true": 0.0001939254724438144,
      "est": 0.00019366545961740003,
      "abs_error": 2.6001282641435644e-07,
      "pct_error": 0.13407873815529284
    },
    "dKg_zz": {
      "true": -2.999999999997449e-05,
      "est": -2.9735257066620946e-05,
      "abs_error": 2.647429333535456e-07,
      "pct_error": 0.882476444512569
    },
    "dKa_xx": {
      "true": -9.99999999995449e-06,
      "est": -9.744058568017522e-06,
      "abs_error": 2.5594143193696794e-07,
      "pct_error": 2.5594143193813275
    },
    "dKa_xy": {
      "true": 4.84813681109536e-05,
      "est": 4.849096786673463e-05,
      "abs_error": 9.599755781035467e-09,
      "pct_error": 0.019800917661947238
    },
    "dKa_xz": {
      "true": 9.69627362219072e-05,
      "est": 9.692427863842179e-05,
      "abs_error": 3.845758348540039e-08,
      "pct_error": 0.03966223003173822
    },
    "dKa_yy": {
      "true": -2.0000000000020002e-05,
      "est": -1.9747892735288985e-05,
      "abs_error": 2.521072647310163e-07,
      "pct_error": 1.260536323653821
    },
    "dKa_yz": {
      "true": 0.0001939254724438144,
      "est": 0.00019384943683314432,
      "abs_error": 7.603561067006997e-08,
      "pct_error": 0.03920867625685409
    },
    "dKa_zz": {
      "true": -2.999999999997449e-05,
      "est": -2.947101330152968e-05,
      "abs_error": 5.289866984448111e-07,
      "pct_error": 1.763288994817536
    },
    "Ka2_x": {
      "true": 1.0224607248440952e-06,
      "est": 1.0097290307979924e-06,
      "abs_error": 1.2731694046102825e-08,
      "pct_error": 1.2452012812564661
    },
    "Ka2_y": {
      "true": 2.0449214496881904e-06,
      "est": 1.989165918598049e-06,
      "abs_error": 5.575553109014136e-08,
      "pct_error": 2.726536566900551
    },
    "Ka2_z": {
      "true": 3.0673821745322856e-06,
      "est": 3.0747809963013115e-06,
      "abs_error": 7.398821769025856e-09,
      "pct_error": 0.24120964875053524
    },
    "rx_x": {
      "true": 0.01,
      "est": 0.009941311419963749,
      "abs_error": 5.868858003625112e-05,
      "pct_error": 0.5868858003625111
    },
    "rx_y": {
      "true": 0.02,
      "est": 0.020215533737013965,
      "abs_error": 0.00021553373701396414,
      "pct_error": 1.0776686850698207
    },
    "rx_z": {
      "true": 0.03,
      "est": 0.03028991862207117,
      "abs_error": 0.00028991862207117247,
      "pct_error": 0.9663954069039082
    },
    "ry_x": {
      "true": 0.04,
      "est": 0.040552327603816385,
      "abs_error": 0.0005523276038163841,
      "pct_error": 1.3808190095409603
    },
    "ry_y": {
      "true": 0.05,
      "est": 0.05027806689959301,
      "abs_error": 0.0002780668995930047,
      "pct_error": 0.5561337991860094
    },
    "ry_z": {
      "true": 0.06,
      "est": 0.06102585516129627,
      "abs_error": 0.001025855161296274,
      "pct_error": 1.709758602160457
    }
  },
  "focus_scale_pct": {
    "dKg_xx": 4.551972591103247,
    "dKg_xy": 0.23183904432284244,
    "dKg_yy": 2.4789709168723992,
    "dKg_zz": 0.882476444512569,
    "dKa_xx": 2.5594143193813275
  },
  "lever_guard_pct": {
    "rx_y": 1.0776686850698207,
    "ry_z": 1.709758602160457
  },
  "overall": {
    "mean_pct_error": 1.0556393094665524,
    "median_pct_error": 0.5821424617511733,
    "max_pct_error": 4.55410981409313
  },
  "extra": {
    "noise_scale": 0.08,
    "noise_config": {
      "arw_dpsh": 0.0004,
      "vrw_ugpsHz": 0.4,
      "bi_g_dph": 0.00016,
      "bi_a_ug": 0.4,
      "tau_g": 300.0,
      "tau_a": 300.0,
      "seed": 42,
      "base_family": "round53_round61_shared"
    },
    "comparison_mode": "corrected_zcadence_handoff_refine",
    "candidate_name": "relay_l11back0p25_l12y0p25_on_entry",
    "method_key": "kf36_noisy",
    "legality": "faithful12_base_plus_closed_loop_local_insertions",
    "time_total_s": 1346.375,
    "att0_deg": [
      0.0,
      0.0,
      0.0
    ],
    "candidate_registry_key": "relay_l11back0p25_l12y0p25_on_entry",
    "family": "q4_low_point_terminal_reclosure_compensation",
    "hypothesis_id": "R1"
  }
}