{
  "variant": "twoanchor_l10_zpair_neg4_then_ypair_neg2_plus_l11_maxbest_kf36_noisy_noise0p08",
  "method_file": "search_ch3_12pos_closedloop_local_insertions.py",
  "source_file": "/root/.openclaw/workspace/tmp_psins_py/psins_py/test_calibration_markov_pruned.py",
  "param_order": [
    "eb_x",
    "eb_y",
    "eb_z",
    "db_x",
    "db_y",
    "db_z",
    "dKg_xx",
    "dKg_yx",
    "dKg_zx",
    "dKg_xy",
    "dKg_yy",
    "dKg_zy",
    "dKg_xz",
    "dKg_yz",
    "dKg_zz",
    "dKa_xx",
    "dKa_xy",
    "dKa_xz",
    "dKa_yy",
    "dKa_yz",
    "dKa_zz",
    "Ka2_x",
    "Ka2_y",
    "Ka2_z",
    "rx_x",
    "rx_y",
    "rx_z",
    "ry_x",
    "ry_y",
    "ry_z"
  ],
  "param_errors": {
    "eb_x": {
      "true": 4.84813681109536e-07,
      "est": 4.6055601934619126e-07,
      "abs_error": 2.4257661763344787e-08,
      "pct_error": 5.00350190362391
    },
    "eb_y": {
      "true": 9.69627362219072e-07,
      "est": 9.709475729900389e-07,
      "abs_error": 1.3202107709667767e-09,
      "pct_error": 0.13615650943939595
    },
    "eb_z": {
      "true": 1.4544410433286078e-06,
      "est": 1.4433225020651725e-06,
      "abs_error": 1.1118541263435304e-08,
      "pct_error": 0.7644545864842764
    },
    "db_x": {
      "true": 0.00097803267715,
      "est": 0.0009801208538624247,
      "abs_error": 2.0881767124247743e-06,
      "pct_error": 0.2135078674988395
    },
    "db_y": {
      "true": 0.0019560653543,
      "est": 0.0019580005305811846,
      "abs_error": 1.935176281184746e-06,
      "pct_error": 0.09893208715806281
    },
    "db_z": {
      "true": 0.00293409803145,
      "est": 0.002939805177070657,
      "abs_error": 5.707145620656787e-06,
      "pct_error": 0.1945110749362514
    },
    "dKg_xx": {
      "true": -9.99999999995449e-06,
      "est": -1.4544287766593555e-05,
      "abs_error": 4.544287766639066e-06,
      "pct_error": 45.44287766659747
    },
    "dKg_yx": {
      "true": 0.0001454441043328608,
      "est": 0.0001454319557205669,
      "abs_error": 1.2148612293884017e-08,
      "pct_error": 0.0083527705365636
    },
    "dKg_zx": {
      "true": 0.00024240684055476798,
      "est": 0.00024159121332704186,
      "abs_error": 8.156272277261224e-07,
      "pct_error": 0.33647038419356995
    },
    "dKg_xy": {
      "true": 4.84813681109536e-05,
      "est": 4.865331693269669e-05,
      "abs_error": 1.719488217430935e-07,
      "pct_error": 0.3546699040125569
    },
    "dKg_yy": {
      "true": -2.0000000000020002e-05,
      "est": -1.9129550673513407e-05,
      "abs_error": 8.704493265065949e-07,
      "pct_error": 4.3522466325286215
    },
    "dKg_zy": {
      "true": 0.0002908882086657216,
      "est": 0.00030320263351594356,
      "abs_error": 1.2314424850221983e-05,
      "pct_error": 4.233387426292444
    },
    "dKg_xz": {
      "true": 9.69627362219072e-05,
      "est": 9.684171332676937e-05,
      "abs_error": 1.210228951378198e-07,
      "pct_error": 0.12481382008532531
    },
    "dKg_yz": {
      "true": 0.0001939254724438144,
      "est": 0.00018167425052872423,
      "abs_error": 1.225122191509016e-05,
      "pct_error": 6.317489786515631
    },
    "dKg_zz": {
      "true": -2.999999999997449e-05,
      "est": -1.60435809040127e-05,
      "abs_error": 1.3956419095961792e-05,
      "pct_error": 46.521396986578864
    },
    "dKa_xx": {
      "true": -9.99999999995449e-06,
      "est": -9.791178156692837e-06,
      "abs_error": 2.0882184326165287e-07,
      "pct_error": 2.0882184326260322
    },
    "dKa_xy": {
      "true": 4.84813681109536e-05,
      "est": 4.2326320230477126e-05,
      "abs_error": 6.155047880476471e-06,
      "pct_error": 12.695697585080804
    },
    "dKa_xz": {
      "true": 9.69627362219072e-05,
      "est": 9.623010559953764e-05,
      "abs_error": 7.326306223695561e-07,
      "pct_error": 0.7555795668687306
    },
    "dKa_yy": {
      "true": -2.0000000000020002e-05,
      "est": -3.172019044761498e-06,
      "abs_error": 1.6827980955258504e-05,
      "pct_error": 84.13990477620837
    },
    "dKa_yz": {
      "true": 0.0001939254724438144,
      "est": 0.00018167184117657095,
      "abs_error": 1.225363126724344e-05,
      "pct_error": 6.318732197903325
    },
    "dKa_zz": {
      "true": -2.999999999997449e-05,
      "est": -3.037271974082323e-05,
      "abs_error": 3.7271974084873705e-07,
      "pct_error": 1.2423991361635132
    },
    "Ka2_x": {
      "true": 1.0224607248440952e-06,
      "est": 1.0181892388174111e-06,
      "abs_error": 4.271486026684094e-09,
      "pct_error": 0.4177652914086661
    },
    "Ka2_y": {
      "true": 2.0449214496881904e-06,
      "est": 7.948590936969753e-09,
      "abs_error": 2.0369728587512206e-06,
      "pct_error": 99.61130091631726
    },
    "Ka2_z": {
      "true": 3.0673821745322856e-06,
      "est": 3.0359360082337203e-06,
      "abs_error": 3.1446166298565345e-08,
      "pct_error": 1.025179273702999
    },
    "rx_x": {
      "true": 0.01,
      "est": 0.009843917164917233,
      "abs_error": 0.00015608283508276692,
      "pct_error": 1.5608283508276692
    },
    "rx_y": {
      "true": 0.02,
      "est": 0.019992292326153356,
      "abs_error": 7.707673846644308e-06,
      "pct_error": 0.03853836923322154
    },
    "rx_z": {
      "true": 0.03,
      "est": 0.030568771197904333,
      "abs_error": 0.0005687711979043344,
      "pct_error": 1.8959039930144483
    },
    "ry_x": {
      "true": 0.04,
      "est": 0.04028644860406034,
      "abs_error": 0.0002864486040603381,
      "pct_error": 0.7161215101508454
    },
    "ry_y": {
      "true": 0.05,
      "est": 0.04996955905254036,
      "abs_error": 3.0440947459645096e-05,
      "pct_error": 0.06088189491929019
    },
    "ry_z": {
      "true": 0.06,
      "est": 0.06072936893040729,
      "abs_error": 0.000729368930407294,
      "pct_error": 1.2156148840121566
    }
  },
  "focus_scale_pct": {
    "dKg_xx": 45.44287766659747,
    "dKg_xy": 0.3546699040125569,
    "dKg_yy": 4.3522466325286215,
    "dKg_zz": 46.521396986578864,
    "dKa_xx": 2.0882184326260322
  },
  "lever_guard_pct": {
    "rx_y": 0.03853836923322154,
    "ry_z": 1.2156148840121566
  },
  "overall": {
    "mean_pct_error": 10.929514519497303,
    "median_pct_error": 1.1203970788575779,
    "max_pct_error": 99.61130091631726
  },
  "extra": {
    "noise_scale": 0.08,
    "noise_config": {
      "arw_dpsh": 0.0004,
      "vrw_ugpsHz": 0.4,
      "bi_g_dph": 0.00016,
      "bi_a_ug": 0.4,
      "tau_g": 300.0,
      "tau_a": 300.0,
      "seed": 42,
      "base_family": "round53_round61_shared"
    },
    "comparison_mode": "ch3_closedloop_local_insertions",
    "candidate_name": "twoanchor_l10_zpair_neg4_then_ypair_neg2_plus_l11_maxbest",
    "method_key": "kf36_noisy",
    "legality": "faithful12_base_plus_closed_loop_local_insertions",
    "time_total_s": 1308.0
  }
}