{
  "variant": "relay_r4_l9y0p8125_l12y0p1875_on_entry_kf36_noisy_noise0p08",
  "method_file": "search_ch3_12pos_closedloop_local_insertions.py",
  "source_file": "/root/.openclaw/workspace/tmp_psins_py/psins_py/test_calibration_markov_pruned.py",
  "param_order": [
    "eb_x",
    "eb_y",
    "eb_z",
    "db_x",
    "db_y",
    "db_z",
    "dKg_xx",
    "dKg_yx",
    "dKg_zx",
    "dKg_xy",
    "dKg_yy",
    "dKg_zy",
    "dKg_xz",
    "dKg_yz",
    "dKg_zz",
    "dKa_xx",
    "dKa_xy",
    "dKa_xz",
    "dKa_yy",
    "dKa_yz",
    "dKa_zz",
    "Ka2_x",
    "Ka2_y",
    "Ka2_z",
    "rx_x",
    "rx_y",
    "rx_z",
    "ry_x",
    "ry_y",
    "ry_z"
  ],
  "param_errors": {
    "eb_x": {
      "true": 4.84813681109536e-07,
      "est": 4.6266618601170937e-07,
      "abs_error": 2.2147495097826683e-08,
      "pct_error": 4.568248785211736
    },
    "eb_y": {
      "true": 9.69627362219072e-07,
      "est": 9.66920772709209e-07,
      "abs_error": 2.706589509863082e-09,
      "pct_error": 0.27913708042116603
    },
    "eb_z": {
      "true": 1.4544410433286078e-06,
      "est": 1.4462006221360112e-06,
      "abs_error": 8.240421192596623e-09,
      "pct_error": 0.5665696268951365
    },
    "db_x": {
      "true": 0.00097803267715,
      "est": 0.0009792844819115532,
      "abs_error": 1.2518047615532601e-06,
      "pct_error": 0.12799212038610364
    },
    "db_y": {
      "true": 0.0019560653543,
      "est": 0.001966043787542959,
      "abs_error": 9.9784332429592e-06,
      "pct_error": 0.510127804320224
    },
    "db_z": {
      "true": 0.00293409803145,
      "est": 0.002934142890402976,
      "abs_error": 4.4858952975845856e-08,
      "pct_error": 0.001528883919181018
    },
    "dKg_xx": {
      "true": -9.99999999995449e-06,
      "est": -1.0472834070407444e-05,
      "abs_error": 4.7283407045295434e-07,
      "pct_error": 4.728340704551062
    },
    "dKg_yx": {
      "true": 0.0001454441043328608,
      "est": 0.0001452769980810525,
      "abs_error": 1.6710625180829598e-07,
      "pct_error": 0.1148937955063889
    },
    "dKg_zx": {
      "true": 0.00024240684055476798,
      "est": 0.00024224358133536958,
      "abs_error": 1.6325921939840636e-07,
      "pct_error": 0.06734926251452897
    },
    "dKg_xy": {
      "true": 4.84813681109536e-05,
      "est": 4.8417741930489234e-05,
      "abs_error": 6.362618046436232e-08,
      "pct_error": 0.1312384178572448
    },
    "dKg_yy": {
      "true": -2.0000000000020002e-05,
      "est": -1.9508455055605722e-05,
      "abs_error": 4.915449444142794e-07,
      "pct_error": 2.457724722068939
    },
    "dKg_zy": {
      "true": 0.0002908882086657216,
      "est": 0.00029131934628033173,
      "abs_error": 4.311376146101469e-07,
      "pct_error": 0.14821419423899543
    },
    "dKg_xz": {
      "true": 9.69627362219072e-05,
      "est": 9.771626348631299e-05,
      "abs_error": 7.535272644057994e-07,
      "pct_error": 0.7771307759728339
    },
    "dKg_yz": {
      "true": 0.0001939254724438144,
      "est": 0.00019367792771956155,
      "abs_error": 2.4754472425283234e-07,
      "pct_error": 0.12764941146375341
    },
    "dKg_zz": {
      "true": -2.999999999997449e-05,
      "est": -2.974074834871665e-05,
      "abs_error": 2.5925165125784133e-07,
      "pct_error": 0.8641721708602059
    },
    "dKa_xx": {
      "true": -9.99999999995449e-06,
      "est": -9.746901655782736e-06,
      "abs_error": 2.530983441717538e-07,
      "pct_error": 2.530983441729057
    },
    "dKa_xy": {
      "true": 4.84813681109536e-05,
      "est": 4.8486843905671584e-05,
      "abs_error": 5.475794717986905e-09,
      "pct_error": 0.011294637365544426
    },
    "dKa_xz": {
      "true": 9.69627362219072e-05,
      "est": 9.689457017505662e-05,
      "abs_error": 6.816604685057218e-08,
      "pct_error": 0.07030128223131882
    },
    "dKa_yy": {
      "true": -2.0000000000020002e-05,
      "est": -1.9751610483620397e-05,
      "abs_error": 2.4838951639960527e-07,
      "pct_error": 1.2419475819967842
    },
    "dKa_yz": {
      "true": 0.0001939254724438144,
      "est": 0.00019385041815375196,
      "abs_error": 7.505429006242413e-08,
      "pct_error": 0.03870264649434821
    },
    "dKa_zz": {
      "true": -2.999999999997449e-05,
      "est": -2.9465312465060123e-05,
      "abs_error": 5.346875349143687e-07,
      "pct_error": 1.7822917830494112
    },
    "Ka2_x": {
      "true": 1.0224607248440952e-06,
      "est": 1.0103101077894567e-06,
      "abs_error": 1.215061705463847e-08,
      "pct_error": 1.1883700526972512
    },
    "Ka2_y": {
      "true": 2.0449214496881904e-06,
      "est": 1.9869157140399584e-06,
      "abs_error": 5.800573564823205e-08,
      "pct_error": 2.8365752463047795
    },
    "Ka2_z": {
      "true": 3.0673821745322856e-06,
      "est": 3.0740571534750396e-06,
      "abs_error": 6.674978942753968e-09,
      "pct_error": 0.217611584176718
    },
    "rx_x": {
      "true": 0.01,
      "est": 0.009933918432397907,
      "abs_error": 6.608156760209288e-05,
      "pct_error": 0.6608156760209288
    },
    "rx_y": {
      "true": 0.02,
      "est": 0.02021288127583753,
      "abs_error": 0.000212881275837528,
      "pct_error": 1.06440637918764
    },
    "rx_z": {
      "true": 0.03,
      "est": 0.030309626574709463,
      "abs_error": 0.0003096265747094644,
      "pct_error": 1.0320885823648813
    },
    "ry_x": {
      "true": 0.04,
      "est": 0.04054368541721348,
      "abs_error": 0.0005436854172134811,
      "pct_error": 1.359213543033703
    },
    "ry_y": {
      "true": 0.05,
      "est": 0.050285321004102664,
      "abs_error": 0.00028532100410266076,
      "pct_error": 0.5706420082053215
    },
    "ry_z": {
      "true": 0.06,
      "est": 0.061039805527538606,
      "abs_error": 0.0010398055275386078,
      "pct_error": 1.7330092125643466
    }
  },
  "focus_scale_pct": {
    "dKg_xx": 4.728340704551062,
    "dKg_xy": 0.1312384178572448,
    "dKg_yy": 2.457724722068939,
    "dKg_zz": 0.8641721708602059,
    "dKa_xx": 2.530983441729057
  },
  "lever_guard_pct": {
    "rx_y": 1.06440637918764,
    "ry_z": 1.7330092125643466
  },
  "overall": {
    "mean_pct_error": 1.0602857137869846,
    "median_pct_error": 0.6157288421131252,
    "max_pct_error": 4.728340704551062
  },
  "extra": {
    "noise_scale": 0.08,
    "noise_config": {
      "arw_dpsh": 0.0004,
      "vrw_ugpsHz": 0.4,
      "bi_g_dph": 0.00016,
      "bi_a_ug": 0.4,
      "tau_g": 300.0,
      "tau_a": 300.0,
      "seed": 42,
      "base_family": "round53_round61_shared"
    },
    "comparison_mode": "corrected_inbasin_ridge_resume",
    "candidate_name": "relay_r4_l9y0p8125_l12y0p1875_on_entry",
    "method_key": "kf36_noisy",
    "legality": "faithful12_base_plus_closed_loop_local_insertions",
    "time_total_s": 1348.0,
    "att0_deg": [
      0.0,
      0.0,
      0.0
    ],
    "candidate_registry_key": "relay_r4_l9y0p8125_l12y0p1875_on_entry",
    "family": "fixed_l9_terminal_midpoint_compromise",
    "hypothesis_id": "A"
  }
}