{
  "variant": "kf36_shared_noise0p08",
  "method_file": "source_mod.run_calibration(n_states=36)",
  "source_file": "/root/.openclaw/workspace/tmp_psins_py/psins_py/test_calibration_markov_pruned.py",
  "param_order": [
    "eb_x",
    "eb_y",
    "eb_z",
    "db_x",
    "db_y",
    "db_z",
    "dKg_xx",
    "dKg_yx",
    "dKg_zx",
    "dKg_xy",
    "dKg_yy",
    "dKg_zy",
    "dKg_xz",
    "dKg_yz",
    "dKg_zz",
    "dKa_xx",
    "dKa_xy",
    "dKa_xz",
    "dKa_yy",
    "dKa_yz",
    "dKa_zz",
    "Ka2_x",
    "Ka2_y",
    "Ka2_z",
    "rx_x",
    "rx_y",
    "rx_z",
    "ry_x",
    "ry_y",
    "ry_z"
  ],
  "param_errors": {
    "eb_x": {
      "true": 4.84813681109536e-07,
      "est": 4.1349102689765587e-07,
      "abs_error": 7.132265421188018e-08,
      "pct_error": 14.711353452042115
    },
    "eb_y": {
      "true": 9.69627362219072e-07,
      "est": 9.010748935033898e-07,
      "abs_error": 6.85524687156823e-08,
      "pct_error": 7.069980838700171
    },
    "eb_z": {
      "true": 1.4544410433286078e-06,
      "est": 1.4174800651025585e-06,
      "abs_error": 3.6960978226049306e-08,
      "pct_error": 2.541249670833069
    },
    "db_x": {
      "true": 0.00097803267715,
      "est": 0.0009797571602412128,
      "abs_error": 1.724483091212906e-06,
      "pct_error": 0.17632162314229338
    },
    "db_y": {
      "true": 0.0019560653543,
      "est": 0.0019620154414914247,
      "abs_error": 5.950087191424879e-06,
      "pct_error": 0.30418652313149247
    },
    "db_z": {
      "true": 0.00293409803145,
      "est": 0.0029439850489297106,
      "abs_error": 9.887017479710478e-06,
      "pct_error": 0.3369695686283672
    },
    "dKg_xx": {
      "true": -9.99999999995449e-06,
      "est": -9.691810953338376e-06,
      "abs_error": 3.081890466161141e-07,
      "pct_error": 3.0818904661751674
    },
    "dKg_yx": {
      "true": 0.0001454441043328608,
      "est": 0.0001454881020606882,
      "abs_error": 4.39977278274121e-08,
      "pct_error": 0.030250609352112125
    },
    "dKg_zx": {
      "true": 0.00024240684055476798,
      "est": 0.0002427367691149889,
      "abs_error": 3.2992856022090477e-07,
      "pct_error": 0.13610530109869678
    },
    "dKg_xy": {
      "true": 4.84813681109536e-05,
      "est": 4.775241614311142e-05,
      "abs_error": 7.289519678421787e-07,
      "pct_error": 1.503571364104066
    },
    "dKg_yy": {
      "true": -2.0000000000020002e-05,
      "est": -1.9745356823142046e-05,
      "abs_error": 2.5464317687795557e-07,
      "pct_error": 1.2732158843885046
    },
    "dKg_zy": {
      "true": 0.0002908882086657216,
      "est": 0.0002907622924689103,
      "abs_error": 1.2591619681130576e-07,
      "pct_error": 0.04328679989775873
    },
    "dKg_xz": {
      "true": 9.69627362219072e-05,
      "est": 9.66223015327792e-05,
      "abs_error": 3.4043468912799526e-07,
      "pct_error": 0.35109847596388216
    },
    "dKg_yz": {
      "true": 0.0001939254724438144,
      "est": 0.00019386713496340514,
      "abs_error": 5.833748040925111e-08,
      "pct_error": 0.030082422733894904
    },
    "dKg_zz": {
      "true": -2.999999999997449e-05,
      "est": -3.0255663633349528e-05,
      "abs_error": 2.5566363337503617e-07,
      "pct_error": 0.8522121112508451
    },
    "dKa_xx": {
      "true": -9.99999999995449e-06,
      "est": -9.6746000100012e-06,
      "abs_error": 3.2539998995329e-07,
      "pct_error": 3.253999899547709
    },
    "dKa_xy": {
      "true": 4.84813681109536e-05,
      "est": 4.799483287255711e-05,
      "abs_error": 4.865352383964864e-07,
      "pct_error": 1.0035509668023612
    },
    "dKa_xz": {
      "true": 9.69627362219072e-05,
      "est": 9.664514732416024e-05,
      "abs_error": 3.1758889774695007e-07,
      "pct_error": 0.3275370623000178
    },
    "dKa_yy": {
      "true": -2.0000000000020002e-05,
      "est": -1.9810467865921666e-05,
      "abs_error": 1.895321340983358e-07,
      "pct_error": 0.9476606704907313
    },
    "dKa_yz": {
      "true": 0.0001939254724438144,
      "est": 0.0001937333199372697,
      "abs_error": 1.9215250654467937e-07,
      "pct_error": 0.09908574883083052
    },
    "dKa_zz": {
      "true": -2.999999999997449e-05,
      "est": -2.96094055918239e-05,
      "abs_error": 3.9059440815059077e-07,
      "pct_error": 1.3019813605030763
    },
    "Ka2_x": {
      "true": 1.0224607248440952e-06,
      "est": 1.0125100420454953e-06,
      "abs_error": 9.950682798599966e-09,
      "pct_error": 0.9732092936985179
    },
    "Ka2_y": {
      "true": 2.0449214496881904e-06,
      "est": 2.004007681670717e-06,
      "abs_error": 4.091376801747331e-08,
      "pct_error": 2.0007501033211734
    },
    "Ka2_z": {
      "true": 3.0673821745322856e-06,
      "est": 3.027847063610563e-06,
      "abs_error": 3.9535110921722504e-08,
      "pct_error": 1.2888876792064823
    },
    "rx_x": {
      "true": 0.01,
      "est": 0.009890330057128116,
      "abs_error": 0.00010966994287188447,
      "pct_error": 1.0966994287188447
    },
    "rx_y": {
      "true": 0.02,
      "est": 0.0201548326822003,
      "abs_error": 0.0001548326822003003,
      "pct_error": 0.7741634110015015
    },
    "rx_z": {
      "true": 0.03,
      "est": 0.0298471038161797,
      "abs_error": 0.00015289618382029885,
      "pct_error": 0.5096539460676629
    },
    "ry_x": {
      "true": 0.04,
      "est": 0.03993368204595599,
      "abs_error": 6.63179540440137e-05,
      "pct_error": 0.16579488511003423
    },
    "ry_y": {
      "true": 0.05,
      "est": 0.05007599851198911,
      "abs_error": 7.599851198910462e-05,
      "pct_error": 0.15199702397820924
    },
    "ry_z": {
      "true": 0.06,
      "est": 0.059785278956919756,
      "abs_error": 0.0002147210430802418,
      "pct_error": 0.35786840513373636
    }
  },
  "focus_scale_pct": {
    "dKg_xx": 3.0818904661751674,
    "dKg_xy": 1.503571364104066,
    "dKg_yy": 1.2732158843885046,
    "dKg_zz": 0.8522121112508451,
    "dKa_xx": 3.253999899547709
  },
  "lever_guard_pct": {
    "rx_y": 0.7741634110015015,
    "ry_z": 0.35786840513373636
  },
  "overall": {
    "mean_pct_error": 1.5564871665384443,
    "median_pct_error": 0.8131877611261733,
    "max_pct_error": 14.711353452042115
  },
  "extra": {
    "noise_scale": 0.08,
    "noise_config": {
      "arw_dpsh": 0.0004,
      "vrw_ugpsHz": 0.4,
      "bi_g_dph": 0.00016,
      "bi_a_ug": 0.4,
      "tau_g": 300.0,
      "tau_a": 300.0,
      "seed": 42,
      "base_family": "round53_round61_shared"
    },
    "comparison_mode": "shared_dataset_apples_to_apples",
    "mainline_rung": "kf36_noisy"
  }
}