{
  "variant": "zseed_l5_neg5p5_plus_relaymax_unified_l9y2p5_kf36_noisy_noise0p08",
  "method_file": "search_ch3_12pos_closedloop_local_insertions.py",
  "source_file": "/root/.openclaw/workspace/tmp_psins_py/psins_py/test_calibration_markov_pruned.py",
  "param_order": [
    "eb_x",
    "eb_y",
    "eb_z",
    "db_x",
    "db_y",
    "db_z",
    "dKg_xx",
    "dKg_yx",
    "dKg_zx",
    "dKg_xy",
    "dKg_yy",
    "dKg_zy",
    "dKg_xz",
    "dKg_yz",
    "dKg_zz",
    "dKa_xx",
    "dKa_xy",
    "dKa_xz",
    "dKa_yy",
    "dKa_yz",
    "dKa_zz",
    "Ka2_x",
    "Ka2_y",
    "Ka2_z",
    "rx_x",
    "rx_y",
    "rx_z",
    "ry_x",
    "ry_y",
    "ry_z"
  ],
  "param_errors": {
    "eb_x": {
      "true": 4.84813681109536e-07,
      "est": 4.6279137649655093e-07,
      "abs_error": 2.202230461298512e-08,
      "pct_error": 4.542426394111911
    },
    "eb_y": {
      "true": 9.69627362219072e-07,
      "est": 9.700362828013998e-07,
      "abs_error": 4.08920582327728e-10,
      "pct_error": 0.04217296234213931
    },
    "eb_z": {
      "true": 1.4544410433286078e-06,
      "est": 1.4473253912466742e-06,
      "abs_error": 7.115652081933633e-09,
      "pct_error": 0.4892361993339296
    },
    "db_x": {
      "true": 0.00097803267715,
      "est": 0.0009805363318400764,
      "abs_error": 2.503654690076511e-06,
      "pct_error": 0.2559888589174948
    },
    "db_y": {
      "true": 0.0019560653543,
      "est": 0.001961628729299174,
      "abs_error": 5.56337499917417e-06,
      "pct_error": 0.284416621711757
    },
    "db_z": {
      "true": 0.00293409803145,
      "est": 0.0029432294325731716,
      "abs_error": 9.131401123171467e-06,
      "pct_error": 0.31121663370800273
    },
    "dKg_xx": {
      "true": -9.99999999995449e-06,
      "est": -1.2854339193291153e-05,
      "abs_error": 2.8543391933366635e-06,
      "pct_error": 28.543391933496537
    },
    "dKg_yx": {
      "true": 0.0001454441043328608,
      "est": 0.0001451192878194027,
      "abs_error": 3.248165134580889e-07,
      "pct_error": 0.22332738404763358
    },
    "dKg_zx": {
      "true": 0.00024240684055476798,
      "est": 0.0002417420252706129,
      "abs_error": 6.648152841550934e-07,
      "pct_error": 0.2742559915527173
    },
    "dKg_xy": {
      "true": 4.84813681109536e-05,
      "est": 4.882043785962996e-05,
      "abs_error": 3.390697486763624e-07,
      "pct_error": 0.6993815601498155
    },
    "dKg_yy": {
      "true": -2.0000000000020002e-05,
      "est": -1.950357095514832e-05,
      "abs_error": 4.964290448716824e-07,
      "pct_error": 2.4821452243559294
    },
    "dKg_zy": {
      "true": 0.0002908882086657216,
      "est": 0.00028973215323040304,
      "abs_error": 1.1560554353185403e-06,
      "pct_error": 0.397422583961469
    },
    "dKg_xz": {
      "true": 9.69627362219072e-05,
      "est": 9.704007045344343e-05,
      "abs_error": 7.733423153623905e-08,
      "pct_error": 0.07975665142045218
    },
    "dKg_yz": {
      "true": 0.0001939254724438144,
      "est": 0.00019524401801512072,
      "abs_error": 1.318545571306329e-06,
      "pct_error": 0.6799238669836674
    },
    "dKg_zz": {
      "true": -2.999999999997449e-05,
      "est": -2.0104667725062697e-05,
      "abs_error": 9.895332274911794e-06,
      "pct_error": 32.98444091640069
    },
    "dKa_xx": {
      "true": -9.99999999995449e-06,
      "est": -9.568302290041686e-06,
      "abs_error": 4.3169770991280387e-07,
      "pct_error": 4.316977099147685
    },
    "dKa_xy": {
      "true": 4.84813681109536e-05,
      "est": 5.070741157413487e-05,
      "abs_error": 2.226043463181271e-06,
      "pct_error": 4.591544236307002
    },
    "dKa_xz": {
      "true": 9.69627362219072e-05,
      "est": 9.660067394142336e-05,
      "abs_error": 3.620622804838378e-07,
      "pct_error": 0.3734035306669033
    },
    "dKa_yy": {
      "true": -2.0000000000020002e-05,
      "est": -2.397681272858776e-06,
      "abs_error": 1.7602318727161226e-05,
      "pct_error": 88.01159363571811
    },
    "dKa_yz": {
      "true": 0.0001939254724438144,
      "est": 0.00019519038205923232,
      "abs_error": 1.2649096154179339e-06,
      "pct_error": 0.6522658418606733
    },
    "dKa_zz": {
      "true": -2.999999999997449e-05,
      "est": -3.0464332952062634e-05,
      "abs_error": 4.643329520881423e-07,
      "pct_error": 1.5477765069617904
    },
    "Ka2_x": {
      "true": 1.0224607248440952e-06,
      "est": 1.0325011062909917e-06,
      "abs_error": 1.0040381446896444e-08,
      "pct_error": 0.9819821146115321
    },
    "Ka2_y": {
      "true": 2.0449214496881904e-06,
      "est": 8.636724466620416e-09,
      "abs_error": 2.03628472522157e-06,
      "pct_error": 99.57765006240523
    },
    "Ka2_z": {
      "true": 3.0673821745322856e-06,
      "est": 2.987312615397796e-06,
      "abs_error": 8.006955913448945e-08,
      "pct_error": 2.6103548426174985
    },
    "rx_x": {
      "true": 0.01,
      "est": 0.009825810921222814,
      "abs_error": 0.0001741890787771861,
      "pct_error": 1.741890787771861
    },
    "rx_y": {
      "true": 0.02,
      "est": 0.019952829382766987,
      "abs_error": 4.7170617233013856e-05,
      "pct_error": 0.23585308616506928
    },
    "rx_z": {
      "true": 0.03,
      "est": 0.030611999601074864,
      "abs_error": 0.0006119996010748655,
      "pct_error": 2.0399986702495516
    },
    "ry_x": {
      "true": 0.04,
      "est": 0.04030867877249612,
      "abs_error": 0.00030867877249612236,
      "pct_error": 0.7716969312403059
    },
    "ry_y": {
      "true": 0.05,
      "est": 0.04998251712145064,
      "abs_error": 1.7482878549364422e-05,
      "pct_error": 0.034965757098728845
    },
    "ry_z": {
      "true": 0.06,
      "est": 0.06069913356233298,
      "abs_error": 0.0006991335623329833,
      "pct_error": 1.1652226038883056
    }
  },
  "focus_scale_pct": {
    "dKg_xx": 28.543391933496537,
    "dKg_xy": 0.6993815601498155,
    "dKg_yy": 2.4821452243559294,
    "dKg_zz": 32.98444091640069,
    "dKa_xx": 4.316977099147685
  },
  "lever_guard_pct": {
    "rx_y": 0.23585308616506928,
    "ry_z": 1.1652226038883056
  },
  "overall": {
    "mean_pct_error": 9.364755982973481,
    "median_pct_error": 0.7355392456950607,
    "max_pct_error": 99.57765006240523
  },
  "extra": {
    "noise_scale": 0.08,
    "noise_config": {
      "arw_dpsh": 0.0004,
      "vrw_ugpsHz": 0.4,
      "bi_g_dph": 0.00016,
      "bi_a_ug": 0.4,
      "tau_g": 300.0,
      "tau_a": 300.0,
      "seed": 42,
      "base_family": "round53_round61_shared"
    },
    "comparison_mode": "ch3_closedloop_local_insertions",
    "candidate_name": "zseed_l5_neg5p5_plus_relaymax_unified_l9y2p5",
    "method_key": "kf36_noisy",
    "legality": "faithful12_base_plus_closed_loop_local_insertions",
    "time_total_s": 1350.0
  }
}