{
  "variant": "trihybrid_l7neg1_l9y0p75_l12y0p5_on_entry_kf36_noisy_noise0p08",
  "method_file": "search_ch3_12pos_closedloop_local_insertions.py",
  "source_file": "/root/.openclaw/workspace/tmp_psins_py/psins_py/test_calibration_markov_pruned.py",
  "param_order": [
    "eb_x",
    "eb_y",
    "eb_z",
    "db_x",
    "db_y",
    "db_z",
    "dKg_xx",
    "dKg_yx",
    "dKg_zx",
    "dKg_xy",
    "dKg_yy",
    "dKg_zy",
    "dKg_xz",
    "dKg_yz",
    "dKg_zz",
    "dKa_xx",
    "dKa_xy",
    "dKa_xz",
    "dKa_yy",
    "dKa_yz",
    "dKa_zz",
    "Ka2_x",
    "Ka2_y",
    "Ka2_z",
    "rx_x",
    "rx_y",
    "rx_z",
    "ry_x",
    "ry_y",
    "ry_z"
  ],
  "param_errors": {
    "eb_x": {
      "true": 4.84813681109536e-07,
      "est": 4.6081530206585387e-07,
      "abs_error": 2.3998379043682177e-08,
      "pct_error": 4.950021003689481
    },
    "eb_y": {
      "true": 9.69627362219072e-07,
      "est": 9.664086899235199e-07,
      "abs_error": 3.2186722955522403e-09,
      "pct_error": 0.3319494087074898
    },
    "eb_z": {
      "true": 1.4544410433286078e-06,
      "est": 1.4508666491551953e-06,
      "abs_error": 3.574394173412555e-09,
      "pct_error": 0.2457572405432303
    },
    "db_x": {
      "true": 0.00097803267715,
      "est": 0.000980719945184193,
      "abs_error": 2.687268034193063e-06,
      "pct_error": 0.2747626022091406
    },
    "db_y": {
      "true": 0.0019560653543,
      "est": 0.001967073288446801,
      "abs_error": 1.1007934146801089e-05,
      "pct_error": 0.5627590163387155
    },
    "db_z": {
      "true": 0.00293409803145,
      "est": 0.002935258051248243,
      "abs_error": 1.160019798242956e-06,
      "pct_error": 0.039535822791499795
    },
    "dKg_xx": {
      "true": -9.99999999995449e-06,
      "est": -1.0524807519951551e-05,
      "abs_error": 5.248075199970614e-07,
      "pct_error": 5.248075199994498
    },
    "dKg_yx": {
      "true": 0.0001454441043328608,
      "est": 0.00014500902604461555,
      "abs_error": 4.350782882452358e-07,
      "pct_error": 0.2991377960907397
    },
    "dKg_zx": {
      "true": 0.00024240684055476798,
      "est": 0.00024270713063825154,
      "abs_error": 3.002900834835542e-07,
      "pct_error": 0.12387855177531941
    },
    "dKg_xy": {
      "true": 4.84813681109536e-05,
      "est": 4.857855630332513e-05,
      "abs_error": 9.718819237153326e-08,
      "pct_error": 0.20046503669019838
    },
    "dKg_yy": {
      "true": -2.0000000000020002e-05,
      "est": -1.9644148493425106e-05,
      "abs_error": 3.558515065948953e-07,
      "pct_error": 1.779257532972697
    },
    "dKg_zy": {
      "true": 0.0002908882086657216,
      "est": 0.00029125421708875253,
      "abs_error": 3.660084230309524e-07,
      "pct_error": 0.12582442743547448
    },
    "dKg_xz": {
      "true": 9.69627362219072e-05,
      "est": 9.778200733015315e-05,
      "abs_error": 8.192711082459535e-07,
      "pct_error": 0.8449339820309777
    },
    "dKg_yz": {
      "true": 0.0001939254724438144,
      "est": 0.000193800082586389,
      "abs_error": 1.2538985742538465e-07,
      "pct_error": 0.064658786617995
    },
    "dKg_zz": {
      "true": -2.999999999997449e-05,
      "est": -2.9923551748023414e-05,
      "abs_error": 7.644825195107785e-08,
      "pct_error": 0.25482750650380953
    },
    "dKa_xx": {
      "true": -9.99999999995449e-06,
      "est": -9.714241127056766e-06,
      "abs_error": 2.857588728977234e-07,
      "pct_error": 2.8575887289902386
    },
    "dKa_xy": {
      "true": 4.84813681109536e-05,
      "est": 4.858923727470824e-05,
      "abs_error": 1.0786916375464485e-07,
      "pct_error": 0.2224961216188813
    },
    "dKa_xz": {
      "true": 9.69627362219072e-05,
      "est": 9.674021295685372e-05,
      "abs_error": 2.2252326505347827e-07,
      "pct_error": 0.22949359075863482
    },
    "dKa_yy": {
      "true": -2.0000000000020002e-05,
      "est": -1.9808813003008297e-05,
      "abs_error": 1.9118699701170527e-07,
      "pct_error": 0.9559349850575704
    },
    "dKa_yz": {
      "true": 0.0001939254724438144,
      "est": 0.00019362083235390648,
      "abs_error": 3.0464008990790546e-07,
      "pct_error": 0.15709132279988033
    },
    "dKa_zz": {
      "true": -2.999999999997449e-05,
      "est": -2.940070902202052e-05,
      "abs_error": 5.992909779539701e-07,
      "pct_error": 1.997636593181599
    },
    "Ka2_x": {
      "true": 1.0224607248440952e-06,
      "est": 9.883578693991021e-07,
      "abs_error": 3.41028554449931e-08,
      "pct_error": 3.335370700932606
    },
    "Ka2_y": {
      "true": 2.0449214496881904e-06,
      "est": 1.9688177063960842e-06,
      "abs_error": 7.610374329210622e-08,
      "pct_error": 3.72159738965575
    },
    "Ka2_z": {
      "true": 3.0673821745322856e-06,
      "est": 3.0744391256417055e-06,
      "abs_error": 7.056951109419838e-09,
      "pct_error": 0.23006429286875157
    },
    "rx_x": {
      "true": 0.01,
      "est": 0.009964150973197805,
      "abs_error": 3.5849026802195136e-05,
      "pct_error": 0.3584902680219514
    },
    "rx_y": {
      "true": 0.02,
      "est": 0.020080965553807433,
      "abs_error": 8.096555380743276e-05,
      "pct_error": 0.4048277690371638
    },
    "rx_z": {
      "true": 0.03,
      "est": 0.03030220209962898,
      "abs_error": 0.0003022020996289801,
      "pct_error": 1.0073403320966003
    },
    "ry_x": {
      "true": 0.04,
      "est": 0.040608256991035575,
      "abs_error": 0.0006082569910355745,
      "pct_error": 1.5206424775889362
    },
    "ry_y": {
      "true": 0.05,
      "est": 0.050178644616514015,
      "abs_error": 0.0001786446165140121,
      "pct_error": 0.3572892330280242
    },
    "ry_z": {
      "true": 0.06,
      "est": 0.06098966848255746,
      "abs_error": 0.0009896684825574653,
      "pct_error": 1.649447470929109
    }
  },
  "focus_scale_pct": {
    "dKg_xx": 5.248075199994498,
    "dKg_xy": 0.20046503669019838,
    "dKg_yy": 1.779257532972697,
    "dKg_zz": 0.25482750650380953,
    "dKa_xx": 2.8575887289902386
  },
  "lever_guard_pct": {
    "rx_y": 0.4048277690371638,
    "ry_z": 1.649447470929109
  },
  "overall": {
    "mean_pct_error": 1.1450385063652324,
    "median_pct_error": 0.3578897505249878,
    "max_pct_error": 5.248075199994498
  },
  "extra": {
    "noise_scale": 0.08,
    "noise_config": {
      "arw_dpsh": 0.0004,
      "vrw_ugpsHz": 0.4,
      "bi_g_dph": 0.00016,
      "bi_a_ug": 0.4,
      "tau_g": 300.0,
      "tau_a": 300.0,
      "seed": 42,
      "base_family": "round53_round61_shared"
    },
    "comparison_mode": "corrected_frontier_microhybrid_tribranch",
    "candidate_name": "trihybrid_l7neg1_l9y0p75_l12y0p5_on_entry",
    "method_key": "kf36_noisy",
    "legality": "faithful12_base_plus_closed_loop_local_insertions",
    "time_total_s": 1360.5,
    "att0_deg": [
      0.0,
      0.0,
      0.0
    ],
    "candidate_registry_key": "trihybrid_l7neg1_l9y0p75_l12y0p5_on_entry",
    "family": "tribranch_microhybrid_on_companion_backbone",
    "hypothesis_id": "H2"
  }
}