{
  "variant": "kf36_shared_noise1over3",
  "method_file": "source_mod.run_calibration(n_states=36)",
  "source_file": "/root/.openclaw/workspace/tmp_psins_py/psins_py/test_calibration_markov_pruned.py",
  "param_order": [
    "eb_x",
    "eb_y",
    "eb_z",
    "db_x",
    "db_y",
    "db_z",
    "dKg_xx",
    "dKg_yx",
    "dKg_zx",
    "dKg_xy",
    "dKg_yy",
    "dKg_zy",
    "dKg_xz",
    "dKg_yz",
    "dKg_zz",
    "dKa_xx",
    "dKa_xy",
    "dKa_xz",
    "dKa_yy",
    "dKa_yz",
    "dKa_zz",
    "Ka2_x",
    "Ka2_y",
    "Ka2_z",
    "rx_x",
    "rx_y",
    "rx_z",
    "ry_x",
    "ry_y",
    "ry_z"
  ],
  "param_errors": {
    "eb_x": {
      "true": 4.84813681109536e-07,
      "est": 4.289752907722183e-07,
      "abs_error": 5.583839033731773e-08,
      "pct_error": 11.517494764076577
    },
    "eb_y": {
      "true": 9.69627362219072e-07,
      "est": 9.003537953693265e-07,
      "abs_error": 6.927356684974563e-08,
      "pct_error": 7.144349422154028
    },
    "eb_z": {
      "true": 1.4544410433286078e-06,
      "est": 1.4047544679823295e-06,
      "abs_error": 4.9686575346278325e-08,
      "pct_error": 3.4161972789606176
    },
    "db_x": {
      "true": 0.00097803267715,
      "est": 0.0009885967850080766,
      "abs_error": 1.0564107858076653e-05,
      "pct_error": 1.0801385377900259
    },
    "db_y": {
      "true": 0.0019560653543,
      "est": 0.0019772693434118942,
      "abs_error": 2.1203989111894406e-05,
      "pct_error": 1.084012303846693
    },
    "db_z": {
      "true": 0.00293409803145,
      "est": 0.002973620620667128,
      "abs_error": 3.952258921712795e-05,
      "pct_error": 1.3470098406220021
    },
    "dKg_xx": {
      "true": -9.99999999995449e-06,
      "est": -8.668797042643561e-06,
      "abs_error": 1.3312029573109285e-06,
      "pct_error": 13.312029573169868
    },
    "dKg_yx": {
      "true": 0.0001454441043328608,
      "est": 0.00014480252792283075,
      "abs_error": 6.415764100300406e-07,
      "pct_error": 0.44111544635851324
    },
    "dKg_zx": {
      "true": 0.00024240684055476798,
      "est": 0.00024424758318116987,
      "abs_error": 1.8407426264018835e-06,
      "pct_error": 0.7593608423711116
    },
    "dKg_xy": {
      "true": 4.84813681109536e-05,
      "est": 4.654953630023879e-05,
      "abs_error": 1.9318318107148093e-06,
      "pct_error": 3.9846891413906746
    },
    "dKg_yy": {
      "true": -2.0000000000020002e-05,
      "est": -1.8978601729280342e-05,
      "abs_error": 1.0213982707396596e-06,
      "pct_error": 5.10699135369319
    },
    "dKg_zy": {
      "true": 0.0002908882086657216,
      "est": 0.0002911908922950465,
      "abs_error": 3.026836293249001e-07,
      "pct_error": 0.10405496692811408
    },
    "dKg_xz": {
      "true": 9.69627362219072e-05,
      "est": 9.596577078924026e-05,
      "abs_error": 9.969654326669316e-07,
      "pct_error": 1.0281944090204862
    },
    "dKg_yz": {
      "true": 0.0001939254724438144,
      "est": 0.0001932195286376247,
      "abs_error": 7.05943806189683e-07,
      "pct_error": 0.3640284060126318
    },
    "dKg_zz": {
      "true": -2.999999999997449e-05,
      "est": -3.1114940907350785e-05,
      "abs_error": 1.114940907376294e-06,
      "pct_error": 3.7164696912574726
    },
    "dKa_xx": {
      "true": -9.99999999995449e-06,
      "est": -9.328307494227417e-06,
      "abs_error": 6.716925057270728e-07,
      "pct_error": 6.716925057301297
    },
    "dKa_xy": {
      "true": 4.84813681109536e-05,
      "est": 4.734981066323652e-05,
      "abs_error": 1.1315574477170759e-06,
      "pct_error": 2.3340047771082153
    },
    "dKa_xz": {
      "true": 9.69627362219072e-05,
      "est": 9.529049989015214e-05,
      "abs_error": 1.672236331755049e-06,
      "pct_error": 1.7246175148440517
    },
    "dKa_yy": {
      "true": -2.0000000000020002e-05,
      "est": -2.000887310371624e-05,
      "abs_error": 8.873103696238616e-09,
      "pct_error": 0.044365518481148704
    },
    "dKa_yz": {
      "true": 0.0001939254724438144,
      "est": 0.00019322745987317865,
      "abs_error": 6.980125706357342e-07,
      "pct_error": 0.3599385691005435
    },
    "dKa_zz": {
      "true": -2.999999999997449e-05,
      "est": -2.9088394013276897e-05,
      "abs_error": 9.116059866975945e-07,
      "pct_error": 3.0386866223278988
    },
    "Ka2_x": {
      "true": 1.0224607248440952e-06,
      "est": 9.532352649727889e-07,
      "abs_error": 6.92254598713063e-08,
      "pct_error": 6.77047618448736
    },
    "Ka2_y": {
      "true": 2.0449214496881904e-06,
      "est": 1.932615770318641e-06,
      "abs_error": 1.123056793695496e-07,
      "pct_error": 5.491931212647506
    },
    "Ka2_z": {
      "true": 3.0673821745322856e-06,
      "est": 2.9006753269704733e-06,
      "abs_error": 1.6670684756181238e-07,
      "pct_error": 5.4348248140038775
    },
    "rx_x": {
      "true": 0.01,
      "est": 0.009860375206379954,
      "abs_error": 0.00013962479362004607,
      "pct_error": 1.3962479362004607
    },
    "rx_y": {
      "true": 0.02,
      "est": 0.019781125045612268,
      "abs_error": 0.00021887495438773288,
      "pct_error": 1.0943747719386645
    },
    "rx_z": {
      "true": 0.03,
      "est": 0.029732254057339248,
      "abs_error": 0.00026774594266075133,
      "pct_error": 0.8924864755358377
    },
    "ry_x": {
      "true": 0.04,
      "est": 0.03964213538461827,
      "abs_error": 0.0003578646153817311,
      "pct_error": 0.8946615384543277
    },
    "ry_y": {
      "true": 0.05,
      "est": 0.049933143939460856,
      "abs_error": 6.685606053914717e-05,
      "pct_error": 0.13371212107829433
    },
    "ry_z": {
      "true": 0.06,
      "est": 0.05947500607850781,
      "abs_error": 0.0005249939214921895,
      "pct_error": 0.8749898691536492
    }
  },
  "focus_scale_pct": {
    "dKg_xx": 13.312029573169868,
    "dKg_xy": 3.9846891413906746,
    "dKg_yy": 5.10699135369319,
    "dKg_zz": 3.7164696912574726,
    "dKa_xx": 6.716925057301297
  },
  "lever_guard_pct": {
    "rx_y": 1.0943747719386645,
    "ry_z": 0.8749898691536492
  },
  "overall": {
    "mean_pct_error": 3.0536126320105046,
    "median_pct_error": 1.3716288884112315,
    "max_pct_error": 13.312029573169868
  },
  "extra": {
    "noise_scale": 0.3333333333333333,
    "noise_config": {
      "arw_dpsh": 0.0016666666666666666,
      "vrw_ugpsHz": 1.6666666666666665,
      "bi_g_dph": 0.0006666666666666666,
      "bi_a_ug": 1.6666666666666665,
      "tau_g": 300.0,
      "tau_a": 300.0,
      "seed": 42,
      "base_family": "round53_round61_shared"
    },
    "comparison_mode": "shared_dataset_apples_to_apples",
    "mainline_rung": "kf36_noisy"
  }
}