{
  "variant": "relay_l9y0p75_l12y0p25_on_entry_kf36_shared0p08",
  "method_file": "search_resume",
  "source_file": "/root/.openclaw/workspace/tmp_psins_py/psins_py/test_calibration_markov_pruned.py",
  "param_order": [
    "eb_x",
    "eb_y",
    "eb_z",
    "db_x",
    "db_y",
    "db_z",
    "dKg_xx",
    "dKg_yx",
    "dKg_zx",
    "dKg_xy",
    "dKg_yy",
    "dKg_zy",
    "dKg_xz",
    "dKg_yz",
    "dKg_zz",
    "dKa_xx",
    "dKa_xy",
    "dKa_xz",
    "dKa_yy",
    "dKa_yz",
    "dKa_zz",
    "Ka2_x",
    "Ka2_y",
    "Ka2_z",
    "rx_x",
    "rx_y",
    "rx_z",
    "ry_x",
    "ry_y",
    "ry_z"
  ],
  "param_errors": {
    "eb_x": {
      "true": 4.84813681109536e-07,
      "est": 4.6234250615652087e-07,
      "abs_error": 2.2471174953015178e-08,
      "pct_error": 4.635012547828279
    },
    "eb_y": {
      "true": 9.69627362219072e-07,
      "est": 9.669327007488875e-07,
      "abs_error": 2.6946614701846007e-09,
      "pct_error": 0.2779069130245712
    },
    "eb_z": {
      "true": 1.4544410433286078e-06,
      "est": 1.4462054208784538e-06,
      "abs_error": 8.235622450153993e-09,
      "pct_error": 0.5662396896684168
    },
    "db_x": {
      "true": 0.00097803267715,
      "est": 0.000979262020991699,
      "abs_error": 1.2293438416991972e-06,
      "pct_error": 0.1256955795466386
    },
    "db_y": {
      "true": 0.0019560653543,
      "est": 0.0019660774132328625,
      "abs_error": 1.0012058932862711e-05,
      "pct_error": 0.5118468516838304
    },
    "db_z": {
      "true": 0.00293409803145,
      "est": 0.002934157848290679,
      "abs_error": 5.981684067903406e-08,
      "pct_error": 0.0020386790092856307
    },
    "dKg_xx": {
      "true": -9.99999999995449e-06,
      "est": -1.0472543237272092e-05,
      "abs_error": 4.7254323731760195e-07,
      "pct_error": 4.725432373197525
    },
    "dKg_yx": {
      "true": 0.0001454441043328608,
      "est": 0.00014528140671687527,
      "abs_error": 1.6269761598551656e-07,
      "pct_error": 0.11186264079372354
    },
    "dKg_zx": {
      "true": 0.00024240684055476798,
      "est": 0.0002422484733741217,
      "abs_error": 1.5836718064628783e-07,
      "pct_error": 0.06533115166381094
    },
    "dKg_xy": {
      "true": 4.84813681109536e-05,
      "est": 4.841427420704496e-05,
      "abs_error": 6.70939039086336e-08,
      "pct_error": 0.1383911109007561
    },
    "dKg_yy": {
      "true": -2.0000000000020002e-05,
      "est": -1.9511427828078354e-05,
      "abs_error": 4.88572171941648e-07,
      "pct_error": 2.442860859705797
    },
    "dKg_zy": {
      "true": 0.0002908882086657216,
      "est": 0.0002913232191028218,
      "abs_error": 4.3501043710020455e-07,
      "pct_error": 0.1495455725398973
    },
    "dKg_xz": {
      "true": 9.69627362219072e-05,
      "est": 9.772534726537938e-05,
      "abs_error": 7.626110434721858e-07,
      "pct_error": 0.786499095618432
    },
    "dKg_yz": {
      "true": 0.0001939254724438144,
      "est": 0.00019368484497468987,
      "abs_error": 2.4062746912452177e-07,
      "pct_error": 0.12408244574174661
    },
    "dKg_zz": {
      "true": -2.999999999997449e-05,
      "est": -2.9736447195283233e-05,
      "abs_error": 2.635528046912583e-07,
      "pct_error": 0.8785093489716079
    },
    "dKa_xx": {
      "true": -9.99999999995449e-06,
      "est": -9.747272826876596e-06,
      "abs_error": 2.527271730778935e-07,
      "pct_error": 2.5272717307904364
    },
    "dKa_xy": {
      "true": 4.84813681109536e-05,
      "est": 4.8482899948155576e-05,
      "abs_error": 1.5318372019793285e-09,
      "pct_error": 0.003159641036683604
    },
    "dKa_xz": {
      "true": 9.69627362219072e-05,
      "est": 9.688998974373581e-05,
      "abs_error": 7.274647817138568e-08,
      "pct_error": 0.07502519112589746
    },
    "dKa_yy": {
      "true": -2.0000000000020002e-05,
      "est": -1.975194726266949e-05,
      "abs_error": 2.480527373505126e-07,
      "pct_error": 1.2402636867513226
    },
    "dKa_yz": {
      "true": 0.0001939254724438144,
      "est": 0.00019384625972428636,
      "abs_error": 7.921271952802435e-08,
      "pct_error": 0.04084699061438382
    },
    "dKa_zz": {
      "true": -2.999999999997449e-05,
      "est": -2.9466289942714496e-05,
      "abs_error": 5.337100572599951e-07,
      "pct_error": 1.7790335242014965
    },
    "Ka2_x": {
      "true": 1.0224607248440952e-06,
      "est": 1.010781963981704e-06,
      "abs_error": 1.1678760862391201e-08,
      "pct_error": 1.142220975203911
    },
    "Ka2_y": {
      "true": 2.0449214496881904e-06,
      "est": 1.986466719407571e-06,
      "abs_error": 5.845473028061932e-08,
      "pct_error": 2.858531817421764
    },
    "Ka2_z": {
      "true": 3.0673821745322856e-06,
      "est": 3.0736634938168954e-06,
      "abs_error": 6.281319284609788e-09,
      "pct_error": 0.2047778505320278
    },
    "rx_x": {
      "true": 0.01,
      "est": 0.009934506927808532,
      "abs_error": 6.549307219146788e-05,
      "pct_error": 0.6549307219146788
    },
    "rx_y": {
      "true": 0.02,
      "est": 0.020219463328670664,
      "abs_error": 0.0002194633286706632,
      "pct_error": 1.0973166433533161
    },
    "rx_z": {
      "true": 0.03,
      "est": 0.030311574207260713,
      "abs_error": 0.000311574207260714,
      "pct_error": 1.0385806908690467
    },
    "ry_x": {
      "true": 0.04,
      "est": 0.040544843302100904,
      "abs_error": 0.000544843302100903,
      "pct_error": 1.3621082552522576
    },
    "ry_y": {
      "true": 0.05,
      "est": 0.05028735545399365,
      "abs_error": 0.0002873554539936443,
      "pct_error": 0.5747109079872886
    },
    "ry_z": {
      "true": 0.06,
      "est": 0.0610421440380008,
      "abs_error": 0.0010421440380008057,
      "pct_error": 1.736906730001343
    }
  },
  "focus_scale_pct": {
    "dKg_xx": 4.725432373197525,
    "dKg_xy": 0.1383911109007561,
    "dKg_yy": 2.442860859705797,
    "dKg_zz": 0.8785093489716079,
    "dKa_xx": 2.5272717307904364
  },
  "lever_guard_pct": {
    "rx_y": 1.0973166433533161,
    "ry_z": 1.736906730001343
  },
  "overall": {
    "mean_pct_error": 1.0625646738983392,
    "median_pct_error": 0.6148208149509837,
    "max_pct_error": 4.725432373197525
  },
  "extra": {
    "candidate_name": "relay_l9y0p75_l12y0p25_on_entry",
    "noise_config": {
      "arw_dpsh": 0.0004,
      "vrw_ugpsHz": 0.4,
      "bi_g_dph": 0.00016,
      "bi_a_ug": 0.4,
      "tau_g": 300.0,
      "tau_a": 300.0,
      "seed": 42,
      "base_family": "round53_round61_shared"
    }
  }
}