{
  "variant": "y7_large_pos_noise0p08",
  "method_file": "ad-hoc targeted probe",
  "source_file": "/root/.openclaw/workspace/tmp_psins_py/psins_py/test_calibration_markov_pruned.py",
  "param_order": [
    "eb_x",
    "eb_y",
    "eb_z",
    "db_x",
    "db_y",
    "db_z",
    "dKg_xx",
    "dKg_yx",
    "dKg_zx",
    "dKg_xy",
    "dKg_yy",
    "dKg_zy",
    "dKg_xz",
    "dKg_yz",
    "dKg_zz",
    "dKa_xx",
    "dKa_xy",
    "dKa_xz",
    "dKa_yy",
    "dKa_yz",
    "dKa_zz",
    "Ka2_x",
    "Ka2_y",
    "Ka2_z",
    "rx_x",
    "rx_y",
    "rx_z",
    "ry_x",
    "ry_y",
    "ry_z"
  ],
  "param_errors": {
    "eb_x": {
      "true": 4.84813681109536e-07,
      "est": 4.749071101658315e-07,
      "abs_error": 9.906570943704565e-09,
      "pct_error": 2.0433769362763368
    },
    "eb_y": {
      "true": 9.69627362219072e-07,
      "est": 9.58064499797515e-07,
      "abs_error": 1.156286242155706e-08,
      "pct_error": 1.1925057885221488
    },
    "eb_z": {
      "true": 1.4544410433286078e-06,
      "est": 1.434377157773496e-06,
      "abs_error": 2.006388555511193e-08,
      "pct_error": 1.3794911555296927
    },
    "db_x": {
      "true": 0.00097803267715,
      "est": 0.0009704428670283983,
      "abs_error": 7.5898101216016495e-06,
      "pct_error": 0.7760282758361875
    },
    "db_y": {
      "true": 0.0019560653543,
      "est": 0.0019615704813632047,
      "abs_error": 5.505127063204843e-06,
      "pct_error": 0.28143881037016344
    },
    "db_z": {
      "true": 0.00293409803145,
      "est": 0.002952732328134934,
      "abs_error": 1.863429668493401e-05,
      "pct_error": 0.6350945498479182
    },
    "dKg_xx": {
      "true": -9.99999999995449e-06,
      "est": -2.0167850073748994e-05,
      "abs_error": 1.0167850073794504e-05,
      "pct_error": 101.67850073840779
    },
    "dKg_yx": {
      "true": 0.0001454441043328608,
      "est": 0.0001446697843818279,
      "abs_error": 7.743199510328882e-07,
      "pct_error": 0.5323831822435328
    },
    "dKg_zx": {
      "true": 0.00024240684055476798,
      "est": 0.00024038757189288057,
      "abs_error": 2.01926866188741e-06,
      "pct_error": 0.8330081186100804
    },
    "dKg_xy": {
      "true": 4.84813681109536e-05,
      "est": 4.886746484802544e-05,
      "abs_error": 3.8609673707184355e-07,
      "pct_error": 0.7963816866475992
    },
    "dKg_yy": {
      "true": -2.0000000000020002e-05,
      "est": -2.0881570930608717e-05,
      "abs_error": 8.815709305887154e-07,
      "pct_error": 4.407854652939169
    },
    "dKg_zy": {
      "true": 0.0002908882086657216,
      "est": 0.0002986449664522517,
      "abs_error": 7.756757786530125e-06,
      "pct_error": 2.6665769032404874
    },
    "dKg_xz": {
      "true": 9.69627362219072e-05,
      "est": 9.748705820469226e-05,
      "abs_error": 5.243219827850629e-07,
      "pct_error": 0.540745860951272
    },
    "dKg_yz": {
      "true": 0.0001939254724438144,
      "est": 0.0001869341168344463,
      "abs_error": 6.991355609368098e-06,
      "pct_error": 3.6051765254271526
    },
    "dKg_zz": {
      "true": -2.999999999997449e-05,
      "est": -1.0612342060234425e-05,
      "abs_error": 1.9387657939740066e-05,
      "pct_error": 64.62552646585516
    },
    "dKa_xx": {
      "true": -9.99999999995449e-06,
      "est": -1.0007676950030131e-05,
      "abs_error": 7.676950075641287e-09,
      "pct_error": 0.07676950075676225
    },
    "dKa_xy": {
      "true": 4.84813681109536e-05,
      "est": 5.928173174985322e-05,
      "abs_error": 1.0800363638899623e-05,
      "pct_error": 22.277349133758154
    },
    "dKa_xz": {
      "true": 9.69627362219072e-05,
      "est": 9.752400418611758e-05,
      "abs_error": 5.61267964210388e-07,
      "pct_error": 0.5788491394527895
    },
    "dKa_yy": {
      "true": -2.0000000000020002e-05,
      "est": -3.175271147792813e-06,
      "abs_error": 1.682472885222719e-05,
      "pct_error": 84.12364426105181
    },
    "dKa_yz": {
      "true": 0.0001939254724438144,
      "est": 0.00018744418427241118,
      "abs_error": 6.481288171403211e-06,
      "pct_error": 3.3421541222652023
    },
    "dKa_zz": {
      "true": -2.999999999997449e-05,
      "est": -2.996292484391816e-05,
      "abs_error": 3.707515605633205e-08,
      "pct_error": 0.12358385352121191
    },
    "Ka2_x": {
      "true": 1.0224607248440952e-06,
      "est": 1.0959141456467445e-06,
      "abs_error": 7.34534208026493e-08,
      "pct_error": 7.18398457934406
    },
    "Ka2_y": {
      "true": 2.0449214496881904e-06,
      "est": 1.8039312034589754e-09,
      "abs_error": 2.0431175184847313e-06,
      "pct_error": 99.91178481678432
    },
    "Ka2_z": {
      "true": 3.0673821745322856e-06,
      "est": 2.90213375801204e-06,
      "abs_error": 1.6524841652024552e-07,
      "pct_error": 5.3872783734698
    },
    "rx_x": {
      "true": 0.01,
      "est": 0.010461315540408023,
      "abs_error": 0.0004613155404080225,
      "pct_error": 4.613155404080225
    },
    "rx_y": {
      "true": 0.02,
      "est": 0.020346394950979688,
      "abs_error": 0.00034639495097968723,
      "pct_error": 1.731974754898436
    },
    "rx_z": {
      "true": 0.03,
      "est": 0.03003581797497061,
      "abs_error": 3.581797497061168e-05,
      "pct_error": 0.11939324990203892
    },
    "ry_x": {
      "true": 0.04,
      "est": 0.04059516890501589,
      "abs_error": 0.0005951689050158887,
      "pct_error": 1.4879222625397217
    },
    "ry_y": {
      "true": 0.05,
      "est": 0.05031234162325184,
      "abs_error": 0.00031234162325183973,
      "pct_error": 0.6246832465036795
    },
    "ry_z": {
      "true": 0.06,
      "est": 0.05997845549171336,
      "abs_error": 2.1544508286640285e-05,
      "pct_error": 0.035907513811067146
    }
  },
  "focus_scale_pct": {
    "dKg_xx": 101.67850073840779,
    "dKg_xy": 0.7963816866475992,
    "dKg_yy": 4.407854652939169,
    "dKg_zz": 64.62552646585516,
    "dKa_xx": 0.07676950075676225
  },
  "lever_guard_pct": {
    "rx_y": 1.731974754898436,
    "ry_z": 0.035907513811067146
  },
  "overall": {
    "mean_pct_error": 13.9204174620948,
    "median_pct_error": 1.4337067090347073,
    "max_pct_error": 101.67850073840779
  },
  "extra": {
    "noise_scale": 0.08,
    "noise_config": {
      "arw_dpsh": 0.0004,
      "vrw_ugpsHz": 0.4,
      "bi_g_dph": 0.00016,
      "bi_a_ug": 0.4,
      "tau_g": 300.0,
      "tau_a": 300.0,
      "seed": 42,
      "base_family": "round53_round61_shared"
    },
    "candidate_name": "y7_large_pos"
  }
}