{
  "variant": "zseed_l5_neg4p5_plus_relaymax_unified_l9y2p5_markov42_noisy_noise0p08",
  "method_file": "search_ch3_12pos_closedloop_local_insertions.py",
  "source_file": "/root/.openclaw/workspace/tmp_psins_py/psins_py/test_calibration_markov_pruned.py",
  "param_order": [
    "eb_x",
    "eb_y",
    "eb_z",
    "db_x",
    "db_y",
    "db_z",
    "dKg_xx",
    "dKg_yx",
    "dKg_zx",
    "dKg_xy",
    "dKg_yy",
    "dKg_zy",
    "dKg_xz",
    "dKg_yz",
    "dKg_zz",
    "dKa_xx",
    "dKa_xy",
    "dKa_xz",
    "dKa_yy",
    "dKa_yz",
    "dKa_zz",
    "Ka2_x",
    "Ka2_y",
    "Ka2_z",
    "rx_x",
    "rx_y",
    "rx_z",
    "ry_x",
    "ry_y",
    "ry_z"
  ],
  "param_errors": {
    "eb_x": {
      "true": 4.84813681109536e-07,
      "est": 4.628981733124966e-07,
      "abs_error": 2.1915507797039456e-08,
      "pct_error": 4.5203979695630725
    },
    "eb_y": {
      "true": 9.69627362219072e-07,
      "est": 9.701543122175713e-07,
      "abs_error": 5.269499984992356e-10,
      "pct_error": 0.054345619671176265
    },
    "eb_z": {
      "true": 1.4544410433286078e-06,
      "est": 1.4475131575078571e-06,
      "abs_error": 6.927885820750707e-09,
      "pct_error": 0.47632634217305025
    },
    "db_x": {
      "true": 0.00097803267715,
      "est": 0.0009804995358128183,
      "abs_error": 2.466858662818379e-06,
      "pct_error": 0.2522266096473216
    },
    "db_y": {
      "true": 0.0019560653543,
      "est": 0.0019615068655277766,
      "abs_error": 5.441511227776818e-06,
      "pct_error": 0.27818657570999844
    },
    "db_z": {
      "true": 0.00293409803145,
      "est": 0.0029433298551463072,
      "abs_error": 9.231823696307078e-06,
      "pct_error": 0.3146392382719676
    },
    "dKg_xx": {
      "true": -9.99999999995449e-06,
      "est": -1.283492976922318e-05,
      "abs_error": 2.8349297692686903e-06,
      "pct_error": 28.349297692815924
    },
    "dKg_yx": {
      "true": 0.0001454441043328608,
      "est": 0.0001451376892257979,
      "abs_error": 3.0641510706289304e-07,
      "pct_error": 0.2106755089650364
    },
    "dKg_zx": {
      "true": 0.00024240684055476798,
      "est": 0.00024174632769497073,
      "abs_error": 6.605128597972571e-07,
      "pct_error": 0.2724811140995935
    },
    "dKg_xy": {
      "true": 4.84813681109536e-05,
      "est": 4.8864388143200305e-05,
      "abs_error": 3.830200322467079e-07,
      "pct_error": 0.7900355274012381
    },
    "dKg_yy": {
      "true": -2.0000000000020002e-05,
      "est": -1.954150782212949e-05,
      "abs_error": 4.5849217789051266e-07,
      "pct_error": 2.292460889450271
    },
    "dKg_zy": {
      "true": 0.0002908882086657216,
      "est": 0.00028942600935513984,
      "abs_error": 1.4621993105817452e-06,
      "pct_error": 0.502667095819636
    },
    "dKg_xz": {
      "true": 9.69627362219072e-05,
      "est": 9.70845138327907e-05,
      "abs_error": 1.217776108835021e-07,
      "pct_error": 0.12559217657059926
    },
    "dKg_yz": {
      "true": 0.0001939254724438144,
      "est": 0.00019551253949978172,
      "abs_error": 1.5870670559673295e-06,
      "pct_error": 0.8183901970006272
    },
    "dKg_zz": {
      "true": -2.999999999997449e-05,
      "est": -1.9842205151832104e-05,
      "abs_error": 1.0157794848142387e-05,
      "pct_error": 33.85931616050342
    },
    "dKa_xx": {
      "true": -9.99999999995449e-06,
      "est": -9.554397271793746e-06,
      "abs_error": 4.456027281607433e-07,
      "pct_error": 4.456027281627713
    },
    "dKa_xy": {
      "true": 4.84813681109536e-05,
      "est": 5.195055631167918e-05,
      "abs_error": 3.469188200725583e-06,
      "pct_error": 7.155714320573753
    },
    "dKa_xz": {
      "true": 9.69627362219072e-05,
      "est": 9.661776774806684e-05,
      "abs_error": 3.4496847384035787e-07,
      "pct_error": 0.35577427709018977
    },
    "dKa_yy": {
      "true": -2.0000000000020002e-05,
      "est": -2.435589344429445e-06,
      "abs_error": 1.7564410655590557e-05,
      "pct_error": 87.82205327786495
    },
    "dKa_yz": {
      "true": 0.0001939254724438144,
      "est": 0.00019544872413341854,
      "abs_error": 1.5232516896041546e-06,
      "pct_error": 0.7854830365544078
    },
    "dKa_zz": {
      "true": -2.999999999997449e-05,
      "est": -3.0458493077700766e-05,
      "abs_error": 4.584930777262741e-07,
      "pct_error": 1.52831025908888
    },
    "Ka2_x": {
      "true": 1.0224607248440952e-06,
      "est": 1.0367794679446007e-06,
      "abs_error": 1.4318743100505467e-08,
      "pct_error": 1.4004198648010453
    },
    "Ka2_y": {
      "true": 2.0449214496881904e-06,
      "est": 8.294433995710687e-09,
      "abs_error": 2.03662701569248e-06,
      "pct_error": 99.59438862568656
    },
    "Ka2_z": {
      "true": 3.0673821745322856e-06,
      "est": 2.9872597150116355e-06,
      "abs_error": 8.012245952065011e-08,
      "pct_error": 2.6120794528274645
    },
    "rx_x": {
      "true": 0.01,
      "est": 0.009824294196574608,
      "abs_error": 0.00017570580342539215,
      "pct_error": 1.7570580342539215
    },
    "rx_y": {
      "true": 0.02,
      "est": 0.019954160605857786,
      "abs_error": 4.58393941422143e-05,
      "pct_error": 0.2291969707110715
    },
    "rx_z": {
      "true": 0.03,
      "est": 0.030608999739656768,
      "abs_error": 0.0006089997396567688,
      "pct_error": 2.0299991321892294
    },
    "ry_x": {
      "true": 0.04,
      "est": 0.040294610589573135,
      "abs_error": 0.0002946105895731341,
      "pct_error": 0.7365264739328352
    },
    "ry_y": {
      "true": 0.05,
      "est": 0.0499819523566832,
      "abs_error": 1.804764331680281e-05,
      "pct_error": 0.03609528663360562
    },
    "ry_z": {
      "true": 0.06,
      "est": 0.06065542076325044,
      "abs_error": 0.0006554207632504389,
      "pct_error": 1.0923679387507315
    }
  },
  "focus_scale_pct": {
    "dKg_xx": 28.349297692815924,
    "dKg_xy": 0.7900355274012381,
    "dKg_yy": 2.292460889450271,
    "dKg_zz": 33.85931616050342,
    "dKa_xx": 4.456027281627713
  },
  "lever_guard_pct": {
    "rx_y": 0.2291969707110715,
    "ry_z": 1.0923679387507315
  },
  "overall": {
    "mean_pct_error": 9.490284431674976,
    "median_pct_error": 0.8042128622009326,
    "max_pct_error": 99.59438862568656
  },
  "extra": {
    "noise_scale": 0.08,
    "noise_config": {
      "arw_dpsh": 0.0004,
      "vrw_ugpsHz": 0.4,
      "bi_g_dph": 0.00016,
      "bi_a_ug": 0.4,
      "tau_g": 300.0,
      "tau_a": 300.0,
      "seed": 42,
      "base_family": "round53_round61_shared"
    },
    "comparison_mode": "ch3_closedloop_local_insertions",
    "candidate_name": "zseed_l5_neg4p5_plus_relaymax_unified_l9y2p5",
    "method_key": "markov42_noisy",
    "legality": "faithful12_base_plus_closed_loop_local_insertions",
    "time_total_s": 1348.0
  }
}