{
  "variant": "entryx_l8_xpair_pos1_plus_l11_y10x2_markov42_noisy_noise0p08",
  "method_file": "search_ch3_12pos_closedloop_local_insertions.py",
  "source_file": "/root/.openclaw/workspace/tmp_psins_py/psins_py/test_calibration_markov_pruned.py",
  "param_order": [
    "eb_x",
    "eb_y",
    "eb_z",
    "db_x",
    "db_y",
    "db_z",
    "dKg_xx",
    "dKg_yx",
    "dKg_zx",
    "dKg_xy",
    "dKg_yy",
    "dKg_zy",
    "dKg_xz",
    "dKg_yz",
    "dKg_zz",
    "dKa_xx",
    "dKa_xy",
    "dKa_xz",
    "dKa_yy",
    "dKa_yz",
    "dKa_zz",
    "Ka2_x",
    "Ka2_y",
    "Ka2_z",
    "rx_x",
    "rx_y",
    "rx_z",
    "ry_x",
    "ry_y",
    "ry_z"
  ],
  "param_errors": {
    "eb_x": {
      "true": 4.84813681109536e-07,
      "est": 4.644141336239999e-07,
      "abs_error": 2.0399547485536168e-08,
      "pct_error": 4.207708709632559
    },
    "eb_y": {
      "true": 9.69627362219072e-07,
      "est": 9.706755184988291e-07,
      "abs_error": 1.0481562797570432e-09,
      "pct_error": 0.1080988759803819
    },
    "eb_z": {
      "true": 1.4544410433286078e-06,
      "est": 1.4426079439269705e-06,
      "abs_error": 1.1833099401637334e-08,
      "pct_error": 0.8135839851271189
    },
    "db_x": {
      "true": 0.00097803267715,
      "est": 0.0009772884507969735,
      "abs_error": 7.442263530263882e-07,
      "pct_error": 0.07609422163634384
    },
    "db_y": {
      "true": 0.0019560653543,
      "est": 0.0019585724589238317,
      "abs_error": 2.5071046238318503e-06,
      "pct_error": 0.12817080054715485
    },
    "db_z": {
      "true": 0.00293409803145,
      "est": 0.0029433884594619797,
      "abs_error": 9.290428011979497e-06,
      "pct_error": 0.3166365919746814
    },
    "dKg_xx": {
      "true": -9.99999999995449e-06,
      "est": -1.3383486345608375e-05,
      "abs_error": 3.3834863456538855e-06,
      "pct_error": 33.83486345669284
    },
    "dKg_yx": {
      "true": 0.0001454441043328608,
      "est": 0.00014537654724076012,
      "abs_error": 6.755709210066541e-08,
      "pct_error": 0.04644883504253665
    },
    "dKg_zx": {
      "true": 0.00024240684055476798,
      "est": 0.00024128749826428795,
      "abs_error": 1.1193422904800317e-06,
      "pct_error": 0.4617618413400896
    },
    "dKg_xy": {
      "true": 4.84813681109536e-05,
      "est": 4.852699038124075e-05,
      "abs_error": 4.56222702871549e-08,
      "pct_error": 0.09410268741332667
    },
    "dKg_yy": {
      "true": -2.0000000000020002e-05,
      "est": -1.9564894437440472e-05,
      "abs_error": 4.351055625795297e-07,
      "pct_error": 2.175527812895473
    },
    "dKg_zy": {
      "true": 0.0002908882086657216,
      "est": 0.00030112090442791287,
      "abs_error": 1.0232695762191289e-05,
      "pct_error": 3.5177416812897837
    },
    "dKg_xz": {
      "true": 9.69627362219072e-05,
      "est": 9.724372341240236e-05,
      "abs_error": 2.80987190495166e-07,
      "pct_error": 0.2897888420270069
    },
    "dKg_yz": {
      "true": 0.0001939254724438144,
      "est": 0.0001833683518939735,
      "abs_error": 1.0557120549840876e-05,
      "pct_error": 5.443906061850419
    },
    "dKg_zz": {
      "true": -2.999999999997449e-05,
      "est": -1.1972626412726228e-05,
      "abs_error": 1.8027373587248263e-05,
      "pct_error": 60.09124529087864
    },
    "dKa_xx": {
      "true": -9.99999999995449e-06,
      "est": -9.670882273438153e-06,
      "abs_error": 3.2911772651633697e-07,
      "pct_error": 3.291177265178348
    },
    "dKa_xy": {
      "true": 4.84813681109536e-05,
      "est": 4.408487329767424e-05,
      "abs_error": 4.3964948132793564e-06,
      "pct_error": 9.068421508274307
    },
    "dKa_xz": {
      "true": 9.69627362219072e-05,
      "est": 9.659651883378322e-05,
      "abs_error": 3.6621738812397085e-07,
      "pct_error": 0.3776887930285427
    },
    "dKa_yy": {
      "true": -2.0000000000020002e-05,
      "est": -2.1096584550406305e-06,
      "abs_error": 1.789034154497937e-05,
      "pct_error": 89.45170772480739
    },
    "dKa_yz": {
      "true": 0.0001939254724438144,
      "est": 0.0001834646822426786,
      "abs_error": 1.0460790201135786e-05,
      "pct_error": 5.394232160071993
    },
    "dKa_zz": {
      "true": -2.999999999997449e-05,
      "est": -3.0253405325808558e-05,
      "abs_error": 2.534053258340663e-07,
      "pct_error": 0.8446844194476059
    },
    "Ka2_x": {
      "true": 1.0224607248440952e-06,
      "est": 1.0591618683961807e-06,
      "abs_error": 3.670114355208551e-08,
      "pct_error": 3.589491768271265
    },
    "Ka2_y": {
      "true": 2.0449214496881904e-06,
      "est": 8.445121011819909e-09,
      "abs_error": 2.0364763286763706e-06,
      "pct_error": 99.58701978439771
    },
    "Ka2_z": {
      "true": 3.0673821745322856e-06,
      "est": 2.996292091898292e-06,
      "abs_error": 7.109008263399385e-08,
      "pct_error": 2.3176141279113245
    },
    "rx_x": {
      "true": 0.01,
      "est": 0.010012078898781775,
      "abs_error": 1.2078898781775135e-05,
      "pct_error": 0.12078898781775135
    },
    "rx_y": {
      "true": 0.02,
      "est": 0.02028538988563644,
      "abs_error": 0.00028538988563643966,
      "pct_error": 1.4269494281821984
    },
    "rx_z": {
      "true": 0.03,
      "est": 0.03041318312922286,
      "abs_error": 0.00041318312922286257,
      "pct_error": 1.3772770974095419
    },
    "ry_x": {
      "true": 0.04,
      "est": 0.04057353899836604,
      "abs_error": 0.000573538998366041,
      "pct_error": 1.4338474959151026
    },
    "ry_y": {
      "true": 0.05,
      "est": 0.0502273486756847,
      "abs_error": 0.0002273486756846979,
      "pct_error": 0.4546973513693958
    },
    "ry_z": {
      "true": 0.06,
      "est": 0.06065165471908945,
      "abs_error": 0.0006516547190894492,
      "pct_error": 1.0860911984824153
    }
  },
  "focus_scale_pct": {
    "dKg_xx": 33.83486345669284,
    "dKg_xy": 0.09410268741332667,
    "dKg_yy": 2.175527812895473,
    "dKg_zz": 60.09124529087864,
    "dKa_xx": 3.291177265178348
  },
  "lever_guard_pct": {
    "rx_y": 1.4269494281821984,
    "ry_z": 1.0860911984824153
  },
  "overall": {
    "mean_pct_error": 11.04757896016311,
    "median_pct_error": 1.4021132627958701,
    "max_pct_error": 99.58701978439771
  },
  "extra": {
    "noise_scale": 0.08,
    "noise_config": {
      "arw_dpsh": 0.0004,
      "vrw_ugpsHz": 0.4,
      "bi_g_dph": 0.00016,
      "bi_a_ug": 0.4,
      "tau_g": 300.0,
      "tau_a": 300.0,
      "seed": 42,
      "base_family": "round53_round61_shared"
    },
    "comparison_mode": "ch3_closedloop_local_insertions",
    "candidate_name": "entryx_l8_xpair_pos1_plus_l11_y10x2",
    "method_key": "markov42_noisy",
    "legality": "faithful12_base_plus_closed_loop_local_insertions",
    "time_total_s": 1296.0
  }
}