{
  "variant": "relay_l11preq4_zpos0p5_l12y0p125_on_entry_markov42_noisy_noise0p08",
  "method_file": "search_ch3_12pos_closedloop_local_insertions.py",
  "source_file": "/root/.openclaw/workspace/tmp_psins_py/psins_py/test_calibration_markov_pruned.py",
  "param_order": [
    "eb_x",
    "eb_y",
    "eb_z",
    "db_x",
    "db_y",
    "db_z",
    "dKg_xx",
    "dKg_yx",
    "dKg_zx",
    "dKg_xy",
    "dKg_yy",
    "dKg_zy",
    "dKg_xz",
    "dKg_yz",
    "dKg_zz",
    "dKa_xx",
    "dKa_xy",
    "dKa_xz",
    "dKa_yy",
    "dKa_yz",
    "dKa_zz",
    "Ka2_x",
    "Ka2_y",
    "Ka2_z",
    "rx_x",
    "rx_y",
    "rx_z",
    "ry_x",
    "ry_y",
    "ry_z"
  ],
  "param_errors": {
    "eb_x": {
      "true": 4.84813681109536e-07,
      "est": 4.46075492942026e-07,
      "abs_error": 3.873818816751006e-08,
      "pct_error": 7.990324876735022
    },
    "eb_y": {
      "true": 9.69627362219072e-07,
      "est": 9.699491895116382e-07,
      "abs_error": 3.2182729256613516e-10,
      "pct_error": 0.03319082207309072
    },
    "eb_z": {
      "true": 1.4544410433286078e-06,
      "est": 1.447733449079838e-06,
      "abs_error": 6.7075942487698634e-09,
      "pct_error": 0.46118020936888465
    },
    "db_x": {
      "true": 0.00097803267715,
      "est": 0.0009742456766482112,
      "abs_error": 3.787000501788711e-06,
      "pct_error": 0.3872059278043838
    },
    "db_y": {
      "true": 0.0019560653543,
      "est": 0.0019712107697180447,
      "abs_error": 1.5145415418044844e-05,
      "pct_error": 0.7742796213199534
    },
    "db_z": {
      "true": 0.00293409803145,
      "est": 0.002933462027198367,
      "abs_error": 6.360042516333729e-07,
      "pct_error": 0.02167631227096616
    },
    "dKg_xx": {
      "true": -9.99999999995449e-06,
      "est": -1.0219155324397988e-05,
      "abs_error": 2.191553244434985e-07,
      "pct_error": 2.191553244444959
    },
    "dKg_yx": {
      "true": 0.0001454441043328608,
      "est": 0.00014572151771392967,
      "abs_error": 2.7741338106887503e-07,
      "pct_error": 0.19073539098841139
    },
    "dKg_zx": {
      "true": 0.00024240684055476798,
      "est": 0.00024198711127665354,
      "abs_error": 4.1972927811444356e-07,
      "pct_error": 0.17315075645301864
    },
    "dKg_xy": {
      "true": 4.84813681109536e-05,
      "est": 4.864786939605382e-05,
      "abs_error": 1.6650128510022636e-07,
      "pct_error": 0.34343355311090745
    },
    "dKg_yy": {
      "true": -2.0000000000020002e-05,
      "est": -1.945684456083896e-05,
      "abs_error": 5.431554391810423e-07,
      "pct_error": 2.7157771959024952
    },
    "dKg_zy": {
      "true": 0.0002908882086657216,
      "est": 0.0002903072484106993,
      "abs_error": 5.809602550222782e-07,
      "pct_error": 0.19971942406572318
    },
    "dKg_xz": {
      "true": 9.69627362219072e-05,
      "est": 9.851647493833277e-05,
      "abs_error": 1.5537387164255717e-06,
      "pct_error": 1.6024080765106636
    },
    "dKg_yz": {
      "true": 0.0001939254724438144,
      "est": 0.00019350798700708507,
      "abs_error": 4.174854367293131e-07,
      "pct_error": 0.21528138179489043
    },
    "dKg_zz": {
      "true": -2.999999999997449e-05,
      "est": -2.982385974847901e-05,
      "abs_error": 1.761402514954824e-07,
      "pct_error": 0.5871341716521072
    },
    "dKa_xx": {
      "true": -9.99999999995449e-06,
      "est": -9.736511850322316e-06,
      "abs_error": 2.6348814963217393e-07,
      "pct_error": 2.6348814963337306
    },
    "dKa_xy": {
      "true": 4.84813681109536e-05,
      "est": 4.8391801005286654e-05,
      "abs_error": 8.956710566694311e-08,
      "pct_error": 0.18474541696505226
    },
    "dKa_xz": {
      "true": 9.69627362219072e-05,
      "est": 9.714914970620955e-05,
      "abs_error": 1.8641348430235415e-07,
      "pct_error": 0.1922527061073561
    },
    "dKa_yy": {
      "true": -2.0000000000020002e-05,
      "est": -1.948719830857648e-05,
      "abs_error": 5.128016914435207e-07,
      "pct_error": 2.5640084572150394
    },
    "dKa_yz": {
      "true": 0.0001939254724438144,
      "est": 0.0001944237576381578,
      "abs_error": 4.982851943434094e-07,
      "pct_error": 0.2569467476676003
    },
    "dKa_zz": {
      "true": -2.999999999997449e-05,
      "est": -2.9774851623143306e-05,
      "abs_error": 2.2514837683118571e-07,
      "pct_error": 0.7504945894379239
    },
    "Ka2_x": {
      "true": 1.0224607248440952e-06,
      "est": 1.0484641948824526e-06,
      "abs_error": 2.6003470038357393e-08,
      "pct_error": 2.543224341680449
    },
    "Ka2_y": {
      "true": 2.0449214496881904e-06,
      "est": 1.9339419760854225e-06,
      "abs_error": 1.1097947360276797e-07,
      "pct_error": 5.427077583820646
    },
    "Ka2_z": {
      "true": 3.0673821745322856e-06,
      "est": 3.0631215314758972e-06,
      "abs_error": 4.260643056388429e-09,
      "pct_error": 0.13890160449400446
    },
    "rx_x": {
      "true": 0.01,
      "est": 0.009763643142738311,
      "abs_error": 0.00023635685726168879,
      "pct_error": 2.363568572616888
    },
    "rx_y": {
      "true": 0.02,
      "est": 0.020039200525464578,
      "abs_error": 3.920052546457775e-05,
      "pct_error": 0.19600262732288876
    },
    "rx_z": {
      "true": 0.03,
      "est": 0.03007842706072785,
      "abs_error": 7.842706072785227e-05,
      "pct_error": 0.2614235357595076
    },
    "ry_x": {
      "true": 0.04,
      "est": 0.04017519034378218,
      "abs_error": 0.00017519034378218196,
      "pct_error": 0.4379758594554549
    },
    "ry_y": {
      "true": 0.05,
      "est": 0.0499245695814952,
      "abs_error": 7.543041850480159e-05,
      "pct_error": 0.15086083700960318
    },
    "ry_z": {
      "true": 0.06,
      "est": 0.06074109633473797,
      "abs_error": 0.0007410963347379701,
      "pct_error": 1.235160557896617
    }
  },
  "focus_scale_pct": {
    "dKg_xx": 2.191553244444959,
    "dKg_xy": 0.34343355311090745,
    "dKg_yy": 2.7157771959024952,
    "dKg_zz": 0.5871341716521072,
    "dKa_xx": 2.6348814963337306
  },
  "lever_guard_pct": {
    "rx_y": 0.19600262732288876,
    "ry_z": 1.235160557896617
  },
  "overall": {
    "mean_pct_error": 1.240819196609275,
    "median_pct_error": 0.41259089362991935,
    "max_pct_error": 7.990324876735022
  },
  "extra": {
    "noise_scale": 0.08,
    "noise_config": {
      "arw_dpsh": 0.0004,
      "vrw_ugpsHz": 0.4,
      "bi_g_dph": 0.00016,
      "bi_a_ug": 0.4,
      "tau_g": 300.0,
      "tau_a": 300.0,
      "seed": 42,
      "base_family": "round53_round61_shared"
    },
    "comparison_mode": "ch3_closedloop_local_insertions",
    "candidate_name": "relay_l11preq4_zpos0p5_l12y0p125_on_entry",
    "method_key": "markov42_noisy",
    "legality": "faithful12_base_plus_closed_loop_local_insertions",
    "time_total_s": 1318.875
  }
}