{
  "variant": "twoanchor_l10_ypair_neg4_plus_l11_maxbest_markov42_noisy_noise0p08",
  "method_file": "search_ch3_12pos_closedloop_local_insertions.py",
  "source_file": "/root/.openclaw/workspace/tmp_psins_py/psins_py/test_calibration_markov_pruned.py",
  "param_order": [
    "eb_x",
    "eb_y",
    "eb_z",
    "db_x",
    "db_y",
    "db_z",
    "dKg_xx",
    "dKg_yx",
    "dKg_zx",
    "dKg_xy",
    "dKg_yy",
    "dKg_zy",
    "dKg_xz",
    "dKg_yz",
    "dKg_zz",
    "dKa_xx",
    "dKa_xy",
    "dKa_xz",
    "dKa_yy",
    "dKa_yz",
    "dKa_zz",
    "Ka2_x",
    "Ka2_y",
    "Ka2_z",
    "rx_x",
    "rx_y",
    "rx_z",
    "ry_x",
    "ry_y",
    "ry_z"
  ],
  "param_errors": {
    "eb_x": {
      "true": 4.84813681109536e-07,
      "est": 4.5971147314669406e-07,
      "abs_error": 2.5102207962841984e-08,
      "pct_error": 5.177702061829921
    },
    "eb_y": {
      "true": 9.69627362219072e-07,
      "est": 9.718745367492033e-07,
      "abs_error": 2.2471745301312164e-09,
      "pct_error": 0.23175650953046253
    },
    "eb_z": {
      "true": 1.4544410433286078e-06,
      "est": 1.4433776278439073e-06,
      "abs_error": 1.106341548470057e-08,
      "pct_error": 0.7606644171276297
    },
    "db_x": {
      "true": 0.00097803267715,
      "est": 0.0009778548068934472,
      "abs_error": 1.7787025655266117e-07,
      "pct_error": 0.018186535144303913
    },
    "db_y": {
      "true": 0.0019560653543,
      "est": 0.001958165432109016,
      "abs_error": 2.10007780901628e-06,
      "pct_error": 0.10736235394178927
    },
    "db_z": {
      "true": 0.00293409803145,
      "est": 0.0029418116131961942,
      "abs_error": 7.71358174619409e-06,
      "pct_error": 0.2628944794452597
    },
    "dKg_xx": {
      "true": -9.99999999995449e-06,
      "est": -1.5234035833477932e-05,
      "abs_error": 5.234035833523443e-06,
      "pct_error": 52.34035833547262
    },
    "dKg_yx": {
      "true": 0.0001454441043328608,
      "est": 0.00014548510563112727,
      "abs_error": 4.100129826647525e-08,
      "pct_error": 0.028190416142713087
    },
    "dKg_zx": {
      "true": 0.00024240684055476798,
      "est": 0.00024135315879968494,
      "abs_error": 1.0536817550830429e-06,
      "pct_error": 0.4346749261166086
    },
    "dKg_xy": {
      "true": 4.84813681109536e-05,
      "est": 4.852390968035964e-05,
      "abs_error": 4.254156940604423e-08,
      "pct_error": 0.08774828570985116
    },
    "dKg_yy": {
      "true": -2.0000000000020002e-05,
      "est": -1.9461298276457484e-05,
      "abs_error": 5.38701723562518e-07,
      "pct_error": 2.693508617809896
    },
    "dKg_zy": {
      "true": 0.0002908882086657216,
      "est": 0.00030596244294877413,
      "abs_error": 1.5074234283052551e-05,
      "pct_error": 5.182140022861954
    },
    "dKg_xz": {
      "true": 9.69627362219072e-05,
      "est": 9.711522489801343e-05,
      "abs_error": 1.5248867610623469e-07,
      "pct_error": 0.15726523615964366
    },
    "dKg_yz": {
      "true": 0.0001939254724438144,
      "est": 0.0001786529541749646,
      "abs_error": 1.5272518268849778e-05,
      "pct_error": 7.875457554073847
    },
    "dKg_zz": {
      "true": -2.999999999997449e-05,
      "est": -1.5274523292418962e-05,
      "abs_error": 1.472547670755553e-05,
      "pct_error": 49.08492235856017
    },
    "dKa_xx": {
      "true": -9.99999999995449e-06,
      "est": -9.654762815891615e-06,
      "abs_error": 3.452371840628743e-07,
      "pct_error": 3.452371840644455
    },
    "dKa_xy": {
      "true": 4.84813681109536e-05,
      "est": 4.27168551496406e-05,
      "abs_error": 5.764512961312994e-06,
      "pct_error": 11.890161490741006
    },
    "dKa_xz": {
      "true": 9.69627362219072e-05,
      "est": 9.635879715201377e-05,
      "abs_error": 6.039390698934279e-07,
      "pct_error": 0.6228568761830975
    },
    "dKa_yy": {
      "true": -2.0000000000020002e-05,
      "est": -2.5358165149924616e-06,
      "abs_error": 1.746418348502754e-05,
      "pct_error": 87.32091742505037
    },
    "dKa_yz": {
      "true": 0.0001939254724438144,
      "est": 0.00017881364387170278,
      "abs_error": 1.5111828572111609e-05,
      "pct_error": 7.79259598116484
    },
    "dKa_zz": {
      "true": -2.999999999997449e-05,
      "est": -3.0276474763502037e-05,
      "abs_error": 2.764747635275455e-07,
      "pct_error": 0.9215825450926021
    },
    "Ka2_x": {
      "true": 1.0224607248440952e-06,
      "est": 1.0539328829805876e-06,
      "abs_error": 3.147215813649242e-08,
      "pct_error": 3.078079907792184
    },
    "Ka2_y": {
      "true": 2.0449214496881904e-06,
      "est": 8.44171896121323e-09,
      "abs_error": 2.0364797307269773e-06,
      "pct_error": 99.58718615023085
    },
    "Ka2_z": {
      "true": 3.0673821745322856e-06,
      "est": 3.01297549645734e-06,
      "abs_error": 5.440667807494562e-08,
      "pct_error": 1.773716967082576
    },
    "rx_x": {
      "true": 0.01,
      "est": 0.00984772708820821,
      "abs_error": 0.0001522729117917898,
      "pct_error": 1.5227291179178981
    },
    "rx_y": {
      "true": 0.02,
      "est": 0.02003619301835585,
      "abs_error": 3.619301835584843e-05,
      "pct_error": 0.18096509177924214
    },
    "rx_z": {
      "true": 0.03,
      "est": 0.030545380414648136,
      "abs_error": 0.0005453804146481368,
      "pct_error": 1.8179347154937895
    },
    "ry_x": {
      "true": 0.04,
      "est": 0.04034359869213958,
      "abs_error": 0.0003435986921395823,
      "pct_error": 0.8589967303489556
    },
    "ry_y": {
      "true": 0.05,
      "est": 0.049970269324268984,
      "abs_error": 2.9730675731018397e-05,
      "pct_error": 0.05946135146203679
    },
    "ry_z": {
      "true": 0.06,
      "est": 0.06071424371022216,
      "abs_error": 0.0007142437102221622,
      "pct_error": 1.1904061837036037
    }
  },
  "focus_scale_pct": {
    "dKg_xx": 52.34035833547262,
    "dKg_xy": 0.08774828570985116,
    "dKg_yy": 2.693508617809896,
    "dKg_zz": 49.08492235856017,
    "dKa_xx": 3.452371840644455
  },
  "lever_guard_pct": {
    "rx_y": 0.18096509177924214,
    "ry_z": 1.1904061837036037
  },
  "overall": {
    "mean_pct_error": 11.550426482820473,
    "median_pct_error": 1.356567650810751,
    "max_pct_error": 99.58718615023085
  },
  "extra": {
    "noise_scale": 0.08,
    "noise_config": {
      "arw_dpsh": 0.0004,
      "vrw_ugpsHz": 0.4,
      "bi_g_dph": 0.00016,
      "bi_a_ug": 0.4,
      "tau_g": 300.0,
      "tau_a": 300.0,
      "seed": 42,
      "base_family": "round53_round61_shared"
    },
    "comparison_mode": "ch3_closedloop_local_insertions",
    "candidate_name": "twoanchor_l10_ypair_neg4_plus_l11_maxbest",
    "method_key": "markov42_noisy",
    "legality": "faithful12_base_plus_closed_loop_local_insertions",
    "time_total_s": 1294.0
  }
}