{
  "variant": "repair_A_more_pre_static_on_late_Z_block_markov42_noisy_noise0p08",
  "method_file": "benchmark_ch3_12pos_goalA_repairs.py",
  "source_file": "/root/.openclaw/workspace/tmp_psins_py/psins_py/test_calibration_markov_pruned.py",
  "param_order": [
    "eb_x",
    "eb_y",
    "eb_z",
    "db_x",
    "db_y",
    "db_z",
    "dKg_xx",
    "dKg_yx",
    "dKg_zx",
    "dKg_xy",
    "dKg_yy",
    "dKg_zy",
    "dKg_xz",
    "dKg_yz",
    "dKg_zz",
    "dKa_xx",
    "dKa_xy",
    "dKa_xz",
    "dKa_yy",
    "dKa_yz",
    "dKa_zz",
    "Ka2_x",
    "Ka2_y",
    "Ka2_z",
    "rx_x",
    "rx_y",
    "rx_z",
    "ry_x",
    "ry_y",
    "ry_z"
  ],
  "param_errors": {
    "eb_x": {
      "true": 4.84813681109536e-07,
      "est": 4.6613455762096395e-07,
      "abs_error": 1.86791234885721e-08,
      "pct_error": 3.8528457872359105
    },
    "eb_y": {
      "true": 9.69627362219072e-07,
      "est": 9.750909467444483e-07,
      "abs_error": 5.463584525376237e-09,
      "pct_error": 0.5634726017706817
    },
    "eb_z": {
      "true": 1.4544410433286078e-06,
      "est": 1.4525811477114426e-06,
      "abs_error": 1.8598956171651802e-09,
      "pct_error": 0.1278770030381332
    },
    "db_x": {
      "true": 0.00097803267715,
      "est": 0.0009802693082473118,
      "abs_error": 2.2366310973118576e-06,
      "pct_error": 0.2286867452966326
    },
    "db_y": {
      "true": 0.0019560653543,
      "est": 0.001955623541352895,
      "abs_error": 4.4181294710492897e-07,
      "pct_error": 0.02258681930712058
    },
    "db_z": {
      "true": 0.00293409803145,
      "est": 0.0031268226279522917,
      "abs_error": 0.0001927245965022916,
      "pct_error": 6.568444354500628
    },
    "dKg_xx": {
      "true": -9.99999999995449e-06,
      "est": -9.086928010049178e-06,
      "abs_error": 9.130719899053119e-07,
      "pct_error": 9.130719899094673
    },
    "dKg_yx": {
      "true": 0.0001454441043328608,
      "est": 0.0001454452583271734,
      "abs_error": 1.1539943125973666e-09,
      "pct_error": 0.0007934280443271565
    },
    "dKg_zx": {
      "true": 0.00024240684055476798,
      "est": 0.00022269475649109015,
      "abs_error": 1.971208406367783e-05,
      "pct_error": 8.131818400241968
    },
    "dKg_xy": {
      "true": 4.84813681109536e-05,
      "est": 4.798744909373143e-05,
      "abs_error": 4.939190172221694e-07,
      "pct_error": 1.0187811038908703
    },
    "dKg_yy": {
      "true": -2.0000000000020002e-05,
      "est": -1.9568539022740694e-05,
      "abs_error": 4.3146097727930766e-07,
      "pct_error": 2.1573048863943804
    },
    "dKg_zy": {
      "true": 0.0002908882086657216,
      "est": 0.0002892846416304514,
      "abs_error": 1.6035670352701698e-06,
      "pct_error": 0.5512657397237206
    },
    "dKg_xz": {
      "true": 9.69627362219072e-05,
      "est": 0.0001153753286839362,
      "abs_error": 1.8412592462029007e-05,
      "pct_error": 18.9893490834358
    },
    "dKg_yz": {
      "true": 0.0001939254724438144,
      "est": 0.00019495731564719477,
      "abs_error": 1.0318432033803798e-06,
      "pct_error": 0.5320823460565932
    },
    "dKg_zz": {
      "true": -2.999999999997449e-05,
      "est": -4.627353964670178e-06,
      "abs_error": 2.5372646035304314e-05,
      "pct_error": 84.57548678441962
    },
    "dKa_xx": {
      "true": -9.99999999995449e-06,
      "est": -9.397968184998717e-06,
      "abs_error": 6.020318149557724e-07,
      "pct_error": 6.020318149585123
    },
    "dKa_xy": {
      "true": 4.84813681109536e-05,
      "est": 4.868021146646204e-05,
      "abs_error": 1.9884335550844205e-07,
      "pct_error": 0.41014386197471303
    },
    "dKa_xz": {
      "true": 9.69627362219072e-05,
      "est": 0.0001152701713695455,
      "abs_error": 1.8307435147638313e-05,
      "pct_error": 18.88089781804449
    },
    "dKa_yy": {
      "true": -2.0000000000020002e-05,
      "est": 4.580694369704652e-06,
      "abs_error": 2.4580694369724654e-05,
      "pct_error": 122.90347184850035
    },
    "dKa_yz": {
      "true": 0.0001939254724438144,
      "est": 0.00019576806137951042,
      "abs_error": 1.8425889356960283e-06,
      "pct_error": 0.950153124535962
    },
    "dKa_zz": {
      "true": -2.999999999997449e-05,
      "est": -3.0003939160305748e-05,
      "abs_error": 3.93916033125663e-09,
      "pct_error": 0.013130534437533266
    },
    "Ka2_x": {
      "true": 1.0224607248440952e-06,
      "est": 1.0463178781226456e-06,
      "abs_error": 2.3857153278550384e-08,
      "pct_error": 2.333307549019853
    },
    "Ka2_y": {
      "true": 2.0449214496881904e-06,
      "est": 1.4830845757212494e-09,
      "abs_error": 2.0434383651124694e-06,
      "pct_error": 99.9274747410984
    },
    "Ka2_z": {
      "true": 3.0673821745322856e-06,
      "est": 1.0874039761951667e-06,
      "abs_error": 1.9799781983371187e-06,
      "pct_error": 64.54944593394286
    },
    "rx_x": {
      "true": 0.01,
      "est": 0.010393387514962282,
      "abs_error": 0.0003933875149622814,
      "pct_error": 3.933875149622814
    },
    "rx_y": {
      "true": 0.02,
      "est": 0.020058135091428116,
      "abs_error": 5.8135091428115904e-05,
      "pct_error": 0.2906754571405795
    },
    "rx_z": {
      "true": 0.03,
      "est": 0.03113242502739407,
      "abs_error": 0.0011324250273940725,
      "pct_error": 3.774750091313575
    },
    "ry_x": {
      "true": 0.04,
      "est": 0.04071575775612574,
      "abs_error": 0.0007157577561257358,
      "pct_error": 1.7893943903143397
    },
    "ry_y": {
      "true": 0.05,
      "est": 0.04999992976612591,
      "abs_error": 7.023387409155202e-08,
      "pct_error": 0.00014046774818310404
    },
    "ry_z": {
      "true": 0.06,
      "est": 0.060197891675319595,
      "abs_error": 0.0001978916753195975,
      "pct_error": 0.32981945886599584
    }
  },
  "focus_scale_pct": {
    "dKg_xx": 9.130719899094673,
    "dKg_xy": 1.0187811038908703,
    "dKg_yy": 2.1573048863943804,
    "dKg_zz": 84.57548678441962,
    "dKa_xx": 6.020318149585123
  },
  "lever_guard_pct": {
    "rx_y": 0.2906754571405795,
    "ry_z": 0.32981945886599584
  },
  "overall": {
    "mean_pct_error": 15.41861711861986,
    "median_pct_error": 1.97334963835436,
    "max_pct_error": 122.90347184850035
  },
  "extra": {
    "noise_scale": 0.08,
    "noise_config": {
      "arw_dpsh": 0.0004,
      "vrw_ugpsHz": 0.4,
      "bi_g_dph": 0.00016,
      "bi_a_ug": 0.4,
      "tau_g": 300.0,
      "tau_a": 300.0,
      "seed": 42,
      "base_family": "round53_round61_shared"
    },
    "comparison_mode": "ch3_goalA_repair_benchmark",
    "candidate_name": "repair_A_more_pre_static_on_late_Z_block",
    "method_key": "markov42_noisy"
  }
}