{
  "variant": "xboundary_l2_neg2_on_entry_markov42_noisy_noise0p08",
  "method_file": "search_ch3_12pos_closedloop_local_insertions.py",
  "source_file": "/root/.openclaw/workspace/tmp_psins_py/psins_py/test_calibration_markov_pruned.py",
  "param_order": [
    "eb_x",
    "eb_y",
    "eb_z",
    "db_x",
    "db_y",
    "db_z",
    "dKg_xx",
    "dKg_yx",
    "dKg_zx",
    "dKg_xy",
    "dKg_yy",
    "dKg_zy",
    "dKg_xz",
    "dKg_yz",
    "dKg_zz",
    "dKa_xx",
    "dKa_xy",
    "dKa_xz",
    "dKa_yy",
    "dKa_yz",
    "dKa_zz",
    "Ka2_x",
    "Ka2_y",
    "Ka2_z",
    "rx_x",
    "rx_y",
    "rx_z",
    "ry_x",
    "ry_y",
    "ry_z"
  ],
  "param_errors": {
    "eb_x": {
      "true": 4.84813681109536e-07,
      "est": 4.5502130665924334e-07,
      "abs_error": 2.9792374450292707e-08,
      "pct_error": 6.1451183436305685
    },
    "eb_y": {
      "true": 9.69627362219072e-07,
      "est": 9.680171203994871e-07,
      "abs_error": 1.6102418195849504e-09,
      "pct_error": 0.16606810846383083
    },
    "eb_z": {
      "true": 1.4544410433286078e-06,
      "est": 1.4490123706956925e-06,
      "abs_error": 5.4286726329153166e-09,
      "pct_error": 0.3732480362690641
    },
    "db_x": {
      "true": 0.00097803267715,
      "est": 0.0009793519472822637,
      "abs_error": 1.3192701322638396e-06,
      "pct_error": 0.1348901895699651
    },
    "db_y": {
      "true": 0.0019560653543,
      "est": 0.001968881532638923,
      "abs_error": 1.2816178338923186e-05,
      "pct_error": 0.6552019497073297
    },
    "db_z": {
      "true": 0.00293409803145,
      "est": 0.002934571711542467,
      "abs_error": 4.7368009246668424e-07,
      "pct_error": 0.0161439763562568
    },
    "dKg_xx": {
      "true": -9.99999999995449e-06,
      "est": -1.0618366880432717e-05,
      "abs_error": 6.183668804782272e-07,
      "pct_error": 6.183668804810414
    },
    "dKg_yx": {
      "true": 0.0001454441043328608,
      "est": 0.00014494366489341845,
      "abs_error": 5.004394394423392e-07,
      "pct_error": 0.34407681338326535
    },
    "dKg_zx": {
      "true": 0.00024240684055476798,
      "est": 0.00024274376345683144,
      "abs_error": 3.3692290206345163e-07,
      "pct_error": 0.13899067422865455
    },
    "dKg_xy": {
      "true": 4.84813681109536e-05,
      "est": 4.846447680180585e-05,
      "abs_error": 1.6891309147745758e-08,
      "pct_error": 0.034840826086195854
    },
    "dKg_yy": {
      "true": -2.0000000000020002e-05,
      "est": -1.974314427699575e-05,
      "abs_error": 2.5685572302425186e-07,
      "pct_error": 1.284278615119975
    },
    "dKg_zy": {
      "true": 0.0002908882086657216,
      "est": 0.0002916732456417543,
      "abs_error": 7.850369760326959e-07,
      "pct_error": 0.2698758329303174
    },
    "dKg_xz": {
      "true": 9.69627362219072e-05,
      "est": 9.792444654905521e-05,
      "abs_error": 9.617103271480193e-07,
      "pct_error": 0.9918349714750894
    },
    "dKg_yz": {
      "true": 0.0001939254724438144,
      "est": 0.00019403722995058135,
      "abs_error": 1.1175750676696138e-07,
      "pct_error": 0.05762910119986463
    },
    "dKg_zz": {
      "true": -2.999999999997449e-05,
      "est": -2.9825982326814326e-05,
      "abs_error": 1.7401767316016503e-07,
      "pct_error": 0.5800589105343766
    },
    "dKa_xx": {
      "true": -9.99999999995449e-06,
      "est": -9.741218661041273e-06,
      "abs_error": 2.5878133891321653e-07,
      "pct_error": 2.5878133891439425
    },
    "dKa_xy": {
      "true": 4.84813681109536e-05,
      "est": 4.8781327951434475e-05,
      "abs_error": 2.9995984048087807e-07,
      "pct_error": 0.6187115837869824
    },
    "dKa_xz": {
      "true": 9.69627362219072e-05,
      "est": 9.696340521971403e-05,
      "abs_error": 6.689978068318437e-10,
      "pct_error": 0.0006899535150295132
    },
    "dKa_yy": {
      "true": -2.0000000000020002e-05,
      "est": -1.97685776719414e-05,
      "abs_error": 2.3142232807860097e-07,
      "pct_error": 1.1571116403918476
    },
    "dKa_yz": {
      "true": 0.0001939254724438144,
      "est": 0.00019341893210665894,
      "abs_error": 5.065403371554427e-07,
      "pct_error": 0.2612036112492656
    },
    "dKa_zz": {
      "true": -2.999999999997449e-05,
      "est": -2.9413632684827107e-05,
      "abs_error": 5.863673151473847e-07,
      "pct_error": 1.9545577171596111
    },
    "Ka2_x": {
      "true": 1.0224607248440952e-06,
      "est": 1.004528880567037e-06,
      "abs_error": 1.7931844277058304e-08,
      "pct_error": 1.7537929664528238
    },
    "Ka2_y": {
      "true": 2.0449214496881904e-06,
      "est": 1.9508702439221186e-06,
      "abs_error": 9.405120576607185e-08,
      "pct_error": 4.599257628228838
    },
    "Ka2_z": {
      "true": 3.0673821745322856e-06,
      "est": 3.077338480700759e-06,
      "abs_error": 9.95630616847317e-09,
      "pct_error": 0.3245864258825625
    },
    "rx_x": {
      "true": 0.01,
      "est": 0.010067164909933157,
      "abs_error": 6.716490993315637e-05,
      "pct_error": 0.6716490993315637
    },
    "rx_y": {
      "true": 0.02,
      "est": 0.02024375438107593,
      "abs_error": 0.00024375438107593003,
      "pct_error": 1.2187719053796502
    },
    "rx_z": {
      "true": 0.03,
      "est": 0.03022069436909629,
      "abs_error": 0.00022069436909629217,
      "pct_error": 0.7356478969876407
    },
    "ry_x": {
      "true": 0.04,
      "est": 0.04069974563404539,
      "abs_error": 0.0006997456340453873,
      "pct_error": 1.7493640851134682
    },
    "ry_y": {
      "true": 0.05,
      "est": 0.05037296305694622,
      "abs_error": 0.00037296305694621557,
      "pct_error": 0.7459261138924311
    },
    "ry_z": {
      "true": 0.06,
      "est": 0.06111114703517509,
      "abs_error": 0.0011111470351750918,
      "pct_error": 1.8519117252918198
    }
  },
  "focus_scale_pct": {
    "dKg_xx": 6.183668804810414,
    "dKg_xy": 0.034840826086195854,
    "dKg_yy": 1.284278615119975,
    "dKg_zz": 0.5800589105343766,
    "dKa_xx": 2.5878133891439425
  },
  "lever_guard_pct": {
    "rx_y": 1.2187719053796502,
    "ry_z": 1.8519117252918198
  },
  "overall": {
    "mean_pct_error": 1.2535640298524215,
    "median_pct_error": 0.6634255245194467,
    "max_pct_error": 6.183668804810414
  },
  "extra": {
    "noise_scale": 0.08,
    "noise_config": {
      "arw_dpsh": 0.0004,
      "vrw_ugpsHz": 0.4,
      "bi_g_dph": 0.00016,
      "bi_a_ug": 0.4,
      "tau_g": 300.0,
      "tau_a": 300.0,
      "seed": 42,
      "base_family": "round53_round61_shared"
    },
    "comparison_mode": "corrected_att0_hidden_next4",
    "candidate_name": "xboundary_l2_neg2_on_entry",
    "method_key": "markov42_noisy",
    "legality": "faithful12_base_plus_closed_loop_local_insertions",
    "time_total_s": 1352.0,
    "att0_deg": [
      0.0,
      0.0,
      0.0
    ],
    "candidate_registry_key": "xboundary_l2_neg2_on_entry",
    "family": "early_x_boundary_seed_on_corrected_entry",
    "hypothesis_id": "H1"
  }
}