{
  "variant": "hybrid_l7neg0p5_l12y1_on_entry_markov42_noisy_noise0p08",
  "method_file": "search_ch3_12pos_closedloop_local_insertions.py",
  "source_file": "/root/.openclaw/workspace/tmp_psins_py/psins_py/test_calibration_markov_pruned.py",
  "param_order": [
    "eb_x",
    "eb_y",
    "eb_z",
    "db_x",
    "db_y",
    "db_z",
    "dKg_xx",
    "dKg_yx",
    "dKg_zx",
    "dKg_xy",
    "dKg_yy",
    "dKg_zy",
    "dKg_xz",
    "dKg_yz",
    "dKg_zz",
    "dKa_xx",
    "dKa_xy",
    "dKa_xz",
    "dKa_yy",
    "dKa_yz",
    "dKa_zz",
    "Ka2_x",
    "Ka2_y",
    "Ka2_z",
    "rx_x",
    "rx_y",
    "rx_z",
    "ry_x",
    "ry_y",
    "ry_z"
  ],
  "param_errors": {
    "eb_x": {
      "true": 4.84813681109536e-07,
      "est": 4.605905411139274e-07,
      "abs_error": 2.422313999560866e-08,
      "pct_error": 4.99638127789051
    },
    "eb_y": {
      "true": 9.69627362219072e-07,
      "est": 9.661635535941097e-07,
      "abs_error": 3.463808624962351e-09,
      "pct_error": 0.3572309074524403
    },
    "eb_z": {
      "true": 1.4544410433286078e-06,
      "est": 1.4507557889140545e-06,
      "abs_error": 3.685254414553321e-09,
      "pct_error": 0.2533794292630324
    },
    "db_x": {
      "true": 0.00097803267715,
      "est": 0.000980865038503826,
      "abs_error": 2.832361353826123e-06,
      "pct_error": 0.28959782428534614
    },
    "db_y": {
      "true": 0.0019560653543,
      "est": 0.001967580080536249,
      "abs_error": 1.1514726236249318e-05,
      "pct_error": 0.58866776669484
    },
    "db_z": {
      "true": 0.00293409803145,
      "est": 0.0029359870778327087,
      "abs_error": 1.889046382708582e-06,
      "pct_error": 0.06438252445761108
    },
    "dKg_xx": {
      "true": -9.99999999995449e-06,
      "est": -1.0557509213526828e-05,
      "abs_error": 5.575092135723381e-07,
      "pct_error": 5.575092135748752
    },
    "dKg_yx": {
      "true": 0.0001454441043328608,
      "est": 0.00014499975218086985,
      "abs_error": 4.4435215199094226e-07,
      "pct_error": 0.30551403511964004
    },
    "dKg_zx": {
      "true": 0.00024240684055476798,
      "est": 0.00024257383708338925,
      "abs_error": 1.669965286212711e-07,
      "pct_error": 0.06889101324000832
    },
    "dKg_xy": {
      "true": 4.84813681109536e-05,
      "est": 4.849726875086391e-05,
      "abs_error": 1.590063991031268e-08,
      "pct_error": 0.03279742410305493
    },
    "dKg_yy": {
      "true": -2.0000000000020002e-05,
      "est": -1.972642182268558e-05,
      "abs_error": 2.7357817733442147e-07,
      "pct_error": 1.3678908866707393
    },
    "dKg_zy": {
      "true": 0.0002908882086657216,
      "est": 0.00029142498518540345,
      "abs_error": 5.367765196818714e-07,
      "pct_error": 0.18453017471695318
    },
    "dKg_xz": {
      "true": 9.69627362219072e-05,
      "est": 9.773627281041898e-05,
      "abs_error": 7.735365885117837e-07,
      "pct_error": 0.7977668727721149
    },
    "dKg_yz": {
      "true": 0.0001939254724438144,
      "est": 0.0001939115012457873,
      "abs_error": 1.39711980270984e-08,
      "pct_error": 0.007204416135248166
    },
    "dKg_zz": {
      "true": -2.999999999997449e-05,
      "est": -2.9908325970939842e-05,
      "abs_error": 9.167402903464961e-08,
      "pct_error": 0.30558009678242515
    },
    "dKa_xx": {
      "true": -9.99999999995449e-06,
      "est": -9.734012760054256e-06,
      "abs_error": 2.659872399002339e-07,
      "pct_error": 2.659872399014444
    },
    "dKa_xy": {
      "true": 4.84813681109536e-05,
      "est": 4.866641196257194e-05,
      "abs_error": 1.850438516183466e-07,
      "pct_error": 0.3816803420127471
    },
    "dKa_xz": {
      "true": 9.69627362219072e-05,
      "est": 9.686162552547603e-05,
      "abs_error": 1.0111069643116562e-07,
      "pct_error": 0.10427789104441679
    },
    "dKa_yy": {
      "true": -2.0000000000020002e-05,
      "est": -1.982575773773476e-05,
      "abs_error": 1.742422622852402e-07,
      "pct_error": 0.8712113114253297
    },
    "dKa_yz": {
      "true": 0.0001939254724438144,
      "est": 0.0001935320066849198,
      "abs_error": 3.934657588945949e-07,
      "pct_error": 0.2028953463081509
    },
    "dKa_zz": {
      "true": -2.999999999997449e-05,
      "est": -2.938978141275861e-05,
      "abs_error": 6.102185872158827e-07,
      "pct_error": 2.034061957388005
    },
    "Ka2_x": {
      "true": 1.0224607248440952e-06,
      "est": 9.87167565923378e-07,
      "abs_error": 3.529315892071726e-08,
      "pct_error": 3.4517862704309503
    },
    "Ka2_y": {
      "true": 2.0449214496881904e-06,
      "est": 1.9649197454663454e-06,
      "abs_error": 8.000170422184504e-08,
      "pct_error": 3.912214047832678
    },
    "Ka2_z": {
      "true": 3.0673821745322856e-06,
      "est": 3.068016219551357e-06,
      "abs_error": 6.340450190711407e-10,
      "pct_error": 0.02067055824785902
    },
    "rx_x": {
      "true": 0.01,
      "est": 0.01007852355250184,
      "abs_error": 7.85235525018399e-05,
      "pct_error": 0.785235525018399
    },
    "rx_y": {
      "true": 0.02,
      "est": 0.02006813099275583,
      "abs_error": 6.813099275582851e-05,
      "pct_error": 0.34065496377914256
    },
    "rx_z": {
      "true": 0.03,
      "est": 0.030220173580944625,
      "abs_error": 0.00022017358094462633,
      "pct_error": 0.7339119364820879
    },
    "ry_x": {
      "true": 0.04,
      "est": 0.040724579168141754,
      "abs_error": 0.0007245791681417535,
      "pct_error": 1.8114479203543836
    },
    "ry_y": {
      "true": 0.05,
      "est": 0.0501700453973422,
      "abs_error": 0.00017004539734219448,
      "pct_error": 0.34009079468438896
    },
    "ry_z": {
      "true": 0.06,
      "est": 0.06099065107981162,
      "abs_error": 0.0009906510798116247,
      "pct_error": 1.6510851330193748
    }
  },
  "focus_scale_pct": {
    "dKg_xx": 5.575092135748752,
    "dKg_xy": 0.03279742410305493,
    "dKg_yy": 1.3678908866707393,
    "dKg_zz": 0.30558009678242515,
    "dKa_xx": 2.659872399014444
  },
  "lever_guard_pct": {
    "rx_y": 0.34065496377914256,
    "ry_z": 1.6510851330193748
  },
  "overall": {
    "mean_pct_error": 1.1498667727458356,
    "median_pct_error": 0.3694556247325937,
    "max_pct_error": 5.575092135748752
  },
  "extra": {
    "noise_scale": 0.08,
    "noise_config": {
      "arw_dpsh": 0.0004,
      "vrw_ugpsHz": 0.4,
      "bi_g_dph": 0.00016,
      "bi_a_ug": 0.4,
      "tau_g": 300.0,
      "tau_a": 300.0,
      "seed": 42,
      "base_family": "round53_round61_shared"
    },
    "comparison_mode": "corrected_frontier_refine",
    "candidate_name": "hybrid_l7neg0p5_l12y1_on_entry",
    "method_key": "markov42_noisy",
    "legality": "faithful12_base_plus_closed_loop_local_insertions",
    "time_total_s": 1361.0,
    "att0_deg": [
      0.0,
      0.0,
      0.0
    ],
    "candidate_registry_key": "hybrid_l7neg0p5_l12y1_on_entry",
    "family": "attenuated_splitbookend_hybrids",
    "hypothesis_id": "H2"
  }
}