{
  "variant": "frontgwpair_l4_negfirst_d0p5_on_entry_markov42_noisy_noise0p08",
  "method_file": "search_ch3_12pos_closedloop_local_insertions.py",
  "source_file": "/root/.openclaw/workspace/tmp_psins_py/psins_py/test_calibration_markov_pruned.py",
  "param_order": [
    "eb_x",
    "eb_y",
    "eb_z",
    "db_x",
    "db_y",
    "db_z",
    "dKg_xx",
    "dKg_yx",
    "dKg_zx",
    "dKg_xy",
    "dKg_yy",
    "dKg_zy",
    "dKg_xz",
    "dKg_yz",
    "dKg_zz",
    "dKa_xx",
    "dKa_xy",
    "dKa_xz",
    "dKa_yy",
    "dKa_yz",
    "dKa_zz",
    "Ka2_x",
    "Ka2_y",
    "Ka2_z",
    "rx_x",
    "rx_y",
    "rx_z",
    "ry_x",
    "ry_y",
    "ry_z"
  ],
  "param_errors": {
    "eb_x": {
      "true": 4.84813681109536e-07,
      "est": 4.92499971882231e-07,
      "abs_error": 7.68629077269498e-09,
      "pct_error": 1.5854112769887745
    },
    "eb_y": {
      "true": 9.69627362219072e-07,
      "est": 9.146285293440153e-07,
      "abs_error": 5.499883287505682e-08,
      "pct_error": 5.672161803395014
    },
    "eb_z": {
      "true": 1.4544410433286078e-06,
      "est": 1.4443770206198424e-06,
      "abs_error": 1.0064022708765463e-08,
      "pct_error": 0.6919512313632955
    },
    "db_x": {
      "true": 0.00097803267715,
      "est": 0.001045368882995528,
      "abs_error": 6.7336205845528e-05,
      "pct_error": 6.884862583706976
    },
    "db_y": {
      "true": 0.0019560653543,
      "est": 0.0019578812262771856,
      "abs_error": 1.8158719771858324e-06,
      "pct_error": 0.09283288890087533
    },
    "db_z": {
      "true": 0.00293409803145,
      "est": 0.0029176447674390017,
      "abs_error": 1.6453264010998433e-05,
      "pct_error": 0.5607605415578908
    },
    "dKg_xx": {
      "true": -9.99999999995449e-06,
      "est": -1.0201501332129936e-05,
      "abs_error": 2.0150133217544663e-07,
      "pct_error": 2.015013321763637
    },
    "dKg_yx": {
      "true": 0.0001454441043328608,
      "est": 0.0001588086213349777,
      "abs_error": 1.3364517002116902e-05,
      "pct_error": 9.18876503342556
    },
    "dKg_zx": {
      "true": 0.00024240684055476798,
      "est": 0.00024781043413102003,
      "abs_error": 5.40359357625205e-06,
      "pct_error": 2.2291423640873673
    },
    "dKg_xy": {
      "true": 4.84813681109536e-05,
      "est": 5.5553443261464515e-05,
      "abs_error": 7.072075150510919e-06,
      "pct_error": 14.587202106850395
    },
    "dKg_yy": {
      "true": -2.0000000000020002e-05,
      "est": -2.0038812001521578e-05,
      "abs_error": 3.881200150157582e-08,
      "pct_error": 0.19406000750768504
    },
    "dKg_zy": {
      "true": 0.0002908882086657216,
      "est": 0.0003029131130720362,
      "abs_error": 1.2024904406314615e-05,
      "pct_error": 4.133857629180566
    },
    "dKg_xz": {
      "true": 9.69627362219072e-05,
      "est": 0.00010161418857797407,
      "abs_error": 4.651452356066877e-06,
      "pct_error": 4.797154594958672
    },
    "dKg_yz": {
      "true": 0.0001939254724438144,
      "est": 0.00019612197858272164,
      "abs_error": 2.196506138907252e-06,
      "pct_error": 1.1326547829056552
    },
    "dKg_zz": {
      "true": -2.999999999997449e-05,
      "est": -2.9688195828825314e-05,
      "abs_error": 3.11804171149177e-07,
      "pct_error": 1.0393472371648071
    },
    "dKa_xx": {
      "true": -9.99999999995449e-06,
      "est": -9.152354796704287e-06,
      "abs_error": 8.476452032502024e-07,
      "pct_error": 8.4764520325406
    },
    "dKa_xy": {
      "true": 4.84813681109536e-05,
      "est": 3.9077723095581905e-05,
      "abs_error": 9.403645015371692e-06,
      "pct_error": 19.396410171121158
    },
    "dKa_xz": {
      "true": 9.69627362219072e-05,
      "est": 9.388819171307455e-05,
      "abs_error": 3.0745445088326402e-06,
      "pct_error": 3.1708516370621926
    },
    "dKa_yy": {
      "true": -2.0000000000020002e-05,
      "est": -1.9031208744024752e-05,
      "abs_error": 9.687912559952494e-07,
      "pct_error": 4.843956279971403
    },
    "dKa_yz": {
      "true": 0.0001939254724438144,
      "est": 0.00018939503408453614,
      "abs_error": 4.530438359278251e-06,
      "pct_error": 2.3361749759773542
    },
    "dKa_zz": {
      "true": -2.999999999997449e-05,
      "est": -3.122374859443333e-05,
      "abs_error": 1.22374859445884e-06,
      "pct_error": 4.079161981532935
    },
    "Ka2_x": {
      "true": 1.0224607248440952e-06,
      "est": 5.14615723175758e-07,
      "abs_error": 5.078450016683372e-07,
      "pct_error": 49.668900655893005
    },
    "Ka2_y": {
      "true": 2.0449214496881904e-06,
      "est": 2.1829794089061317e-06,
      "abs_error": 1.3805795921794122e-07,
      "pct_error": 6.751259772789429
    },
    "Ka2_z": {
      "true": 3.0673821745322856e-06,
      "est": 3.11792406705757e-06,
      "abs_error": 5.054189252528421e-08,
      "pct_error": 1.6477207484910432
    },
    "rx_x": {
      "true": 0.01,
      "est": 0.011443121272668416,
      "abs_error": 0.001443121272668416,
      "pct_error": 14.431212726684159
    },
    "rx_y": {
      "true": 0.02,
      "est": 0.021474868126303382,
      "abs_error": 0.0014748681263033817,
      "pct_error": 7.374340631516908
    },
    "rx_z": {
      "true": 0.03,
      "est": 0.03391961407764584,
      "abs_error": 0.003919614077645843,
      "pct_error": 13.065380258819479
    },
    "ry_x": {
      "true": 0.04,
      "est": 0.0388735557529981,
      "abs_error": 0.0011264442470019023,
      "pct_error": 2.816110617504756
    },
    "ry_y": {
      "true": 0.05,
      "est": 0.05357227049666665,
      "abs_error": 0.0035722704966666477,
      "pct_error": 7.144540993333296
    },
    "ry_z": {
      "true": 0.06,
      "est": 0.06471136578572544,
      "abs_error": 0.004711365785725438,
      "pct_error": 7.852276309542397
    }
  },
  "focus_scale_pct": {
    "dKg_xx": 2.015013321763637,
    "dKg_xy": 14.587202106850395,
    "dKg_yy": 0.19406000750768504,
    "dKg_zz": 1.0393472371648071,
    "dKa_xx": 8.4764520325406
  },
  "lever_guard_pct": {
    "rx_y": 7.374340631516908,
    "ry_z": 7.852276309542397
  },
  "overall": {
    "mean_pct_error": 6.928664239884575,
    "median_pct_error": 4.465506112069619,
    "max_pct_error": 49.668900655893005
  },
  "extra": {
    "noise_scale": 0.08,
    "noise_config": {
      "arw_dpsh": 0.0004,
      "vrw_ugpsHz": 0.4,
      "bi_g_dph": 0.00016,
      "bi_a_ug": 0.4,
      "tau_g": 300.0,
      "tau_a": 300.0,
      "seed": 42,
      "base_family": "round53_round61_shared"
    },
    "comparison_mode": "corrected_att0_hidden_next6",
    "candidate_name": "frontgwpair_l4_negfirst_d0p5_on_entry",
    "method_key": "markov42_noisy",
    "legality": "faithful12_base_plus_closed_loop_local_insertions",
    "time_total_s": 1364.0,
    "att0_deg": [
      0.0,
      0.0,
      0.0
    ],
    "candidate_registry_key": "frontgwpair_l4_negfirst_d0p5_on_entry",
    "family": "front_gateway_diagonal_pair_on_corrected_entry",
    "hypothesis_id": "H1"
  }
}