{
  "variant": "z5_small_pos_noise0p08",
  "method_file": "ad-hoc targeted probe",
  "source_file": "/root/.openclaw/workspace/tmp_psins_py/psins_py/test_calibration_markov_pruned.py",
  "param_order": [
    "eb_x",
    "eb_y",
    "eb_z",
    "db_x",
    "db_y",
    "db_z",
    "dKg_xx",
    "dKg_yx",
    "dKg_zx",
    "dKg_xy",
    "dKg_yy",
    "dKg_zy",
    "dKg_xz",
    "dKg_yz",
    "dKg_zz",
    "dKa_xx",
    "dKa_xy",
    "dKa_xz",
    "dKa_yy",
    "dKa_yz",
    "dKa_zz",
    "Ka2_x",
    "Ka2_y",
    "Ka2_z",
    "rx_x",
    "rx_y",
    "rx_z",
    "ry_x",
    "ry_y",
    "ry_z"
  ],
  "param_errors": {
    "eb_x": {
      "true": 4.84813681109536e-07,
      "est": 4.733153579851328e-07,
      "abs_error": 1.1498323124403274e-08,
      "pct_error": 2.3716993914215485
    },
    "eb_y": {
      "true": 9.69627362219072e-07,
      "est": 9.64222882581841e-07,
      "abs_error": 5.404479637231175e-09,
      "pct_error": 0.5573769726199329
    },
    "eb_z": {
      "true": 1.4544410433286078e-06,
      "est": 1.4395227346559963e-06,
      "abs_error": 1.491830867261148e-08,
      "pct_error": 1.0257073492968614
    },
    "db_x": {
      "true": 0.00097803267715,
      "est": 0.0009702628835786006,
      "abs_error": 7.769793571399267e-06,
      "pct_error": 0.7944308766901886
    },
    "db_y": {
      "true": 0.0019560653543,
      "est": 0.0019605207127135257,
      "abs_error": 4.455358413525852e-06,
      "pct_error": 0.22777144964669405
    },
    "db_z": {
      "true": 0.00293409803145,
      "est": 0.002948826060794,
      "abs_error": 1.4728029343999763e-05,
      "pct_error": 0.5019610519530368
    },
    "dKg_xx": {
      "true": -9.99999999995449e-06,
      "est": -1.2258914958485079e-05,
      "abs_error": 2.258914958530589e-06,
      "pct_error": 22.589149585408695
    },
    "dKg_yx": {
      "true": 0.0001454441043328608,
      "est": 0.00014492882779252512,
      "abs_error": 5.152765403356656e-07,
      "pct_error": 0.35427805252003397
    },
    "dKg_zx": {
      "true": 0.00024240684055476798,
      "est": 0.000240875199148802,
      "abs_error": 1.5316414059659742e-06,
      "pct_error": 0.6318474356832039
    },
    "dKg_xy": {
      "true": 4.84813681109536e-05,
      "est": 4.885022032194059e-05,
      "abs_error": 3.688522109869942e-07,
      "pct_error": 0.7608122983304546
    },
    "dKg_yy": {
      "true": -2.0000000000020002e-05,
      "est": -2.051407869130273e-05,
      "abs_error": 5.140786912827267e-07,
      "pct_error": 2.570393456411063
    },
    "dKg_zy": {
      "true": 0.0002908882086657216,
      "est": 0.00030469163827868376,
      "abs_error": 1.3803429612962179e-05,
      "pct_error": 4.745269557771794
    },
    "dKg_xz": {
      "true": 9.69627362219072e-05,
      "est": 9.74510432048961e-05,
      "abs_error": 4.88306982988901e-07,
      "pct_error": 0.5036027261765492
    },
    "dKg_yz": {
      "true": 0.0001939254724438144,
      "est": 0.0001806736875145709,
      "abs_error": 1.3251784929243495e-05,
      "pct_error": 6.833442127146504
    },
    "dKg_zz": {
      "true": -2.999999999997449e-05,
      "est": -6.629232368826621e-06,
      "abs_error": 2.337076763114787e-05,
      "pct_error": 77.90255877055914
    },
    "dKa_xx": {
      "true": -9.99999999995449e-06,
      "est": -1.0050992119259305e-05,
      "abs_error": 5.099211930481573e-08,
      "pct_error": 0.5099211930504779
    },
    "dKa_xy": {
      "true": 4.84813681109536e-05,
      "est": 5.562564934138567e-05,
      "abs_error": 7.144281230432074e-06,
      "pct_error": 14.73613783769839
    },
    "dKa_xz": {
      "true": 9.69627362219072e-05,
      "est": 9.731726588640029e-05,
      "abs_error": 3.5452966449309577e-07,
      "pct_error": 0.3656349627775824
    },
    "dKa_yy": {
      "true": -2.0000000000020002e-05,
      "est": -3.2885910068447544e-06,
      "abs_error": 1.6711408993175247e-05,
      "pct_error": 83.55704496579267
    },
    "dKa_yz": {
      "true": 0.0001939254724438144,
      "est": 0.00018138298993828486,
      "abs_error": 1.2542482505529525e-05,
      "pct_error": 6.467681809651609
    },
    "dKa_zz": {
      "true": -2.999999999997449e-05,
      "est": -2.9985655258357724e-05,
      "abs_error": 1.4344741616767465e-08,
      "pct_error": 0.04781580538926554
    },
    "Ka2_x": {
      "true": 1.0224607248440952e-06,
      "est": 1.0891339567140185e-06,
      "abs_error": 6.667323186992329e-08,
      "pct_error": 6.520859945998378
    },
    "Ka2_y": {
      "true": 2.0449214496881904e-06,
      "est": 1.4890033087661805e-09,
      "abs_error": 2.043432446379424e-06,
      "pct_error": 99.92718530538211
    },
    "Ka2_z": {
      "true": 3.0673821745322856e-06,
      "est": 2.943022157056644e-06,
      "abs_error": 1.2436001747564176e-07,
      "pct_error": 4.05427202740409
    },
    "rx_x": {
      "true": 0.01,
      "est": 0.009886028869824752,
      "abs_error": 0.00011397113017524822,
      "pct_error": 1.1397113017524823
    },
    "rx_y": {
      "true": 0.02,
      "est": 0.019925699493918068,
      "abs_error": 7.430050608193267e-05,
      "pct_error": 0.37150253040966336
    },
    "rx_z": {
      "true": 0.03,
      "est": 0.02996488353277585,
      "abs_error": 3.511646722414996e-05,
      "pct_error": 0.11705489074716655
    },
    "ry_x": {
      "true": 0.04,
      "est": 0.0408597200146709,
      "abs_error": 0.0008597200146708978,
      "pct_error": 2.1493000366772446
    },
    "ry_y": {
      "true": 0.05,
      "est": 0.050239890846438984,
      "abs_error": 0.00023989084643898095,
      "pct_error": 0.4797816928779619
    },
    "ry_z": {
      "true": 0.06,
      "est": 0.06000170947014032,
      "abs_error": 1.70947014032502e-06,
      "pct_error": 0.0028491169005417003
    }
  },
  "focus_scale_pct": {
    "dKg_xx": 22.589149585408695,
    "dKg_xy": 0.7608122983304546,
    "dKg_yy": 2.570393456411063,
    "dKg_zz": 77.90255877055914,
    "dKa_xx": 0.5099211930504779
  },
  "lever_guard_pct": {
    "rx_y": 0.37150253040966336,
    "ry_z": 0.0028491169005417003
  },
  "overall": {
    "mean_pct_error": 11.427235150804846,
    "median_pct_error": 0.910069112993525,
    "max_pct_error": 99.92718530538211
  },
  "extra": {
    "noise_scale": 0.08,
    "noise_config": {
      "arw_dpsh": 0.0004,
      "vrw_ugpsHz": 0.4,
      "bi_g_dph": 0.00016,
      "bi_a_ug": 0.4,
      "tau_g": 300.0,
      "tau_a": 300.0,
      "seed": 42,
      "base_family": "round53_round61_shared"
    },
    "candidate_name": "z5_small_pos"
  }
}