{
  "variant": "tail_z_return_nx_py_markov42_noisy_noise0p08",
  "method_file": "search_ch3_12pos_append_tail.py",
  "source_file": "/root/.openclaw/workspace/tmp_psins_py/psins_py/test_calibration_markov_pruned.py",
  "param_order": [
    "eb_x",
    "eb_y",
    "eb_z",
    "db_x",
    "db_y",
    "db_z",
    "dKg_xx",
    "dKg_yx",
    "dKg_zx",
    "dKg_xy",
    "dKg_yy",
    "dKg_zy",
    "dKg_xz",
    "dKg_yz",
    "dKg_zz",
    "dKa_xx",
    "dKa_xy",
    "dKa_xz",
    "dKa_yy",
    "dKa_yz",
    "dKa_zz",
    "Ka2_x",
    "Ka2_y",
    "Ka2_z",
    "rx_x",
    "rx_y",
    "rx_z",
    "ry_x",
    "ry_y",
    "ry_z"
  ],
  "param_errors": {
    "eb_x": {
      "true": 4.84813681109536e-07,
      "est": 4.6173656846152326e-07,
      "abs_error": 2.3077112648012787e-08,
      "pct_error": 4.759996169084774
    },
    "eb_y": {
      "true": 9.69627362219072e-07,
      "est": 9.68916614708258e-07,
      "abs_error": 7.107475108141981e-10,
      "pct_error": 0.07330109880434829
    },
    "eb_z": {
      "true": 1.4544410433286078e-06,
      "est": 1.4484385066421038e-06,
      "abs_error": 6.002536686504019e-09,
      "pct_error": 0.4127040222109465
    },
    "db_x": {
      "true": 0.00097803267715,
      "est": 0.00098377092006102,
      "abs_error": 5.738242911019998e-06,
      "pct_error": 0.5867128006133
    },
    "db_y": {
      "true": 0.0019560653543,
      "est": 0.0019537905164658275,
      "abs_error": 2.274837834172292e-06,
      "pct_error": 0.11629661704152867
    },
    "db_z": {
      "true": 0.00293409803145,
      "est": 0.0031180290255976057,
      "abs_error": 0.0001839309941476055,
      "pct_error": 6.268740586581859
    },
    "dKg_xx": {
      "true": -9.99999999995449e-06,
      "est": -1.0501223998149456e-05,
      "abs_error": 5.012239981949662e-07,
      "pct_error": 5.012239981972473
    },
    "dKg_yx": {
      "true": 0.0001454441043328608,
      "est": 0.0001452872952825868,
      "abs_error": 1.5680905027400365e-07,
      "pct_error": 0.10781396124186185
    },
    "dKg_zx": {
      "true": 0.00024240684055476798,
      "est": 0.00022285628995686728,
      "abs_error": 1.9550550597900702e-05,
      "pct_error": 8.065181062200084
    },
    "dKg_xy": {
      "true": 4.84813681109536e-05,
      "est": 4.812767053326594e-05,
      "abs_error": 3.5369757768765914e-07,
      "pct_error": 0.7295536233181233
    },
    "dKg_yy": {
      "true": -2.0000000000020002e-05,
      "est": -1.965134605530494e-05,
      "abs_error": 3.486539447150605e-07,
      "pct_error": 1.743269723573559
    },
    "dKg_zy": {
      "true": 0.0002908882086657216,
      "est": 0.00028990613982722915,
      "abs_error": 9.82068838492427e-07,
      "pct_error": 0.3376103978215857
    },
    "dKg_xz": {
      "true": 9.69627362219072e-05,
      "est": 0.00011650829563369331,
      "abs_error": 1.9545559411786117e-05,
      "pct_error": 20.15780512531587
    },
    "dKg_yz": {
      "true": 0.0001939254724438144,
      "est": 0.0001946203311390442,
      "abs_error": 6.948586952298073e-07,
      "pct_error": 0.35831223535171597
    },
    "dKg_zz": {
      "true": -2.999999999997449e-05,
      "est": -1.502233445638268e-06,
      "abs_error": 2.8497766554336224e-05,
      "pct_error": 94.99255518120151
    },
    "dKa_xx": {
      "true": -9.99999999995449e-06,
      "est": -6.113618671310661e-06,
      "abs_error": 3.886381328643829e-06,
      "pct_error": 38.863813286615155
    },
    "dKa_xy": {
      "true": 4.84813681109536e-05,
      "est": 4.570926814832032e-05,
      "abs_error": 2.772099962633277e-06,
      "pct_error": 5.71786661690136
    },
    "dKa_xz": {
      "true": 9.69627362219072e-05,
      "est": 0.0001159397458990874,
      "abs_error": 1.8977009677180205e-05,
      "pct_error": 19.571446121064238
    },
    "dKa_yy": {
      "true": -2.0000000000020002e-05,
      "est": 1.331555525840855e-07,
      "abs_error": 2.0133155552604087e-05,
      "pct_error": 100.66577776291976
    },
    "dKa_yz": {
      "true": 0.0001939254724438144,
      "est": 0.00019485886205623795,
      "abs_error": 9.333896124235676e-07,
      "pct_error": 0.4813135688989988
    },
    "dKa_zz": {
      "true": -2.999999999997449e-05,
      "est": -3.0007833177192467e-05,
      "abs_error": 7.833177217975162e-09,
      "pct_error": 0.026110590726606077
    },
    "Ka2_x": {
      "true": 1.0224607248440952e-06,
      "est": 1.3918931664406292e-06,
      "abs_error": 3.69432441596534e-07,
      "pct_error": 36.13169998807192
    },
    "Ka2_y": {
      "true": 2.0449214496881904e-06,
      "est": 7.310893383565309e-10,
      "abs_error": 2.044190360349834e-06,
      "pct_error": 99.96424853685856
    },
    "Ka2_z": {
      "true": 3.0673821745322856e-06,
      "est": 1.1323441543919929e-06,
      "abs_error": 1.9350380201402928e-06,
      "pct_error": 63.084347174161536
    },
    "rx_x": {
      "true": 0.01,
      "est": 0.010104128379259988,
      "abs_error": 0.0001041283792599882,
      "pct_error": 1.0412837925998821
    },
    "rx_y": {
      "true": 0.02,
      "est": 0.019918616980748535,
      "abs_error": 8.138301925146585e-05,
      "pct_error": 0.40691509625732925
    },
    "rx_z": {
      "true": 0.03,
      "est": 0.03083377981912654,
      "abs_error": 0.0008337798191265407,
      "pct_error": 2.7792660637551356
    },
    "ry_x": {
      "true": 0.04,
      "est": 0.040073370569721434,
      "abs_error": 7.337056972143291e-05,
      "pct_error": 0.18342642430358228
    },
    "ry_y": {
      "true": 0.05,
      "est": 0.0499552900138551,
      "abs_error": 4.4709986144905733e-05,
      "pct_error": 0.08941997228981147
    },
    "ry_z": {
      "true": 0.06,
      "est": 0.06016706385710987,
      "abs_error": 0.0001670638571098712,
      "pct_error": 0.27843976184978536
    }
  },
  "focus_scale_pct": {
    "dKg_xx": 5.012239981972473,
    "dKg_xy": 0.7295536233181233,
    "dKg_yy": 1.743269723573559,
    "dKg_zz": 94.99255518120151,
    "dKa_xx": 38.863813286615155
  },
  "lever_guard_pct": {
    "rx_y": 0.40691509625732925,
    "ry_z": 0.27843976184978536
  },
  "overall": {
    "mean_pct_error": 17.10024891145357,
    "median_pct_error": 1.3922767580867206,
    "max_pct_error": 100.66577776291976
  },
  "extra": {
    "noise_scale": 0.08,
    "noise_config": {
      "arw_dpsh": 0.0004,
      "vrw_ugpsHz": 0.4,
      "bi_g_dph": 0.00016,
      "bi_a_ug": 0.4,
      "tau_g": 300.0,
      "tau_a": 300.0,
      "seed": 42,
      "base_family": "round53_round61_shared"
    },
    "comparison_mode": "ch3_append_tail_search",
    "candidate_name": "tail_z_return_nx_py",
    "method_key": "markov42_noisy",
    "family": "z_return_closed",
    "timing_policy": "base100",
    "tail_actions": [
      [
        "inner",
        90
      ],
      [
        "outer",
        90
      ],
      [
        "outer",
        -90
      ],
      [
        "inner",
        -90
      ]
    ],
    "tail_length": 4,
    "tail_total_time_s": 400.0,
    "legality": "fixed_original_12_plus_legal_appended_tail_only"
  }
}