{
  "variant": "late11_yneg_xpair_outerhold_then_zquad_y9_x0_markov42_noisy_noise0p08",
  "method_file": "search_ch3_12pos_closedloop_local_insertions.py",
  "source_file": "/root/.openclaw/workspace/tmp_psins_py/psins_py/test_calibration_markov_pruned.py",
  "param_order": [
    "eb_x",
    "eb_y",
    "eb_z",
    "db_x",
    "db_y",
    "db_z",
    "dKg_xx",
    "dKg_yx",
    "dKg_zx",
    "dKg_xy",
    "dKg_yy",
    "dKg_zy",
    "dKg_xz",
    "dKg_yz",
    "dKg_zz",
    "dKa_xx",
    "dKa_xy",
    "dKa_xz",
    "dKa_yy",
    "dKa_yz",
    "dKa_zz",
    "Ka2_x",
    "Ka2_y",
    "Ka2_z",
    "rx_x",
    "rx_y",
    "rx_z",
    "ry_x",
    "ry_y",
    "ry_z"
  ],
  "param_errors": {
    "eb_x": {
      "true": 4.84813681109536e-07,
      "est": 4.6166595030443646e-07,
      "abs_error": 2.3147730805099592e-08,
      "pct_error": 4.77456220957381
    },
    "eb_y": {
      "true": 9.69627362219072e-07,
      "est": 9.711980528044897e-07,
      "abs_error": 1.5706905854176051e-09,
      "pct_error": 0.16198909463765032
    },
    "eb_z": {
      "true": 1.4544410433286078e-06,
      "est": 1.4452756747222625e-06,
      "abs_error": 9.16536860634536e-09,
      "pct_error": 0.6301643265903485
    },
    "db_x": {
      "true": 0.00097803267715,
      "est": 0.000977856339922899,
      "abs_error": 1.763372271010137e-07,
      "pct_error": 0.018029788903870032
    },
    "db_y": {
      "true": 0.0019560653543,
      "est": 0.001957481899993403,
      "abs_error": 1.4165456934029687e-06,
      "pct_error": 0.07241811682257905
    },
    "db_z": {
      "true": 0.00293409803145,
      "est": 0.0029423681858590724,
      "abs_error": 8.270154409072226e-06,
      "pct_error": 0.2818636023890859
    },
    "dKg_xx": {
      "true": -9.99999999995449e-06,
      "est": -1.2190417239432705e-05,
      "abs_error": 2.190417239478215e-06,
      "pct_error": 21.904172394881837
    },
    "dKg_yx": {
      "true": 0.0001454441043328608,
      "est": 0.0001455445380207802,
      "abs_error": 1.0043368791940073e-07,
      "pct_error": 0.06905311726458845
    },
    "dKg_zx": {
      "true": 0.00024240684055476798,
      "est": 0.0002414108119882126,
      "abs_error": 9.960285665553867e-07,
      "pct_error": 0.41089127859423996
    },
    "dKg_xy": {
      "true": 4.84813681109536e-05,
      "est": 4.8128747172971854e-05,
      "abs_error": 3.526209379817432e-07,
      "pct_error": 0.7273328945147365
    },
    "dKg_yy": {
      "true": -2.0000000000020002e-05,
      "est": -1.941590425125206e-05,
      "abs_error": 5.840957487679432e-07,
      "pct_error": 2.9204787438367954
    },
    "dKg_zy": {
      "true": 0.0002908882086657216,
      "est": 0.0003046141857891793,
      "abs_error": 1.3725977123457743e-05,
      "pct_error": 4.718643353203481
    },
    "dKg_xz": {
      "true": 9.69627362219072e-05,
      "est": 9.704622089775483e-05,
      "abs_error": 8.348467584763913e-08,
      "pct_error": 0.08609975244157464
    },
    "dKg_yz": {
      "true": 0.0001939254724438144,
      "est": 0.0001798107764463751,
      "abs_error": 1.4114695997439282e-05,
      "pct_error": 7.2784125878712
    },
    "dKg_zz": {
      "true": -2.999999999997449e-05,
      "est": -1.106857726540511e-05,
      "abs_error": 1.893142273456938e-05,
      "pct_error": 63.10474244861825
    },
    "dKa_xx": {
      "true": -9.99999999995449e-06,
      "est": -9.701676941364923e-06,
      "abs_error": 2.9832305858956687e-07,
      "pct_error": 2.9832305859092454
    },
    "dKa_xy": {
      "true": 4.84813681109536e-05,
      "est": 4.4025264431267884e-05,
      "abs_error": 4.456103679685713e-06,
      "pct_error": 9.191373621073467
    },
    "dKa_xz": {
      "true": 9.69627362219072e-05,
      "est": 9.633404990616026e-05,
      "abs_error": 6.286863157469315e-07,
      "pct_error": 0.6483793055387084
    },
    "dKa_yy": {
      "true": -2.0000000000020002e-05,
      "est": -2.419031017719675e-06,
      "abs_error": 1.7580968982300327e-05,
      "pct_error": 87.90484491141373
    },
    "dKa_yz": {
      "true": 0.0001939254724438144,
      "est": 0.0001800296621303232,
      "abs_error": 1.389581031349118e-05,
      "pct_error": 7.165541554896654
    },
    "dKa_zz": {
      "true": -2.999999999997449e-05,
      "est": -3.0069813879096685e-05,
      "abs_error": 6.981387912219361e-08,
      "pct_error": 0.2327129304075099
    },
    "Ka2_x": {
      "true": 1.0224607248440952e-06,
      "est": 1.048031307029535e-06,
      "abs_error": 2.5570582185439683e-08,
      "pct_error": 2.5008864951109673
    },
    "Ka2_y": {
      "true": 2.0449214496881904e-06,
      "est": 7.815443515292382e-09,
      "abs_error": 2.037106006172898e-06,
      "pct_error": 99.6178120427812
    },
    "Ka2_z": {
      "true": 3.0673821745322856e-06,
      "est": 2.9999081260838943e-06,
      "abs_error": 6.747404844839137e-08,
      "pct_error": 2.199727474737634
    },
    "rx_x": {
      "true": 0.01,
      "est": 0.010067508165036645,
      "abs_error": 6.750816503664492e-05,
      "pct_error": 0.6750816503664492
    },
    "rx_y": {
      "true": 0.02,
      "est": 0.01990005735685478,
      "abs_error": 9.99426431452198e-05,
      "pct_error": 0.49971321572609906
    },
    "rx_z": {
      "true": 0.03,
      "est": 0.030513168631186284,
      "abs_error": 0.0005131686311862851,
      "pct_error": 1.710562103954284
    },
    "ry_x": {
      "true": 0.04,
      "est": 0.040607552148321936,
      "abs_error": 0.0006075521483219354,
      "pct_error": 1.5188803708048384
    },
    "ry_y": {
      "true": 0.05,
      "est": 0.049834426899136426,
      "abs_error": 0.00016557310086357663,
      "pct_error": 0.33114620172715326
    },
    "ry_z": {
      "true": 0.06,
      "est": 0.06070444601243012,
      "abs_error": 0.0007044460124301238,
      "pct_error": 1.1740766873835398
    }
  },
  "focus_scale_pct": {
    "dKg_xx": 21.904172394881837,
    "dKg_xy": 0.7273328945147365,
    "dKg_yy": 2.9204787438367954,
    "dKg_zz": 63.10474244861825,
    "dKa_xx": 2.9832305859092454
  },
  "lever_guard_pct": {
    "rx_y": 0.49971321572609906,
    "ry_z": 1.1740766873835398
  },
  "overall": {
    "mean_pct_error": 10.850427428732518,
    "median_pct_error": 1.3464785290941892,
    "max_pct_error": 99.6178120427812
  },
  "extra": {
    "noise_scale": 0.08,
    "noise_config": {
      "arw_dpsh": 0.0004,
      "vrw_ugpsHz": 0.4,
      "bi_g_dph": 0.00016,
      "bi_a_ug": 0.4,
      "tau_g": 300.0,
      "tau_a": 300.0,
      "seed": 42,
      "base_family": "round53_round61_shared"
    },
    "comparison_mode": "ch3_closedloop_local_insertions",
    "candidate_name": "late11_yneg_xpair_outerhold_then_zquad_y9_x0",
    "method_key": "markov42_noisy",
    "legality": "faithful12_base_plus_closed_loop_local_insertions",
    "time_total_s": 1278.0
  }
}