{
  "variant": "42state_gm1_shared_noise1x",
  "method_file": "baseline_direct_run_calibration_shared_noise1x",
  "source_file": "/root/.openclaw/workspace/tmp_psins_py/psins_py/test_calibration_markov_pruned.py",
  "param_order": [
    "eb_x",
    "eb_y",
    "eb_z",
    "db_x",
    "db_y",
    "db_z",
    "dKg_xx",
    "dKg_yx",
    "dKg_zx",
    "dKg_xy",
    "dKg_yy",
    "dKg_zy",
    "dKg_xz",
    "dKg_yz",
    "dKg_zz",
    "dKa_xx",
    "dKa_xy",
    "dKa_xz",
    "dKa_yy",
    "dKa_yz",
    "dKa_zz",
    "Ka2_x",
    "Ka2_y",
    "Ka2_z",
    "rx_x",
    "rx_y",
    "rx_z",
    "ry_x",
    "ry_y",
    "ry_z"
  ],
  "param_errors": {
    "eb_x": {
      "true": 4.84813681109536e-07,
      "est": 4.676884706115083e-07,
      "abs_error": 1.7125210498027722e-08,
      "pct_error": 3.532328225316428
    },
    "eb_y": {
      "true": 9.69627362219072e-07,
      "est": 8.997488562071757e-07,
      "abs_error": 6.987850601189639e-08,
      "pct_error": 7.206738251690183
    },
    "eb_z": {
      "true": 1.4544410433286078e-06,
      "est": 1.3720390472107876e-06,
      "abs_error": 8.240199611782026e-08,
      "pct_error": 5.665543921205394
    },
    "db_x": {
      "true": 0.00097803267715,
      "est": 0.0010041123628189868,
      "abs_error": 2.60796856689869e-05,
      "pct_error": 2.666545431281851
    },
    "db_y": {
      "true": 0.0019560653543,
      "est": 0.0020085357429226428,
      "abs_error": 5.2470388622642954e-05,
      "pct_error": 2.6824455791979442
    },
    "db_z": {
      "true": 0.00293409803145,
      "est": 0.0030508827606918567,
      "abs_error": 0.00011678472924185656,
      "pct_error": 3.980259963711669
    },
    "dKg_xx": {
      "true": -9.99999999995449e-06,
      "est": -6.02590013687454e-06,
      "abs_error": 3.9740998630799496e-06,
      "pct_error": 39.74099863098036
    },
    "dKg_yx": {
      "true": 0.0001454441043328608,
      "est": 0.00014220707687150218,
      "abs_error": 3.2370274613586093e-06,
      "pct_error": 2.225616140445546
    },
    "dKg_zx": {
      "true": 0.00024240684055476798,
      "est": 0.00024806213715469,
      "abs_error": 5.655296599922031e-06,
      "pct_error": 2.332977314905561
    },
    "dKg_xy": {
      "true": 4.84813681109536e-05,
      "est": 4.342343515147027e-05,
      "abs_error": 5.057932959483326e-06,
      "pct_error": 10.432735618986309
    },
    "dKg_yy": {
      "true": -2.0000000000020002e-05,
      "est": -1.7138829871754524e-05,
      "abs_error": 2.8611701282654778e-06,
      "pct_error": 14.30585064131308
    },
    "dKg_zy": {
      "true": 0.0002908882086657216,
      "est": 0.000292414576561857,
      "abs_error": 1.526367896135443e-06,
      "pct_error": 0.5247266305969421
    },
    "dKg_xz": {
      "true": 9.69627362219072e-05,
      "est": 9.418790196026753e-05,
      "abs_error": 2.774834261639667e-06,
      "pct_error": 2.8617532567245534
    },
    "dKg_yz": {
      "true": 0.0001939254724438144,
      "est": 0.00019151589299871394,
      "abs_error": 2.409579445100446e-06,
      "pct_error": 1.2425285934515737
    },
    "dKg_zz": {
      "true": -2.999999999997449e-05,
      "est": -3.289999344802119e-05,
      "abs_error": 2.8999934480467005e-06,
      "pct_error": 9.666644826830554
    },
    "dKa_xx": {
      "true": -9.99999999995449e-06,
      "est": -8.339510084276469e-06,
      "abs_error": 1.6604899156780206e-06,
      "pct_error": 16.604899156855776
    },
    "dKa_xy": {
      "true": 4.84813681109536e-05,
      "est": 4.645558894052001e-05,
      "abs_error": 2.0257791704335858e-06,
      "pct_error": 4.178469480888872
    },
    "dKa_xz": {
      "true": 9.69627362219072e-05,
      "est": 9.187079423150808e-05,
      "abs_error": 5.091941990399118e-06,
      "pct_error": 5.251442140355642
    },
    "dKa_yy": {
      "true": -2.0000000000020002e-05,
      "est": -2.04571966557765e-05,
      "abs_error": 4.571966557564977e-07,
      "pct_error": 2.2859832787802024
    },
    "dKa_yz": {
      "true": 0.0001939254724438144,
      "est": 0.00019180957528349874,
      "abs_error": 2.1158971603156454e-06,
      "pct_error": 1.09108779452822
    },
    "dKa_zz": {
      "true": -2.999999999997449e-05,
      "est": -2.781591648193249e-05,
      "abs_error": 2.1840835180420015e-06,
      "pct_error": 7.280278393479529
    },
    "Ka2_x": {
      "true": 1.0224607248440952e-06,
      "est": 8.1090621270865e-07,
      "abs_error": 2.115545121354452e-07,
      "pct_error": 20.690722586699163
    },
    "Ka2_y": {
      "true": 2.0449214496881904e-06,
      "est": 1.7794739687358235e-06,
      "abs_error": 2.654474809523669e-07,
      "pct_error": 12.980815521928351
    },
    "Ka2_z": {
      "true": 3.0673821745322856e-06,
      "est": 2.5898890444335056e-06,
      "abs_error": 4.774931300987801e-07,
      "pct_error": 15.56679614504144
    },
    "rx_x": {
      "true": 0.01,
      "est": 0.009880401015680645,
      "abs_error": 0.00011959898431935546,
      "pct_error": 1.1959898431935547
    },
    "rx_y": {
      "true": 0.02,
      "est": 0.01888192786019623,
      "abs_error": 0.0011180721398037705,
      "pct_error": 5.590360699018852
    },
    "rx_z": {
      "true": 0.03,
      "est": 0.029407119417225867,
      "abs_error": 0.0005928805827741315,
      "pct_error": 1.9762686092471053
    },
    "ry_x": {
      "true": 0.04,
      "est": 0.03907223441326653,
      "abs_error": 0.0009277655867334714,
      "pct_error": 2.3194139668336784
    },
    "ry_y": {
      "true": 0.05,
      "est": 0.0496076866881521,
      "abs_error": 0.00039231331184789997,
      "pct_error": 0.7846266236957999
    },
    "ry_z": {
      "true": 0.06,
      "est": 0.058628599539570725,
      "abs_error": 0.0013714004604292729,
      "pct_error": 2.285667434048788
    }
  },
  "focus_scale_pct": {
    "dKg_xx": 39.74099863098036,
    "dKg_xy": 10.432735618986309,
    "dKg_yy": 14.30585064131308,
    "dKg_zz": 9.666644826830554,
    "dKa_xx": 16.604899156855776
  },
  "lever_guard_pct": {
    "rx_y": 5.590360699018852,
    "ry_z": 2.285667434048788
  },
  "overall": {
    "mean_pct_error": 6.9716838233744305,
    "median_pct_error": 3.7562940945140486,
    "max_pct_error": 39.74099863098036
  },
  "extra": {
    "noise_scale": 1.0,
    "noise_config": {
      "arw_dpsh": 0.005,
      "vrw_ugpsHz": 5.0,
      "bi_g_dph": 0.002,
      "bi_a_ug": 5.0,
      "tau_g": 300.0,
      "tau_a": 300.0,
      "seed": 42,
      "base_family": "round53_round61_shared"
    },
    "comparison_mode": "shared_dataset_apples_to_apples",
    "label": "42-GM1-BASELINE-SHARED-NOISE1X"
  }
}