{
  "variant": "zseed_l5_neg5_plus_relaymax_unified_l9y2p5_markov42_noisy_noise0p08",
  "method_file": "search_ch3_12pos_closedloop_local_insertions.py",
  "source_file": "/root/.openclaw/workspace/tmp_psins_py/psins_py/test_calibration_markov_pruned.py",
  "param_order": [
    "eb_x",
    "eb_y",
    "eb_z",
    "db_x",
    "db_y",
    "db_z",
    "dKg_xx",
    "dKg_yx",
    "dKg_zx",
    "dKg_xy",
    "dKg_yy",
    "dKg_zy",
    "dKg_xz",
    "dKg_yz",
    "dKg_zz",
    "dKa_xx",
    "dKa_xy",
    "dKa_xz",
    "dKa_yy",
    "dKa_yz",
    "dKa_zz",
    "Ka2_x",
    "Ka2_y",
    "Ka2_z",
    "rx_x",
    "rx_y",
    "rx_z",
    "ry_x",
    "ry_y",
    "ry_z"
  ],
  "param_errors": {
    "eb_x": {
      "true": 4.84813681109536e-07,
      "est": 4.628644256334299e-07,
      "abs_error": 2.194925547610616e-08,
      "pct_error": 4.527358928047056
    },
    "eb_y": {
      "true": 9.69627362219072e-07,
      "est": 9.70094084913795e-07,
      "abs_error": 4.667226947228948e-10,
      "pct_error": 0.04813423309907029
    },
    "eb_z": {
      "true": 1.4544410433286078e-06,
      "est": 1.4474062776450426e-06,
      "abs_error": 7.034765683565228e-09,
      "pct_error": 0.4836748602381014
    },
    "db_x": {
      "true": 0.00097803267715,
      "est": 0.000980381443528809,
      "abs_error": 2.3487663788090453e-06,
      "pct_error": 0.24015213741665373
    },
    "db_y": {
      "true": 0.0019560653543,
      "est": 0.0019614873779500944,
      "abs_error": 5.422023650094622e-06,
      "pct_error": 0.2771903115698787
    },
    "db_z": {
      "true": 0.00293409803145,
      "est": 0.0029437168193947906,
      "abs_error": 9.618787944790444e-06,
      "pct_error": 0.32782776313840273
    },
    "dKg_xx": {
      "true": -9.99999999995449e-06,
      "est": -1.282494161158887e-05,
      "abs_error": 2.8249416116343795e-06,
      "pct_error": 28.24941611647236
    },
    "dKg_yx": {
      "true": 0.0001454441043328608,
      "est": 0.00014515563034736694,
      "abs_error": 2.8847398549384715e-07,
      "pct_error": 0.19834010241738692
    },
    "dKg_zx": {
      "true": 0.00024240684055476798,
      "est": 0.00024170313494506376,
      "abs_error": 7.037056097042207e-07,
      "pct_error": 0.29029940248127184
    },
    "dKg_xy": {
      "true": 4.84813681109536e-05,
      "est": 4.8839406390925954e-05,
      "abs_error": 3.5803827997235766e-07,
      "pct_error": 0.73850696447542
    },
    "dKg_yy": {
      "true": -2.0000000000020002e-05,
      "est": -1.9531427792873757e-05,
      "abs_error": 4.6857220714624503e-07,
      "pct_error": 2.342861035728882
    },
    "dKg_zy": {
      "true": 0.0002908882086657216,
      "est": 0.0002897895654998848,
      "abs_error": 1.0986431658367734e-06,
      "pct_error": 0.37768569956003106
    },
    "dKg_xz": {
      "true": 9.69627362219072e-05,
      "est": 9.713849211043474e-05,
      "abs_error": 1.7575588852754244e-07,
      "pct_error": 0.18126127146959906
    },
    "dKg_yz": {
      "true": 0.0001939254724438144,
      "est": 0.0001951709188995228,
      "abs_error": 1.2454464557084004e-06,
      "pct_error": 0.6422294296945652
    },
    "dKg_zz": {
      "true": -2.999999999997449e-05,
      "est": -1.9938772669814142e-05,
      "abs_error": 1.006122733016035e-05,
      "pct_error": 33.53742443389635
    },
    "dKa_xx": {
      "true": -9.99999999995449e-06,
      "est": -9.561295994275909e-06,
      "abs_error": 4.387040056785807e-07,
      "pct_error": 4.387040056805772
    },
    "dKa_xy": {
      "true": 4.84813681109536e-05,
      "est": 5.125178424270265e-05,
      "abs_error": 2.7704161317490566e-06,
      "pct_error": 5.714393466390494
    },
    "dKa_xz": {
      "true": 9.69627362219072e-05,
      "est": 9.666264742918163e-05,
      "abs_error": 3.000887927255666e-07,
      "pct_error": 0.3094887834423203
    },
    "dKa_yy": {
      "true": -2.0000000000020002e-05,
      "est": -2.3952760095369285e-06,
      "abs_error": 1.7604723990483073e-05,
      "pct_error": 88.02361995232734
    },
    "dKa_yz": {
      "true": 0.0001939254724438144,
      "est": 0.0001951094993063225,
      "abs_error": 1.1840268625081158e-06,
      "pct_error": 0.6105576784664848
    },
    "dKa_zz": {
      "true": -2.999999999997449e-05,
      "est": -3.046506345438793e-05,
      "abs_error": 4.650634544134391e-07,
      "pct_error": 1.5502115147127817
    },
    "Ka2_x": {
      "true": 1.0224607248440952e-06,
      "est": 1.0357601657384324e-06,
      "abs_error": 1.3299440894337223e-08,
      "pct_error": 1.3007287782486825
    },
    "Ka2_y": {
      "true": 2.0449214496881904e-06,
      "est": 8.476091391036754e-09,
      "abs_error": 2.0364453582971537e-06,
      "pct_error": 99.58550528225281
    },
    "Ka2_z": {
      "true": 3.0673821745322856e-06,
      "est": 2.9829281800935895e-06,
      "abs_error": 8.445399443869613e-08,
      "pct_error": 2.7532922092296395
    },
    "rx_x": {
      "true": 0.01,
      "est": 0.009830827171404042,
      "abs_error": 0.0001691728285959579,
      "pct_error": 1.691728285959579
    },
    "rx_y": {
      "true": 0.02,
      "est": 0.01997288517290248,
      "abs_error": 2.711482709752064e-05,
      "pct_error": 0.1355741354876032
    },
    "rx_z": {
      "true": 0.03,
      "est": 0.03061545260128055,
      "abs_error": 0.0006154526012805521,
      "pct_error": 2.0515086709351738
    },
    "ry_x": {
      "true": 0.04,
      "est": 0.04031641111731375,
      "abs_error": 0.00031641111731375154,
      "pct_error": 0.7910277932843789
    },
    "ry_y": {
      "true": 0.05,
      "est": 0.049991820564447606,
      "abs_error": 8.179435552396752e-06,
      "pct_error": 0.016358871104793504
    },
    "ry_z": {
      "true": 0.06,
      "est": 0.060661204047949065,
      "abs_error": 0.0006612040479490669,
      "pct_error": 1.1020067465817782
    }
  },
  "focus_scale_pct": {
    "dKg_xx": 28.24941611647236,
    "dKg_xy": 0.73850696447542,
    "dKg_yy": 2.342861035728882,
    "dKg_zz": 33.53742443389635,
    "dKa_xx": 4.387040056805772
  },
  "lever_guard_pct": {
    "rx_y": 0.1355741354876032,
    "ry_z": 1.1020067465817782
  },
  "overall": {
    "mean_pct_error": 9.416180163831156,
    "median_pct_error": 0.7647673788798994,
    "max_pct_error": 99.58550528225281
  },
  "extra": {
    "noise_scale": 0.08,
    "noise_config": {
      "arw_dpsh": 0.0004,
      "vrw_ugpsHz": 0.4,
      "bi_g_dph": 0.00016,
      "bi_a_ug": 0.4,
      "tau_g": 300.0,
      "tau_a": 300.0,
      "seed": 42,
      "base_family": "round53_round61_shared"
    },
    "comparison_mode": "ch3_closedloop_local_insertions",
    "candidate_name": "zseed_l5_neg5_plus_relaymax_unified_l9y2p5",
    "method_key": "markov42_noisy",
    "legality": "faithful12_base_plus_closed_loop_local_insertions",
    "time_total_s": 1349.0
  }
}