{
  "variant": "z11_med_pos_noise0p08",
  "method_file": "ad-hoc targeted probe",
  "source_file": "/root/.openclaw/workspace/tmp_psins_py/psins_py/test_calibration_markov_pruned.py",
  "param_order": [
    "eb_x",
    "eb_y",
    "eb_z",
    "db_x",
    "db_y",
    "db_z",
    "dKg_xx",
    "dKg_yx",
    "dKg_zx",
    "dKg_xy",
    "dKg_yy",
    "dKg_zy",
    "dKg_xz",
    "dKg_yz",
    "dKg_zz",
    "dKa_xx",
    "dKa_xy",
    "dKa_xz",
    "dKa_yy",
    "dKa_yz",
    "dKa_zz",
    "Ka2_x",
    "Ka2_y",
    "Ka2_z",
    "rx_x",
    "rx_y",
    "rx_z",
    "ry_x",
    "ry_y",
    "ry_z"
  ],
  "param_errors": {
    "eb_x": {
      "true": 4.84813681109536e-07,
      "est": 4.7157892479308294e-07,
      "abs_error": 1.3234756316453111e-08,
      "pct_error": 2.729864447340735
    },
    "eb_y": {
      "true": 9.69627362219072e-07,
      "est": 9.636757155473072e-07,
      "abs_error": 5.951646671764849e-09,
      "pct_error": 0.6138076238013762
    },
    "eb_z": {
      "true": 1.4544410433286078e-06,
      "est": 1.4402433703294882e-06,
      "abs_error": 1.4197672999119652e-08,
      "pct_error": 0.9761600901076823
    },
    "db_x": {
      "true": 0.00097803267715,
      "est": 0.0009727547872677959,
      "abs_error": 5.277889882203987e-06,
      "pct_error": 0.5396435114605606
    },
    "db_y": {
      "true": 0.0019560653543,
      "est": 0.00196061392189498,
      "abs_error": 4.548567594980183e-06,
      "pct_error": 0.23253658600829005
    },
    "db_z": {
      "true": 0.00293409803145,
      "est": 0.002946427403302794,
      "abs_error": 1.2329371852793942e-05,
      "pct_error": 0.4202099493826693
    },
    "dKg_xx": {
      "true": -9.99999999995449e-06,
      "est": -1.2011676780110392e-05,
      "abs_error": 2.011676780155902e-06,
      "pct_error": 20.116767801650575
    },
    "dKg_yx": {
      "true": 0.0001454441043328608,
      "est": 0.00014490100060987658,
      "abs_error": 5.431037229842062e-07,
      "pct_error": 0.37341061397804665
    },
    "dKg_zx": {
      "true": 0.00024240684055476798,
      "est": 0.00024119295486263941,
      "abs_error": 1.2138856921285691e-06,
      "pct_error": 0.5007637941860436
    },
    "dKg_xy": {
      "true": 4.84813681109536e-05,
      "est": 4.8836324494282435e-05,
      "abs_error": 3.5495638332883837e-07,
      "pct_error": 0.7321500963349291
    },
    "dKg_yy": {
      "true": -2.0000000000020002e-05,
      "est": -2.0268827229941166e-05,
      "abs_error": 2.688272299211647e-07,
      "pct_error": 1.3441361496044792
    },
    "dKg_zy": {
      "true": 0.0002908882086657216,
      "est": 0.0002968631957982821,
      "abs_error": 5.974987132560542e-06,
      "pct_error": 2.054049272044157
    },
    "dKg_xz": {
      "true": 9.69627362219072e-05,
      "est": 9.725080107963196e-05,
      "abs_error": 2.880648577247626e-07,
      "pct_error": 0.2970882103259777
    },
    "dKg_yz": {
      "true": 0.0001939254724438144,
      "est": 0.00018855567431392707,
      "abs_error": 5.369798129887317e-06,
      "pct_error": 2.7690009271180696
    },
    "dKg_zz": {
      "true": -2.999999999997449e-05,
      "est": -7.064560349601123e-06,
      "abs_error": 2.2935439650373368e-05,
      "pct_error": 76.45146550130957
    },
    "dKa_xx": {
      "true": -9.99999999995449e-06,
      "est": -1.004865326414972e-05,
      "abs_error": 4.865326419523086e-08,
      "pct_error": 0.48653264195452284
    },
    "dKa_xy": {
      "true": 4.84813681109536e-05,
      "est": 5.41441369478978e-05,
      "abs_error": 5.662768836944204e-06,
      "pct_error": 11.680299169743915
    },
    "dKa_xz": {
      "true": 9.69627362219072e-05,
      "est": 9.690247432842001e-05,
      "abs_error": 6.026189348718521e-08,
      "pct_error": 0.06214953892108708
    },
    "dKa_yy": {
      "true": -2.0000000000020002e-05,
      "est": -2.8719566214086e-06,
      "abs_error": 1.71280433786114e-05,
      "pct_error": 85.64021689297137
    },
    "dKa_yz": {
      "true": 0.0001939254724438144,
      "est": 0.00018924536296986407,
      "abs_error": 4.68010947395032e-06,
      "pct_error": 2.4133546846489073
    },
    "dKa_zz": {
      "true": -2.999999999997449e-05,
      "est": -2.9936377468287034e-05,
      "abs_error": 6.362253168745724e-08,
      "pct_error": 0.21207510562503779
    },
    "Ka2_x": {
      "true": 1.0224607248440952e-06,
      "est": 1.0645567707517748e-06,
      "abs_error": 4.209604590767959e-08,
      "pct_error": 4.117130847651717
    },
    "Ka2_y": {
      "true": 2.0449214496881904e-06,
      "est": 1.0498508430086741e-09,
      "abs_error": 2.043871598845182e-06,
      "pct_error": 99.94866057847021
    },
    "Ka2_z": {
      "true": 3.0673821745322856e-06,
      "est": 2.967709427403541e-06,
      "abs_error": 9.967274712874478e-08,
      "pct_error": 3.249440123774041
    },
    "rx_x": {
      "true": 0.01,
      "est": 0.010225868209102216,
      "abs_error": 0.0002258682091022153,
      "pct_error": 2.2586820910221532
    },
    "rx_y": {
      "true": 0.02,
      "est": 0.01993362246691518,
      "abs_error": 6.637753308481875e-05,
      "pct_error": 0.33188766542409376
    },
    "rx_z": {
      "true": 0.03,
      "est": 0.02997239481499762,
      "abs_error": 2.760518500237799e-05,
      "pct_error": 0.09201728334125997
    },
    "ry_x": {
      "true": 0.04,
      "est": 0.040786079315684634,
      "abs_error": 0.0007860793156846332,
      "pct_error": 1.9651982892115831
    },
    "ry_y": {
      "true": 0.05,
      "est": 0.050221694727190555,
      "abs_error": 0.00022169472719055228,
      "pct_error": 0.44338945438110455
    },
    "ry_z": {
      "true": 0.06,
      "est": 0.06002021813947773,
      "abs_error": 2.021813947773038e-05,
      "pct_error": 0.033696899129550636
    }
  },
  "focus_scale_pct": {
    "dKg_xx": 20.116767801650575,
    "dKg_xy": 0.7321500963349291,
    "dKg_yy": 1.3441361496044792,
    "dKg_zz": 76.45146550130957,
    "dKa_xx": 0.48653264195452284
  },
  "lever_guard_pct": {
    "rx_y": 0.33188766542409376,
    "ry_z": 0.033696899129550636
  },
  "overall": {
    "mean_pct_error": 10.769526194697455,
    "median_pct_error": 0.8541550932213058,
    "max_pct_error": 99.94866057847021
  },
  "extra": {
    "noise_scale": 0.08,
    "noise_config": {
      "arw_dpsh": 0.0004,
      "vrw_ugpsHz": 0.4,
      "bi_g_dph": 0.00016,
      "bi_a_ug": 0.4,
      "tau_g": 300.0,
      "tau_a": 300.0,
      "seed": 42,
      "base_family": "round53_round61_shared"
    },
    "candidate_name": "z11_med_pos"
  }
}