{
  "variant": "ablate_anchor8_x_bookend_markov42_noisy_noise0p08",
  "method_file": "search_ch3_12pos_closedloop_local_insertions.py",
  "source_file": "/root/.openclaw/workspace/tmp_psins_py/psins_py/test_calibration_markov_pruned.py",
  "param_order": [
    "eb_x",
    "eb_y",
    "eb_z",
    "db_x",
    "db_y",
    "db_z",
    "dKg_xx",
    "dKg_yx",
    "dKg_zx",
    "dKg_xy",
    "dKg_yy",
    "dKg_zy",
    "dKg_xz",
    "dKg_yz",
    "dKg_zz",
    "dKa_xx",
    "dKa_xy",
    "dKa_xz",
    "dKa_yy",
    "dKa_yz",
    "dKa_zz",
    "Ka2_x",
    "Ka2_y",
    "Ka2_z",
    "rx_x",
    "rx_y",
    "rx_z",
    "ry_x",
    "ry_y",
    "ry_z"
  ],
  "param_errors": {
    "eb_x": {
      "true": 4.84813681109536e-07,
      "est": 4.614485948979855e-07,
      "abs_error": 2.3365086211550547e-08,
      "pct_error": 4.819394980372175
    },
    "eb_y": {
      "true": 9.69627362219072e-07,
      "est": 9.681280196953442e-07,
      "abs_error": 1.499342523727938e-09,
      "pct_error": 0.15463079757738776
    },
    "eb_z": {
      "true": 1.4544410433286078e-06,
      "est": 1.4460451412543203e-06,
      "abs_error": 8.395902074287496e-09,
      "pct_error": 0.5772597048741682
    },
    "db_x": {
      "true": 0.00097803267715,
      "est": 0.0009784896997010752,
      "abs_error": 4.570225510753048e-07,
      "pct_error": 0.04672876088425538
    },
    "db_y": {
      "true": 0.0019560653543,
      "est": 0.0019680109911959197,
      "abs_error": 1.1945636895919869e-05,
      "pct_error": 0.6106972279663299
    },
    "db_z": {
      "true": 0.00293409803145,
      "est": 0.002934497840252258,
      "abs_error": 3.9980880225769233e-07,
      "pct_error": 0.013626293258514987
    },
    "dKg_xx": {
      "true": -9.99999999995449e-06,
      "est": -1.0342478924618703e-05,
      "abs_error": 3.424789246642135e-07,
      "pct_error": 3.424789246657721
    },
    "dKg_yx": {
      "true": 0.0001454441043328608,
      "est": 0.0001455105409411962,
      "abs_error": 6.643660833540528e-08,
      "pct_error": 0.04567844715338866
    },
    "dKg_zx": {
      "true": 0.00024240684055476798,
      "est": 0.00024206940655001094,
      "abs_error": 3.3743400475703955e-07,
      "pct_error": 0.13920151922478513
    },
    "dKg_xy": {
      "true": 4.84813681109536e-05,
      "est": 4.839925647888918e-05,
      "abs_error": 8.211163206441546e-08,
      "pct_error": 0.1693673987839952
    },
    "dKg_yy": {
      "true": -2.0000000000020002e-05,
      "est": -1.9535861530028953e-05,
      "abs_error": 4.641384699910489e-07,
      "pct_error": 2.3206923499529233
    },
    "dKg_zy": {
      "true": 0.0002908882086657216,
      "est": 0.0002917596628093497,
      "abs_error": 8.714541436281387e-07,
      "pct_error": 0.29958386681447885
    },
    "dKg_xz": {
      "true": 9.69627362219072e-05,
      "est": 9.776159891071353e-05,
      "abs_error": 7.988626888063384e-07,
      "pct_error": 0.8238862886233692
    },
    "dKg_yz": {
      "true": 0.0001939254724438144,
      "est": 0.00019368339532378504,
      "abs_error": 2.4207712002934523e-07,
      "pct_error": 0.12482997564926997
    },
    "dKg_zz": {
      "true": -2.999999999997449e-05,
      "est": -2.976385102382295e-05,
      "abs_error": 2.3614897615154007e-07,
      "pct_error": 0.7871632538391362
    },
    "dKa_xx": {
      "true": -9.99999999995449e-06,
      "est": -9.71290842710637e-06,
      "abs_error": 2.8709157284811937e-07,
      "pct_error": 2.8709157284942592
    },
    "dKa_xy": {
      "true": 4.84813681109536e-05,
      "est": 4.826397805569371e-05,
      "abs_error": 2.1739005525988904e-07,
      "pct_error": 0.4483991762822658
    },
    "dKa_xz": {
      "true": 9.69627362219072e-05,
      "est": 9.697651256884741e-05,
      "abs_error": 1.3776346940213495e-08,
      "pct_error": 0.014207877662079576
    },
    "dKa_yy": {
      "true": -2.0000000000020002e-05,
      "est": -1.964748238103553e-05,
      "abs_error": 3.525176189844714e-07,
      "pct_error": 1.7625880949205943
    },
    "dKa_yz": {
      "true": 0.0001939254724438144,
      "est": 0.00019373453010554598,
      "abs_error": 1.90942338268408e-07,
      "pct_error": 0.09846171101825177
    },
    "dKa_zz": {
      "true": -2.999999999997449e-05,
      "est": -2.954352665129889e-05,
      "abs_error": 4.564733486756012e-07,
      "pct_error": 1.5215778289199644
    },
    "Ka2_x": {
      "true": 1.0224607248440952e-06,
      "est": 1.0123574465442448e-06,
      "abs_error": 1.0103278299850455e-08,
      "pct_error": 0.9881336323594241
    },
    "Ka2_y": {
      "true": 2.0449214496881904e-06,
      "est": 1.9732930950479296e-06,
      "abs_error": 7.16283546402608e-08,
      "pct_error": 3.5027435724331943
    },
    "Ka2_z": {
      "true": 3.0673821745322856e-06,
      "est": 3.0608202230000015e-06,
      "abs_error": 6.5619515322841965e-09,
      "pct_error": 0.21392676748161524
    },
    "rx_x": {
      "true": 0.01,
      "est": 0.00991861757203968,
      "abs_error": 8.13824279603196e-05,
      "pct_error": 0.8138242796031959
    },
    "rx_y": {
      "true": 0.02,
      "est": 0.020449258844873783,
      "abs_error": 0.00044925884487378304,
      "pct_error": 2.2462942243689152
    },
    "rx_z": {
      "true": 0.03,
      "est": 0.03034890974834227,
      "abs_error": 0.0003489097483422715,
      "pct_error": 1.1630324944742385
    },
    "ry_x": {
      "true": 0.04,
      "est": 0.04051959633947662,
      "abs_error": 0.0005195963394766176,
      "pct_error": 1.298990848691544
    },
    "ry_y": {
      "true": 0.05,
      "est": 0.05048809695614846,
      "abs_error": 0.0004880969561484594,
      "pct_error": 0.9761939122969188
    },
    "ry_z": {
      "true": 0.06,
      "est": 0.060996042310458805,
      "abs_error": 0.000996042310458807,
      "pct_error": 1.6600705174313453
    }
  },
  "focus_scale_pct": {
    "dKg_xx": 3.424789246657721,
    "dKg_xy": 0.1693673987839952,
    "dKg_yy": 2.3206923499529233,
    "dKg_zz": 0.7871632538391362,
    "dKa_xx": 2.8709157284942592
  },
  "lever_guard_pct": {
    "rx_y": 2.2462942243689152,
    "ry_z": 1.6600705174313453
  },
  "overall": {
    "mean_pct_error": 1.1312296926023235,
    "median_pct_error": 0.800493766721166,
    "max_pct_error": 4.819394980372175
  },
  "extra": {
    "noise_scale": 0.08,
    "noise_config": {
      "arw_dpsh": 0.0004,
      "vrw_ugpsHz": 0.4,
      "bi_g_dph": 0.00016,
      "bi_a_ug": 0.4,
      "tau_g": 300.0,
      "tau_a": 300.0,
      "seed": 42,
      "base_family": "round53_round61_shared"
    },
    "comparison_mode": "corrected_sparse_ablation",
    "candidate_name": "ablate_anchor8_x_bookend",
    "method_key": "markov42_noisy",
    "legality": "faithful12_base_plus_closed_loop_local_insertions",
    "time_total_s": 1334.375,
    "att0_deg": [
      0.0,
      0.0,
      0.0
    ],
    "candidate_registry_key": "ablate_anchor8_x_bookend",
    "family": "single_motif_ablation",
    "hypothesis_id": "A1"
  }
}