{
  "variant": "tail_y_pair_neg_markov42_noisy_noise0p08",
  "method_file": "search_ch3_12pos_append_tail.py",
  "source_file": "/root/.openclaw/workspace/tmp_psins_py/psins_py/test_calibration_markov_pruned.py",
  "param_order": [
    "eb_x",
    "eb_y",
    "eb_z",
    "db_x",
    "db_y",
    "db_z",
    "dKg_xx",
    "dKg_yx",
    "dKg_zx",
    "dKg_xy",
    "dKg_yy",
    "dKg_zy",
    "dKg_xz",
    "dKg_yz",
    "dKg_zz",
    "dKa_xx",
    "dKa_xy",
    "dKa_xz",
    "dKa_yy",
    "dKa_yz",
    "dKa_zz",
    "Ka2_x",
    "Ka2_y",
    "Ka2_z",
    "rx_x",
    "rx_y",
    "rx_z",
    "ry_x",
    "ry_y",
    "ry_z"
  ],
  "param_errors": {
    "eb_x": {
      "true": 4.84813681109536e-07,
      "est": 4.6071442061573196e-07,
      "abs_error": 2.4099260493804088e-08,
      "pct_error": 4.970829296452804
    },
    "eb_y": {
      "true": 9.69627362219072e-07,
      "est": 9.716930874461098e-07,
      "abs_error": 2.065725227037674e-09,
      "pct_error": 0.21304320685733247
    },
    "eb_z": {
      "true": 1.4544410433286078e-06,
      "est": 1.4569128605695996e-06,
      "abs_error": 2.4718172409918007e-09,
      "pct_error": 0.16994963476380204
    },
    "db_x": {
      "true": 0.00097803267715,
      "est": 0.0009826344960567079,
      "abs_error": 4.60181890670798e-06,
      "pct_error": 0.47051790949539035
    },
    "db_y": {
      "true": 0.0019560653543,
      "est": 0.001957175434915799,
      "abs_error": 1.1100806157991056e-06,
      "pct_error": 0.056750691553266654
    },
    "db_z": {
      "true": 0.00293409803145,
      "est": 0.003106879270138491,
      "abs_error": 0.00017278123868849074,
      "pct_error": 5.888734351629829
    },
    "dKg_xx": {
      "true": -9.99999999995449e-06,
      "est": -8.056568330916392e-06,
      "abs_error": 1.943431669038098e-06,
      "pct_error": 19.434316690469426
    },
    "dKg_yx": {
      "true": 0.0001454441043328608,
      "est": 0.00014529236193015386,
      "abs_error": 1.517424027069295e-07,
      "pct_error": 0.10433039097937896
    },
    "dKg_zx": {
      "true": 0.00024240684055476798,
      "est": 0.00022473459251878765,
      "abs_error": 1.7672248035980335e-05,
      "pct_error": 7.290325634184226
    },
    "dKg_xy": {
      "true": 4.84813681109536e-05,
      "est": 4.812966477937049e-05,
      "abs_error": 3.517033315831092e-07,
      "pct_error": 0.7254401954544831
    },
    "dKg_yy": {
      "true": -2.0000000000020002e-05,
      "est": -2.013771895459371e-05,
      "abs_error": 1.3771895457370675e-07,
      "pct_error": 0.6885947728678451
    },
    "dKg_zy": {
      "true": 0.0002908882086657216,
      "est": 0.0002807113135900161,
      "abs_error": 1.0176895075705481e-05,
      "pct_error": 3.498558818312367
    },
    "dKg_xz": {
      "true": 9.69627362219072e-05,
      "est": 0.00011565920079467085,
      "abs_error": 1.8696464572763653e-05,
      "pct_error": 19.28211321303398
    },
    "dKg_yz": {
      "true": 0.0001939254724438144,
      "est": 0.00020382823557054972,
      "abs_error": 9.902763126735334e-06,
      "pct_error": 5.106478794117384
    },
    "dKg_zz": {
      "true": -2.999999999997449e-05,
      "est": -1.3865795100986844e-06,
      "abs_error": 2.8613420489875807e-05,
      "pct_error": 95.37806829966712
    },
    "dKa_xx": {
      "true": -9.99999999995449e-06,
      "est": -5.2987156606842944e-06,
      "abs_error": 4.701284339270195e-06,
      "pct_error": 47.01284339291591
    },
    "dKa_xy": {
      "true": 4.84813681109536e-05,
      "est": 4.1341372361735795e-05,
      "abs_error": 7.139995749217802e-06,
      "pct_error": 14.727298398175016
    },
    "dKa_xz": {
      "true": 9.69627362219072e-05,
      "est": 0.0001147715482495711,
      "abs_error": 1.7808812027663904e-05,
      "pct_error": 18.36665581188527
    },
    "dKa_yy": {
      "true": -2.0000000000020002e-05,
      "est": -1.1645801851756232e-06,
      "abs_error": 1.883541981484438e-05,
      "pct_error": 94.17709907412771
    },
    "dKa_yz": {
      "true": 0.0001939254724438144,
      "est": 0.00020396723504474313,
      "abs_error": 1.0041762600928743e-05,
      "pct_error": 5.178155543149765
    },
    "dKa_zz": {
      "true": -2.999999999997449e-05,
      "est": -3.0315557940197024e-05,
      "abs_error": 3.155579402225328e-07,
      "pct_error": 1.0518598007426705
    },
    "Ka2_x": {
      "true": 1.0224607248440952e-06,
      "est": 1.4593909701900867e-06,
      "abs_error": 4.369302453459915e-07,
      "pct_error": 42.73320575835464
    },
    "Ka2_y": {
      "true": 2.0449214496881904e-06,
      "est": 6.687912921343128e-10,
      "abs_error": 2.044252658396056e-06,
      "pct_error": 99.96729501310496
    },
    "Ka2_z": {
      "true": 3.0673821745322856e-06,
      "est": 1.2547536048638725e-06,
      "abs_error": 1.8126285696684132e-06,
      "pct_error": 59.09366575571246
    },
    "rx_x": {
      "true": 0.01,
      "est": 0.010048992830822997,
      "abs_error": 4.8992830822996644e-05,
      "pct_error": 0.48992830822996647
    },
    "rx_y": {
      "true": 0.02,
      "est": 0.01990113180816706,
      "abs_error": 9.886819183294038e-05,
      "pct_error": 0.4943409591647019
    },
    "rx_z": {
      "true": 0.03,
      "est": 0.031214729164000442,
      "abs_error": 0.001214729164000443,
      "pct_error": 4.04909721333481
    },
    "ry_x": {
      "true": 0.04,
      "est": 0.040091862042897435,
      "abs_error": 9.186204289743372e-05,
      "pct_error": 0.2296551072435843
    },
    "ry_y": {
      "true": 0.05,
      "est": 0.05000213826269774,
      "abs_error": 2.1382626977373143e-06,
      "pct_error": 0.0042765253954746285
    },
    "ry_z": {
      "true": 0.06,
      "est": 0.06007194061321348,
      "abs_error": 7.19406132134795e-05,
      "pct_error": 0.11990102202246583
    }
  },
  "focus_scale_pct": {
    "dKg_xx": 19.434316690469426,
    "dKg_xy": 0.7254401954544831,
    "dKg_yy": 0.6885947728678451,
    "dKg_zz": 95.37806829966712,
    "dKa_xx": 47.01284339291591
  },
  "lever_guard_pct": {
    "rx_y": 0.4943409591647019,
    "ry_z": 0.11990102202246583
  },
  "overall": {
    "mean_pct_error": 18.36577765277993,
    "median_pct_error": 4.5099632548938065,
    "max_pct_error": 99.96729501310496
  },
  "extra": {
    "noise_scale": 0.08,
    "noise_config": {
      "arw_dpsh": 0.0004,
      "vrw_ugpsHz": 0.4,
      "bi_g_dph": 0.00016,
      "bi_a_ug": 0.4,
      "tau_g": 300.0,
      "tau_a": 300.0,
      "seed": 42,
      "base_family": "round53_round61_shared"
    },
    "comparison_mode": "ch3_append_tail_search",
    "candidate_name": "tail_y_pair_neg",
    "method_key": "markov42_noisy",
    "family": "y_pair",
    "timing_policy": "base100",
    "tail_actions": [
      [
        "inner",
        -90
      ],
      [
        "inner",
        90
      ]
    ],
    "tail_length": 2,
    "tail_total_time_s": 200.0,
    "legality": "fixed_original_12_plus_legal_appended_tail_only"
  }
}