{
  "variant": "splitbookend_l7neg1_l12y1_on_entry_markov42_noisy_noise0p08",
  "method_file": "search_ch3_12pos_closedloop_local_insertions.py",
  "source_file": "/root/.openclaw/workspace/tmp_psins_py/psins_py/test_calibration_markov_pruned.py",
  "param_order": [
    "eb_x",
    "eb_y",
    "eb_z",
    "db_x",
    "db_y",
    "db_z",
    "dKg_xx",
    "dKg_yx",
    "dKg_zx",
    "dKg_xy",
    "dKg_yy",
    "dKg_zy",
    "dKg_xz",
    "dKg_yz",
    "dKg_zz",
    "dKa_xx",
    "dKa_xy",
    "dKa_xz",
    "dKa_yy",
    "dKa_yz",
    "dKa_zz",
    "Ka2_x",
    "Ka2_y",
    "Ka2_z",
    "rx_x",
    "rx_y",
    "rx_z",
    "ry_x",
    "ry_y",
    "ry_z"
  ],
  "param_errors": {
    "eb_x": {
      "true": 4.84813681109536e-07,
      "est": 4.6001228979454707e-07,
      "abs_error": 2.4801391314988975e-08,
      "pct_error": 5.115654174244619
    },
    "eb_y": {
      "true": 9.69627362219072e-07,
      "est": 9.656742151442856e-07,
      "abs_error": 3.9531470747865105e-09,
      "pct_error": 0.40769755772355765
    },
    "eb_z": {
      "true": 1.4544410433286078e-06,
      "est": 1.4507676155357226e-06,
      "abs_error": 3.6734277928852243e-09,
      "pct_error": 0.25256629065405656
    },
    "db_x": {
      "true": 0.00097803267715,
      "est": 0.0009806459324777402,
      "abs_error": 2.6132553277403384e-06,
      "pct_error": 0.26719509366040806
    },
    "db_y": {
      "true": 0.0019560653543,
      "est": 0.001967906475871631,
      "abs_error": 1.1841121571631082e-05,
      "pct_error": 0.6053540872548485
    },
    "db_z": {
      "true": 0.00293409803145,
      "est": 0.002936100637649541,
      "abs_error": 2.0026061995407317e-06,
      "pct_error": 0.06825287287865651
    },
    "dKg_xx": {
      "true": -9.99999999995449e-06,
      "est": -1.0568339488870038e-05,
      "abs_error": 5.68339488915548e-07,
      "pct_error": 5.683394889181345
    },
    "dKg_yx": {
      "true": 0.0001454441043328608,
      "est": 0.00014502202254874891,
      "abs_error": 4.2208178411187584e-07,
      "pct_error": 0.2902020580675494
    },
    "dKg_zx": {
      "true": 0.00024240684055476798,
      "est": 0.00024264071108299305,
      "abs_error": 2.3387052822506282e-07,
      "pct_error": 0.09647851838249732
    },
    "dKg_xy": {
      "true": 4.84813681109536e-05,
      "est": 4.849065170697467e-05,
      "abs_error": 9.283596021076148e-09,
      "pct_error": 0.019148791345635862
    },
    "dKg_yy": {
      "true": -2.0000000000020002e-05,
      "est": -1.97350859252321e-05,
      "abs_error": 2.649140747879031e-07,
      "pct_error": 1.3245703739381907
    },
    "dKg_zy": {
      "true": 0.0002908882086657216,
      "est": 0.00029150410564394817,
      "abs_error": 6.158969782265916e-07,
      "pct_error": 0.21172978480346674
    },
    "dKg_xz": {
      "true": 9.69627362219072e-05,
      "est": 9.775238153031135e-05,
      "abs_error": 7.896453084041606e-07,
      "pct_error": 0.8143801827095641
    },
    "dKg_yz": {
      "true": 0.0001939254724438144,
      "est": 0.00019392685490980858,
      "abs_error": 1.382465994193829e-09,
      "pct_error": 0.000712885201088974
    },
    "dKg_zz": {
      "true": -2.999999999997449e-05,
      "est": -2.9907605051615604e-05,
      "abs_error": 9.239494835888706e-08,
      "pct_error": 0.30798316119655206
    },
    "dKa_xx": {
      "true": -9.99999999995449e-06,
      "est": -9.733688861368606e-06,
      "abs_error": 2.6631113858588407e-07,
      "pct_error": 2.6631113858709603
    },
    "dKa_xy": {
      "true": 4.84813681109536e-05,
      "est": 4.864241494188512e-05,
      "abs_error": 1.610468309315216e-07,
      "pct_error": 0.33218293378799185
    },
    "dKa_xz": {
      "true": 9.69627362219072e-05,
      "est": 9.68339756477735e-05,
      "abs_error": 1.2876057413369892e-07,
      "pct_error": 0.13279387437976148
    },
    "dKa_yy": {
      "true": -2.0000000000020002e-05,
      "est": -1.9834166752552562e-05,
      "abs_error": 1.6583324746743955e-07,
      "pct_error": 0.8291662373363685
    },
    "dKa_yz": {
      "true": 0.0001939254724438144,
      "est": 0.00019346347124598863,
      "abs_error": 4.6200119782575716e-07,
      "pct_error": 0.23823646888864058
    },
    "dKa_zz": {
      "true": -2.999999999997449e-05,
      "est": -2.9376047681495265e-05,
      "abs_error": 6.239523184792262e-07,
      "pct_error": 2.079841061599189
    },
    "Ka2_x": {
      "true": 1.0224607248440952e-06,
      "est": 9.884362983916501e-07,
      "abs_error": 3.402442645244508e-08,
      "pct_error": 3.3277000891778137
    },
    "Ka2_y": {
      "true": 2.0449214496881904e-06,
      "est": 1.9622036019411212e-06,
      "abs_error": 8.27178477470692e-08,
      "pct_error": 4.04503790400761
    },
    "Ka2_z": {
      "true": 3.0673821745322856e-06,
      "est": 3.07041533530366e-06,
      "abs_error": 3.0331607713745047e-09,
      "pct_error": 0.09888434498179219
    },
    "rx_x": {
      "true": 0.01,
      "est": 0.01004858449299191,
      "abs_error": 4.858449299191027e-05,
      "pct_error": 0.48584492991910266
    },
    "rx_y": {
      "true": 0.02,
      "est": 0.02007246414115501,
      "abs_error": 7.246414115500907e-05,
      "pct_error": 0.3623207057750454
    },
    "rx_z": {
      "true": 0.03,
      "est": 0.0302421366782906,
      "abs_error": 0.0002421366782906012,
      "pct_error": 0.8071222609686707
    },
    "ry_x": {
      "true": 0.04,
      "est": 0.04069445667816559,
      "abs_error": 0.0006944566781655892,
      "pct_error": 1.736141695413973
    },
    "ry_y": {
      "true": 0.05,
      "est": 0.050171147620780905,
      "abs_error": 0.00017114762078090234,
      "pct_error": 0.3422952415618047
    },
    "ry_z": {
      "true": 0.06,
      "est": 0.06098696667938147,
      "abs_error": 0.0009869666793814735,
      "pct_error": 1.6449444656357892
    }
  },
  "focus_scale_pct": {
    "dKg_xx": 5.683394889181345,
    "dKg_xy": 0.019148791345635862,
    "dKg_yy": 1.3245703739381907,
    "dKg_zz": 0.30798316119655206,
    "dKa_xx": 2.6631113858709603
  },
  "lever_guard_pct": {
    "rx_y": 0.3623207057750454,
    "ry_z": 1.6449444656357892
  },
  "overall": {
    "mean_pct_error": 1.1530314773515518,
    "median_pct_error": 0.3850091317493015,
    "max_pct_error": 5.683394889181345
  },
  "extra": {
    "noise_scale": 0.08,
    "noise_config": {
      "arw_dpsh": 0.0004,
      "vrw_ugpsHz": 0.4,
      "bi_g_dph": 0.00016,
      "bi_a_ug": 0.4,
      "tau_g": 300.0,
      "tau_a": 300.0,
      "seed": 42,
      "base_family": "round53_round61_shared"
    },
    "comparison_mode": "corrected_att0_hidden_next3",
    "candidate_name": "splitbookend_l7neg1_l12y1_on_entry",
    "method_key": "markov42_noisy",
    "legality": "faithful12_base_plus_closed_loop_local_insertions",
    "time_total_s": 1362.0,
    "att0_deg": [
      0.0,
      0.0,
      0.0
    ],
    "candidate_registry_key": "splitbookend_l7neg1_l12y1_on_entry",
    "family": "anchor7_to12_split_bookend_chain_on_corrected_entry",
    "hypothesis_id": "H2"
  }
}