{
  "variant": "late11_zpair_pos_long_markov42_noisy_noise0p08",
  "method_file": "search_ch3_12pos_closedloop_local_insertions.py",
  "source_file": "/root/.openclaw/workspace/tmp_psins_py/psins_py/test_calibration_markov_pruned.py",
  "param_order": [
    "eb_x",
    "eb_y",
    "eb_z",
    "db_x",
    "db_y",
    "db_z",
    "dKg_xx",
    "dKg_yx",
    "dKg_zx",
    "dKg_xy",
    "dKg_yy",
    "dKg_zy",
    "dKg_xz",
    "dKg_yz",
    "dKg_zz",
    "dKa_xx",
    "dKa_xy",
    "dKa_xz",
    "dKa_yy",
    "dKa_yz",
    "dKa_zz",
    "Ka2_x",
    "Ka2_y",
    "Ka2_z",
    "rx_x",
    "rx_y",
    "rx_z",
    "ry_x",
    "ry_y",
    "ry_z"
  ],
  "param_errors": {
    "eb_x": {
      "true": 4.84813681109536e-07,
      "est": 4.6394841167156984e-07,
      "abs_error": 2.0865269437966212e-08,
      "pct_error": 4.3037707579155615
    },
    "eb_y": {
      "true": 9.69627362219072e-07,
      "est": 9.748524347708703e-07,
      "abs_error": 5.2250725517982026e-09,
      "pct_error": 0.5388742887618387
    },
    "eb_z": {
      "true": 1.4544410433286078e-06,
      "est": 1.4455652301248483e-06,
      "abs_error": 8.875813203759562e-09,
      "pct_error": 0.6102559635862953
    },
    "db_x": {
      "true": 0.00097803267715,
      "est": 0.0009775720367172789,
      "abs_error": 4.6064043272104824e-07,
      "pct_error": 0.047098675073246075
    },
    "db_y": {
      "true": 0.0019560653543,
      "est": 0.0019574214766069535,
      "abs_error": 1.3561223069537276e-06,
      "pct_error": 0.06932908984725775
    },
    "db_z": {
      "true": 0.00293409803145,
      "est": 0.003100990660137434,
      "abs_error": 0.0001668926286874338,
      "pct_error": 5.6880386032963335
    },
    "dKg_xx": {
      "true": -9.99999999995449e-06,
      "est": -1.0786258397121884e-05,
      "abs_error": 7.862583971673942e-07,
      "pct_error": 7.862583971709725
    },
    "dKg_yx": {
      "true": 0.0001454441043328608,
      "est": 0.0001454869118920879,
      "abs_error": 4.2807559227101217e-08,
      "pct_error": 0.029432309699630448
    },
    "dKg_zx": {
      "true": 0.00024240684055476798,
      "est": 0.00022559544464760553,
      "abs_error": 1.6811395907162453e-05,
      "pct_error": 6.935198639068185
    },
    "dKg_xy": {
      "true": 4.84813681109536e-05,
      "est": 4.8356881638541756e-05,
      "abs_error": 1.2448647241184043e-07,
      "pct_error": 0.25677178112412774
    },
    "dKg_yy": {
      "true": -2.0000000000020002e-05,
      "est": -1.973226997153965e-05,
      "abs_error": 2.6773002848035077e-07,
      "pct_error": 1.3386501424004151
    },
    "dKg_zy": {
      "true": 0.0002908882086657216,
      "est": 0.0003035887151524884,
      "abs_error": 1.2700506486766844e-05,
      "pct_error": 4.366112516221589
    },
    "dKg_xz": {
      "true": 9.69627362219072e-05,
      "est": 0.00011356996018549961,
      "abs_error": 1.660722396359242e-05,
      "pct_error": 17.127429165762635
    },
    "dKg_yz": {
      "true": 0.0001939254724438144,
      "est": 0.0001810902300028131,
      "abs_error": 1.2835242441001297e-05,
      "pct_error": 6.618646988069102
    },
    "dKg_zz": {
      "true": -2.999999999997449e-05,
      "est": -6.115635642567341e-06,
      "abs_error": 2.388436435740715e-05,
      "pct_error": 79.61454785809153
    },
    "dKa_xx": {
      "true": -9.99999999995449e-06,
      "est": -7.903893592731137e-06,
      "abs_error": 2.0961064072233526e-06,
      "pct_error": 20.96106407232892
    },
    "dKa_xy": {
      "true": 4.84813681109536e-05,
      "est": 4.708089921612569e-05,
      "abs_error": 1.4004688948279065e-06,
      "pct_error": 2.888674452467633
    },
    "dKa_xz": {
      "true": 9.69627362219072e-05,
      "est": 0.00011277945625284465,
      "abs_error": 1.581672003093746e-05,
      "pct_error": 16.312163463229417
    },
    "dKa_yy": {
      "true": -2.0000000000020002e-05,
      "est": 2.0220564833639543e-07,
      "abs_error": 2.0202205648356397e-05,
      "pct_error": 101.01102824168096
    },
    "dKa_yz": {
      "true": 0.0001939254724438144,
      "est": 0.0001816116893814892,
      "abs_error": 1.2313783062325176e-05,
      "pct_error": 6.349750193798198
    },
    "dKa_zz": {
      "true": -2.999999999997449e-05,
      "est": -3.0049844595758657e-05,
      "abs_error": 4.9844595784165335e-08,
      "pct_error": 0.16614865261402573
    },
    "Ka2_x": {
      "true": 1.0224607248440952e-06,
      "est": 1.2340939204714587e-06,
      "abs_error": 2.1163319562736347e-07,
      "pct_error": 20.698418089323997
    },
    "Ka2_y": {
      "true": 2.0449214496881904e-06,
      "est": 9.451468176366555e-10,
      "abs_error": 2.043976302870554e-06,
      "pct_error": 99.95378077638235
    },
    "Ka2_z": {
      "true": 3.0673821745322856e-06,
      "est": 1.3561206644061432e-06,
      "abs_error": 1.7112615101261424e-06,
      "pct_error": 55.78898920174743
    },
    "rx_x": {
      "true": 0.01,
      "est": 0.010141296675883094,
      "abs_error": 0.00014129667588309337,
      "pct_error": 1.4129667588309338
    },
    "rx_y": {
      "true": 0.02,
      "est": 0.019997600511905366,
      "abs_error": 2.3994880946343056e-06,
      "pct_error": 0.011997440473171528
    },
    "rx_z": {
      "true": 0.03,
      "est": 0.030927079118223372,
      "abs_error": 0.0009270791182233729,
      "pct_error": 3.090263727411243
    },
    "ry_x": {
      "true": 0.04,
      "est": 0.040185752379995776,
      "abs_error": 0.00018575237999577526,
      "pct_error": 0.46438094998943813
    },
    "ry_y": {
      "true": 0.05,
      "est": 0.049932622854303284,
      "abs_error": 6.737714569671899e-05,
      "pct_error": 0.13475429139343797
    },
    "ry_z": {
      "true": 0.06,
      "est": 0.06017037154484721,
      "abs_error": 0.0001703715448472115,
      "pct_error": 0.2839525747453525
    }
  },
  "focus_scale_pct": {
    "dKg_xx": 7.862583971709725,
    "dKg_xy": 0.25677178112412774,
    "dKg_yy": 1.3386501424004151,
    "dKg_zz": 79.61454785809153,
    "dKa_xx": 20.96106407232892
  },
  "lever_guard_pct": {
    "rx_y": 0.011997440473171528,
    "ry_z": 0.2839525747453525
  },
  "overall": {
    "mean_pct_error": 15.497835787901465,
    "median_pct_error": 3.697017242663402,
    "max_pct_error": 101.01102824168096
  },
  "extra": {
    "noise_scale": 0.08,
    "noise_config": {
      "arw_dpsh": 0.0004,
      "vrw_ugpsHz": 0.4,
      "bi_g_dph": 0.00016,
      "bi_a_ug": 0.4,
      "tau_g": 300.0,
      "tau_a": 300.0,
      "seed": 42,
      "base_family": "round53_round61_shared"
    },
    "comparison_mode": "ch3_closedloop_local_insertions",
    "candidate_name": "late11_zpair_pos_long",
    "method_key": "markov42_noisy",
    "legality": "faithful12_base_plus_closed_loop_local_insertions",
    "time_total_s": 1260.0
  }
}