{
  "variant": "late11_zpair_pos_double_markov42_noisy_noise0p08",
  "method_file": "search_ch3_12pos_closedloop_local_insertions.py",
  "source_file": "/root/.openclaw/workspace/tmp_psins_py/psins_py/test_calibration_markov_pruned.py",
  "param_order": [
    "eb_x",
    "eb_y",
    "eb_z",
    "db_x",
    "db_y",
    "db_z",
    "dKg_xx",
    "dKg_yx",
    "dKg_zx",
    "dKg_xy",
    "dKg_yy",
    "dKg_zy",
    "dKg_xz",
    "dKg_yz",
    "dKg_zz",
    "dKa_xx",
    "dKa_xy",
    "dKa_xz",
    "dKa_yy",
    "dKa_yz",
    "dKa_zz",
    "Ka2_x",
    "Ka2_y",
    "Ka2_z",
    "rx_x",
    "rx_y",
    "rx_z",
    "ry_x",
    "ry_y",
    "ry_z"
  ],
  "param_errors": {
    "eb_x": {
      "true": 4.84813681109536e-07,
      "est": 4.6132246753868554e-07,
      "abs_error": 2.349121357085051e-08,
      "pct_error": 4.84541061570064
    },
    "eb_y": {
      "true": 9.69627362219072e-07,
      "est": 9.75116575583874e-07,
      "abs_error": 5.489213364801985e-09,
      "pct_error": 0.5661157655699266
    },
    "eb_z": {
      "true": 1.4544410433286078e-06,
      "est": 1.4457189895418086e-06,
      "abs_error": 8.72205378679924e-09,
      "pct_error": 0.5996842448036329
    },
    "db_x": {
      "true": 0.00097803267715,
      "est": 0.0009772240309060996,
      "abs_error": 8.086462439003354e-07,
      "pct_error": 0.0826809024680792
    },
    "db_y": {
      "true": 0.0019560653543,
      "est": 0.001957214654320569,
      "abs_error": 1.1493000205693542e-06,
      "pct_error": 0.05875570660473378
    },
    "db_z": {
      "true": 0.00293409803145,
      "est": 0.0030973694286826254,
      "abs_error": 0.00016327139723262525,
      "pct_error": 5.564619705359274
    },
    "dKg_xx": {
      "true": -9.99999999995449e-06,
      "est": -1.0907130051585057e-05,
      "abs_error": 9.071300516305669e-07,
      "pct_error": 9.071300516346954
    },
    "dKg_yx": {
      "true": 0.0001454441043328608,
      "est": 0.0001454984585230845,
      "abs_error": 5.435419022370978e-08,
      "pct_error": 0.037371188384037725
    },
    "dKg_zx": {
      "true": 0.00024240684055476798,
      "est": 0.00022592196647171634,
      "abs_error": 1.648487408305164e-05,
      "pct_error": 6.800498717496853
    },
    "dKg_xy": {
      "true": 4.84813681109536e-05,
      "est": 4.835743218143043e-05,
      "abs_error": 1.239359295231648e-07,
      "pct_error": 0.2556362049014938
    },
    "dKg_yy": {
      "true": -2.0000000000020002e-05,
      "est": -1.977369330652401e-05,
      "abs_error": 2.263066934959923e-07,
      "pct_error": 1.13153346747883
    },
    "dKg_zy": {
      "true": 0.0002908882086657216,
      "est": 0.0003028634584374326,
      "abs_error": 1.1975249771711024e-05,
      "pct_error": 4.1167876232042655
    },
    "dKg_xz": {
      "true": 9.69627362219072e-05,
      "est": 0.00011322225518007616,
      "abs_error": 1.6259518958168967e-05,
      "pct_error": 16.76883263788856
    },
    "dKg_yz": {
      "true": 0.0001939254724438144,
      "est": 0.00018183157685983868,
      "abs_error": 1.2093895583975708e-05,
      "pct_error": 6.23636257350341
    },
    "dKg_zz": {
      "true": -2.999999999997449e-05,
      "est": -5.8180233719618e-06,
      "abs_error": 2.418197662801269e-05,
      "pct_error": 80.60658876011084
    },
    "dKa_xx": {
      "true": -9.99999999995449e-06,
      "est": -7.673948557718191e-06,
      "abs_error": 2.3260514422362988e-06,
      "pct_error": 23.260514422468848
    },
    "dKa_xy": {
      "true": 4.84813681109536e-05,
      "est": 4.6456042182341235e-05,
      "abs_error": 2.0253259286123616e-06,
      "pct_error": 4.177534602524493
    },
    "dKa_xz": {
      "true": 9.69627362219072e-05,
      "est": 0.00011235956402811276,
      "abs_error": 1.5396827806205568e-05,
      "pct_error": 15.879118521334487
    },
    "dKa_yy": {
      "true": -2.0000000000020002e-05,
      "est": 1.5670524389221896e-07,
      "abs_error": 2.015670524391222e-05,
      "pct_error": 100.78352621946031
    },
    "dKa_yz": {
      "true": 0.0001939254724438144,
      "est": 0.0001823355826719894,
      "abs_error": 1.1589889771824986e-05,
      "pct_error": 5.976465920526711
    },
    "dKa_zz": {
      "true": -2.999999999997449e-05,
      "est": -3.004445448118176e-05,
      "abs_error": 4.4454481207267804e-08,
      "pct_error": 0.14818160402435201
    },
    "Ka2_x": {
      "true": 1.0224607248440952e-06,
      "est": 1.2611265692947914e-06,
      "abs_error": 2.386658444506962e-07,
      "pct_error": 23.342299479237987
    },
    "Ka2_y": {
      "true": 2.0449214496881904e-06,
      "est": 1.2919628820743626e-09,
      "abs_error": 2.043629486806116e-06,
      "pct_error": 99.9368209041833
    },
    "Ka2_z": {
      "true": 3.0673821745322856e-06,
      "est": 1.3935664737138825e-06,
      "abs_error": 1.6738157008184032e-06,
      "pct_error": 54.56821503090421
    },
    "rx_x": {
      "true": 0.01,
      "est": 0.010111400401509646,
      "abs_error": 0.00011140040150964606,
      "pct_error": 1.1140040150964605
    },
    "rx_y": {
      "true": 0.02,
      "est": 0.01986070189898903,
      "abs_error": 0.00013929810101096993,
      "pct_error": 0.6964905050548497
    },
    "rx_z": {
      "true": 0.03,
      "est": 0.030891008787106232,
      "abs_error": 0.000891008787106233,
      "pct_error": 2.9700292903541103
    },
    "ry_x": {
      "true": 0.04,
      "est": 0.040462743839608295,
      "abs_error": 0.0004627438396082942,
      "pct_error": 1.1568595990207355
    },
    "ry_y": {
      "true": 0.05,
      "est": 0.049928017489998276,
      "abs_error": 7.198251000172656e-05,
      "pct_error": 0.14396502000345313
    },
    "ry_z": {
      "true": 0.06,
      "est": 0.06017344441492182,
      "abs_error": 0.0001734444149218209,
      "pct_error": 0.2890740248697015
    }
  },
  "focus_scale_pct": {
    "dKg_xx": 9.071300516346954,
    "dKg_xy": 0.2556362049014938,
    "dKg_yy": 1.13153346747883,
    "dKg_zz": 80.60658876011084,
    "dKa_xx": 23.260514422468848
  },
  "lever_guard_pct": {
    "rx_y": 0.6964905050548497,
    "ry_z": 0.2890740248697015
  },
  "overall": {
    "mean_pct_error": 15.706175926296185,
    "median_pct_error": 4.14716111286438,
    "max_pct_error": 100.78352621946031
  },
  "extra": {
    "noise_scale": 0.08,
    "noise_config": {
      "arw_dpsh": 0.0004,
      "vrw_ugpsHz": 0.4,
      "bi_g_dph": 0.00016,
      "bi_a_ug": 0.4,
      "tau_g": 300.0,
      "tau_a": 300.0,
      "seed": 42,
      "base_family": "round53_round61_shared"
    },
    "comparison_mode": "ch3_closedloop_local_insertions",
    "candidate_name": "late11_zpair_pos_double",
    "method_key": "markov42_noisy",
    "legality": "faithful12_base_plus_closed_loop_local_insertions",
    "time_total_s": 1260.0
  }
}