{
  "variant": "handoffx_l6_xpair_pos2_markov42_noisy_noise0p08",
  "method_file": "search_ch3_12pos_closedloop_local_insertions.py",
  "source_file": "/root/.openclaw/workspace/tmp_psins_py/psins_py/test_calibration_markov_pruned.py",
  "param_order": [
    "eb_x",
    "eb_y",
    "eb_z",
    "db_x",
    "db_y",
    "db_z",
    "dKg_xx",
    "dKg_yx",
    "dKg_zx",
    "dKg_xy",
    "dKg_yy",
    "dKg_zy",
    "dKg_xz",
    "dKg_yz",
    "dKg_zz",
    "dKa_xx",
    "dKa_xy",
    "dKa_xz",
    "dKa_yy",
    "dKa_yz",
    "dKa_zz",
    "Ka2_x",
    "Ka2_y",
    "Ka2_z",
    "rx_x",
    "rx_y",
    "rx_z",
    "ry_x",
    "ry_y",
    "ry_z"
  ],
  "param_errors": {
    "eb_x": {
      "true": 4.84813681109536e-07,
      "est": 4.6184452869431357e-07,
      "abs_error": 2.296915241522248e-08,
      "pct_error": 4.73772777258589
    },
    "eb_y": {
      "true": 9.69627362219072e-07,
      "est": 9.72385113662173e-07,
      "abs_error": 2.757751443100882e-09,
      "pct_error": 0.28441353354442683
    },
    "eb_z": {
      "true": 1.4544410433286078e-06,
      "est": 1.4521601919635715e-06,
      "abs_error": 2.280851365036321e-09,
      "pct_error": 0.15681978829588067
    },
    "db_x": {
      "true": 0.00097803267715,
      "est": 0.000978362443346976,
      "abs_error": 3.297661969761754e-07,
      "pct_error": 0.0337172984789341
    },
    "db_y": {
      "true": 0.0019560653543,
      "est": 0.001957286574431626,
      "abs_error": 1.2212201316260697e-06,
      "pct_error": 0.06243248104882964
    },
    "db_z": {
      "true": 0.00293409803145,
      "est": 0.0031348415208410805,
      "abs_error": 0.00020074348939108037,
      "pct_error": 6.841744455684566
    },
    "dKg_xx": {
      "true": -9.99999999995449e-06,
      "est": -9.565752549178796e-06,
      "abs_error": 4.3424745077569327e-07,
      "pct_error": 4.3424745077766955
    },
    "dKg_yx": {
      "true": 0.0001454441043328608,
      "est": 0.00014553346149030305,
      "abs_error": 8.935715744225778e-08,
      "pct_error": 0.06143745588872861
    },
    "dKg_zx": {
      "true": 0.00024240684055476798,
      "est": 0.00022268344637752324,
      "abs_error": 1.9723394177244746e-05,
      "pct_error": 8.136484157008992
    },
    "dKg_xy": {
      "true": 4.84813681109536e-05,
      "est": 4.766714894951823e-05,
      "abs_error": 8.142191614353674e-07,
      "pct_error": 1.6794475757613934
    },
    "dKg_yy": {
      "true": -2.0000000000020002e-05,
      "est": -1.9767826686667433e-05,
      "abs_error": 2.321733133525683e-07,
      "pct_error": 1.1608665667616804
    },
    "dKg_zy": {
      "true": 0.0002908882086657216,
      "est": 0.0002922684998778225,
      "abs_error": 1.380291212100919e-06,
      "pct_error": 0.47450916571427637
    },
    "dKg_xz": {
      "true": 9.69627362219072e-05,
      "est": 0.0001171097378416084,
      "abs_error": 2.0147001619701208e-05,
      "pct_error": 20.77808692773803
    },
    "dKg_yz": {
      "true": 0.0001939254724438144,
      "est": 0.00019171065462841166,
      "abs_error": 2.214817815402722e-06,
      "pct_error": 1.1420974189166493
    },
    "dKg_zz": {
      "true": -2.999999999997449e-05,
      "est": -3.329976770993781e-06,
      "abs_error": 2.667002322898071e-05,
      "pct_error": 88.9000774300113
    },
    "dKa_xx": {
      "true": -9.99999999995449e-06,
      "est": -6.945643653777367e-06,
      "abs_error": 3.054356346177123e-06,
      "pct_error": 30.543563461910235
    },
    "dKa_xy": {
      "true": 4.84813681109536e-05,
      "est": 4.908174778471496e-05,
      "abs_error": 6.003796737613645e-07,
      "pct_error": 1.2383719708308278
    },
    "dKa_xz": {
      "true": 9.69627362219072e-05,
      "est": 0.00011628914156511774,
      "abs_error": 1.9326405343210546e-05,
      "pct_error": 19.931786267850857
    },
    "dKa_yy": {
      "true": -2.0000000000020002e-05,
      "est": 1.9505894442994887e-06,
      "abs_error": 2.195058944431949e-05,
      "pct_error": 109.7529472214877
    },
    "dKa_yz": {
      "true": 0.0001939254724438144,
      "est": 0.0001924330963113511,
      "abs_error": 1.492376132463275e-06,
      "pct_error": 0.7695616845258211
    },
    "dKa_zz": {
      "true": -2.999999999997449e-05,
      "est": -2.9921352366013565e-05,
      "abs_error": 7.864763396092656e-08,
      "pct_error": 0.2621587798699781
    },
    "Ka2_x": {
      "true": 1.0224607248440952e-06,
      "est": 1.3227096870776695e-06,
      "abs_error": 3.0024896223357426e-07,
      "pct_error": 29.365329634481192
    },
    "Ka2_y": {
      "true": 2.0449214496881904e-06,
      "est": 8.874114321419132e-10,
      "abs_error": 2.0440340382560486e-06,
      "pct_error": 99.95660413106444
    },
    "Ka2_z": {
      "true": 3.0673821745322856e-06,
      "est": 1.0100581782520001e-06,
      "abs_error": 2.0573239962802857e-06,
      "pct_error": 67.07100319489815
    },
    "rx_x": {
      "true": 0.01,
      "est": 0.010186985238244987,
      "abs_error": 0.00018698523824498686,
      "pct_error": 1.8698523824498685
    },
    "rx_y": {
      "true": 0.02,
      "est": 0.02012300976207844,
      "abs_error": 0.00012300976207843886,
      "pct_error": 0.6150488103921943
    },
    "rx_z": {
      "true": 0.03,
      "est": 0.03110017129122801,
      "abs_error": 0.001100171291228011,
      "pct_error": 3.6672376374267035
    },
    "ry_x": {
      "true": 0.04,
      "est": 0.04025354578601335,
      "abs_error": 0.0002535457860133525,
      "pct_error": 0.6338644650333812
    },
    "ry_y": {
      "true": 0.05,
      "est": 0.05018442679927221,
      "abs_error": 0.0001844267992722054,
      "pct_error": 0.3688535985444108
    },
    "ry_z": {
      "true": 0.06,
      "est": 0.06067229847923868,
      "abs_error": 0.0006722984792386852,
      "pct_error": 1.1204974653978086
    }
  },
  "focus_scale_pct": {
    "dKg_xx": 4.3424745077766955,
    "dKg_xy": 1.6794475757613934,
    "dKg_yy": 1.1608665667616804,
    "dKg_zz": 88.9000774300113,
    "dKa_xx": 30.543563461910235
  },
  "lever_guard_pct": {
    "rx_y": 0.6150488103921943,
    "ry_z": 1.1204974653978086
  },
  "overall": {
    "mean_pct_error": 16.86530057471266,
    "median_pct_error": 1.4589097732961105,
    "max_pct_error": 109.7529472214877
  },
  "extra": {
    "noise_scale": 0.08,
    "noise_config": {
      "arw_dpsh": 0.0004,
      "vrw_ugpsHz": 0.4,
      "bi_g_dph": 0.00016,
      "bi_a_ug": 0.4,
      "tau_g": 300.0,
      "tau_a": 300.0,
      "seed": 42,
      "base_family": "round53_round61_shared"
    },
    "comparison_mode": "ch3_closedloop_local_insertions",
    "candidate_name": "handoffx_l6_xpair_pos2",
    "method_key": "markov42_noisy",
    "legality": "faithful12_base_plus_closed_loop_local_insertions",
    "time_total_s": 1214.0
  }
}