{
  "variant": "entryx_l8_xpair_pos1_plus_l11_y10x1_markov42_noisy_noise0p08",
  "method_file": "search_ch3_12pos_closedloop_local_insertions.py",
  "source_file": "/root/.openclaw/workspace/tmp_psins_py/psins_py/test_calibration_markov_pruned.py",
  "param_order": [
    "eb_x",
    "eb_y",
    "eb_z",
    "db_x",
    "db_y",
    "db_z",
    "dKg_xx",
    "dKg_yx",
    "dKg_zx",
    "dKg_xy",
    "dKg_yy",
    "dKg_zy",
    "dKg_xz",
    "dKg_yz",
    "dKg_zz",
    "dKa_xx",
    "dKa_xy",
    "dKa_xz",
    "dKa_yy",
    "dKa_yz",
    "dKa_zz",
    "Ka2_x",
    "Ka2_y",
    "Ka2_z",
    "rx_x",
    "rx_y",
    "rx_z",
    "ry_x",
    "ry_y",
    "ry_z"
  ],
  "param_errors": {
    "eb_x": {
      "true": 4.84813681109536e-07,
      "est": 4.640951382351172e-07,
      "abs_error": 2.071854287441884e-08,
      "pct_error": 4.27350623171416
    },
    "eb_y": {
      "true": 9.69627362219072e-07,
      "est": 9.707502464200354e-07,
      "abs_error": 1.1228842009633104e-09,
      "pct_error": 0.11580574607481141
    },
    "eb_z": {
      "true": 1.4544410433286078e-06,
      "est": 1.4424783235723135e-06,
      "abs_error": 1.1962719756294357e-08,
      "pct_error": 0.8224960242401224
    },
    "db_x": {
      "true": 0.00097803267715,
      "est": 0.0009772189931762634,
      "abs_error": 8.136839737364881e-07,
      "pct_error": 0.08319599055806334
    },
    "db_y": {
      "true": 0.0019560653543,
      "est": 0.001958391525033452,
      "abs_error": 2.326170733452093e-06,
      "pct_error": 0.1189209107118274
    },
    "db_z": {
      "true": 0.00293409803145,
      "est": 0.002944485642337228,
      "abs_error": 1.0387610887227679e-05,
      "pct_error": 0.35403080523844094
    },
    "dKg_xx": {
      "true": -9.99999999995449e-06,
      "est": -1.3187257529967411e-05,
      "abs_error": 3.1872575300129213e-06,
      "pct_error": 31.872575300274264
    },
    "dKg_yx": {
      "true": 0.0001454441043328608,
      "est": 0.0001454292929299445,
      "abs_error": 1.4811402916295588e-08,
      "pct_error": 0.010183570509257958
    },
    "dKg_zx": {
      "true": 0.00024240684055476798,
      "est": 0.00024124338437711104,
      "abs_error": 1.163456177656944e-06,
      "pct_error": 0.4799601261227938
    },
    "dKg_xy": {
      "true": 4.84813681109536e-05,
      "est": 4.850120504210385e-05,
      "abs_error": 1.9836931150252245e-08,
      "pct_error": 0.0409166076024377
    },
    "dKg_yy": {
      "true": -2.0000000000020002e-05,
      "est": -1.959284297115005e-05,
      "abs_error": 4.071570288699533e-07,
      "pct_error": 2.035785144347731
    },
    "dKg_zy": {
      "true": 0.0002908882086657216,
      "est": 0.0003009056569513086,
      "abs_error": 1.0017448285587005e-05,
      "pct_error": 3.443745049528186
    },
    "dKg_xz": {
      "true": 9.69627362219072e-05,
      "est": 9.73466301047378e-05,
      "abs_error": 3.8389388283060165e-07,
      "pct_error": 0.3959189868074978
    },
    "dKg_yz": {
      "true": 0.0001939254724438144,
      "est": 0.00018362410403528184,
      "abs_error": 1.0301368408532544e-05,
      "pct_error": 5.312024397164811
    },
    "dKg_zz": {
      "true": -2.999999999997449e-05,
      "est": -1.1527804102628991e-05,
      "abs_error": 1.84721958973455e-05,
      "pct_error": 61.57398632453736
    },
    "dKa_xx": {
      "true": -9.99999999995449e-06,
      "est": -9.685769168932268e-06,
      "abs_error": 3.1423083102222193e-07,
      "pct_error": 3.1423083102365204
    },
    "dKa_xy": {
      "true": 4.84813681109536e-05,
      "est": 4.4662609947074165e-05,
      "abs_error": 3.818758163879432e-06,
      "pct_error": 7.876754127771085
    },
    "dKa_xz": {
      "true": 9.69627362219072e-05,
      "est": 9.667965477737415e-05,
      "abs_error": 2.830814445330403e-07,
      "pct_error": 0.29194869654377853
    },
    "dKa_yy": {
      "true": -2.0000000000020002e-05,
      "est": -2.094624174331372e-06,
      "abs_error": 1.790537582568863e-05,
      "pct_error": 89.52687912835361
    },
    "dKa_yz": {
      "true": 0.0001939254724438144,
      "est": 0.00018372523151075542,
      "abs_error": 1.0200240933058962e-05,
      "pct_error": 5.25987679932777
    },
    "dKa_zz": {
      "true": -2.999999999997449e-05,
      "est": -3.024608144563956e-05,
      "abs_error": 2.460814456650695e-07,
      "pct_error": 0.8202714855509292
    },
    "Ka2_x": {
      "true": 1.0224607248440952e-06,
      "est": 1.0579009158592015e-06,
      "abs_error": 3.544019101510631e-08,
      "pct_error": 3.466166489721181
    },
    "Ka2_y": {
      "true": 2.0449214496881904e-06,
      "est": 9.202749132925584e-09,
      "abs_error": 2.0357187005552647e-06,
      "pct_error": 99.54997053141923
    },
    "Ka2_z": {
      "true": 3.0673821745322856e-06,
      "est": 2.9868758918207695e-06,
      "abs_error": 8.050628271151618e-08,
      "pct_error": 2.6245925069246314
    },
    "rx_x": {
      "true": 0.01,
      "est": 0.010014118852402498,
      "abs_error": 1.4118852402498008e-05,
      "pct_error": 0.14118852402498008
    },
    "rx_y": {
      "true": 0.02,
      "est": 0.02028489274142122,
      "abs_error": 0.00028489274142121795,
      "pct_error": 1.4244637071060897
    },
    "rx_z": {
      "true": 0.03,
      "est": 0.030409850259427926,
      "abs_error": 0.00040985025942792686,
      "pct_error": 1.366167531426423
    },
    "ry_x": {
      "true": 0.04,
      "est": 0.040582089511052175,
      "abs_error": 0.0005820895110521737,
      "pct_error": 1.4552237776304342
    },
    "ry_y": {
      "true": 0.05,
      "est": 0.050208720784307666,
      "abs_error": 0.000208720784307663,
      "pct_error": 0.417441568615326
    },
    "ry_z": {
      "true": 0.06,
      "est": 0.060655705078487415,
      "abs_error": 0.0006557050784874174,
      "pct_error": 1.0928417974790292
    }
  },
  "focus_scale_pct": {
    "dKg_xx": 31.872575300274264,
    "dKg_xy": 0.0409166076024377,
    "dKg_yy": 2.035785144347731,
    "dKg_zz": 61.57398632453736,
    "dKa_xx": 3.1423083102365204
  },
  "lever_guard_pct": {
    "rx_y": 1.4244637071060897,
    "ry_z": 1.0928417974790292
  },
  "overall": {
    "mean_pct_error": 10.979638206585426,
    "median_pct_error": 1.3953156192662564,
    "max_pct_error": 99.54997053141923
  },
  "extra": {
    "noise_scale": 0.08,
    "noise_config": {
      "arw_dpsh": 0.0004,
      "vrw_ugpsHz": 0.4,
      "bi_g_dph": 0.00016,
      "bi_a_ug": 0.4,
      "tau_g": 300.0,
      "tau_a": 300.0,
      "seed": 42,
      "base_family": "round53_round61_shared"
    },
    "comparison_mode": "ch3_closedloop_local_insertions",
    "candidate_name": "entryx_l8_xpair_pos1_plus_l11_y10x1",
    "method_key": "markov42_noisy",
    "legality": "faithful12_base_plus_closed_loop_local_insertions",
    "time_total_s": 1294.0
  }
}