{
  "variant": "frontgwpair_l4_posfirst_d0p5_on_entry_markov42_noisy_noise0p08",
  "method_file": "search_ch3_12pos_closedloop_local_insertions.py",
  "source_file": "/root/.openclaw/workspace/tmp_psins_py/psins_py/test_calibration_markov_pruned.py",
  "param_order": [
    "eb_x",
    "eb_y",
    "eb_z",
    "db_x",
    "db_y",
    "db_z",
    "dKg_xx",
    "dKg_yx",
    "dKg_zx",
    "dKg_xy",
    "dKg_yy",
    "dKg_zy",
    "dKg_xz",
    "dKg_yz",
    "dKg_zz",
    "dKa_xx",
    "dKa_xy",
    "dKa_xz",
    "dKa_yy",
    "dKa_yz",
    "dKa_zz",
    "Ka2_x",
    "Ka2_y",
    "Ka2_z",
    "rx_x",
    "rx_y",
    "rx_z",
    "ry_x",
    "ry_y",
    "ry_z"
  ],
  "param_errors": {
    "eb_x": {
      "true": 4.84813681109536e-07,
      "est": 5.69059499168422e-07,
      "abs_error": 8.4245818058886e-08,
      "pct_error": 17.37694733904425
    },
    "eb_y": {
      "true": 9.69627362219072e-07,
      "est": 8.461373004963673e-07,
      "abs_error": 1.2349006172270483e-07,
      "pct_error": 12.73582682733784
    },
    "eb_z": {
      "true": 1.4544410433286078e-06,
      "est": 1.4827807731022037e-06,
      "abs_error": 2.833972977359585e-08,
      "pct_error": 1.9484962902819387
    },
    "db_x": {
      "true": 0.00097803267715,
      "est": 0.001110266607827917,
      "abs_error": 0.00013223393067791716,
      "pct_error": 13.520400060992705
    },
    "db_y": {
      "true": 0.0019560653543,
      "est": 0.0020224307274128053,
      "abs_error": 6.63653731128055e-05,
      "pct_error": 3.3927993748733973
    },
    "db_z": {
      "true": 0.00293409803145,
      "est": 0.0029345357449414686,
      "abs_error": 4.377134914684312e-07,
      "pct_error": 0.014918161792028395
    },
    "dKg_xx": {
      "true": -9.99999999995449e-06,
      "est": -2.956517207231002e-05,
      "abs_error": 1.956517207235553e-05,
      "pct_error": 195.6517207244457
    },
    "dKg_yx": {
      "true": 0.0001454441043328608,
      "est": 0.00016664339274594122,
      "abs_error": 2.119928841308043e-05,
      "pct_error": 14.575557057001168
    },
    "dKg_zx": {
      "true": 0.00024240684055476798,
      "est": 0.00022863105695062984,
      "abs_error": 1.3775783604138143e-05,
      "pct_error": 5.682918672018962
    },
    "dKg_xy": {
      "true": 4.84813681109536e-05,
      "est": 5.910147598645068e-05,
      "abs_error": 1.0620107875497086e-05,
      "pct_error": 21.905544932626686
    },
    "dKg_yy": {
      "true": -2.0000000000020002e-05,
      "est": -1.8184299785950486e-05,
      "abs_error": 1.8157002140695155e-06,
      "pct_error": 9.078501070338499
    },
    "dKg_zy": {
      "true": 0.0002908882086657216,
      "est": 0.0003195881445687496,
      "abs_error": 2.8699935903028014e-05,
      "pct_error": 9.866311197236929
    },
    "dKg_xz": {
      "true": 9.69627362219072e-05,
      "est": 7.259575850084656e-05,
      "abs_error": 2.4366977721060638e-05,
      "pct_error": 25.13024969230943
    },
    "dKg_yz": {
      "true": 0.0001939254724438144,
      "est": 0.00019038003138328828,
      "abs_error": 3.5454410605261085e-06,
      "pct_error": 1.828249283524794
    },
    "dKg_zz": {
      "true": -2.999999999997449e-05,
      "est": -3.3045597382930225e-05,
      "abs_error": 3.0455973829557337e-06,
      "pct_error": 10.151991276527744
    },
    "dKa_xx": {
      "true": -9.99999999995449e-06,
      "est": -8.193212412521689e-06,
      "abs_error": 1.806787587432801e-06,
      "pct_error": 18.067875874410237
    },
    "dKa_xy": {
      "true": 4.84813681109536e-05,
      "est": 3.7423317091773924e-05,
      "abs_error": 1.1058051019179673e-05,
      "pct_error": 22.808867509416018
    },
    "dKa_xz": {
      "true": 9.69627362219072e-05,
      "est": 9.713556397990883e-05,
      "abs_error": 1.728277580016394e-07,
      "pct_error": 0.17824142009164104
    },
    "dKa_yy": {
      "true": -2.0000000000020002e-05,
      "est": -2.328622291947191e-05,
      "abs_error": 3.286222919451909e-06,
      "pct_error": 16.431114597243113
    },
    "dKa_yz": {
      "true": 0.0001939254724438144,
      "est": 0.0001736044721316256,
      "abs_error": 2.032100031218879e-05,
      "pct_error": 10.478767980352014
    },
    "dKa_zz": {
      "true": -2.999999999997449e-05,
      "est": -2.9400077213637132e-05,
      "abs_error": 5.999227863373591e-07,
      "pct_error": 1.9997426211262306
    },
    "Ka2_x": {
      "true": 1.0224607248440952e-06,
      "est": 2.115826301851224e-07,
      "abs_error": 8.108780946589729e-07,
      "pct_error": 79.30652737616064
    },
    "Ka2_y": {
      "true": 2.0449214496881904e-06,
      "est": 1.2461941066480713e-06,
      "abs_error": 7.987273430401191e-07,
      "pct_error": 39.05907208132171
    },
    "Ka2_z": {
      "true": 3.0673821745322856e-06,
      "est": 2.505658230314747e-06,
      "abs_error": 5.617239442175385e-07,
      "pct_error": 18.31281243274455
    },
    "rx_x": {
      "true": 0.01,
      "est": 0.019406053555074874,
      "abs_error": 0.009406053555074874,
      "pct_error": 94.06053555074874
    },
    "rx_y": {
      "true": 0.02,
      "est": 0.02035608865091172,
      "abs_error": 0.0003560886509117213,
      "pct_error": 1.7804432545586064
    },
    "rx_z": {
      "true": 0.03,
      "est": 0.04378853818658503,
      "abs_error": 0.013788538186585028,
      "pct_error": 45.96179395528343
    },
    "ry_x": {
      "true": 0.04,
      "est": 0.04172657685738101,
      "abs_error": 0.001726576857381007,
      "pct_error": 4.316442143452518
    },
    "ry_y": {
      "true": 0.05,
      "est": 0.043225859257942464,
      "abs_error": 0.006774140742057538,
      "pct_error": 13.548281484115076
    },
    "ry_z": {
      "true": 0.06,
      "est": 0.07128952701446797,
      "abs_error": 0.011289527014467976,
      "pct_error": 18.81587835744663
    }
  },
  "focus_scale_pct": {
    "dKg_xx": 195.6517207244457,
    "dKg_xy": 21.905544932626686,
    "dKg_yy": 9.078501070338499,
    "dKg_zz": 10.151991276527744,
    "dKa_xx": 18.067875874410237
  },
  "lever_guard_pct": {
    "rx_y": 1.7804432545586064,
    "ry_z": 18.81587835744663
  },
  "overall": {
    "mean_pct_error": 24.266227619960773,
    "median_pct_error": 13.53434077255389,
    "max_pct_error": 195.6517207244457
  },
  "extra": {
    "noise_scale": 0.08,
    "noise_config": {
      "arw_dpsh": 0.0004,
      "vrw_ugpsHz": 0.4,
      "bi_g_dph": 0.00016,
      "bi_a_ug": 0.4,
      "tau_g": 300.0,
      "tau_a": 300.0,
      "seed": 42,
      "base_family": "round53_round61_shared"
    },
    "comparison_mode": "corrected_att0_hidden_next6",
    "candidate_name": "frontgwpair_l4_posfirst_d0p5_on_entry",
    "method_key": "markov42_noisy",
    "legality": "faithful12_base_plus_closed_loop_local_insertions",
    "time_total_s": 1364.0,
    "att0_deg": [
      0.0,
      0.0,
      0.0
    ],
    "candidate_registry_key": "frontgwpair_l4_posfirst_d0p5_on_entry",
    "family": "front_gateway_diagonal_pair_on_corrected_entry",
    "hypothesis_id": "H1"
  }
}