{
  "variant": "entryx_l8_xpair_pos2_plus_l11_y10x0back2_markov42_noisy_noise0p08",
  "method_file": "search_ch3_12pos_closedloop_local_insertions.py",
  "source_file": "/root/.openclaw/workspace/tmp_psins_py/psins_py/test_calibration_markov_pruned.py",
  "param_order": [
    "eb_x",
    "eb_y",
    "eb_z",
    "db_x",
    "db_y",
    "db_z",
    "dKg_xx",
    "dKg_yx",
    "dKg_zx",
    "dKg_xy",
    "dKg_yy",
    "dKg_zy",
    "dKg_xz",
    "dKg_yz",
    "dKg_zz",
    "dKa_xx",
    "dKa_xy",
    "dKa_xz",
    "dKa_yy",
    "dKa_yz",
    "dKa_zz",
    "Ka2_x",
    "Ka2_y",
    "Ka2_z",
    "rx_x",
    "rx_y",
    "rx_z",
    "ry_x",
    "ry_y",
    "ry_z"
  ],
  "param_errors": {
    "eb_x": {
      "true": 4.84813681109536e-07,
      "est": 4.6492519427958065e-07,
      "abs_error": 1.9888486829955402e-08,
      "pct_error": 4.102294882528678
    },
    "eb_y": {
      "true": 9.69627362219072e-07,
      "est": 9.707650962335032e-07,
      "abs_error": 1.137734014431067e-09,
      "pct_error": 0.11733724302367757
    },
    "eb_z": {
      "true": 1.4544410433286078e-06,
      "est": 1.4423479253642837e-06,
      "abs_error": 1.2093117964324116e-08,
      "pct_error": 0.8314615446115314
    },
    "db_x": {
      "true": 0.00097803267715,
      "est": 0.0009775990402200825,
      "abs_error": 4.336369299174324e-07,
      "pct_error": 0.04433767296825461
    },
    "db_y": {
      "true": 0.0019560653543,
      "est": 0.0019585088953320614,
      "abs_error": 2.443541032061576e-06,
      "pct_error": 0.12492123674139839
    },
    "db_z": {
      "true": 0.00293409803145,
      "est": 0.002942915055487048,
      "abs_error": 8.8170240370479e-06,
      "pct_error": 0.3005020262629268
    },
    "dKg_xx": {
      "true": -9.99999999995449e-06,
      "est": -1.3537768004168171e-05,
      "abs_error": 3.5377680042136816e-06,
      "pct_error": 35.37768004229782
    },
    "dKg_yx": {
      "true": 0.0001454441043328608,
      "est": 0.00014539977309349013,
      "abs_error": 4.4331239370664233e-08,
      "pct_error": 0.030479914998279026
    },
    "dKg_zx": {
      "true": 0.00024240684055476798,
      "est": 0.00024134440768677526,
      "abs_error": 1.0624328679927227e-06,
      "pct_error": 0.4382850193341318
    },
    "dKg_xy": {
      "true": 4.84813681109536e-05,
      "est": 4.8533470221677064e-05,
      "abs_error": 5.210211072346707e-08,
      "pct_error": 0.10746831773440696
    },
    "dKg_yy": {
      "true": -2.0000000000020002e-05,
      "est": -1.9559739564245504e-05,
      "abs_error": 4.402604357744977e-07,
      "pct_error": 2.201302178870287
    },
    "dKg_zy": {
      "true": 0.0002908882086657216,
      "est": 0.0003013720541595705,
      "abs_error": 1.0483845493848912e-05,
      "pct_error": 3.604080599188734
    },
    "dKg_xz": {
      "true": 9.69627362219072e-05,
      "est": 9.723876675069075e-05,
      "abs_error": 2.7603052878355733e-07,
      "pct_error": 0.28467691768912
    },
    "dKg_yz": {
      "true": 0.0001939254724438144,
      "est": 0.00018314184884760343,
      "abs_error": 1.078362359621096e-05,
      "pct_error": 5.560705079285175
    },
    "dKg_zz": {
      "true": -2.999999999997449e-05,
      "est": -1.1842019428609518e-05,
      "abs_error": 1.8157980571364973e-05,
      "pct_error": 60.52660190460137
    },
    "dKa_xx": {
      "true": -9.99999999995449e-06,
      "est": -9.651733291704545e-06,
      "abs_error": 3.4826670824994466e-07,
      "pct_error": 3.4826670825152966
    },
    "dKa_xy": {
      "true": 4.84813681109536e-05,
      "est": 4.4730600519304396e-05,
      "abs_error": 3.7507675916492012e-06,
      "pct_error": 7.7365135056941075
    },
    "dKa_xz": {
      "true": 9.69627362219072e-05,
      "est": 9.661521074360603e-05,
      "abs_error": 3.4752547830115997e-07,
      "pct_error": 0.35841137723859123
    },
    "dKa_yy": {
      "true": -2.0000000000020002e-05,
      "est": -2.1396627296610404e-06,
      "abs_error": 1.786033727035896e-05,
      "pct_error": 89.3016863517055
    },
    "dKa_yz": {
      "true": 0.0001939254724438144,
      "est": 0.0001832409602757457,
      "abs_error": 1.068451216806868e-05,
      "pct_error": 5.509597080478574
    },
    "dKa_zz": {
      "true": -2.999999999997449e-05,
      "est": -3.025576894022386e-05,
      "abs_error": 2.557689402493679e-07,
      "pct_error": 0.8525631341652847
    },
    "Ka2_x": {
      "true": 1.0224607248440952e-06,
      "est": 1.0576698350660955e-06,
      "abs_error": 3.520911022200025e-08,
      "pct_error": 3.4435660330492333
    },
    "Ka2_y": {
      "true": 2.0449214496881904e-06,
      "est": 9.319696166128745e-09,
      "abs_error": 2.0356017535220615e-06,
      "pct_error": 99.54425163042082
    },
    "Ka2_z": {
      "true": 3.0673821745322856e-06,
      "est": 3.0013068180847934e-06,
      "abs_error": 6.607535644749223e-08,
      "pct_error": 2.154128591999378
    },
    "rx_x": {
      "true": 0.01,
      "est": 0.010020999398368209,
      "abs_error": 2.0999398368208924e-05,
      "pct_error": 0.20999398368208924
    },
    "rx_y": {
      "true": 0.02,
      "est": 0.0202676965641854,
      "abs_error": 0.0002676965641854011,
      "pct_error": 1.3384828209270054
    },
    "rx_z": {
      "true": 0.03,
      "est": 0.030400118720947507,
      "abs_error": 0.00040011872094750794,
      "pct_error": 1.3337290698250266
    },
    "ry_x": {
      "true": 0.04,
      "est": 0.04053788676114997,
      "abs_error": 0.0005378867611499707,
      "pct_error": 1.3447169028749268
    },
    "ry_y": {
      "true": 0.05,
      "est": 0.05022153987436239,
      "abs_error": 0.0002215398743623878,
      "pct_error": 0.4430797487247756
    },
    "ry_z": {
      "true": 0.06,
      "est": 0.06065799910094986,
      "abs_error": 0.000657999100949859,
      "pct_error": 1.096665168249765
    }
  },
  "focus_scale_pct": {
    "dKg_xx": 35.37768004229782,
    "dKg_xy": 0.10746831773440696,
    "dKg_yy": 2.201302178870287,
    "dKg_zz": 60.52660190460137,
    "dKa_xx": 3.4826670825152966
  },
  "lever_guard_pct": {
    "rx_y": 1.3384828209270054,
    "ry_z": 1.096665168249765
  },
  "overall": {
    "mean_pct_error": 11.060072902056207,
    "median_pct_error": 1.336105945376016,
    "max_pct_error": 99.54425163042082
  },
  "extra": {
    "noise_scale": 0.08,
    "noise_config": {
      "arw_dpsh": 0.0004,
      "vrw_ugpsHz": 0.4,
      "bi_g_dph": 0.00016,
      "bi_a_ug": 0.4,
      "tau_g": 300.0,
      "tau_a": 300.0,
      "seed": 42,
      "base_family": "round53_round61_shared"
    },
    "comparison_mode": "ch3_closedloop_local_insertions",
    "candidate_name": "entryx_l8_xpair_pos2_plus_l11_y10x0back2",
    "method_key": "markov42_noisy",
    "legality": "faithful12_base_plus_closed_loop_local_insertions",
    "time_total_s": 1296.0
  }
}