{
  "variant": "precond_y9neg4_plus_l10l11_fullblock_y5x0_markov42_noisy_noise0p08",
  "method_file": "search_ch3_12pos_closedloop_local_insertions.py",
  "source_file": "/root/.openclaw/workspace/tmp_psins_py/psins_py/test_calibration_markov_pruned.py",
  "param_order": [
    "eb_x",
    "eb_y",
    "eb_z",
    "db_x",
    "db_y",
    "db_z",
    "dKg_xx",
    "dKg_yx",
    "dKg_zx",
    "dKg_xy",
    "dKg_yy",
    "dKg_zy",
    "dKg_xz",
    "dKg_yz",
    "dKg_zz",
    "dKa_xx",
    "dKa_xy",
    "dKa_xz",
    "dKa_yy",
    "dKa_yz",
    "dKa_zz",
    "Ka2_x",
    "Ka2_y",
    "Ka2_z",
    "rx_x",
    "rx_y",
    "rx_z",
    "ry_x",
    "ry_y",
    "ry_z"
  ],
  "param_errors": {
    "eb_x": {
      "true": 4.84813681109536e-07,
      "est": 4.5586744924250927e-07,
      "abs_error": 2.894623186702678e-08,
      "pct_error": 5.970588907635804
    },
    "eb_y": {
      "true": 9.69627362219072e-07,
      "est": 9.705737349729983e-07,
      "abs_error": 9.463727539261726e-10,
      "pct_error": 0.09760169636305649
    },
    "eb_z": {
      "true": 1.4544410433286078e-06,
      "est": 1.4457052030313018e-06,
      "abs_error": 8.735840297306032e-09,
      "pct_error": 0.6006321354431352
    },
    "db_x": {
      "true": 0.00097803267715,
      "est": 0.0009817024739802688,
      "abs_error": 3.6697968302688497e-06,
      "pct_error": 0.37522231271072515
    },
    "db_y": {
      "true": 0.0019560653543,
      "est": 0.001960730983954331,
      "abs_error": 4.66562965433133e-06,
      "pct_error": 0.2385211539110859
    },
    "db_z": {
      "true": 0.00293409803145,
      "est": 0.002940126575438528,
      "abs_error": 6.028543988527771e-06,
      "pct_error": 0.20546498187548726
    },
    "dKg_xx": {
      "true": -9.99999999995449e-06,
      "est": -1.2580322377164777e-05,
      "abs_error": 2.580322377210287e-06,
      "pct_error": 25.803223772220303
    },
    "dKg_yx": {
      "true": 0.0001454441043328608,
      "est": 0.0001453096194085417,
      "abs_error": 1.3448492431909266e-07,
      "pct_error": 0.09246502285944355
    },
    "dKg_zx": {
      "true": 0.00024240684055476798,
      "est": 0.00024174751096940625,
      "abs_error": 6.593295853617371e-07,
      "pct_error": 0.27199297835523417
    },
    "dKg_xy": {
      "true": 4.84813681109536e-05,
      "est": 4.9067669835800816e-05,
      "abs_error": 5.86301724847219e-07,
      "pct_error": 1.2093341167795002
    },
    "dKg_yy": {
      "true": -2.0000000000020002e-05,
      "est": -1.9425893892810464e-05,
      "abs_error": 5.741061072095377e-07,
      "pct_error": 2.870530536044818
    },
    "dKg_zy": {
      "true": 0.0002908882086657216,
      "est": 0.00028818711885006263,
      "abs_error": 2.701089815658952e-06,
      "pct_error": 0.9285662791381649
    },
    "dKg_xz": {
      "true": 9.69627362219072e-05,
      "est": 9.705449562545162e-05,
      "abs_error": 9.175940354442527e-08,
      "pct_error": 0.09463367796720003
    },
    "dKg_yz": {
      "true": 0.0001939254724438144,
      "est": 0.00019655511402275576,
      "abs_error": 2.629641578941373e-06,
      "pct_error": 1.3560062769491272
    },
    "dKg_zz": {
      "true": -2.999999999997449e-05,
      "est": -1.8053102612602956e-05,
      "abs_error": 1.1946897387371536e-05,
      "pct_error": 39.82299129127232
    },
    "dKa_xx": {
      "true": -9.99999999995449e-06,
      "est": -9.684439916890497e-06,
      "abs_error": 3.1556008306399264e-07,
      "pct_error": 3.1556008306542878
    },
    "dKa_xy": {
      "true": 4.84813681109536e-05,
      "est": 4.9467201537447686e-05,
      "abs_error": 9.858334264940894e-07,
      "pct_error": 2.0334274070771445
    },
    "dKa_xz": {
      "true": 9.69627362219072e-05,
      "est": 9.630472197171306e-05,
      "abs_error": 6.580142501941299e-07,
      "pct_error": 0.6786259091206029
    },
    "dKa_yy": {
      "true": -2.0000000000020002e-05,
      "est": -3.696246826390137e-07,
      "abs_error": 1.9630375317380988e-05,
      "pct_error": 98.15187658680678
    },
    "dKa_yz": {
      "true": 0.0001939254724438144,
      "est": 0.00019659953499890677,
      "abs_error": 2.674062555092381e-06,
      "pct_error": 1.3789124870468634
    },
    "dKa_zz": {
      "true": -2.999999999997449e-05,
      "est": -3.045985832383913e-05,
      "abs_error": 4.59858323864637e-07,
      "pct_error": 1.5328610795500934
    },
    "Ka2_x": {
      "true": 1.0224607248440952e-06,
      "est": 1.0126198135481633e-06,
      "abs_error": 9.840911295931881e-09,
      "pct_error": 0.9624732820355935
    },
    "Ka2_y": {
      "true": 2.0449214496881904e-06,
      "est": -4.034138079201233e-09,
      "abs_error": 2.0489555877673917e-06,
      "pct_error": 100.19727594327969
    },
    "Ka2_z": {
      "true": 3.0673821745322856e-06,
      "est": 3.015529897418176e-06,
      "abs_error": 5.185227711410961e-08,
      "pct_error": 1.6904407134078765
    },
    "rx_x": {
      "true": 0.01,
      "est": 0.00987628861463121,
      "abs_error": 0.000123711385368791,
      "pct_error": 1.23711385368791
    },
    "rx_y": {
      "true": 0.02,
      "est": 0.019987640138491657,
      "abs_error": 1.2359861508343811e-05,
      "pct_error": 0.061799307541719056
    },
    "rx_z": {
      "true": 0.03,
      "est": 0.030674332810078517,
      "abs_error": 0.0006743328100785179,
      "pct_error": 2.2477760335950596
    },
    "ry_x": {
      "true": 0.04,
      "est": 0.04041306514446833,
      "abs_error": 0.0004130651444683303,
      "pct_error": 1.0326628611708257
    },
    "ry_y": {
      "true": 0.05,
      "est": 0.04994751807023602,
      "abs_error": 5.248192976398114e-05,
      "pct_error": 0.10496385952796228
    },
    "ry_z": {
      "true": 0.06,
      "est": 0.060859713845296495,
      "abs_error": 0.0008597138452964975,
      "pct_error": 1.432856408827496
    }
  },
  "focus_scale_pct": {
    "dKg_xx": 25.803223772220303,
    "dKg_xy": 1.2093341167795002,
    "dKg_yy": 2.870530536044818,
    "dKg_zz": 39.82299129127232,
    "dKa_xx": 3.1556008306542878
  },
  "lever_guard_pct": {
    "rx_y": 0.061799307541719056,
    "ry_z": 1.432856408827496
  },
  "overall": {
    "mean_pct_error": 9.86121472342851,
    "median_pct_error": 1.2232239852337052,
    "max_pct_error": 100.19727594327969
  },
  "extra": {
    "noise_scale": 0.08,
    "noise_config": {
      "arw_dpsh": 0.0004,
      "vrw_ugpsHz": 0.4,
      "bi_g_dph": 0.00016,
      "bi_a_ug": 0.4,
      "tau_g": 300.0,
      "tau_a": 300.0,
      "seed": 42,
      "base_family": "round53_round61_shared"
    },
    "comparison_mode": "ch3_closedloop_local_insertions",
    "candidate_name": "precond_y9neg4_plus_l10l11_fullblock_y5x0",
    "method_key": "markov42_noisy",
    "legality": "faithful12_base_plus_closed_loop_local_insertions",
    "time_total_s": 1358.0
  }
}