{
  "variant": "precond_y9neg4_plus_l10l11_fullblock_y4x0_markov42_noisy_noise0p08",
  "method_file": "search_ch3_12pos_closedloop_local_insertions.py",
  "source_file": "/root/.openclaw/workspace/tmp_psins_py/psins_py/test_calibration_markov_pruned.py",
  "param_order": [
    "eb_x",
    "eb_y",
    "eb_z",
    "db_x",
    "db_y",
    "db_z",
    "dKg_xx",
    "dKg_yx",
    "dKg_zx",
    "dKg_xy",
    "dKg_yy",
    "dKg_zy",
    "dKg_xz",
    "dKg_yz",
    "dKg_zz",
    "dKa_xx",
    "dKa_xy",
    "dKa_xz",
    "dKa_yy",
    "dKa_yz",
    "dKa_zz",
    "Ka2_x",
    "Ka2_y",
    "Ka2_z",
    "rx_x",
    "rx_y",
    "rx_z",
    "ry_x",
    "ry_y",
    "ry_z"
  ],
  "param_errors": {
    "eb_x": {
      "true": 4.84813681109536e-07,
      "est": 4.5790153797601686e-07,
      "abs_error": 2.6912143133519192e-08,
      "pct_error": 5.5510279891294605
    },
    "eb_y": {
      "true": 9.69627362219072e-07,
      "est": 9.701802226367874e-07,
      "abs_error": 5.528604177152906e-10,
      "pct_error": 0.05701782347086659
    },
    "eb_z": {
      "true": 1.4544410433286078e-06,
      "est": 1.4456378124081493e-06,
      "abs_error": 8.803230920458518e-09,
      "pct_error": 0.605265573385608
    },
    "db_x": {
      "true": 0.00097803267715,
      "est": 0.000980878605636472,
      "abs_error": 2.8459284864721865e-06,
      "pct_error": 0.2909850103132811
    },
    "db_y": {
      "true": 0.0019560653543,
      "est": 0.0019607638823393465,
      "abs_error": 4.698528039346651e-06,
      "pct_error": 0.24020301924053417
    },
    "db_z": {
      "true": 0.00293409803145,
      "est": 0.002939627322733598,
      "abs_error": 5.5292912835977134e-06,
      "pct_error": 0.18844943912338186
    },
    "dKg_xx": {
      "true": -9.99999999995449e-06,
      "est": -1.268066266923995e-05,
      "abs_error": 2.6806626692854607e-06,
      "pct_error": 26.806626692976604
    },
    "dKg_yx": {
      "true": 0.0001454441043328608,
      "est": 0.00014539496491340682,
      "abs_error": 4.9139419453967347e-08,
      "pct_error": 0.03378577610922458
    },
    "dKg_zx": {
      "true": 0.00024240684055476798,
      "est": 0.0002417629202830342,
      "abs_error": 6.439202717337773e-07,
      "pct_error": 0.2656361801754904
    },
    "dKg_xy": {
      "true": 4.84813681109536e-05,
      "est": 4.897157599793961e-05,
      "abs_error": 4.902078869860107e-07,
      "pct_error": 1.0111263482996802
    },
    "dKg_yy": {
      "true": -2.0000000000020002e-05,
      "est": -1.942391801157406e-05,
      "abs_error": 5.760819884459423e-07,
      "pct_error": 2.8804099422268306
    },
    "dKg_zy": {
      "true": 0.0002908882086657216,
      "est": 0.0002879585038093616,
      "abs_error": 2.929704856360004e-06,
      "pct_error": 1.0071583409304559
    },
    "dKg_xz": {
      "true": 9.69627362219072e-05,
      "est": 9.694492167498567e-05,
      "abs_error": 1.7814546921527058e-08,
      "pct_error": 0.01837257034574293
    },
    "dKg_yz": {
      "true": 0.0001939254724438144,
      "est": 0.00019675297743577472,
      "abs_error": 2.827504991960336e-06,
      "pct_error": 1.458036923323491
    },
    "dKg_zz": {
      "true": -2.999999999997449e-05,
      "est": -1.8720978939956723e-05,
      "abs_error": 1.1279021060017769e-05,
      "pct_error": 37.596736866757865
    },
    "dKa_xx": {
      "true": -9.99999999995449e-06,
      "est": -9.73104022072846e-06,
      "abs_error": 2.689597792260301e-07,
      "pct_error": 2.6895977922725414
    },
    "dKa_xy": {
      "true": 4.84813681109536e-05,
      "est": 4.8859806392583914e-05,
      "abs_error": 3.784382816303169e-07,
      "pct_error": 0.7805849883696141
    },
    "dKa_xz": {
      "true": 9.69627362219072e-05,
      "est": 9.625823205618633e-05,
      "abs_error": 7.045041657208618e-07,
      "pct_error": 0.7265720762134292
    },
    "dKa_yy": {
      "true": -2.0000000000020002e-05,
      "est": -4.202244439088787e-07,
      "abs_error": 1.9579775556111123e-05,
      "pct_error": 97.89887778045771
    },
    "dKa_yz": {
      "true": 0.0001939254724438144,
      "est": 0.00019676044451062696,
      "abs_error": 2.8349720668125757e-06,
      "pct_error": 1.4618874101925656
    },
    "dKa_zz": {
      "true": -2.999999999997449e-05,
      "est": -3.0453126690144217e-05,
      "abs_error": 4.5312669016972507e-07,
      "pct_error": 1.5104223005670345
    },
    "Ka2_x": {
      "true": 1.0224607248440952e-06,
      "est": 1.01539877036029e-06,
      "abs_error": 7.061954483805267e-09,
      "pct_error": 0.6906822249707512
    },
    "Ka2_y": {
      "true": 2.0449214496881904e-06,
      "est": -4.21833696259374e-09,
      "abs_error": 2.049139786650784e-06,
      "pct_error": 100.2062835696323
    },
    "Ka2_z": {
      "true": 3.0673821745322856e-06,
      "est": 3.0248818242823074e-06,
      "abs_error": 4.2500350249978285e-08,
      "pct_error": 1.3855577111599646
    },
    "rx_x": {
      "true": 0.01,
      "est": 0.009852022499840638,
      "abs_error": 0.00014797750015936237,
      "pct_error": 1.4797750015936237
    },
    "rx_y": {
      "true": 0.02,
      "est": 0.020021949234502852,
      "abs_error": 2.194923450285144e-05,
      "pct_error": 0.1097461725142572
    },
    "rx_z": {
      "true": 0.03,
      "est": 0.030670735934414654,
      "abs_error": 0.0006707359344146555,
      "pct_error": 2.2357864480488514
    },
    "ry_x": {
      "true": 0.04,
      "est": 0.04038271301683212,
      "abs_error": 0.00038271301683211884,
      "pct_error": 0.9567825420802971
    },
    "ry_y": {
      "true": 0.05,
      "est": 0.04997239173487367,
      "abs_error": 2.7608265126335962e-05,
      "pct_error": 0.055216530252671925
    },
    "ry_z": {
      "true": 0.06,
      "est": 0.06088910318533567,
      "abs_error": 0.0008891031853356726,
      "pct_error": 1.4818386422261212
    }
  },
  "focus_scale_pct": {
    "dKg_xx": 26.806626692976604,
    "dKg_xy": 1.0111263482996802,
    "dKg_yy": 2.8804099422268306,
    "dKg_zz": 37.596736866757865,
    "dKa_xx": 2.6895977922725414
  },
  "lever_guard_pct": {
    "rx_y": 0.1097461725142572,
    "ry_z": 1.4818386422261212
  },
  "overall": {
    "mean_pct_error": 9.722681656212009,
    "median_pct_error": 1.009142344615068,
    "max_pct_error": 100.2062835696323
  },
  "extra": {
    "noise_scale": 0.08,
    "noise_config": {
      "arw_dpsh": 0.0004,
      "vrw_ugpsHz": 0.4,
      "bi_g_dph": 0.00016,
      "bi_a_ug": 0.4,
      "tau_g": 300.0,
      "tau_a": 300.0,
      "seed": 42,
      "base_family": "round53_round61_shared"
    },
    "comparison_mode": "ch3_closedloop_local_insertions",
    "candidate_name": "precond_y9neg4_plus_l10l11_fullblock_y4x0",
    "method_key": "markov42_noisy",
    "legality": "faithful12_base_plus_closed_loop_local_insertions",
    "time_total_s": 1354.0
  }
}