{
  "variant": "relay_l12y0p625_on_entry_markov42_noisy_noise0p08",
  "method_file": "search_ch3_12pos_closedloop_local_insertions.py",
  "source_file": "/root/.openclaw/workspace/tmp_psins_py/psins_py/test_calibration_markov_pruned.py",
  "param_order": [
    "eb_x",
    "eb_y",
    "eb_z",
    "db_x",
    "db_y",
    "db_z",
    "dKg_xx",
    "dKg_yx",
    "dKg_zx",
    "dKg_xy",
    "dKg_yy",
    "dKg_zy",
    "dKg_xz",
    "dKg_yz",
    "dKg_zz",
    "dKa_xx",
    "dKa_xy",
    "dKa_xz",
    "dKa_yy",
    "dKa_yz",
    "dKa_zz",
    "Ka2_x",
    "Ka2_y",
    "Ka2_z",
    "rx_x",
    "rx_y",
    "rx_z",
    "ry_x",
    "ry_y",
    "ry_z"
  ],
  "param_errors": {
    "eb_x": {
      "true": 4.84813681109536e-07,
      "est": 4.61733506659118e-07,
      "abs_error": 2.3080174450418043e-08,
      "pct_error": 4.76062771116466
    },
    "eb_y": {
      "true": 9.69627362219072e-07,
      "est": 9.66458437940288e-07,
      "abs_error": 3.1689242787841217e-09,
      "pct_error": 0.32681877618756316
    },
    "eb_z": {
      "true": 1.4544410433286078e-06,
      "est": 1.4462556340601351e-06,
      "abs_error": 8.185409268472696e-09,
      "pct_error": 0.5627872856049025
    },
    "db_x": {
      "true": 0.00097803267715,
      "est": 0.0009791245445548895,
      "abs_error": 1.0918674048896078e-06,
      "pct_error": 0.11163915382370697
    },
    "db_y": {
      "true": 0.0019560653543,
      "est": 0.001966279082213412,
      "abs_error": 1.0213727913412074e-05,
      "pct_error": 0.522156782285384
    },
    "db_z": {
      "true": 0.00293409803145,
      "est": 0.0029346374060895404,
      "abs_error": 5.39374639540232e-07,
      "pct_error": 0.018382979496894273
    },
    "dKg_xx": {
      "true": -9.99999999995449e-06,
      "est": -1.0476856813657065e-05,
      "abs_error": 4.768568137025753e-07,
      "pct_error": 4.768568137047454
    },
    "dKg_yx": {
      "true": 0.0001454441043328608,
      "est": 0.00014521481143004605,
      "abs_error": 2.2929290281474188e-07,
      "pct_error": 0.15765018724305677
    },
    "dKg_zx": {
      "true": 0.00024240684055476798,
      "est": 0.00024219863952415195,
      "abs_error": 2.082010306160315e-07,
      "pct_error": 0.08588909048092302
    },
    "dKg_xy": {
      "true": 4.84813681109536e-05,
      "est": 4.834748681945335e-05,
      "abs_error": 1.3388129150024633e-07,
      "pct_error": 0.2761499865140934
    },
    "dKg_yy": {
      "true": -2.0000000000020002e-05,
      "est": -1.9587786158625775e-05,
      "abs_error": 4.122138413942267e-07,
      "pct_error": 2.0610692069690724
    },
    "dKg_zy": {
      "true": 0.0002908882086657216,
      "est": 0.00029144302359443403,
      "abs_error": 5.548149287124514e-07,
      "pct_error": 0.19073132295645062
    },
    "dKg_xz": {
      "true": 9.69627362219072e-05,
      "est": 9.770401486875903e-05,
      "abs_error": 7.412786468518338e-07,
      "pct_error": 0.7644984823400163
    },
    "dKg_yz": {
      "true": 0.0001939254724438144,
      "est": 0.00019380691965690055,
      "abs_error": 1.1855278691383299e-07,
      "pct_error": 0.06113316905708766
    },
    "dKg_zz": {
      "true": -2.999999999997449e-05,
      "est": -2.972977004511712e-05,
      "abs_error": 2.7022995485737056e-07,
      "pct_error": 0.900766516192001
    },
    "dKa_xx": {
      "true": -9.99999999995449e-06,
      "est": -9.757934033682858e-06,
      "abs_error": 2.420659662716318e-07,
      "pct_error": 2.4206596627273345
    },
    "dKa_xy": {
      "true": 4.84813681109536e-05,
      "est": 4.8571679533716304e-05,
      "abs_error": 9.031142276270737e-08,
      "pct_error": 0.18628068118049443
    },
    "dKa_xz": {
      "true": 9.69627362219072e-05,
      "est": 9.697383891928549e-05,
      "abs_error": 1.110269737829479e-08,
      "pct_error": 0.011450478617770599
    },
    "dKa_yy": {
      "true": -2.0000000000020002e-05,
      "est": -1.975402833620521e-05,
      "abs_error": 2.459716638147924e-07,
      "pct_error": 1.2298583190727321
    },
    "dKa_yz": {
      "true": 0.0001939254724438144,
      "est": 0.00019379624465334225,
      "abs_error": 1.2922779047213847e-07,
      "pct_error": 0.06663786290869002
    },
    "dKa_zz": {
      "true": -2.999999999997449e-05,
      "est": -2.9449276377491174e-05,
      "abs_error": 5.507236224833179e-07,
      "pct_error": 1.8357454082792872
    },
    "Ka2_x": {
      "true": 1.0224607248440952e-06,
      "est": 1.0107278386285672e-06,
      "abs_error": 1.1732886215528063e-08,
      "pct_error": 1.1475146116069244
    },
    "Ka2_y": {
      "true": 2.0449214496881904e-06,
      "est": 1.9815197667727337e-06,
      "abs_error": 6.340168291545676e-08,
      "pct_error": 3.1004458838809796
    },
    "Ka2_z": {
      "true": 3.0673821745322856e-06,
      "est": 3.069599913448567e-06,
      "abs_error": 2.2177389162812023e-09,
      "pct_error": 0.07230070431700814
    },
    "rx_x": {
      "true": 0.01,
      "est": 0.010048581406707214,
      "abs_error": 4.858140670721371e-05,
      "pct_error": 0.48581406707213715
    },
    "rx_y": {
      "true": 0.02,
      "est": 0.020224042286606382,
      "abs_error": 0.00022404228660638167,
      "pct_error": 1.1202114330319084
    },
    "rx_z": {
      "true": 0.03,
      "est": 0.030233078936919466,
      "abs_error": 0.00023307893691946677,
      "pct_error": 0.7769297897315559
    },
    "ry_x": {
      "true": 0.04,
      "est": 0.040658313324794845,
      "abs_error": 0.0006583133247948444,
      "pct_error": 1.645783311987111
    },
    "ry_y": {
      "true": 0.05,
      "est": 0.05028643216902271,
      "abs_error": 0.0002864321690227087,
      "pct_error": 0.5728643380454174
    },
    "ry_z": {
      "true": 0.06,
      "est": 0.061036491034610216,
      "abs_error": 0.001036491034610218,
      "pct_error": 1.7274850576836969
    }
  },
  "focus_scale_pct": {
    "dKg_xx": 4.768568137047454,
    "dKg_xy": 0.2761499865140934,
    "dKg_yy": 2.0610692069690724,
    "dKg_zz": 0.900766516192001,
    "dKa_xx": 2.4206596627273345
  },
  "lever_guard_pct": {
    "rx_y": 1.1202114330319084,
    "ry_z": 1.7274850576836969
  },
  "overall": {
    "mean_pct_error": 1.0656283465835439,
    "median_pct_error": 0.56782581182516,
    "max_pct_error": 4.768568137047454
  },
  "extra": {
    "noise_scale": 0.08,
    "noise_config": {
      "arw_dpsh": 0.0004,
      "vrw_ugpsHz": 0.4,
      "bi_g_dph": 0.00016,
      "bi_a_ug": 0.4,
      "tau_g": 300.0,
      "tau_a": 300.0,
      "seed": 42,
      "base_family": "round53_round61_shared"
    },
    "comparison_mode": "corrected_frontier_next2",
    "candidate_name": "relay_l12y0p625_on_entry",
    "method_key": "markov42_noisy",
    "legality": "faithful12_base_plus_closed_loop_local_insertions",
    "time_total_s": 1349.25,
    "att0_deg": [
      0.0,
      0.0,
      0.0
    ],
    "candidate_registry_key": "relay_l12y0p625_on_entry",
    "family": "terminal_y_reclosure_micro_ridge_around_leader",
    "hypothesis_id": "A"
  }
}