{
  "variant": "zseed_l5_neg5p5_plus_relaymax_unified_l9y2p625_markov42_noisy_noise0p08",
  "method_file": "search_ch3_12pos_closedloop_local_insertions.py",
  "source_file": "/root/.openclaw/workspace/tmp_psins_py/psins_py/test_calibration_markov_pruned.py",
  "param_order": [
    "eb_x",
    "eb_y",
    "eb_z",
    "db_x",
    "db_y",
    "db_z",
    "dKg_xx",
    "dKg_yx",
    "dKg_zx",
    "dKg_xy",
    "dKg_yy",
    "dKg_zy",
    "dKg_xz",
    "dKg_yz",
    "dKg_zz",
    "dKa_xx",
    "dKa_xy",
    "dKa_xz",
    "dKa_yy",
    "dKa_yz",
    "dKa_zz",
    "Ka2_x",
    "Ka2_y",
    "Ka2_z",
    "rx_x",
    "rx_y",
    "rx_z",
    "ry_x",
    "ry_y",
    "ry_z"
  ],
  "param_errors": {
    "eb_x": {
      "true": 4.84813681109536e-07,
      "est": 4.627865867000755e-07,
      "abs_error": 2.202709440946053e-08,
      "pct_error": 4.543414360553875
    },
    "eb_y": {
      "true": 9.69627362219072e-07,
      "est": 9.700428682042856e-07,
      "abs_error": 4.155059852135079e-10,
      "pct_error": 0.04285213076728654
    },
    "eb_z": {
      "true": 1.4544410433286078e-06,
      "est": 1.4474121818678612e-06,
      "abs_error": 7.028861460746617e-09,
      "pct_error": 0.48326891577952796
    },
    "db_x": {
      "true": 0.00097803267715,
      "est": 0.0009805405946641305,
      "abs_error": 2.507917514130544e-06,
      "pct_error": 0.2564247159347117
    },
    "db_y": {
      "true": 0.0019560653543,
      "est": 0.0019615900300459406,
      "abs_error": 5.524675745940781e-06,
      "pct_error": 0.2824381983861602
    },
    "db_z": {
      "true": 0.00293409803145,
      "est": 0.002943035329727913,
      "abs_error": 8.93729827791288e-06,
      "pct_error": 0.30460121584608957
    },
    "dKg_xx": {
      "true": -9.99999999995449e-06,
      "est": -1.283205704871726e-05,
      "abs_error": 2.8320570487627705e-06,
      "pct_error": 28.32057048775659
    },
    "dKg_yx": {
      "true": 0.0001454441043328608,
      "est": 0.00014510587891048012,
      "abs_error": 3.3822542238066814e-07,
      "pct_error": 0.2325466707173028
    },
    "dKg_zx": {
      "true": 0.00024240684055476798,
      "est": 0.00024175012644240643,
      "abs_error": 6.567141123615581e-07,
      "pct_error": 0.2709140182919813
    },
    "dKg_xy": {
      "true": 4.84813681109536e-05,
      "est": 4.880751858899964e-05,
      "abs_error": 3.261504780460427e-07,
      "pct_error": 0.6727336516156485
    },
    "dKg_yy": {
      "true": -2.0000000000020002e-05,
      "est": -1.949820161906146e-05,
      "abs_error": 5.017983809585402e-07,
      "pct_error": 2.508991904790192
    },
    "dKg_zy": {
      "true": 0.0002908882086657216,
      "est": 0.00028986299067363264,
      "abs_error": 1.0252179920889368e-06,
      "pct_error": 0.3524439841654362
    },
    "dKg_xz": {
      "true": 9.69627362219072e-05,
      "est": 9.701588090842831e-05,
      "abs_error": 5.314468652111337e-08,
      "pct_error": 0.05480939234170062
    },
    "dKg_yz": {
      "true": 0.0001939254724438144,
      "est": 0.0001951094614935944,
      "abs_error": 1.1839890497800153e-06,
      "pct_error": 0.6105381798788965
    },
    "dKg_zz": {
      "true": -2.999999999997449e-05,
      "est": -2.0056199943496722e-05,
      "abs_error": 9.94380005647777e-06,
      "pct_error": 33.14600018828742
    },
    "dKa_xx": {
      "true": -9.99999999995449e-06,
      "est": -9.569703300460475e-06,
      "abs_error": 4.3029669949401494e-07,
      "pct_error": 4.302966994959732
    },
    "dKa_xy": {
      "true": 4.84813681109536e-05,
      "est": 5.0513411805479666e-05,
      "abs_error": 2.032043694526069e-06,
      "pct_error": 4.191390989370535
    },
    "dKa_xz": {
      "true": 9.69627362219072e-05,
      "est": 9.658196675995604e-05,
      "abs_error": 3.8076946195115266e-07,
      "pct_error": 0.39269669647082817
    },
    "dKa_yy": {
      "true": -2.0000000000020002e-05,
      "est": -2.3736985710343106e-06,
      "abs_error": 1.762630142898569e-05,
      "pct_error": 88.13150714484031
    },
    "dKa_yz": {
      "true": 0.0001939254724438144,
      "est": 0.0001950632865448328,
      "abs_error": 1.1378141010184091e-06,
      "pct_error": 0.5867275127294408
    },
    "dKa_zz": {
      "true": -2.999999999997449e-05,
      "est": -3.0462580102863512e-05,
      "abs_error": 4.6258010288902085e-07,
      "pct_error": 1.5419336762980473
    },
    "Ka2_x": {
      "true": 1.0224607248440952e-06,
      "est": 1.0322445269833023e-06,
      "abs_error": 9.783802139207112e-09,
      "pct_error": 0.9568878198914629
    },
    "Ka2_y": {
      "true": 2.0449214496881904e-06,
      "est": 8.658573715235648e-09,
      "abs_error": 2.036262875972955e-06,
      "pct_error": 99.5765815984494
    },
    "Ka2_z": {
      "true": 3.0673821745322856e-06,
      "est": 2.988768262031493e-06,
      "abs_error": 7.86139125007926e-08,
      "pct_error": 2.562899176812868
    },
    "rx_x": {
      "true": 0.01,
      "est": 0.00982750520648799,
      "abs_error": 0.00017249479351201004,
      "pct_error": 1.7249479351201005
    },
    "rx_y": {
      "true": 0.02,
      "est": 0.0199407860225717,
      "abs_error": 5.9213977428300424e-05,
      "pct_error": 0.2960698871415021
    },
    "rx_z": {
      "true": 0.03,
      "est": 0.0306111826830951,
      "abs_error": 0.0006111826830950996,
      "pct_error": 2.037275610316999
    },
    "ry_x": {
      "true": 0.04,
      "est": 0.04031036843301247,
      "abs_error": 0.00031036843301247147,
      "pct_error": 0.7759210825311786
    },
    "ry_y": {
      "true": 0.05,
      "est": 0.049973393426365975,
      "abs_error": 2.660657363402763e-05,
      "pct_error": 0.05321314726805526
    },
    "ry_z": {
      "true": 0.06,
      "est": 0.060707770318516804,
      "abs_error": 0.0007077703185168066,
      "pct_error": 1.1796171975280112
    }
  },
  "focus_scale_pct": {
    "dKg_xx": 28.32057048775659,
    "dKg_xy": 0.6727336516156485,
    "dKg_yy": 2.508991904790192,
    "dKg_zz": 33.14600018828742,
    "dKa_xx": 4.302966994959732
  },
  "lever_guard_pct": {
    "rx_y": 0.2960698871415021,
    "ry_z": 1.1796171975280112
  },
  "overall": {
    "mean_pct_error": 9.346439482828043,
    "median_pct_error": 0.7243273670734136,
    "max_pct_error": 99.5765815984494
  },
  "extra": {
    "noise_scale": 0.08,
    "noise_config": {
      "arw_dpsh": 0.0004,
      "vrw_ugpsHz": 0.4,
      "bi_g_dph": 0.00016,
      "bi_a_ug": 0.4,
      "tau_g": 300.0,
      "tau_a": 300.0,
      "seed": 42,
      "base_family": "round53_round61_shared"
    },
    "comparison_mode": "ch3_closedloop_local_insertions",
    "candidate_name": "zseed_l5_neg5p5_plus_relaymax_unified_l9y2p625",
    "method_key": "markov42_noisy",
    "legality": "faithful12_base_plus_closed_loop_local_insertions",
    "time_total_s": 1350.25
  }
}