{
  "variant": "anchor2_zpair_anchor11_xpair_symmetric20_innerheavy_70_50_markov42_noisy_noise0p08",
  "method_file": "search_ch3_12pos_closedloop_local_insertions.py",
  "source_file": "/root/.openclaw/workspace/tmp_psins_py/psins_py/test_calibration_markov_pruned.py",
  "param_order": [
    "eb_x",
    "eb_y",
    "eb_z",
    "db_x",
    "db_y",
    "db_z",
    "dKg_xx",
    "dKg_yx",
    "dKg_zx",
    "dKg_xy",
    "dKg_yy",
    "dKg_zy",
    "dKg_xz",
    "dKg_yz",
    "dKg_zz",
    "dKa_xx",
    "dKa_xy",
    "dKa_xz",
    "dKa_yy",
    "dKa_yz",
    "dKa_zz",
    "Ka2_x",
    "Ka2_y",
    "Ka2_z",
    "rx_x",
    "rx_y",
    "rx_z",
    "ry_x",
    "ry_y",
    "ry_z"
  ],
  "param_errors": {
    "eb_x": {
      "true": 4.84813681109536e-07,
      "est": 4.744696849321192e-07,
      "abs_error": 1.0343996177416836e-08,
      "pct_error": 2.133602367355589
    },
    "eb_y": {
      "true": 9.69627362219072e-07,
      "est": 9.70077114636895e-07,
      "abs_error": 4.4975241782280526e-10,
      "pct_error": 0.04638404766069202
    },
    "eb_z": {
      "true": 1.4544410433286078e-06,
      "est": 1.4430199226891859e-06,
      "abs_error": 1.1421120639421961e-08,
      "pct_error": 0.7852584119383615
    },
    "db_x": {
      "true": 0.00097803267715,
      "est": 0.00097895642426731,
      "abs_error": 9.237471173101884e-07,
      "pct_error": 0.09444951471376188
    },
    "db_y": {
      "true": 0.0019560653543,
      "est": 0.001966236346701152,
      "abs_error": 1.0170992401152025e-05,
      "pct_error": 0.5199720131432842
    },
    "db_z": {
      "true": 0.00293409803145,
      "est": 0.002940256774692142,
      "abs_error": 6.1587432421419085e-06,
      "pct_error": 0.20990243598296962
    },
    "dKg_xx": {
      "true": -9.99999999995449e-06,
      "est": -9.950119655321998e-06,
      "abs_error": 4.988034463249136e-08,
      "pct_error": 0.49880344632718365
    },
    "dKg_yx": {
      "true": 0.0001454441043328608,
      "est": 0.00014430904577140445,
      "abs_error": 1.1350585614563384e-06,
      "pct_error": 0.7804087808596653
    },
    "dKg_zx": {
      "true": 0.00024240684055476798,
      "est": 0.00024269901841816118,
      "abs_error": 2.921778633931929e-07,
      "pct_error": 0.12053202076497505
    },
    "dKg_xy": {
      "true": 4.84813681109536e-05,
      "est": 4.885051406420603e-05,
      "abs_error": 3.6914595325242993e-07,
      "pct_error": 0.7614181852451215
    },
    "dKg_yy": {
      "true": -2.0000000000020002e-05,
      "est": -1.997503062600714e-05,
      "abs_error": 2.4969374012862033e-08,
      "pct_error": 0.12484687006418531
    },
    "dKg_zy": {
      "true": 0.0002908882086657216,
      "est": 0.0002900854974530734,
      "abs_error": 8.027112126481788e-07,
      "pct_error": 0.27595178791541397
    },
    "dKg_xz": {
      "true": 9.69627362219072e-05,
      "est": 9.71463974756597e-05,
      "abs_error": 1.8366125375250024e-07,
      "pct_error": 0.1894142646017913
    },
    "dKg_yz": {
      "true": 0.0001939254724438144,
      "est": 0.00019383966192782767,
      "abs_error": 8.581051598672076e-08,
      "pct_error": 0.04424922363491081
    },
    "dKg_zz": {
      "true": -2.999999999997449e-05,
      "est": -2.9507015803176273e-05,
      "abs_error": 4.929841967982185e-07,
      "pct_error": 1.6432806559954587
    },
    "dKa_xx": {
      "true": -9.99999999995449e-06,
      "est": -9.62263609416425e-06,
      "abs_error": 3.7736390579024004e-07,
      "pct_error": 3.773639057919574
    },
    "dKa_xy": {
      "true": 4.84813681109536e-05,
      "est": 4.8920967868253885e-05,
      "abs_error": 4.395997573002883e-07,
      "pct_error": 0.9067395876581456
    },
    "dKa_xz": {
      "true": 9.69627362219072e-05,
      "est": 9.69509836989979e-05,
      "abs_error": 1.1752522909299159e-08,
      "pct_error": 0.012120659304005762
    },
    "dKa_yy": {
      "true": -2.0000000000020002e-05,
      "est": -1.9265245172261913e-05,
      "abs_error": 7.347548277580884e-07,
      "pct_error": 3.673774138786768
    },
    "dKa_yz": {
      "true": 0.0001939254724438144,
      "est": 0.00019425355646374002,
      "abs_error": 3.2808401992563425e-07,
      "pct_error": 0.16918046700682363
    },
    "dKa_zz": {
      "true": -2.999999999997449e-05,
      "est": -2.9641095609544976e-05,
      "abs_error": 3.589043904295153e-07,
      "pct_error": 1.1963479680994016
    },
    "Ka2_x": {
      "true": 1.0224607248440952e-06,
      "est": 1.0177214993367803e-06,
      "abs_error": 4.739225507314948e-09,
      "pct_error": 0.46351174105368054
    },
    "Ka2_y": {
      "true": 2.0449214496881904e-06,
      "est": 1.990457133562429e-06,
      "abs_error": 5.446431612576132e-08,
      "pct_error": 2.6633940454811134
    },
    "Ka2_z": {
      "true": 3.0673821745322856e-06,
      "est": 3.027923731585915e-06,
      "abs_error": 3.9458442946370454e-08,
      "pct_error": 1.2863882197003078
    },
    "rx_x": {
      "true": 0.01,
      "est": 0.010172205894443643,
      "abs_error": 0.00017220589444364234,
      "pct_error": 1.7220589444364234
    },
    "rx_y": {
      "true": 0.02,
      "est": 0.01993995917255689,
      "abs_error": 6.0040827443111344e-05,
      "pct_error": 0.3002041372155567
    },
    "rx_z": {
      "true": 0.03,
      "est": 0.030175818653320242,
      "abs_error": 0.00017581865332024285,
      "pct_error": 0.5860621777341429
    },
    "ry_x": {
      "true": 0.04,
      "est": 0.040017929614975474,
      "abs_error": 1.7929614975473185e-05,
      "pct_error": 0.04482403743868296
    },
    "ry_y": {
      "true": 0.05,
      "est": 0.05009942353631936,
      "abs_error": 9.942353631935824e-05,
      "pct_error": 0.19884707263871648
    },
    "ry_z": {
      "true": 0.06,
      "est": 0.06015816153730587,
      "abs_error": 0.00015816153730587035,
      "pct_error": 0.2636025621764506
    }
  },
  "focus_scale_pct": {
    "dKg_xx": 0.49880344632718365,
    "dKg_xy": 0.7614181852451215,
    "dKg_yy": 0.12484687006418531,
    "dKg_zz": 1.6432806559954587,
    "dKa_xx": 3.773639057919574
  },
  "lever_guard_pct": {
    "rx_y": 0.3002041372155567,
    "ry_z": 0.2636025621764506
  },
  "overall": {
    "mean_pct_error": 0.8496389614284385,
    "median_pct_error": 0.4811575936904321,
    "max_pct_error": 3.773639057919574
  },
  "extra": {
    "noise_scale": 0.08,
    "noise_config": {
      "arw_dpsh": 0.0004,
      "vrw_ugpsHz": 0.4,
      "bi_g_dph": 0.00016,
      "bi_a_ug": 0.4,
      "tau_g": 300.0,
      "tau_a": 300.0,
      "seed": 42,
      "base_family": "round53_round61_shared"
    },
    "comparison_mode": "corrected_symmetric20_followup",
    "candidate_name": "anchor2_zpair_anchor11_xpair_symmetric20_innerheavy_70_50",
    "method_key": "markov42_noisy",
    "legality": "faithful12_base_plus_closed_loop_local_insertions",
    "time_total_s": 1200.0,
    "att0_deg": [
      0.0,
      0.0,
      0.0
    ],
    "candidate_registry_key": "anchor2_zpair_anchor11_xpair_symmetric20_innerheavy_70_50",
    "family": "symmetry_preserving_timing_redistribution",
    "hypothesis_id": "A2"
  }
}