{
  "variant": "late11_yneg_xpair_outerhold_then_zquad_y10_x2_markov42_noisy_noise0p08",
  "method_file": "search_ch3_12pos_closedloop_local_insertions.py",
  "source_file": "/root/.openclaw/workspace/tmp_psins_py/psins_py/test_calibration_markov_pruned.py",
  "param_order": [
    "eb_x",
    "eb_y",
    "eb_z",
    "db_x",
    "db_y",
    "db_z",
    "dKg_xx",
    "dKg_yx",
    "dKg_zx",
    "dKg_xy",
    "dKg_yy",
    "dKg_zy",
    "dKg_xz",
    "dKg_yz",
    "dKg_zz",
    "dKa_xx",
    "dKa_xy",
    "dKa_xz",
    "dKa_yy",
    "dKa_yz",
    "dKa_zz",
    "Ka2_x",
    "Ka2_y",
    "Ka2_z",
    "rx_x",
    "rx_y",
    "rx_z",
    "ry_x",
    "ry_y",
    "ry_z"
  ],
  "param_errors": {
    "eb_x": {
      "true": 4.84813681109536e-07,
      "est": 4.612669954332711e-07,
      "abs_error": 2.3546685676264926e-08,
      "pct_error": 4.856852558776064
    },
    "eb_y": {
      "true": 9.69627362219072e-07,
      "est": 9.713029911666597e-07,
      "abs_error": 1.6756289475876382e-09,
      "pct_error": 0.17281164010809505
    },
    "eb_z": {
      "true": 1.4544410433286078e-06,
      "est": 1.4444051039769607e-06,
      "abs_error": 1.0035939351647146e-08,
      "pct_error": 0.6900203619583696
    },
    "db_x": {
      "true": 0.00097803267715,
      "est": 0.0009779310804837573,
      "abs_error": 1.0159666624263639e-07,
      "pct_error": 0.010387860100818963
    },
    "db_y": {
      "true": 0.0019560653543,
      "est": 0.001958050949802286,
      "abs_error": 1.985595502286292e-06,
      "pct_error": 0.10150967082574089
    },
    "db_z": {
      "true": 0.00293409803145,
      "est": 0.002941952914629835,
      "abs_error": 7.854883179834668e-06,
      "pct_error": 0.26771031832064823
    },
    "dKg_xx": {
      "true": -9.99999999995449e-06,
      "est": -1.1808105621069487e-05,
      "abs_error": 1.808105621114997e-06,
      "pct_error": 18.08105621123226
    },
    "dKg_yx": {
      "true": 0.0001454441043328608,
      "est": 0.00014549624286758122,
      "abs_error": 5.2138534720430445e-08,
      "pct_error": 0.03584781587372364
    },
    "dKg_zx": {
      "true": 0.00024240684055476798,
      "est": 0.00024142064565473804,
      "abs_error": 9.861949000299465e-07,
      "pct_error": 0.406834599953103
    },
    "dKg_xy": {
      "true": 4.84813681109536e-05,
      "est": 4.825190136738303e-05,
      "abs_error": 2.2946674357056504e-07,
      "pct_error": 0.4733091340273474
    },
    "dKg_yy": {
      "true": -2.0000000000020002e-05,
      "est": -1.9410881968662252e-05,
      "abs_error": 5.891180313577493e-07,
      "pct_error": 2.9455901567858005
    },
    "dKg_zy": {
      "true": 0.0002908882086657216,
      "est": 0.0003035135410418801,
      "abs_error": 1.2625332376158547e-05,
      "pct_error": 4.340269560622559
    },
    "dKg_xz": {
      "true": 9.69627362219072e-05,
      "est": 9.695438521398564e-05,
      "abs_error": 8.351007921557916e-09,
      "pct_error": 0.008612595154540551
    },
    "dKg_yz": {
      "true": 0.0001939254724438144,
      "est": 0.00018104696796444045,
      "abs_error": 1.2878504479373932e-05,
      "pct_error": 6.640955577976067
    },
    "dKg_zz": {
      "true": -2.999999999997449e-05,
      "est": -1.1978950092084162e-05,
      "abs_error": 1.802104990789033e-05,
      "pct_error": 60.07016635968551
    },
    "dKa_xx": {
      "true": -9.99999999995449e-06,
      "est": -9.715500861373627e-06,
      "abs_error": 2.844991385808626e-07,
      "pct_error": 2.8449913858215736
    },
    "dKa_xy": {
      "true": 4.84813681109536e-05,
      "est": 4.306905456167298e-05,
      "abs_error": 5.412313549280617e-06,
      "pct_error": 11.163698055909009
    },
    "dKa_xz": {
      "true": 9.69627362219072e-05,
      "est": 9.628248697377926e-05,
      "abs_error": 6.802492481279289e-07,
      "pct_error": 0.7015573968242012
    },
    "dKa_yy": {
      "true": -2.0000000000020002e-05,
      "est": -2.508403087686517e-06,
      "abs_error": 1.7491596912333485e-05,
      "pct_error": 87.45798456157996
    },
    "dKa_yz": {
      "true": 0.0001939254724438144,
      "est": 0.00018125061452023988,
      "abs_error": 1.2674857923574502e-05,
      "pct_error": 6.535942784538921
    },
    "dKa_zz": {
      "true": -2.999999999997449e-05,
      "est": -3.0147765745391908e-05,
      "abs_error": 1.4776574541741638e-07,
      "pct_error": 0.49255248472514007
    },
    "Ka2_x": {
      "true": 1.0224607248440952e-06,
      "est": 1.045450887991384e-06,
      "abs_error": 2.2990163147288685e-08,
      "pct_error": 2.248513081105802
    },
    "Ka2_y": {
      "true": 2.0449214496881904e-06,
      "est": 6.615688830986784e-09,
      "abs_error": 2.0383057608572034e-06,
      "pct_error": 99.67648200707193
    },
    "Ka2_z": {
      "true": 3.0673821745322856e-06,
      "est": 3.0083542263739477e-06,
      "abs_error": 5.902794815833792e-08,
      "pct_error": 1.9243754054656885
    },
    "rx_x": {
      "true": 0.01,
      "est": 0.01006496332106974,
      "abs_error": 6.496332106973972e-05,
      "pct_error": 0.6496332106973972
    },
    "rx_y": {
      "true": 0.02,
      "est": 0.019904566017382015,
      "abs_error": 9.543398261798591e-05,
      "pct_error": 0.47716991308992956
    },
    "rx_z": {
      "true": 0.03,
      "est": 0.030501700887279524,
      "abs_error": 0.0005017008872795249,
      "pct_error": 1.6723362909317498
    },
    "ry_x": {
      "true": 0.04,
      "est": 0.04061375823953165,
      "abs_error": 0.0006137582395316504,
      "pct_error": 1.534395598829126
    },
    "ry_y": {
      "true": 0.05,
      "est": 0.04983664289733208,
      "abs_error": 0.00016335710266792564,
      "pct_error": 0.32671420533585127
    },
    "ry_z": {
      "true": 0.06,
      "est": 0.06072219432806722,
      "abs_error": 0.0007221943280672216,
      "pct_error": 1.2036572134453694
    }
  },
  "focus_scale_pct": {
    "dKg_xx": 18.08105621123226,
    "dKg_xy": 0.4733091340273474,
    "dKg_yy": 2.9455901567858005,
    "dKg_zz": 60.07016635968551,
    "dKa_xx": 2.8449913858215736
  },
  "lever_guard_pct": {
    "rx_y": 0.47716991308992956,
    "ry_z": 1.2036572134453694
  },
  "overall": {
    "mean_pct_error": 10.600397933892411,
    "median_pct_error": 1.3690264061372477,
    "max_pct_error": 99.67648200707193
  },
  "extra": {
    "noise_scale": 0.08,
    "noise_config": {
      "arw_dpsh": 0.0004,
      "vrw_ugpsHz": 0.4,
      "bi_g_dph": 0.00016,
      "bi_a_ug": 0.4,
      "tau_g": 300.0,
      "tau_a": 300.0,
      "seed": 42,
      "base_family": "round53_round61_shared"
    },
    "comparison_mode": "ch3_closedloop_local_insertions",
    "candidate_name": "late11_yneg_xpair_outerhold_then_zquad_y10_x2",
    "method_key": "markov42_noisy",
    "legality": "faithful12_base_plus_closed_loop_local_insertions",
    "time_total_s": 1284.0
  }
}