{
  "variant": "precond_z9neg6_plus_l10l11_fullblock_y6x0_markov42_noisy_noise0p08",
  "method_file": "search_ch3_12pos_closedloop_local_insertions.py",
  "source_file": "/root/.openclaw/workspace/tmp_psins_py/psins_py/test_calibration_markov_pruned.py",
  "param_order": [
    "eb_x",
    "eb_y",
    "eb_z",
    "db_x",
    "db_y",
    "db_z",
    "dKg_xx",
    "dKg_yx",
    "dKg_zx",
    "dKg_xy",
    "dKg_yy",
    "dKg_zy",
    "dKg_xz",
    "dKg_yz",
    "dKg_zz",
    "dKa_xx",
    "dKa_xy",
    "dKa_xz",
    "dKa_yy",
    "dKa_yz",
    "dKa_zz",
    "Ka2_x",
    "Ka2_y",
    "Ka2_z",
    "rx_x",
    "rx_y",
    "rx_z",
    "ry_x",
    "ry_y",
    "ry_z"
  ],
  "param_errors": {
    "eb_x": {
      "true": 4.84813681109536e-07,
      "est": 4.623973223033385e-07,
      "abs_error": 2.2416358806197524e-08,
      "pct_error": 4.623705905925724
    },
    "eb_y": {
      "true": 9.69627362219072e-07,
      "est": 9.678701317281564e-07,
      "abs_error": 1.7572304909157266e-09,
      "pct_error": 0.18122740337011115
    },
    "eb_z": {
      "true": 1.4544410433286078e-06,
      "est": 1.4479134508810733e-06,
      "abs_error": 6.527592447534509e-09,
      "pct_error": 0.44880419715023834
    },
    "db_x": {
      "true": 0.00097803267715,
      "est": 0.0009826601622704685,
      "abs_error": 4.627485120468639e-06,
      "pct_error": 0.4731421790479631
    },
    "db_y": {
      "true": 0.0019560653543,
      "est": 0.0019611691145466135,
      "abs_error": 5.103760246613718e-06,
      "pct_error": 0.26091972005915703
    },
    "db_z": {
      "true": 0.00293409803145,
      "est": 0.0029420806135495316,
      "abs_error": 7.982582099531465e-06,
      "pct_error": 0.272062555987148
    },
    "dKg_xx": {
      "true": -9.99999999995449e-06,
      "est": -8.269946929706506e-06,
      "abs_error": 1.7300530702479833e-06,
      "pct_error": 17.300530702558568
    },
    "dKg_yx": {
      "true": 0.0001454441043328608,
      "est": 0.00014523370685615993,
      "abs_error": 2.1039747670085823e-07,
      "pct_error": 0.14465864922193497
    },
    "dKg_zx": {
      "true": 0.00024240684055476798,
      "est": 0.00024179772165842077,
      "abs_error": 6.091188963472155e-07,
      "pct_error": 0.2512795822730072
    },
    "dKg_xy": {
      "true": 4.84813681109536e-05,
      "est": 4.848598884678479e-05,
      "abs_error": 4.620735831193713e-09,
      "pct_error": 0.00953095180940187
    },
    "dKg_yy": {
      "true": -2.0000000000020002e-05,
      "est": -1.9352389393212377e-05,
      "abs_error": 6.476106068076248e-07,
      "pct_error": 3.238053034034886
    },
    "dKg_zy": {
      "true": 0.0002908882086657216,
      "est": 0.00028171557073412086,
      "abs_error": 9.172637931600719e-06,
      "pct_error": 3.1533206428939815
    },
    "dKg_xz": {
      "true": 9.69627362219072e-05,
      "est": 9.733635446710278e-05,
      "abs_error": 3.7361824519558935e-07,
      "pct_error": 0.3853214747782419
    },
    "dKg_yz": {
      "true": 0.0001939254724438144,
      "est": 0.00020274163411144192,
      "abs_error": 8.816161667627532e-06,
      "pct_error": 4.546159695540678
    },
    "dKg_zz": {
      "true": -2.999999999997449e-05,
      "est": -7.3317782813830945e-06,
      "abs_error": 2.2668221718591397e-05,
      "pct_error": 75.56073906203558
    },
    "dKa_xx": {
      "true": -9.99999999995449e-06,
      "est": -9.660363454511156e-06,
      "abs_error": 3.3963654544333366e-07,
      "pct_error": 3.3963654544487936
    },
    "dKa_xy": {
      "true": 4.84813681109536e-05,
      "est": 4.612082832279106e-05,
      "abs_error": 2.3605397881625367e-06,
      "pct_error": 4.868962820439076
    },
    "dKa_xz": {
      "true": 9.69627362219072e-05,
      "est": 9.665560953158528e-05,
      "abs_error": 3.071266903219115e-07,
      "pct_error": 0.3167471363628052
    },
    "dKa_yy": {
      "true": -2.0000000000020002e-05,
      "est": 9.938635893158576e-07,
      "abs_error": 2.099386358933586e-05,
      "pct_error": 104.96931794657431
    },
    "dKa_yz": {
      "true": 0.0001939254724438144,
      "est": 0.00020276827552222798,
      "abs_error": 8.842803078413592e-06,
      "pct_error": 4.559897659125517
    },
    "dKa_zz": {
      "true": -2.999999999997449e-05,
      "est": -3.04439559397629e-05,
      "abs_error": 4.4395593978840964e-07,
      "pct_error": 1.4798531326292905
    },
    "Ka2_x": {
      "true": 1.0224607248440952e-06,
      "est": 9.989382582757543e-07,
      "abs_error": 2.3522466568340936e-08,
      "pct_error": 2.300574095100586
    },
    "Ka2_y": {
      "true": 2.0449214496881904e-06,
      "est": -6.955305256165283e-10,
      "abs_error": 2.045616980213807e-06,
      "pct_error": 100.0340125791004
    },
    "Ka2_z": {
      "true": 3.0673821745322856e-06,
      "est": 2.9904583439641037e-06,
      "abs_error": 7.692383056818197e-08,
      "pct_error": 2.5078006649077342
    },
    "rx_x": {
      "true": 0.01,
      "est": 0.009971551411614071,
      "abs_error": 2.8448588385928883e-05,
      "pct_error": 0.28448588385928886
    },
    "rx_y": {
      "true": 0.02,
      "est": 0.0198675712851889,
      "abs_error": 0.0001324287148110996,
      "pct_error": 0.6621435740554981
    },
    "rx_z": {
      "true": 0.03,
      "est": 0.030706934815837292,
      "abs_error": 0.0007069348158372929,
      "pct_error": 2.35644938612431
    },
    "ry_x": {
      "true": 0.04,
      "est": 0.040523817060532055,
      "abs_error": 0.0005238170605320544,
      "pct_error": 1.309542651330136
    },
    "ry_y": {
      "true": 0.05,
      "est": 0.04989999592061375,
      "abs_error": 0.00010000407938625527,
      "pct_error": 0.20000815877251055
    },
    "ry_z": {
      "true": 0.06,
      "est": 0.06083788650133929,
      "abs_error": 0.0008378865013392925,
      "pct_error": 1.3964775022321543
    }
  },
  "focus_scale_pct": {
    "dKg_xx": 17.300530702558568,
    "dKg_xy": 0.00953095180940187,
    "dKg_yy": 3.238053034034886,
    "dKg_zz": 75.56073906203558,
    "dKa_xx": 3.3963654544487936
  },
  "lever_guard_pct": {
    "rx_y": 0.6621435740554981,
    "ry_z": 1.3964775022321543
  },
  "overall": {
    "mean_pct_error": 11.383069813391636,
    "median_pct_error": 1.4381653174307223,
    "max_pct_error": 104.96931794657431
  },
  "extra": {
    "noise_scale": 0.08,
    "noise_config": {
      "arw_dpsh": 0.0004,
      "vrw_ugpsHz": 0.4,
      "bi_g_dph": 0.00016,
      "bi_a_ug": 0.4,
      "tau_g": 300.0,
      "tau_a": 300.0,
      "seed": 42,
      "base_family": "round53_round61_shared"
    },
    "comparison_mode": "ch3_closedloop_local_insertions",
    "candidate_name": "precond_z9neg6_plus_l10l11_fullblock_y6x0",
    "method_key": "markov42_noisy",
    "legality": "faithful12_base_plus_closed_loop_local_insertions",
    "time_total_s": 1366.0
  }
}