{
  "variant": "probe_l9_diag45_pos_markov42_noisy_noise0p08",
  "method_file": "search_ch3_12pos_closedloop_local_insertions.py",
  "source_file": "/root/.openclaw/workspace/tmp_psins_py/psins_py/test_calibration_markov_pruned.py",
  "param_order": [
    "eb_x",
    "eb_y",
    "eb_z",
    "db_x",
    "db_y",
    "db_z",
    "dKg_xx",
    "dKg_yx",
    "dKg_zx",
    "dKg_xy",
    "dKg_yy",
    "dKg_zy",
    "dKg_xz",
    "dKg_yz",
    "dKg_zz",
    "dKa_xx",
    "dKa_xy",
    "dKa_xz",
    "dKa_yy",
    "dKa_yz",
    "dKa_zz",
    "Ka2_x",
    "Ka2_y",
    "Ka2_z",
    "rx_x",
    "rx_y",
    "rx_z",
    "ry_x",
    "ry_y",
    "ry_z"
  ],
  "param_errors": {
    "eb_x": {
      "true": 4.84813681109536e-07,
      "est": 4.6193959975606187e-07,
      "abs_error": 2.287408135347418e-08,
      "pct_error": 4.718117958454671
    },
    "eb_y": {
      "true": 9.69627362219072e-07,
      "est": 9.759550233258858e-07,
      "abs_error": 6.32766110681373e-09,
      "pct_error": 0.6525868960971105
    },
    "eb_z": {
      "true": 1.4544410433286078e-06,
      "est": 1.4479734056463676e-06,
      "abs_error": 6.4676376822402345e-09,
      "pct_error": 0.4446820111345671
    },
    "db_x": {
      "true": 0.00097803267715,
      "est": 0.000975936738205519,
      "abs_error": 2.095938944480895e-06,
      "pct_error": 0.2143015252402904
    },
    "db_y": {
      "true": 0.0019560653543,
      "est": 0.001955821883046141,
      "abs_error": 2.434712538588839e-07,
      "pct_error": 0.01244698973496276
    },
    "db_z": {
      "true": 0.00293409803145,
      "est": 0.003107384433142242,
      "abs_error": 0.0001732864016922419,
      "pct_error": 5.905951329329157
    },
    "dKg_xx": {
      "true": -9.99999999995449e-06,
      "est": 3.388861162578749e-06,
      "abs_error": 1.3388861162533239e-05,
      "pct_error": 133.88861162594173
    },
    "dKg_yx": {
      "true": 0.0001454441043328608,
      "est": 0.00014567133390511427,
      "abs_error": 2.2722957225348333e-07,
      "pct_error": 0.15623154564825106
    },
    "dKg_zx": {
      "true": 0.00024240684055476798,
      "est": 0.00022502719810239754,
      "abs_error": 1.7379642452370448e-05,
      "pct_error": 7.169617166164002
    },
    "dKg_xy": {
      "true": 4.84813681109536e-05,
      "est": 4.8357221369144916e-05,
      "abs_error": 1.241467418086804e-07,
      "pct_error": 0.2560710364537576
    },
    "dKg_yy": {
      "true": -2.0000000000020002e-05,
      "est": -1.992513973880783e-05,
      "abs_error": 7.486026121217293e-08,
      "pct_error": 0.3743013060604903
    },
    "dKg_zy": {
      "true": 0.0002908882086657216,
      "est": 0.00029790169457963333,
      "abs_error": 7.01348591391175e-06,
      "pct_error": 2.411058855249578
    },
    "dKg_xz": {
      "true": 9.69627362219072e-05,
      "est": 0.00011345330623693014,
      "abs_error": 1.6490570015022948e-05,
      "pct_error": 17.007121145264428
    },
    "dKg_yz": {
      "true": 0.0001939254724438144,
      "est": 0.00018664163512290813,
      "abs_error": 7.2838373209062595e-06,
      "pct_error": 3.7559982343302476
    },
    "dKg_zz": {
      "true": -2.999999999997449e-05,
      "est": -1.967217059561932e-05,
      "abs_error": 1.0327829404355171e-05,
      "pct_error": 34.42609801454651
    },
    "dKa_xx": {
      "true": -9.99999999995449e-06,
      "est": -1.1106221879497724e-05,
      "abs_error": 1.1062218795432344e-06,
      "pct_error": 11.062218795482687
    },
    "dKa_xy": {
      "true": 4.84813681109536e-05,
      "est": 4.6639848937118755e-05,
      "abs_error": 1.8415191738348417e-06,
      "pct_error": 3.7984059559135663
    },
    "dKa_xz": {
      "true": 9.69627362219072e-05,
      "est": 0.00011295469430238305,
      "abs_error": 1.5991958080475852e-05,
      "pct_error": 16.492890674905194
    },
    "dKa_yy": {
      "true": -2.0000000000020002e-05,
      "est": 2.2914617081593036e-07,
      "abs_error": 2.0229146170835932e-05,
      "pct_error": 101.1457308540785
    },
    "dKa_yz": {
      "true": 0.0001939254724438144,
      "est": 0.00018722272287019002,
      "abs_error": 6.702749573624366e-06,
      "pct_error": 3.456353355316094
    },
    "dKa_zz": {
      "true": -2.999999999997449e-05,
      "est": -2.993524737382458e-05,
      "abs_error": 6.475262614991095e-08,
      "pct_error": 0.2158420871665534
    },
    "Ka2_x": {
      "true": 1.0224607248440952e-06,
      "est": 9.254771656333512e-07,
      "abs_error": 9.698355921074397e-08,
      "pct_error": 9.485309005441946
    },
    "Ka2_y": {
      "true": 2.0449214496881904e-06,
      "est": 1.6201927359794747e-09,
      "abs_error": 2.043301256952211e-06,
      "pct_error": 99.92076992804655
    },
    "Ka2_z": {
      "true": 3.0673821745322856e-06,
      "est": 1.2972769902550666e-06,
      "abs_error": 1.770105184277219e-06,
      "pct_error": 57.70735707385809
    },
    "rx_x": {
      "true": 0.01,
      "est": 0.010447062063256041,
      "abs_error": 0.00044706206325604084,
      "pct_error": 4.470620632560409
    },
    "rx_y": {
      "true": 0.02,
      "est": 0.01984920242517197,
      "abs_error": 0.00015079757482803005,
      "pct_error": 0.7539878741401502
    },
    "rx_z": {
      "true": 0.03,
      "est": 0.031183882890734725,
      "abs_error": 0.0011838828907347262,
      "pct_error": 3.946276302449088
    },
    "ry_x": {
      "true": 0.04,
      "est": 0.04081164010370679,
      "abs_error": 0.0008116401037067886,
      "pct_error": 2.0291002592669716
    },
    "ry_y": {
      "true": 0.05,
      "est": 0.050068280543064926,
      "abs_error": 6.828054306492332e-05,
      "pct_error": 0.13656108612984663
    },
    "ry_z": {
      "true": 0.06,
      "est": 0.0606923400625014,
      "abs_error": 0.0006923400625013995,
      "pct_error": 1.1539001041689991
    }
  },
  "focus_scale_pct": {
    "dKg_xx": 133.88861162594173,
    "dKg_xy": 0.2560710364537576,
    "dKg_yy": 0.3743013060604903,
    "dKg_zz": 34.42609801454651,
    "dKa_xx": 11.062218795482687
  },
  "lever_guard_pct": {
    "rx_y": 0.7539878741401502,
    "ry_z": 1.1539001041689991
  },
  "overall": {
    "mean_pct_error": 17.57228398761915,
    "median_pct_error": 3.7772020951219067,
    "max_pct_error": 133.88861162594173
  },
  "extra": {
    "noise_scale": 0.08,
    "noise_config": {
      "arw_dpsh": 0.0004,
      "vrw_ugpsHz": 0.4,
      "bi_g_dph": 0.00016,
      "bi_a_ug": 0.4,
      "tau_g": 300.0,
      "tau_a": 300.0,
      "seed": 42,
      "base_family": "round53_round61_shared"
    },
    "comparison_mode": "ch3_closedloop_local_insertions",
    "candidate_name": "probe_l9_diag45_pos",
    "method_key": "markov42_noisy",
    "legality": "faithful12_base_plus_closed_loop_local_insertions",
    "time_total_s": 1241.0
  }
}