{
  "variant": "twoanchor_l10_zpair_neg2_plus_l11_bestmean_markov42_noisy_noise0p08",
  "method_file": "search_ch3_12pos_closedloop_local_insertions.py",
  "source_file": "/root/.openclaw/workspace/tmp_psins_py/psins_py/test_calibration_markov_pruned.py",
  "param_order": [
    "eb_x",
    "eb_y",
    "eb_z",
    "db_x",
    "db_y",
    "db_z",
    "dKg_xx",
    "dKg_yx",
    "dKg_zx",
    "dKg_xy",
    "dKg_yy",
    "dKg_zy",
    "dKg_xz",
    "dKg_yz",
    "dKg_zz",
    "dKa_xx",
    "dKa_xy",
    "dKa_xz",
    "dKa_yy",
    "dKa_yz",
    "dKa_zz",
    "Ka2_x",
    "Ka2_y",
    "Ka2_z",
    "rx_x",
    "rx_y",
    "rx_z",
    "ry_x",
    "ry_y",
    "ry_z"
  ],
  "param_errors": {
    "eb_x": {
      "true": 4.84813681109536e-07,
      "est": 4.6285486927572397e-07,
      "abs_error": 2.195881183381208e-08,
      "pct_error": 4.5293300683176945
    },
    "eb_y": {
      "true": 9.69627362219072e-07,
      "est": 9.714472462033777e-07,
      "abs_error": 1.819883984305593e-09,
      "pct_error": 0.18768900870749342
    },
    "eb_z": {
      "true": 1.4544410433286078e-06,
      "est": 1.4439052465180947e-06,
      "abs_error": 1.0535796810513106e-08,
      "pct_error": 0.724388029259754
    },
    "db_x": {
      "true": 0.00097803267715,
      "est": 0.0009783024474283016,
      "abs_error": 2.6977027830165333e-07,
      "pct_error": 0.02758295142937018
    },
    "db_y": {
      "true": 0.0019560653543,
      "est": 0.0019593162593702852,
      "abs_error": 3.250905070285425e-06,
      "pct_error": 0.16619613772816902
    },
    "db_z": {
      "true": 0.00293409803145,
      "est": 0.0029408101035352002,
      "abs_error": 6.712072085200086e-06,
      "pct_error": 0.22876100298131657
    },
    "dKg_xx": {
      "true": -9.99999999995449e-06,
      "est": -1.1936015482438833e-05,
      "abs_error": 1.9360154824843434e-06,
      "pct_error": 19.36015482493154
    },
    "dKg_yx": {
      "true": 0.0001454441043328608,
      "est": 0.00014537064584546454,
      "abs_error": 7.345848739625312e-08,
      "pct_error": 0.05050633556664307
    },
    "dKg_zx": {
      "true": 0.00024240684055476798,
      "est": 0.0002414249161566345,
      "abs_error": 9.81924398133475e-07,
      "pct_error": 0.4050728914605959
    },
    "dKg_xy": {
      "true": 4.84813681109536e-05,
      "est": 4.857499446363992e-05,
      "abs_error": 9.362635268632467e-08,
      "pct_error": 0.1931182149646707
    },
    "dKg_yy": {
      "true": -2.0000000000020002e-05,
      "est": -1.9382844347992645e-05,
      "abs_error": 6.171556520273569e-07,
      "pct_error": 3.0857782601336985
    },
    "dKg_zy": {
      "true": 0.0002908882086657216,
      "est": 0.0003000992827090213,
      "abs_error": 9.21107404329972e-06,
      "pct_error": 3.166534004781459
    },
    "dKg_xz": {
      "true": 9.69627362219072e-05,
      "est": 9.709446981414981e-05,
      "abs_error": 1.3173359224261886e-07,
      "pct_error": 0.13586001940078887
    },
    "dKg_yz": {
      "true": 0.0001939254724438144,
      "est": 0.00018445480452234365,
      "abs_error": 9.470667921470738e-06,
      "pct_error": 4.883663709631882
    },
    "dKg_zz": {
      "true": -2.999999999997449e-05,
      "est": -1.315524586753547e-05,
      "abs_error": 1.684475413243902e-05,
      "pct_error": 56.14918044151115
    },
    "dKa_xx": {
      "true": -9.99999999995449e-06,
      "est": -9.652314031827203e-06,
      "abs_error": 3.47685968127287e-07,
      "pct_error": 3.4768596812886936
    },
    "dKa_xy": {
      "true": 4.84813681109536e-05,
      "est": 4.08238779910008e-05,
      "abs_error": 7.6574901199528e-06,
      "pct_error": 15.794707159311189
    },
    "dKa_xz": {
      "true": 9.69627362219072e-05,
      "est": 9.638927877528583e-05,
      "abs_error": 5.734574466213636e-07,
      "pct_error": 0.5914204455915508
    },
    "dKa_yy": {
      "true": -2.0000000000020002e-05,
      "est": -2.3957409833741394e-06,
      "abs_error": 1.7604259016645862e-05,
      "pct_error": 88.02129508314128
    },
    "dKa_yz": {
      "true": 0.0001939254724438144,
      "est": 0.00018465676220557963,
      "abs_error": 9.268710238234754e-06,
      "pct_error": 4.779521803624925
    },
    "dKa_zz": {
      "true": -2.999999999997449e-05,
      "est": -3.0253485503228816e-05,
      "abs_error": 2.5348550325432484e-07,
      "pct_error": 0.8449516775151347
    },
    "Ka2_x": {
      "true": 1.0224607248440952e-06,
      "est": 1.0497384735465268e-06,
      "abs_error": 2.7277748702431612e-08,
      "pct_error": 2.667852959006413
    },
    "Ka2_y": {
      "true": 2.0449214496881904e-06,
      "est": 5.991899418197086e-09,
      "abs_error": 2.0389295502699934e-06,
      "pct_error": 99.70698632854035
    },
    "Ka2_z": {
      "true": 3.0673821745322856e-06,
      "est": 3.022701088332552e-06,
      "abs_error": 4.4681086199733726e-08,
      "pct_error": 1.4566520784631833
    },
    "rx_x": {
      "true": 0.01,
      "est": 0.009992902767607061,
      "abs_error": 7.097232392939273e-06,
      "pct_error": 0.07097232392939273
    },
    "rx_y": {
      "true": 0.02,
      "est": 0.019953902785755488,
      "abs_error": 4.609721424451291e-05,
      "pct_error": 0.23048607122256454
    },
    "rx_z": {
      "true": 0.03,
      "est": 0.03040492442564237,
      "abs_error": 0.0004049244256423695,
      "pct_error": 1.3497480854745652
    },
    "ry_x": {
      "true": 0.04,
      "est": 0.040499026691492225,
      "abs_error": 0.0004990266914922242,
      "pct_error": 1.2475667287305605
    },
    "ry_y": {
      "true": 0.05,
      "est": 0.04994478828989118,
      "abs_error": 5.521171010882536e-05,
      "pct_error": 0.11042342021765073
    },
    "ry_z": {
      "true": 0.06,
      "est": 0.060716062064187476,
      "abs_error": 0.0007160620641874782,
      "pct_error": 1.1934367736457971
    }
  },
  "focus_scale_pct": {
    "dKg_xx": 19.36015482493154,
    "dKg_xy": 0.1931182149646707,
    "dKg_yy": 3.0857782601336985,
    "dKg_zz": 56.14918044151115,
    "dKa_xx": 3.4768596812886936
  },
  "lever_guard_pct": {
    "rx_y": 0.23048607122256454,
    "ry_z": 1.1934367736457971
  },
  "overall": {
    "mean_pct_error": 10.49455655068365,
    "median_pct_error": 1.2205017511881788,
    "max_pct_error": 99.70698632854035
  },
  "extra": {
    "noise_scale": 0.08,
    "noise_config": {
      "arw_dpsh": 0.0004,
      "vrw_ugpsHz": 0.4,
      "bi_g_dph": 0.00016,
      "bi_a_ug": 0.4,
      "tau_g": 300.0,
      "tau_a": 300.0,
      "seed": 42,
      "base_family": "round53_round61_shared"
    },
    "comparison_mode": "ch3_closedloop_local_insertions",
    "candidate_name": "twoanchor_l10_zpair_neg2_plus_l11_bestmean",
    "method_key": "markov42_noisy",
    "legality": "faithful12_base_plus_closed_loop_local_insertions",
    "time_total_s": 1298.0
  }
}