{
  "variant": "handoffx_l6_xpair_neg2_markov42_noisy_noise0p08",
  "method_file": "search_ch3_12pos_closedloop_local_insertions.py",
  "source_file": "/root/.openclaw/workspace/tmp_psins_py/psins_py/test_calibration_markov_pruned.py",
  "param_order": [
    "eb_x",
    "eb_y",
    "eb_z",
    "db_x",
    "db_y",
    "db_z",
    "dKg_xx",
    "dKg_yx",
    "dKg_zx",
    "dKg_xy",
    "dKg_yy",
    "dKg_zy",
    "dKg_xz",
    "dKg_yz",
    "dKg_zz",
    "dKa_xx",
    "dKa_xy",
    "dKa_xz",
    "dKa_yy",
    "dKa_yz",
    "dKa_zz",
    "Ka2_x",
    "Ka2_y",
    "Ka2_z",
    "rx_x",
    "rx_y",
    "rx_z",
    "ry_x",
    "ry_y",
    "ry_z"
  ],
  "param_errors": {
    "eb_x": {
      "true": 4.84813681109536e-07,
      "est": 4.618057508794787e-07,
      "abs_error": 2.3007930230057326e-08,
      "pct_error": 4.745726271049485
    },
    "eb_y": {
      "true": 9.69627362219072e-07,
      "est": 9.726411710769828e-07,
      "abs_error": 3.0138088579106715e-09,
      "pct_error": 0.3108213500713637
    },
    "eb_z": {
      "true": 1.4544410433286078e-06,
      "est": 1.4522065422584834e-06,
      "abs_error": 2.234501070124438e-09,
      "pct_error": 0.15363297676271556
    },
    "db_x": {
      "true": 0.00097803267715,
      "est": 0.0009783486869583942,
      "abs_error": 3.160098083943193e-07,
      "pct_error": 0.03231076177486993
    },
    "db_y": {
      "true": 0.0019560653543,
      "est": 0.001957297931702822,
      "abs_error": 1.232577402822052e-06,
      "pct_error": 0.0630130992357944
    },
    "db_z": {
      "true": 0.00293409803145,
      "est": 0.003143170301109411,
      "abs_error": 0.00020907226965941094,
      "pct_error": 7.1256061460253814
    },
    "dKg_xx": {
      "true": -9.99999999995449e-06,
      "est": -9.82458900944394e-06,
      "abs_error": 1.7541099051054942e-07,
      "pct_error": 1.7541099051134772
    },
    "dKg_yx": {
      "true": 0.0001454441043328608,
      "est": 0.00014555382408481624,
      "abs_error": 1.097197519554457e-07,
      "pct_error": 0.0754377445952316
    },
    "dKg_zx": {
      "true": 0.00024240684055476798,
      "est": 0.00022165929929615264,
      "abs_error": 2.0747541258615344e-05,
      "pct_error": 8.558975155623862
    },
    "dKg_xy": {
      "true": 4.84813681109536e-05,
      "est": 4.7665831459730065e-05,
      "abs_error": 8.155366512235321e-07,
      "pct_error": 1.6821650935202765
    },
    "dKg_yy": {
      "true": -2.0000000000020002e-05,
      "est": -1.976457365837625e-05,
      "abs_error": 2.3542634164375187e-07,
      "pct_error": 1.177131708217582
    },
    "dKg_zy": {
      "true": 0.0002908882086657216,
      "est": 0.00029309262094445255,
      "abs_error": 2.204412278730965e-06,
      "pct_error": 0.7578211192686045
    },
    "dKg_xz": {
      "true": 9.69627362219072e-05,
      "est": 0.00011784579382301478,
      "abs_error": 2.0883057601107582e-05,
      "pct_error": 21.53719914969704
    },
    "dKg_yz": {
      "true": 0.0001939254724438144,
      "est": 0.00019089155190847297,
      "abs_error": 3.0339205353414173e-06,
      "pct_error": 1.5644775784782108
    },
    "dKg_zz": {
      "true": -2.999999999997449e-05,
      "est": -3.6821789253238535e-06,
      "abs_error": 2.6317821074650638e-05,
      "pct_error": 87.72607024891005
    },
    "dKa_xx": {
      "true": -9.99999999995449e-06,
      "est": -6.937544162033404e-06,
      "abs_error": 3.0624558379210853e-06,
      "pct_error": 30.624558379350226
    },
    "dKa_xy": {
      "true": 4.84813681109536e-05,
      "est": 4.911817877254296e-05,
      "abs_error": 6.368106615893621e-07,
      "pct_error": 1.3135162772881503
    },
    "dKa_xz": {
      "true": 9.69627362219072e-05,
      "est": 0.00011706458958186692,
      "abs_error": 2.0101853359959725e-05,
      "pct_error": 20.731524442498177
    },
    "dKa_yy": {
      "true": -2.0000000000020002e-05,
      "est": 1.613692296120739e-06,
      "abs_error": 2.161369229614074e-05,
      "pct_error": 108.06846148059563
    },
    "dKa_yz": {
      "true": 0.0001939254724438144,
      "est": 0.00019161608924241606,
      "abs_error": 2.309383201398328e-06,
      "pct_error": 1.1908611964668132
    },
    "dKa_zz": {
      "true": -2.999999999997449e-05,
      "est": -2.992638706822426e-05,
      "abs_error": 7.36129317502332e-08,
      "pct_error": 0.24537643916765264
    },
    "Ka2_x": {
      "true": 1.0224607248440952e-06,
      "est": 1.3237405900578608e-06,
      "abs_error": 3.012798652137656e-07,
      "pct_error": 29.466155314641036
    },
    "Ka2_y": {
      "true": 2.0449214496881904e-06,
      "est": 5.936706574723405e-10,
      "abs_error": 2.0443277790307182e-06,
      "pct_error": 99.97096853487635
    },
    "Ka2_z": {
      "true": 3.0673821745322856e-06,
      "est": 9.23710685733428e-07,
      "abs_error": 2.1436714887988578e-06,
      "pct_error": 69.88602550400243
    },
    "rx_x": {
      "true": 0.01,
      "est": 0.010186659126507876,
      "abs_error": 0.00018665912650787583,
      "pct_error": 1.8665912650787584
    },
    "rx_y": {
      "true": 0.02,
      "est": 0.020389759779055522,
      "abs_error": 0.0003897597790555214,
      "pct_error": 1.9487988952776072
    },
    "rx_z": {
      "true": 0.03,
      "est": 0.031139270973849355,
      "abs_error": 0.0011392709738493566,
      "pct_error": 3.797569912831189
    },
    "ry_x": {
      "true": 0.04,
      "est": 0.04025433911002567,
      "abs_error": 0.0002543391100256684,
      "pct_error": 0.635847775064171
    },
    "ry_y": {
      "true": 0.05,
      "est": 0.05045461622679675,
      "abs_error": 0.000454616226796746,
      "pct_error": 0.909232453593492
    },
    "ry_z": {
      "true": 0.06,
      "est": 0.06060915828773659,
      "abs_error": 0.00060915828773659,
      "pct_error": 1.0152638128943168
    }
  },
  "focus_scale_pct": {
    "dKg_xx": 1.7541099051134772,
    "dKg_xy": 1.6821650935202765,
    "dKg_yy": 1.177131708217582,
    "dKg_zz": 87.72607024891005,
    "dKa_xx": 30.624558379350226
  },
  "lever_guard_pct": {
    "rx_y": 1.9487988952776072,
    "ry_z": 1.0152638128943168
  },
  "overall": {
    "mean_pct_error": 16.964508333065666,
    "median_pct_error": 1.7181374993168768,
    "max_pct_error": 108.06846148059563
  },
  "extra": {
    "noise_scale": 0.08,
    "noise_config": {
      "arw_dpsh": 0.0004,
      "vrw_ugpsHz": 0.4,
      "bi_g_dph": 0.00016,
      "bi_a_ug": 0.4,
      "tau_g": 300.0,
      "tau_a": 300.0,
      "seed": 42,
      "base_family": "round53_round61_shared"
    },
    "comparison_mode": "ch3_closedloop_local_insertions",
    "candidate_name": "handoffx_l6_xpair_neg2",
    "method_key": "markov42_noisy",
    "legality": "faithful12_base_plus_closed_loop_local_insertions",
    "time_total_s": 1214.0
  }
}