{
  "variant": "y7_small_neg_z10_small_neg_noise0p08",
  "method_file": "ad-hoc targeted probe",
  "source_file": "/root/.openclaw/workspace/tmp_psins_py/psins_py/test_calibration_markov_pruned.py",
  "param_order": [
    "eb_x",
    "eb_y",
    "eb_z",
    "db_x",
    "db_y",
    "db_z",
    "dKg_xx",
    "dKg_yx",
    "dKg_zx",
    "dKg_xy",
    "dKg_yy",
    "dKg_zy",
    "dKg_xz",
    "dKg_yz",
    "dKg_zz",
    "dKa_xx",
    "dKa_xy",
    "dKa_xz",
    "dKa_yy",
    "dKa_yz",
    "dKa_zz",
    "Ka2_x",
    "Ka2_y",
    "Ka2_z",
    "rx_x",
    "rx_y",
    "rx_z",
    "ry_x",
    "ry_y",
    "ry_z"
  ],
  "param_errors": {
    "eb_x": {
      "true": 4.84813681109536e-07,
      "est": 4.749840214887556e-07,
      "abs_error": 9.829659620780451e-09,
      "pct_error": 2.0275128371551863
    },
    "eb_y": {
      "true": 9.69627362219072e-07,
      "est": 9.560666520578204e-07,
      "abs_error": 1.3560710161251732e-08,
      "pct_error": 1.3985486269918095
    },
    "eb_z": {
      "true": 1.4544410433286078e-06,
      "est": 1.4374355972568363e-06,
      "abs_error": 1.70054460717715e-08,
      "pct_error": 1.1692083463797982
    },
    "db_x": {
      "true": 0.00097803267715,
      "est": 0.0009665947531166202,
      "abs_error": 1.1437924033379752e-05,
      "pct_error": 1.169482809788116
    },
    "db_y": {
      "true": 0.0019560653543,
      "est": 0.001961786728044211,
      "abs_error": 5.721373744211125e-06,
      "pct_error": 0.2924939972805041
    },
    "db_z": {
      "true": 0.00293409803145,
      "est": 0.0029585209049039296,
      "abs_error": 2.4422873453929482e-05,
      "pct_error": 0.832380963149345
    },
    "dKg_xx": {
      "true": -9.99999999995449e-06,
      "est": -2.0828181028775816e-05,
      "abs_error": 1.0828181028821326e-05,
      "pct_error": 108.28181028870605
    },
    "dKg_yx": {
      "true": 0.0001454441043328608,
      "est": 0.00014440479882229783,
      "abs_error": 1.039305510562962e-06,
      "pct_error": 0.7145738325593631
    },
    "dKg_zx": {
      "true": 0.00024240684055476798,
      "est": 0.000239690952847232,
      "abs_error": 2.7158877075359822e-06,
      "pct_error": 1.1203841035675601
    },
    "dKg_xy": {
      "true": 4.84813681109536e-05,
      "est": 4.897134255261791e-05,
      "abs_error": 4.899744416643164e-07,
      "pct_error": 1.0106448327591944
    },
    "dKg_yy": {
      "true": -2.0000000000020002e-05,
      "est": -2.13389932328667e-05,
      "abs_error": 1.338993232846697e-06,
      "pct_error": 6.694966164226789
    },
    "dKg_zy": {
      "true": 0.0002908882086657216,
      "est": 0.0002854444541455795,
      "abs_error": 5.443754520142107e-06,
      "pct_error": 1.8714249522564446
    },
    "dKg_xz": {
      "true": 9.69627362219072e-05,
      "est": 9.808442986889919e-05,
      "abs_error": 1.1216936469919957e-06,
      "pct_error": 1.1568296138270144
    },
    "dKg_yz": {
      "true": 0.0001939254724438144,
      "est": 0.0002004303086836298,
      "abs_error": 6.504836239815408e-06,
      "pct_error": 3.3542969666865403
    },
    "dKg_zz": {
      "true": -2.999999999997449e-05,
      "est": -1.0534132948825103e-05,
      "abs_error": 1.9465867051149388e-05,
      "pct_error": 64.88622350388647
    },
    "dKa_xx": {
      "true": -9.99999999995449e-06,
      "est": -1.0025600560847892e-05,
      "abs_error": 2.560056089340179e-08,
      "pct_error": 0.256005608935183
    },
    "dKa_xy": {
      "true": 4.84813681109536e-05,
      "est": 5.932275583483096e-05,
      "abs_error": 1.0841387723877364e-05,
      "pct_error": 22.361967383152138
    },
    "dKa_xz": {
      "true": 9.69627362219072e-05,
      "est": 9.805710881230059e-05,
      "abs_error": 1.0943725903933934e-06,
      "pct_error": 1.1286527515981313
    },
    "dKa_yy": {
      "true": -2.0000000000020002e-05,
      "est": -2.746494360827967e-06,
      "abs_error": 1.7253505639192035e-05,
      "pct_error": 86.2675281958739
    },
    "dKa_yz": {
      "true": 0.0001939254724438144,
      "est": 0.00020083256923283374,
      "abs_error": 6.907096789019352e-06,
      "pct_error": 3.561727452292545
    },
    "dKa_zz": {
      "true": -2.999999999997449e-05,
      "est": -2.9898028497177265e-05,
      "abs_error": 1.0197150279722678e-07,
      "pct_error": 0.3399050093243783
    },
    "Ka2_x": {
      "true": 1.0224607248440952e-06,
      "est": 1.1328227320477867e-06,
      "abs_error": 1.1036200720369148e-07,
      "pct_error": 10.793764936107397
    },
    "Ka2_y": {
      "true": 2.0449214496881904e-06,
      "est": 1.7217318248929434e-09,
      "abs_error": 2.0431997178632976e-06,
      "pct_error": 99.91580450069829
    },
    "Ka2_z": {
      "true": 3.0673821745322856e-06,
      "est": 2.8331476986914415e-06,
      "abs_error": 2.3423447584084413e-07,
      "pct_error": 7.636299049581593
    },
    "rx_x": {
      "true": 0.01,
      "est": 0.01059261809053409,
      "abs_error": 0.0005926180905340903,
      "pct_error": 5.926180905340902
    },
    "rx_y": {
      "true": 0.02,
      "est": 0.01986806930942674,
      "abs_error": 0.00013193069057326062,
      "pct_error": 0.6596534528663032
    },
    "rx_z": {
      "true": 0.03,
      "est": 0.03123908978882863,
      "abs_error": 0.0012390897888286297,
      "pct_error": 4.130299296095433
    },
    "ry_x": {
      "true": 0.04,
      "est": 0.04154003552462196,
      "abs_error": 0.001540035524621959,
      "pct_error": 3.850088811554898
    },
    "ry_y": {
      "true": 0.05,
      "est": 0.05028286576168206,
      "abs_error": 0.0002828657616820579,
      "pct_error": 0.5657315233641158
    },
    "ry_z": {
      "true": 0.06,
      "est": 0.05997624006795695,
      "abs_error": 2.3759932043045107e-05,
      "pct_error": 0.039599886738408516
    }
  },
  "focus_scale_pct": {
    "dKg_xx": 108.28181028870605,
    "dKg_xy": 1.0106448327591944,
    "dKg_yy": 6.694966164226789,
    "dKg_zz": 64.88622350388647,
    "dKa_xx": 0.256005608935183
  },
  "lever_guard_pct": {
    "rx_y": 0.6596534528663032,
    "ry_z": 0.039599886738408516
  },
  "overall": {
    "mean_pct_error": 14.78046635342479,
    "median_pct_error": 1.634986789624127,
    "max_pct_error": 108.28181028870605
  },
  "extra": {
    "noise_scale": 0.08,
    "noise_config": {
      "arw_dpsh": 0.0004,
      "vrw_ugpsHz": 0.4,
      "bi_g_dph": 0.00016,
      "bi_a_ug": 0.4,
      "tau_g": 300.0,
      "tau_a": 300.0,
      "seed": 42,
      "base_family": "round53_round61_shared"
    },
    "candidate_name": "y7_small_neg_z10_small_neg"
  }
}