{
  "variant": "tail_z_sweep_nx_burst10_markov42_noisy_noise0p08",
  "method_file": "search_ch3_12pos_append_tail.py",
  "source_file": "/root/.openclaw/workspace/tmp_psins_py/psins_py/test_calibration_markov_pruned.py",
  "param_order": [
    "eb_x",
    "eb_y",
    "eb_z",
    "db_x",
    "db_y",
    "db_z",
    "dKg_xx",
    "dKg_yx",
    "dKg_zx",
    "dKg_xy",
    "dKg_yy",
    "dKg_zy",
    "dKg_xz",
    "dKg_yz",
    "dKg_zz",
    "dKa_xx",
    "dKa_xy",
    "dKa_xz",
    "dKa_yy",
    "dKa_yz",
    "dKa_zz",
    "Ka2_x",
    "Ka2_y",
    "Ka2_z",
    "rx_x",
    "rx_y",
    "rx_z",
    "ry_x",
    "ry_y",
    "ry_z"
  ],
  "param_errors": {
    "eb_x": {
      "true": 4.84813681109536e-07,
      "est": 4.5377217433188886e-07,
      "abs_error": 3.104150677764719e-08,
      "pct_error": 6.402770381109324
    },
    "eb_y": {
      "true": 9.69627362219072e-07,
      "est": 9.735041952118007e-07,
      "abs_error": 3.876832992728651e-09,
      "pct_error": 0.3998271030487629
    },
    "eb_z": {
      "true": 1.4544410433286078e-06,
      "est": 1.4470786168741545e-06,
      "abs_error": 7.362426454453287e-09,
      "pct_error": 0.5062031553787679
    },
    "db_x": {
      "true": 0.00097803267715,
      "est": 0.0009812501362794967,
      "abs_error": 3.2174591294968115e-06,
      "pct_error": 0.3289725593701562
    },
    "db_y": {
      "true": 0.0019560653543,
      "est": 0.0019565017514240196,
      "abs_error": 4.363971240197925e-07,
      "pct_error": 0.022309945987257784
    },
    "db_z": {
      "true": 0.00293409803145,
      "est": 0.0031112058692923765,
      "abs_error": 0.00017710783784237634,
      "pct_error": 6.036193608529553
    },
    "dKg_xx": {
      "true": -9.99999999995449e-06,
      "est": -1.5369595254499657e-05,
      "abs_error": 5.3695952545451675e-06,
      "pct_error": 53.695952545696045
    },
    "dKg_yx": {
      "true": 0.0001454441043328608,
      "est": 0.00014550128089705751,
      "abs_error": 5.7176564196724424e-08,
      "pct_error": 0.03931170978637343
    },
    "dKg_zx": {
      "true": 0.00024240684055476798,
      "est": 0.0002246964186490301,
      "abs_error": 1.7710421905737877e-05,
      "pct_error": 7.306073485882708
    },
    "dKg_xy": {
      "true": 4.84813681109536e-05,
      "est": 4.794084364526302e-05,
      "abs_error": 5.405244656905744e-07,
      "pct_error": 1.114911741874816
    },
    "dKg_yy": {
      "true": -2.0000000000020002e-05,
      "est": -1.9275243733130054e-05,
      "abs_error": 7.247562668899477e-07,
      "pct_error": 3.623781334446114
    },
    "dKg_zy": {
      "true": 0.0002908882086657216,
      "est": 0.0003005762435222527,
      "abs_error": 9.68803485653112e-06,
      "pct_error": 3.330501054329179
    },
    "dKg_xz": {
      "true": 9.69627362219072e-05,
      "est": 0.00011508420878934176,
      "abs_error": 1.8121472567434564e-05,
      "pct_error": 18.689110140169813
    },
    "dKg_yz": {
      "true": 0.0001939254724438144,
      "est": 0.0001836071350909246,
      "abs_error": 1.0318337352889783e-05,
      "pct_error": 5.320774637214971
    },
    "dKg_zz": {
      "true": -2.999999999997449e-05,
      "est": 2.912547735989257e-06,
      "abs_error": 3.291254773596375e-05,
      "pct_error": 109.70849245330578
    },
    "dKa_xx": {
      "true": -9.99999999995449e-06,
      "est": -8.685269737851442e-06,
      "abs_error": 1.3147302621030477e-06,
      "pct_error": 13.14730262109031
    },
    "dKa_xy": {
      "true": 4.84813681109536e-05,
      "est": 5.165344821109557e-05,
      "abs_error": 3.172080100141976e-06,
      "pct_error": 6.542884872560547
    },
    "dKa_xz": {
      "true": 9.69627362219072e-05,
      "est": 0.00011388167716168808,
      "abs_error": 1.6918940939780888e-05,
      "pct_error": 17.448910374249856
    },
    "dKa_yy": {
      "true": -2.0000000000020002e-05,
      "est": -5.924095805021068e-07,
      "abs_error": 1.9407590419517895e-05,
      "pct_error": 97.03795209749244
    },
    "dKa_yz": {
      "true": 0.0001939254724438144,
      "est": 0.00018432864780335424,
      "abs_error": 9.596824640460146e-06,
      "pct_error": 4.948717937629681
    },
    "dKa_zz": {
      "true": -2.999999999997449e-05,
      "est": -3.0002372162885038e-05,
      "abs_error": 2.372162910546649e-09,
      "pct_error": 0.007907209701828887
    },
    "Ka2_x": {
      "true": 1.0224607248440952e-06,
      "est": 1.1183953924887615e-06,
      "abs_error": 9.593466764466627e-08,
      "pct_error": 9.382723982800844
    },
    "Ka2_y": {
      "true": 2.0449214496881904e-06,
      "est": -1.6725427020357185e-09,
      "abs_error": 2.0465939923902262e-06,
      "pct_error": 100.08179007082599
    },
    "Ka2_z": {
      "true": 3.0673821745322856e-06,
      "est": 1.2575447075359693e-06,
      "abs_error": 1.8098374669963163e-06,
      "pct_error": 59.002672768426066
    },
    "rx_x": {
      "true": 0.01,
      "est": 0.010443165022221784,
      "abs_error": 0.000443165022221784,
      "pct_error": 4.43165022221784
    },
    "rx_y": {
      "true": 0.02,
      "est": 0.01964975640418168,
      "abs_error": 0.00035024359581832185,
      "pct_error": 1.7512179790916091
    },
    "rx_z": {
      "true": 0.03,
      "est": 0.030314192455140557,
      "abs_error": 0.0003141924551405585,
      "pct_error": 1.0473081838018619
    },
    "ry_x": {
      "true": 0.04,
      "est": 0.04064467648331049,
      "abs_error": 0.0006446764833104926,
      "pct_error": 1.6116912082762316
    },
    "ry_y": {
      "true": 0.05,
      "est": 0.050006586646987775,
      "abs_error": 6.586646987771783e-06,
      "pct_error": 0.013173293975543565
    },
    "ry_z": {
      "true": 0.06,
      "est": 0.06018831422966706,
      "abs_error": 0.00018831422966706507,
      "pct_error": 0.31385704944510845
    }
  },
  "focus_scale_pct": {
    "dKg_xx": 53.695952545696045,
    "dKg_xy": 1.114911741874816,
    "dKg_yy": 3.623781334446114,
    "dKg_zz": 109.70849245330578,
    "dKa_xx": 13.14730262109031
  },
  "lever_guard_pct": {
    "rx_y": 1.7512179790916091,
    "ry_z": 0.31385704944510845
  },
  "overall": {
    "mean_pct_error": 17.776498190923853,
    "median_pct_error": 4.69018407992376,
    "max_pct_error": 109.70849245330578
  },
  "extra": {
    "noise_scale": 0.08,
    "noise_config": {
      "arw_dpsh": 0.0004,
      "vrw_ugpsHz": 0.4,
      "bi_g_dph": 0.00016,
      "bi_a_ug": 0.4,
      "tau_g": 300.0,
      "tau_a": 300.0,
      "seed": 42,
      "base_family": "round53_round61_shared"
    },
    "comparison_mode": "ch3_append_tail_search",
    "candidate_name": "tail_z_sweep_nx_burst10",
    "method_key": "markov42_noisy",
    "family": "z_sweep_closed_short",
    "timing_policy": "burst10",
    "tail_actions": [
      [
        "inner",
        90
      ],
      [
        "outer",
        90
      ],
      [
        "outer",
        90
      ],
      [
        "inner",
        -90
      ]
    ],
    "tail_length": 4,
    "tail_total_time_s": 40.0,
    "legality": "fixed_original_12_plus_legal_appended_tail_only"
  }
}