{
  "variant": "late10_11_zpair_pos_med_markov42_noisy_noise0p08",
  "method_file": "search_ch3_12pos_closedloop_local_insertions.py",
  "source_file": "/root/.openclaw/workspace/tmp_psins_py/psins_py/test_calibration_markov_pruned.py",
  "param_order": [
    "eb_x",
    "eb_y",
    "eb_z",
    "db_x",
    "db_y",
    "db_z",
    "dKg_xx",
    "dKg_yx",
    "dKg_zx",
    "dKg_xy",
    "dKg_yy",
    "dKg_zy",
    "dKg_xz",
    "dKg_yz",
    "dKg_zz",
    "dKa_xx",
    "dKa_xy",
    "dKa_xz",
    "dKa_yy",
    "dKa_yz",
    "dKa_zz",
    "Ka2_x",
    "Ka2_y",
    "Ka2_z",
    "rx_x",
    "rx_y",
    "rx_z",
    "ry_x",
    "ry_y",
    "ry_z"
  ],
  "param_errors": {
    "eb_x": {
      "true": 4.84813681109536e-07,
      "est": 4.614120236285827e-07,
      "abs_error": 2.340165748095334e-08,
      "pct_error": 4.8269383461697535
    },
    "eb_y": {
      "true": 9.69627362219072e-07,
      "est": 9.7491266690347e-07,
      "abs_error": 5.285304684397991e-09,
      "pct_error": 0.5450861733421111
    },
    "eb_z": {
      "true": 1.4544410433286078e-06,
      "est": 1.4456441324901921e-06,
      "abs_error": 8.796910838415698e-09,
      "pct_error": 0.604831036552932
    },
    "db_x": {
      "true": 0.00097803267715,
      "est": 0.0009765464033736896,
      "abs_error": 1.4862737763103031e-06,
      "pct_error": 0.15196565626430034
    },
    "db_y": {
      "true": 0.0019560653543,
      "est": 0.0019574478694824172,
      "abs_error": 1.3825151824174188e-06,
      "pct_error": 0.07067837377612403
    },
    "db_z": {
      "true": 0.00293409803145,
      "est": 0.003100379457388485,
      "abs_error": 0.0001662814259384849,
      "pct_error": 5.6672075764390994
    },
    "dKg_xx": {
      "true": -9.99999999995449e-06,
      "est": -1.1076616338812073e-05,
      "abs_error": 1.0766163388575833e-06,
      "pct_error": 10.76616338862483
    },
    "dKg_yx": {
      "true": 0.0001454441043328608,
      "est": 0.00014547221432667268,
      "abs_error": 2.8109993811890324e-08,
      "pct_error": 0.019327008090722117
    },
    "dKg_zx": {
      "true": 0.00024240684055476798,
      "est": 0.00022558451638914675,
      "abs_error": 1.6822324165621235e-05,
      "pct_error": 6.9397068692954225
    },
    "dKg_xy": {
      "true": 4.84813681109536e-05,
      "est": 4.836056442357232e-05,
      "abs_error": 1.2080368738127929e-07,
      "pct_error": 0.24917549171634373
    },
    "dKg_yy": {
      "true": -2.0000000000020002e-05,
      "est": -1.985087004308106e-05,
      "abs_error": 1.491299569389426e-07,
      "pct_error": 0.7456497846939673
    },
    "dKg_zy": {
      "true": 0.0002908882086657216,
      "est": 0.000303186381427468,
      "abs_error": 1.229817276174642e-05,
      "pct_error": 4.227800369824906
    },
    "dKg_xz": {
      "true": 9.69627362219072e-05,
      "est": 0.00011357063364856402,
      "abs_error": 1.660789742665683e-05,
      "pct_error": 17.128123724405107
    },
    "dKg_yz": {
      "true": 0.0001939254724438144,
      "est": 0.00018150340269954533,
      "abs_error": 1.242206974426906e-05,
      "pct_error": 6.405589522473938
    },
    "dKg_zz": {
      "true": -2.999999999997449e-05,
      "est": -5.769542124278715e-06,
      "abs_error": 2.4230457875695777e-05,
      "pct_error": 80.7681929190546
    },
    "dKa_xx": {
      "true": -9.99999999995449e-06,
      "est": -7.522330794929033e-06,
      "abs_error": 2.4776692050254567e-06,
      "pct_error": 24.776692050367327
    },
    "dKa_xy": {
      "true": 4.84813681109536e-05,
      "est": 4.642871294516968e-05,
      "abs_error": 2.052655165783916e-06,
      "pct_error": 4.233905200625209
    },
    "dKa_xz": {
      "true": 9.69627362219072e-05,
      "est": 0.00011266218815083902,
      "abs_error": 1.569945192893183e-05,
      "pct_error": 16.19122205153364
    },
    "dKa_yy": {
      "true": -2.0000000000020002e-05,
      "est": 1.2320294562329082e-07,
      "abs_error": 2.0123202945643293e-05,
      "pct_error": 100.61601472811583
    },
    "dKa_yz": {
      "true": 0.0001939254724438144,
      "est": 0.00018201198299705638,
      "abs_error": 1.1913489446758004e-05,
      "pct_error": 6.1433339811559176
    },
    "dKa_zz": {
      "true": -2.999999999997449e-05,
      "est": -3.0046079114054436e-05,
      "abs_error": 4.607911407994436e-08,
      "pct_error": 0.15359704693327847
    },
    "Ka2_x": {
      "true": 1.0224607248440952e-06,
      "est": 1.2837189365566277e-06,
      "abs_error": 2.6125821171253245e-07,
      "pct_error": 25.551906822862964
    },
    "Ka2_y": {
      "true": 2.0449214496881904e-06,
      "est": 3.953023231224624e-10,
      "abs_error": 2.044526147365068e-06,
      "pct_error": 99.98066907053165
    },
    "Ka2_z": {
      "true": 3.0673821745322856e-06,
      "est": 1.3626806305830023e-06,
      "abs_error": 1.7047015439492833e-06,
      "pct_error": 55.5751271590152
    },
    "rx_x": {
      "true": 0.01,
      "est": 0.01010846715334403,
      "abs_error": 0.00010846715334402943,
      "pct_error": 1.0846715334402943
    },
    "rx_y": {
      "true": 0.02,
      "est": 0.019786849534389188,
      "abs_error": 0.00021315046561081255,
      "pct_error": 1.0657523280540628
    },
    "rx_z": {
      "true": 0.03,
      "est": 0.03089441300600323,
      "abs_error": 0.0008944130060032328,
      "pct_error": 2.981376686677443
    },
    "ry_x": {
      "true": 0.04,
      "est": 0.04043996034890945,
      "abs_error": 0.00043996034890944613,
      "pct_error": 1.0999008722736154
    },
    "ry_y": {
      "true": 0.05,
      "est": 0.049926876349257535,
      "abs_error": 7.312365074246818e-05,
      "pct_error": 0.14624730148493637
    },
    "ry_z": {
      "true": 0.06,
      "est": 0.06017667394341817,
      "abs_error": 0.00017667394341817216,
      "pct_error": 0.2944565723636203
    }
  },
  "focus_scale_pct": {
    "dKg_xx": 10.76616338862483,
    "dKg_xy": 0.24917549171634373,
    "dKg_yy": 0.7456497846939673,
    "dKg_zz": 80.7681929190546,
    "dKa_xx": 24.776692050367327
  },
  "lever_guard_pct": {
    "rx_y": 1.0657523280540628,
    "ry_z": 0.2944565723636203
  },
  "overall": {
    "mean_pct_error": 15.967043654871974,
    "median_pct_error": 4.230852785225057,
    "max_pct_error": 100.61601472811583
  },
  "extra": {
    "noise_scale": 0.08,
    "noise_config": {
      "arw_dpsh": 0.0004,
      "vrw_ugpsHz": 0.4,
      "bi_g_dph": 0.00016,
      "bi_a_ug": 0.4,
      "tau_g": 300.0,
      "tau_a": 300.0,
      "seed": 42,
      "base_family": "round53_round61_shared"
    },
    "comparison_mode": "ch3_closedloop_local_insertions",
    "candidate_name": "late10_11_zpair_pos_med",
    "method_key": "markov42_noisy",
    "legality": "faithful12_base_plus_closed_loop_local_insertions",
    "time_total_s": 1260.0
  }
}