{
  "variant": "twoanchor_l10_ypair_neg1_then_zpair_neg6_plus_l11_y10x0back2_markov42_noisy_noise0p08",
  "method_file": "search_ch3_12pos_closedloop_local_insertions.py",
  "source_file": "/root/.openclaw/workspace/tmp_psins_py/psins_py/test_calibration_markov_pruned.py",
  "param_order": [
    "eb_x",
    "eb_y",
    "eb_z",
    "db_x",
    "db_y",
    "db_z",
    "dKg_xx",
    "dKg_yx",
    "dKg_zx",
    "dKg_xy",
    "dKg_yy",
    "dKg_zy",
    "dKg_xz",
    "dKg_yz",
    "dKg_zz",
    "dKa_xx",
    "dKa_xy",
    "dKa_xz",
    "dKa_yy",
    "dKa_yz",
    "dKa_zz",
    "Ka2_x",
    "Ka2_y",
    "Ka2_z",
    "rx_x",
    "rx_y",
    "rx_z",
    "ry_x",
    "ry_y",
    "ry_z"
  ],
  "param_errors": {
    "eb_x": {
      "true": 4.84813681109536e-07,
      "est": 4.6537537263995626e-07,
      "abs_error": 1.943830846957979e-08,
      "pct_error": 4.009438930249167
    },
    "eb_y": {
      "true": 9.69627362219072e-07,
      "est": 9.708905278731757e-07,
      "abs_error": 1.26316565410361e-09,
      "pct_error": 0.13027330945083393
    },
    "eb_z": {
      "true": 1.4544410433286078e-06,
      "est": 1.4456736225976142e-06,
      "abs_error": 8.767420730993672e-09,
      "pct_error": 0.6028034461217286
    },
    "db_x": {
      "true": 0.00097803267715,
      "est": 0.0009797731651847502,
      "abs_error": 1.740488034750274e-06,
      "pct_error": 0.17795806575932402
    },
    "db_y": {
      "true": 0.0019560653543,
      "est": 0.0019578969118508264,
      "abs_error": 1.8315575508265694e-06,
      "pct_error": 0.0936347830505905
    },
    "db_z": {
      "true": 0.00293409803145,
      "est": 0.0029397273811271204,
      "abs_error": 5.629349677120209e-06,
      "pct_error": 0.1918596317089734
    },
    "dKg_xx": {
      "true": -9.99999999995449e-06,
      "est": -1.1023765803530594e-05,
      "abs_error": 1.0237658035761044e-06,
      "pct_error": 10.237658035807636
    },
    "dKg_yx": {
      "true": 0.0001454441043328608,
      "est": 0.0001454339933727933,
      "abs_error": 1.0110960067490809e-08,
      "pct_error": 0.0069517840643104
    },
    "dKg_zx": {
      "true": 0.00024240684055476798,
      "est": 0.00024159209670569792,
      "abs_error": 8.147438490700633e-07,
      "pct_error": 0.3361059643389003
    },
    "dKg_xy": {
      "true": 4.84813681109536e-05,
      "est": 4.8597812938891316e-05,
      "abs_error": 1.164448279377192e-07,
      "pct_error": 0.24018469873050124
    },
    "dKg_yy": {
      "true": -2.0000000000020002e-05,
      "est": -1.9253438940491918e-05,
      "abs_error": 7.465610595280836e-07,
      "pct_error": 3.732805297636685
    },
    "dKg_zy": {
      "true": 0.0002908882086657216,
      "est": 0.00029501386400103863,
      "abs_error": 4.125655335317051e-06,
      "pct_error": 1.4182958306357847
    },
    "dKg_xz": {
      "true": 9.69627362219072e-05,
      "est": 9.700180353463652e-05,
      "abs_error": 3.9067312729328596e-08,
      "pct_error": 0.040291058453548426
    },
    "dKg_yz": {
      "true": 0.0001939254724438144,
      "est": 0.0001899322880757945,
      "abs_error": 3.9931843680198885e-06,
      "pct_error": 2.0591334999463906
    },
    "dKg_zz": {
      "true": -2.999999999997449e-05,
      "est": -1.150082135792374e-05,
      "abs_error": 1.849917864205075e-05,
      "pct_error": 61.663928806888265
    },
    "dKa_xx": {
      "true": -9.99999999995449e-06,
      "est": -9.740355974230397e-06,
      "abs_error": 2.5964402572409284e-07,
      "pct_error": 2.596440257252745
    },
    "dKa_xy": {
      "true": 4.84813681109536e-05,
      "est": 4.13128686136019e-05,
      "abs_error": 7.168499497351693e-06,
      "pct_error": 14.786091599036547
    },
    "dKa_xz": {
      "true": 9.69627362219072e-05,
      "est": 9.648477883160624e-05,
      "abs_error": 4.779573903009509e-07,
      "pct_error": 0.49292894252396735
    },
    "dKa_yy": {
      "true": -2.0000000000020002e-05,
      "est": -2.661879031418124e-06,
      "abs_error": 1.7338120968601878e-05,
      "pct_error": 86.6906048429227
    },
    "dKa_yz": {
      "true": 0.0001939254724438144,
      "est": 0.00019000436665124438,
      "abs_error": 3.9211057925700086e-06,
      "pct_error": 2.02196531644705
    },
    "dKa_zz": {
      "true": -2.999999999997449e-05,
      "est": -3.0337098427812847e-05,
      "abs_error": 3.37098427838356e-07,
      "pct_error": 1.1236614261288087
    },
    "Ka2_x": {
      "true": 1.0224607248440952e-06,
      "est": 1.0203248744549867e-06,
      "abs_error": 2.135850389108485e-09,
      "pct_error": 0.2088931474051641
    },
    "Ka2_y": {
      "true": 2.0449214496881904e-06,
      "est": 7.068650816764021e-09,
      "abs_error": 2.0378527988714263e-06,
      "pct_error": 99.65433142589208
    },
    "Ka2_z": {
      "true": 3.0673821745322856e-06,
      "est": 3.0335368085034115e-06,
      "abs_error": 3.384536602887411e-08,
      "pct_error": 1.1033957982113805
    },
    "rx_x": {
      "true": 0.01,
      "est": 0.00986652856883836,
      "abs_error": 0.0001334714311616407,
      "pct_error": 1.334714311616407
    },
    "rx_y": {
      "true": 0.02,
      "est": 0.02000917200971511,
      "abs_error": 9.172009715108925e-06,
      "pct_error": 0.045860048575544626
    },
    "rx_z": {
      "true": 0.03,
      "est": 0.030580635816077728,
      "abs_error": 0.0005806358160777292,
      "pct_error": 1.9354527202590974
    },
    "ry_x": {
      "true": 0.04,
      "est": 0.04035174910760818,
      "abs_error": 0.00035174910760817774,
      "pct_error": 0.8793727690204444
    },
    "ry_y": {
      "true": 0.05,
      "est": 0.04996051143954648,
      "abs_error": 3.9488560453521115e-05,
      "pct_error": 0.07897712090704223
    },
    "ry_z": {
      "true": 0.06,
      "est": 0.06076475873806153,
      "abs_error": 0.0007647587380615328,
      "pct_error": 1.2745978967692215
    }
  },
  "focus_scale_pct": {
    "dKg_xx": 10.237658035807636,
    "dKg_xy": 0.24018469873050124,
    "dKg_yy": 3.732805297636685,
    "dKg_zz": 61.663928806888265,
    "dKa_xx": 2.596440257252745
  },
  "lever_guard_pct": {
    "rx_y": 0.045860048575544626,
    "ry_z": 1.2745978967692215
  },
  "overall": {
    "mean_pct_error": 9.972287025527027,
    "median_pct_error": 1.1135286121700947,
    "max_pct_error": 99.65433142589208
  },
  "extra": {
    "noise_scale": 0.08,
    "noise_config": {
      "arw_dpsh": 0.0004,
      "vrw_ugpsHz": 0.4,
      "bi_g_dph": 0.00016,
      "bi_a_ug": 0.4,
      "tau_g": 300.0,
      "tau_a": 300.0,
      "seed": 42,
      "base_family": "round53_round61_shared"
    },
    "comparison_mode": "ch3_closedloop_local_insertions",
    "candidate_name": "twoanchor_l10_ypair_neg1_then_zpair_neg6_plus_l11_y10x0back2",
    "method_key": "markov42_noisy",
    "legality": "faithful12_base_plus_closed_loop_local_insertions",
    "time_total_s": 1316.0
  }
}