{
  "variant": "late11_yneg_xpair_d8_then_zpair_d4_markov42_noisy_noise0p08",
  "method_file": "search_ch3_12pos_closedloop_local_insertions.py",
  "source_file": "/root/.openclaw/workspace/tmp_psins_py/psins_py/test_calibration_markov_pruned.py",
  "param_order": [
    "eb_x",
    "eb_y",
    "eb_z",
    "db_x",
    "db_y",
    "db_z",
    "dKg_xx",
    "dKg_yx",
    "dKg_zx",
    "dKg_xy",
    "dKg_yy",
    "dKg_zy",
    "dKg_xz",
    "dKg_yz",
    "dKg_zz",
    "dKa_xx",
    "dKa_xy",
    "dKa_xz",
    "dKa_yy",
    "dKa_yz",
    "dKa_zz",
    "Ka2_x",
    "Ka2_y",
    "Ka2_z",
    "rx_x",
    "rx_y",
    "rx_z",
    "ry_x",
    "ry_y",
    "ry_z"
  ],
  "param_errors": {
    "eb_x": {
      "true": 4.84813681109536e-07,
      "est": 4.5981184773600034e-07,
      "abs_error": 2.500183337353571e-08,
      "pct_error": 5.15699831661453
    },
    "eb_y": {
      "true": 9.69627362219072e-07,
      "est": 9.747330350717708e-07,
      "abs_error": 5.105672852698745e-09,
      "pct_error": 0.5265603108614831
    },
    "eb_z": {
      "true": 1.4544410433286078e-06,
      "est": 1.4464184927776273e-06,
      "abs_error": 8.02255055098056e-09,
      "pct_error": 0.5515899450018471
    },
    "db_x": {
      "true": 0.00097803267715,
      "est": 0.0009784628955046809,
      "abs_error": 4.3021835468095605e-07,
      "pct_error": 0.04398813707683245
    },
    "db_y": {
      "true": 0.0019560653543,
      "est": 0.0019577459887575267,
      "abs_error": 1.6806344575268778e-06,
      "pct_error": 0.08591913628204473
    },
    "db_z": {
      "true": 0.00293409803145,
      "est": 0.002936872061107343,
      "abs_error": 2.7740296573426464e-06,
      "pct_error": 0.09454454580618597
    },
    "dKg_xx": {
      "true": -9.99999999995449e-06,
      "est": -1.3908940699636219e-05,
      "abs_error": 3.908940699681729e-06,
      "pct_error": 39.08940699699519
    },
    "dKg_yx": {
      "true": 0.0001454441043328608,
      "est": 0.00014545756258037848,
      "abs_error": 1.3458247517691936e-08,
      "pct_error": 0.009253209388873977
    },
    "dKg_zx": {
      "true": 0.00024240684055476798,
      "est": 0.00024197646393558898,
      "abs_error": 4.30376619179007e-07,
      "pct_error": 0.17754309993647652
    },
    "dKg_xy": {
      "true": 4.84813681109536e-05,
      "est": 4.8507122229672525e-05,
      "abs_error": 2.5754118718928146e-08,
      "pct_error": 0.05312168307624431
    },
    "dKg_yy": {
      "true": -2.0000000000020002e-05,
      "est": -1.9713903867346616e-05,
      "abs_error": 2.8609613267338574e-07,
      "pct_error": 1.430480663365498
    },
    "dKg_zy": {
      "true": 0.0002908882086657216,
      "est": 0.0003071421431251136,
      "abs_error": 1.625393445939201e-05,
      "pct_error": 5.587691070032492
    },
    "dKg_xz": {
      "true": 9.69627362219072e-05,
      "est": 9.673008361627966e-05,
      "abs_error": 2.3265260562753138e-07,
      "pct_error": 0.2399402231132244
    },
    "dKg_yz": {
      "true": 0.0001939254724438144,
      "est": 0.00017714162912045735,
      "abs_error": 1.6783843323357034e-05,
      "pct_error": 8.654790477934652
    },
    "dKg_zz": {
      "true": -2.999999999997449e-05,
      "est": 1.7579158626546132e-06,
      "abs_error": 3.1757915862629105e-05,
      "pct_error": 105.85971954218702
    },
    "dKa_xx": {
      "true": -9.99999999995449e-06,
      "est": -9.886347147602947e-06,
      "abs_error": 1.1365285235154232e-07,
      "pct_error": 1.1365285235205957
    },
    "dKa_xy": {
      "true": 4.84813681109536e-05,
      "est": 4.556766364991488e-05,
      "abs_error": 2.913704461038715e-06,
      "pct_error": 6.009946861174509
    },
    "dKa_xz": {
      "true": 9.69627362219072e-05,
      "est": 9.595129812224108e-05,
      "abs_error": 1.0114380996661173e-06,
      "pct_error": 1.043120418292815
    },
    "dKa_yy": {
      "true": -2.0000000000020002e-05,
      "est": -4.151089342263603e-06,
      "abs_error": 1.58489106577564e-05,
      "pct_error": 79.24455328870275
    },
    "dKa_yz": {
      "true": 0.0001939254724438144,
      "est": 0.00017767823362539154,
      "abs_error": 1.624723881842285e-05,
      "pct_error": 8.37808391733073
    },
    "dKa_zz": {
      "true": -2.999999999997449e-05,
      "est": -3.002432418708345e-05,
      "abs_error": 2.432418710895945e-08,
      "pct_error": 0.08108062369660043
    },
    "Ka2_x": {
      "true": 1.0224607248440952e-06,
      "est": 1.024109142801819e-06,
      "abs_error": 1.6484179577237354e-09,
      "pct_error": 0.16122066282546807
    },
    "Ka2_y": {
      "true": 2.0449214496881904e-06,
      "est": 7.878003195654904e-10,
      "abs_error": 2.044133649368625e-06,
      "pct_error": 99.96147527721979
    },
    "Ka2_z": {
      "true": 3.0673821745322856e-06,
      "est": 3.0577440267410655e-06,
      "abs_error": 9.63814779122012e-09,
      "pct_error": 0.31421411623381246
    },
    "rx_x": {
      "true": 0.01,
      "est": 0.009795907201482856,
      "abs_error": 0.00020409279851714424,
      "pct_error": 2.040927985171442
    },
    "rx_y": {
      "true": 0.02,
      "est": 0.020092552563365288,
      "abs_error": 9.255256336528767e-05,
      "pct_error": 0.46276281682643833
    },
    "rx_z": {
      "true": 0.03,
      "est": 0.03044984889441185,
      "abs_error": 0.00044984889441185283,
      "pct_error": 1.4994963147061762
    },
    "ry_x": {
      "true": 0.04,
      "est": 0.04014625100798675,
      "abs_error": 0.00014625100798675017,
      "pct_error": 0.3656275199668754
    },
    "ry_y": {
      "true": 0.05,
      "est": 0.050133279451521455,
      "abs_error": 0.0001332794515214522,
      "pct_error": 0.2665589030429044
    },
    "ry_z": {
      "true": 0.06,
      "est": 0.0605005645370494,
      "abs_error": 0.0005005645370494,
      "pct_error": 0.8342742284156667
    }
  },
  "focus_scale_pct": {
    "dKg_xx": 39.08940699699519,
    "dKg_xy": 0.05312168307624431,
    "dKg_yy": 1.430480663365498,
    "dKg_zz": 105.85971954218702,
    "dKa_xx": 1.1365285235205957
  },
  "lever_guard_pct": {
    "rx_y": 0.46276281682643833,
    "ry_z": 0.8342742284156667
  },
  "overall": {
    "mean_pct_error": 12.31204729382664,
    "median_pct_error": 0.692932086708757,
    "max_pct_error": 105.85971954218702
  },
  "extra": {
    "noise_scale": 0.08,
    "noise_config": {
      "arw_dpsh": 0.0004,
      "vrw_ugpsHz": 0.4,
      "bi_g_dph": 0.00016,
      "bi_a_ug": 0.4,
      "tau_g": 300.0,
      "tau_a": 300.0,
      "seed": 42,
      "base_family": "round53_round61_shared"
    },
    "comparison_mode": "ch3_closedloop_local_insertions",
    "candidate_name": "late11_yneg_xpair_d8_then_zpair_d4",
    "method_key": "markov42_noisy",
    "legality": "faithful12_base_plus_closed_loop_local_insertions",
    "time_total_s": 1270.0
  }
}