{
  "variant": "relay_l11postz_zpos1_l12y0p125_on_entry_markov42_noisy_noise0p08",
  "method_file": "search_ch3_12pos_closedloop_local_insertions.py",
  "source_file": "/root/.openclaw/workspace/tmp_psins_py/psins_py/test_calibration_markov_pruned.py",
  "param_order": [
    "eb_x",
    "eb_y",
    "eb_z",
    "db_x",
    "db_y",
    "db_z",
    "dKg_xx",
    "dKg_yx",
    "dKg_zx",
    "dKg_xy",
    "dKg_yy",
    "dKg_zy",
    "dKg_xz",
    "dKg_yz",
    "dKg_zz",
    "dKa_xx",
    "dKa_xy",
    "dKa_xz",
    "dKa_yy",
    "dKa_yz",
    "dKa_zz",
    "Ka2_x",
    "Ka2_y",
    "Ka2_z",
    "rx_x",
    "rx_y",
    "rx_z",
    "ry_x",
    "ry_y",
    "ry_z"
  ],
  "param_errors": {
    "eb_x": {
      "true": 4.84813681109536e-07,
      "est": 4.5990516566938497e-07,
      "abs_error": 2.4908515440151078e-08,
      "pct_error": 5.13775011116557
    },
    "eb_y": {
      "true": 9.69627362219072e-07,
      "est": 9.670838669658197e-07,
      "abs_error": 2.5434952532523632e-09,
      "pct_error": 0.26231677780125395
    },
    "eb_z": {
      "true": 1.4544410433286078e-06,
      "est": 1.4465927077497308e-06,
      "abs_error": 7.848335578876983e-09,
      "pct_error": 0.539611805846418
    },
    "db_x": {
      "true": 0.00097803267715,
      "est": 0.0009792405011521854,
      "abs_error": 1.2078240021855258e-06,
      "pct_error": 0.1234952604758709
    },
    "db_y": {
      "true": 0.0019560653543,
      "est": 0.0019675173162753863,
      "abs_error": 1.1451961975386497e-05,
      "pct_error": 0.5854590671120349
    },
    "db_z": {
      "true": 0.00293409803145,
      "est": 0.0029346594086021634,
      "abs_error": 5.613771521632838e-07,
      "pct_error": 0.019132869663726168
    },
    "dKg_xx": {
      "true": -9.99999999995449e-06,
      "est": -1.0504539000422142e-05,
      "abs_error": 5.04539000467652e-07,
      "pct_error": 5.045390004699481
    },
    "dKg_yx": {
      "true": 0.0001454441043328608,
      "est": 0.00014524387449215136,
      "abs_error": 2.002298407094308e-07,
      "pct_error": 0.1376678976627257
    },
    "dKg_zx": {
      "true": 0.00024240684055476798,
      "est": 0.00024219049284459354,
      "abs_error": 2.1634771017444094e-07,
      "pct_error": 0.08924983704226803
    },
    "dKg_xy": {
      "true": 4.84813681109536e-05,
      "est": 4.8670898416939205e-05,
      "abs_error": 1.8953030598560814e-07,
      "pct_error": 0.3909343184207435
    },
    "dKg_yy": {
      "true": -2.0000000000020002e-05,
      "est": -1.956347607334763e-05,
      "abs_error": 4.3652392667237194e-07,
      "pct_error": 2.1826196333596766
    },
    "dKg_zy": {
      "true": 0.0002908882086657216,
      "est": 0.00029141709681999514,
      "abs_error": 5.288881542735613e-07,
      "pct_error": 0.18181835444603422
    },
    "dKg_xz": {
      "true": 9.69627362219072e-05,
      "est": 9.774133043151869e-05,
      "abs_error": 7.785942096114995e-07,
      "pct_error": 0.8029829189531353
    },
    "dKg_yz": {
      "true": 0.0001939254724438144,
      "est": 0.00019375327610019464,
      "abs_error": 1.7219634361974583e-07,
      "pct_error": 0.08879511363296326
    },
    "dKg_zz": {
      "true": -2.999999999997449e-05,
      "est": -2.967510531548534e-05,
      "abs_error": 3.2489468448915204e-07,
      "pct_error": 1.0829822816314276
    },
    "dKa_xx": {
      "true": -9.99999999995449e-06,
      "est": -9.633351160331927e-06,
      "abs_error": 3.666488396225631e-07,
      "pct_error": 3.666488396242317
    },
    "dKa_xy": {
      "true": 4.84813681109536e-05,
      "est": 4.8652443883989685e-05,
      "abs_error": 1.7107577303608873e-07,
      "pct_error": 0.35286911178861075
    },
    "dKa_xz": {
      "true": 9.69627362219072e-05,
      "est": 9.697368275058485e-05,
      "abs_error": 1.0946528677656408e-08,
      "pct_error": 0.011289418083875414
    },
    "dKa_yy": {
      "true": -2.0000000000020002e-05,
      "est": -1.9740375297949697e-05,
      "abs_error": 2.5962470207030464e-07,
      "pct_error": 1.2981235103502249
    },
    "dKa_yz": {
      "true": 0.0001939254724438144,
      "est": 0.0001936908468773045,
      "abs_error": 2.3462556650988677e-07,
      "pct_error": 0.12098749254194255
    },
    "dKa_zz": {
      "true": -2.999999999997449e-05,
      "est": -2.9429057346597176e-05,
      "abs_error": 5.709426533773154e-07,
      "pct_error": 1.9031421779260032
    },
    "Ka2_x": {
      "true": 1.0224607248440952e-06,
      "est": 1.0056725758846515e-06,
      "abs_error": 1.6788148959443734e-08,
      "pct_error": 1.6419358271197744
    },
    "Ka2_y": {
      "true": 2.0449214496881904e-06,
      "est": 1.965260760671094e-06,
      "abs_error": 7.966068901709638e-08,
      "pct_error": 3.895537847150219
    },
    "Ka2_z": {
      "true": 3.0673821745322856e-06,
      "est": 3.0781305010472558e-06,
      "abs_error": 1.074832651497012e-08,
      "pct_error": 0.3504071518772853
    },
    "rx_x": {
      "true": 0.01,
      "est": 0.009939524886354334,
      "abs_error": 6.04751136456666e-05,
      "pct_error": 0.604751136456666
    },
    "rx_y": {
      "true": 0.02,
      "est": 0.020030234958430607,
      "abs_error": 3.0234958430606224e-05,
      "pct_error": 0.15117479215303112
    },
    "rx_z": {
      "true": 0.03,
      "est": 0.030281413510777757,
      "abs_error": 0.0002814135107777581,
      "pct_error": 0.9380450359258604
    },
    "ry_x": {
      "true": 0.04,
      "est": 0.04039895639500686,
      "abs_error": 0.0003989563950068595,
      "pct_error": 0.9973909875171487
    },
    "ry_y": {
      "true": 0.05,
      "est": 0.05026842737739224,
      "abs_error": 0.00026842737739223715,
      "pct_error": 0.5368547547844743
    },
    "ry_z": {
      "true": 0.06,
      "est": 0.06099274681724324,
      "abs_error": 0.000992746817243241,
      "pct_error": 1.6545780287387353
    }
  },
  "focus_scale_pct": {
    "dKg_xx": 5.045390004699481,
    "dKg_xy": 0.3909343184207435,
    "dKg_yy": 2.1826196333596766,
    "dKg_zz": 1.0829822816314276,
    "dKa_xx": 3.666488396242317
  },
  "lever_guard_pct": {
    "rx_y": 0.15117479215303112,
    "ry_z": 1.6545780287387353
  },
  "overall": {
    "mean_pct_error": 1.1597927306856497,
    "median_pct_error": 0.5625354364792264,
    "max_pct_error": 5.13775011116557
  },
  "extra": {
    "noise_scale": 0.08,
    "noise_config": {
      "arw_dpsh": 0.0004,
      "vrw_ugpsHz": 0.4,
      "bi_g_dph": 0.00016,
      "bi_a_ug": 0.4,
      "tau_g": 300.0,
      "tau_a": 300.0,
      "seed": 42,
      "base_family": "round53_round61_shared"
    },
    "comparison_mode": "corrected_zcadence_handoff",
    "candidate_name": "relay_l11postz_zpos1_l12y0p125_on_entry",
    "method_key": "markov42_noisy",
    "legality": "faithful12_base_plus_closed_loop_local_insertions",
    "time_total_s": 1359.875,
    "att0_deg": [
      0.0,
      0.0,
      0.0
    ],
    "candidate_registry_key": "relay_l11postz_zpos1_l12y0p125_on_entry",
    "family": "post_q4_micro_z_pair_before_terminal_y",
    "hypothesis_id": "Z1"
  }
}