{
  "variant": "relay_z9_x10_z11_y8x0_markov42_noisy_noise0p08",
  "method_file": "search_ch3_12pos_closedloop_local_insertions.py",
  "source_file": "/root/.openclaw/workspace/tmp_psins_py/psins_py/test_calibration_markov_pruned.py",
  "param_order": [
    "eb_x",
    "eb_y",
    "eb_z",
    "db_x",
    "db_y",
    "db_z",
    "dKg_xx",
    "dKg_yx",
    "dKg_zx",
    "dKg_xy",
    "dKg_yy",
    "dKg_zy",
    "dKg_xz",
    "dKg_yz",
    "dKg_zz",
    "dKa_xx",
    "dKa_xy",
    "dKa_xz",
    "dKa_yy",
    "dKa_yz",
    "dKa_zz",
    "Ka2_x",
    "Ka2_y",
    "Ka2_z",
    "rx_x",
    "rx_y",
    "rx_z",
    "ry_x",
    "ry_y",
    "ry_z"
  ],
  "param_errors": {
    "eb_x": {
      "true": 4.84813681109536e-07,
      "est": 4.653646939099031e-07,
      "abs_error": 1.944898719963297e-08,
      "pct_error": 4.011641576434552
    },
    "eb_y": {
      "true": 9.69627362219072e-07,
      "est": 9.695684307301723e-07,
      "abs_error": 5.893148889979575e-11,
      "pct_error": 0.006077746069884639
    },
    "eb_z": {
      "true": 1.4544410433286078e-06,
      "est": 1.4464001128923852e-06,
      "abs_error": 8.0409304362226e-09,
      "pct_error": 0.5528536528246116
    },
    "db_x": {
      "true": 0.00097803267715,
      "est": 0.0009788558024281145,
      "abs_error": 8.231252781145445e-07,
      "pct_error": 0.08416132684984948
    },
    "db_y": {
      "true": 0.0019560653543,
      "est": 0.001958299787670759,
      "abs_error": 2.234433370759247e-06,
      "pct_error": 0.11423101819411675
    },
    "db_z": {
      "true": 0.00293409803145,
      "est": 0.0029428739149372123,
      "abs_error": 8.775883487212137e-06,
      "pct_error": 0.2990998730494082
    },
    "dKg_xx": {
      "true": -9.99999999995449e-06,
      "est": -1.3263157660814429e-05,
      "abs_error": 3.263157660859939e-06,
      "pct_error": 32.6315766087479
    },
    "dKg_yx": {
      "true": 0.0001454441043328608,
      "est": 0.0001454093788224265,
      "abs_error": 3.472551043430202e-08,
      "pct_error": 0.023875502271876098
    },
    "dKg_zx": {
      "true": 0.00024240684055476798,
      "est": 0.00024118432068127488,
      "abs_error": 1.2225198734931004e-06,
      "pct_error": 0.5043256496785583
    },
    "dKg_xy": {
      "true": 4.84813681109536e-05,
      "est": 4.83978792160931e-05,
      "abs_error": 8.348889486049386e-08,
      "pct_error": 0.17220820722183966
    },
    "dKg_yy": {
      "true": -2.0000000000020002e-05,
      "est": -1.9277461996924927e-05,
      "abs_error": 7.225380030950745e-07,
      "pct_error": 3.6126900154717596
    },
    "dKg_zy": {
      "true": 0.0002908882086657216,
      "est": 0.00029870345057931414,
      "abs_error": 7.815241913592557e-06,
      "pct_error": 2.6866822651355924
    },
    "dKg_xz": {
      "true": 9.69627362219072e-05,
      "est": 9.712184959889325e-05,
      "abs_error": 1.5911337698605913e-07,
      "pct_error": 0.16409744937675344
    },
    "dKg_yz": {
      "true": 0.0001939254724438144,
      "est": 0.00018598407844277868,
      "abs_error": 7.941394001035706e-06,
      "pct_error": 4.095075237388708
    },
    "dKg_zz": {
      "true": -2.999999999997449e-05,
      "est": -8.587405803117676e-06,
      "abs_error": 2.1412594196856816e-05,
      "pct_error": 71.37531398958342
    },
    "dKa_xx": {
      "true": -9.99999999995449e-06,
      "est": -9.885552122890218e-06,
      "abs_error": 1.1444787706427206e-07,
      "pct_error": 1.1444787706479291
    },
    "dKa_xy": {
      "true": 4.84813681109536e-05,
      "est": 4.097217560064863e-05,
      "abs_error": 7.509192510304964e-06,
      "pct_error": 15.488821382102005
    },
    "dKa_xz": {
      "true": 9.69627362219072e-05,
      "est": 9.653698609178045e-05,
      "abs_error": 4.257501301267394e-07,
      "pct_error": 0.43908634050133977
    },
    "dKa_yy": {
      "true": -2.0000000000020002e-05,
      "est": 2.0664664592828785e-06,
      "abs_error": 2.206646645930288e-05,
      "pct_error": 110.33233229640406
    },
    "dKa_yz": {
      "true": 0.0001939254724438144,
      "est": 0.00018598573521452707,
      "abs_error": 7.939737229287322e-06,
      "pct_error": 4.094220903129518
    },
    "dKa_zz": {
      "true": -2.999999999997449e-05,
      "est": -3.026049764831562e-05,
      "abs_error": 2.604976483411292e-07,
      "pct_error": 0.868325494471169
    },
    "Ka2_x": {
      "true": 1.0224607248440952e-06,
      "est": 1.0198027005523491e-06,
      "abs_error": 2.6580242917460767e-09,
      "pct_error": 0.2599634613986148
    },
    "Ka2_y": {
      "true": 2.0449214496881904e-06,
      "est": -6.124914541015666e-09,
      "abs_error": 2.0510463642292062e-06,
      "pct_error": 100.29951832829323
    },
    "Ka2_z": {
      "true": 3.0673821745322856e-06,
      "est": 2.998733120201894e-06,
      "abs_error": 6.864905433039148e-08,
      "pct_error": 2.238033946352286
    },
    "rx_x": {
      "true": 0.01,
      "est": 0.00996375769498906,
      "abs_error": 3.624230501094068e-05,
      "pct_error": 0.3624230501094068
    },
    "rx_y": {
      "true": 0.02,
      "est": 0.019947016053583993,
      "abs_error": 5.2983946416007566e-05,
      "pct_error": 0.26491973208003783
    },
    "rx_z": {
      "true": 0.03,
      "est": 0.030504810362894975,
      "abs_error": 0.0005048103628949759,
      "pct_error": 1.6827012096499196
    },
    "ry_x": {
      "true": 0.04,
      "est": 0.040416568671771465,
      "abs_error": 0.00041656867177146395,
      "pct_error": 1.04142167942866
    },
    "ry_y": {
      "true": 0.05,
      "est": 0.04993465652376639,
      "abs_error": 6.534347623361053e-05,
      "pct_error": 0.13068695246722106
    },
    "ry_z": {
      "true": 0.06,
      "est": 0.06073260124163195,
      "abs_error": 0.00073260124163195,
      "pct_error": 1.2210020693865833
    }
  },
  "focus_scale_pct": {
    "dKg_xx": 32.6315766087479,
    "dKg_xy": 0.17220820722183966,
    "dKg_yy": 3.6126900154717596,
    "dKg_zz": 71.37531398958342,
    "dKa_xx": 1.1444787706479291
  },
  "lever_guard_pct": {
    "rx_y": 0.26491973208003783,
    "ry_z": 1.2210020693865833
  },
  "overall": {
    "mean_pct_error": 12.00672819115736,
    "median_pct_error": 0.9548735869499145,
    "max_pct_error": 110.33233229640406
  },
  "extra": {
    "noise_scale": 0.08,
    "noise_config": {
      "arw_dpsh": 0.0004,
      "vrw_ugpsHz": 0.4,
      "bi_g_dph": 0.00016,
      "bi_a_ug": 0.4,
      "tau_g": 300.0,
      "tau_a": 300.0,
      "seed": 42,
      "base_family": "round53_round61_shared"
    },
    "comparison_mode": "ch3_closedloop_local_insertions",
    "candidate_name": "relay_z9_x10_z11_y8x0",
    "method_key": "markov42_noisy",
    "legality": "faithful12_base_plus_closed_loop_local_insertions",
    "time_total_s": 1298.0
  }
}