{
  "variant": "probe2_l9_diag45_negfirst_markov42_noisy_noise0p08",
  "method_file": "search_ch3_12pos_closedloop_local_insertions.py",
  "source_file": "/root/.openclaw/workspace/tmp_psins_py/psins_py/test_calibration_markov_pruned.py",
  "param_order": [
    "eb_x",
    "eb_y",
    "eb_z",
    "db_x",
    "db_y",
    "db_z",
    "dKg_xx",
    "dKg_yx",
    "dKg_zx",
    "dKg_xy",
    "dKg_yy",
    "dKg_zy",
    "dKg_xz",
    "dKg_yz",
    "dKg_zz",
    "dKa_xx",
    "dKa_xy",
    "dKa_xz",
    "dKa_yy",
    "dKa_yz",
    "dKa_zz",
    "Ka2_x",
    "Ka2_y",
    "Ka2_z",
    "rx_x",
    "rx_y",
    "rx_z",
    "ry_x",
    "ry_y",
    "ry_z"
  ],
  "param_errors": {
    "eb_x": {
      "true": 4.84813681109536e-07,
      "est": 4.658989400762696e-07,
      "abs_error": 1.8914741033266472e-08,
      "pct_error": 3.901445394440711
    },
    "eb_y": {
      "true": 9.69627362219072e-07,
      "est": 9.740278921219197e-07,
      "abs_error": 4.400529902847574e-09,
      "pct_error": 0.45383722389770426
    },
    "eb_z": {
      "true": 1.4544410433286078e-06,
      "est": 1.450714722602747e-06,
      "abs_error": 3.7263207258609e-09,
      "pct_error": 0.256202940844746
    },
    "db_x": {
      "true": 0.00097803267715,
      "est": 0.0009763676647670552,
      "abs_error": 1.6650123829446912e-06,
      "pct_error": 0.17024097679400235
    },
    "db_y": {
      "true": 0.0019560653543,
      "est": 0.001955091142258854,
      "abs_error": 9.742120411458666e-07,
      "pct_error": 0.04980467748709242
    },
    "db_z": {
      "true": 0.00293409803145,
      "est": 0.003108868958474481,
      "abs_error": 0.00017477092702448092,
      "pct_error": 5.956546957570841
    },
    "dKg_xx": {
      "true": -9.99999999995449e-06,
      "est": 4.066019368087481e-06,
      "abs_error": 1.4066019368041971e-05,
      "pct_error": 140.66019368105987
    },
    "dKg_yx": {
      "true": 0.0001454441043328608,
      "est": 0.00014554945676949216,
      "abs_error": 1.0535243663136536e-07,
      "pct_error": 0.07243499976476024
    },
    "dKg_zx": {
      "true": 0.00024240684055476798,
      "est": 0.00022481673868086235,
      "abs_error": 1.7590101873905632e-05,
      "pct_error": 7.256437909775664
    },
    "dKg_xy": {
      "true": 4.84813681109536e-05,
      "est": 4.815839699274279e-05,
      "abs_error": 3.2297111821080423e-07,
      "pct_error": 0.6661757512115959
    },
    "dKg_yy": {
      "true": -2.0000000000020002e-05,
      "est": -1.9867967992581725e-05,
      "abs_error": 1.3203200743827637e-07,
      "pct_error": 0.6601600371907216
    },
    "dKg_zy": {
      "true": 0.0002908882086657216,
      "est": 0.00029288750873450193,
      "abs_error": 1.999300068780349e-06,
      "pct_error": 0.6873087355279752
    },
    "dKg_xz": {
      "true": 9.69627362219072e-05,
      "est": 0.00011323732606174382,
      "abs_error": 1.6274589839836628e-05,
      "pct_error": 16.784375600324324
    },
    "dKg_yz": {
      "true": 0.0001939254724438144,
      "est": 0.00019185141079081696,
      "abs_error": 2.0740616529974258e-06,
      "pct_error": 1.069514812500116
    },
    "dKg_zz": {
      "true": -2.999999999997449e-05,
      "est": -2.0392979334538097e-05,
      "abs_error": 9.607020665436394e-06,
      "pct_error": 32.02340221814855
    },
    "dKa_xx": {
      "true": -9.99999999995449e-06,
      "est": -1.100368166673249e-05,
      "abs_error": 1.0036816667780002e-06,
      "pct_error": 10.03681666782568
    },
    "dKa_xy": {
      "true": 4.84813681109536e-05,
      "est": 4.750011198026005e-05,
      "abs_error": 9.812561306935482e-07,
      "pct_error": 2.023986056762802
    },
    "dKa_xz": {
      "true": 9.69627362219072e-05,
      "est": 0.00011299161520641976,
      "abs_error": 1.6028878984512566e-05,
      "pct_error": 16.530968090493197
    },
    "dKa_yy": {
      "true": -2.0000000000020002e-05,
      "est": -1.1948732616673396e-06,
      "abs_error": 1.8805126738352662e-05,
      "pct_error": 94.02563369166927
    },
    "dKa_yz": {
      "true": 0.0001939254724438144,
      "est": 0.00019213388998666698,
      "abs_error": 1.791582457147411e-06,
      "pct_error": 0.923851020998019
    },
    "dKa_zz": {
      "true": -2.999999999997449e-05,
      "est": -2.990061029084501e-05,
      "abs_error": 9.938970912948264e-08,
      "pct_error": 0.3312990304318905
    },
    "Ka2_x": {
      "true": 1.0224607248440952e-06,
      "est": 9.317514446864373e-07,
      "abs_error": 9.070928015765796e-08,
      "pct_error": 8.871664011494358
    },
    "Ka2_y": {
      "true": 2.0449214496881904e-06,
      "est": 1.467795720974463e-09,
      "abs_error": 2.043453653967216e-06,
      "pct_error": 99.9282223910753
    },
    "Ka2_z": {
      "true": 3.0673821745322856e-06,
      "est": 1.282206289534082e-06,
      "abs_error": 1.7851758849982036e-06,
      "pct_error": 58.19867833294712
    },
    "rx_x": {
      "true": 0.01,
      "est": 0.010495157776063913,
      "abs_error": 0.0004951577760639123,
      "pct_error": 4.951577760639124
    },
    "rx_y": {
      "true": 0.02,
      "est": 0.01981960598320038,
      "abs_error": 0.0001803940167996211,
      "pct_error": 0.9019700839981055
    },
    "rx_z": {
      "true": 0.03,
      "est": 0.031153019743023737,
      "abs_error": 0.001153019743023738,
      "pct_error": 3.84339914341246
    },
    "ry_x": {
      "true": 0.04,
      "est": 0.04093111845207743,
      "abs_error": 0.0009311184520774257,
      "pct_error": 2.327796130193564
    },
    "ry_y": {
      "true": 0.05,
      "est": 0.050116368222093,
      "abs_error": 0.00011636822209299541,
      "pct_error": 0.23273644418599082
    },
    "ry_z": {
      "true": 0.06,
      "est": 0.06076050326871453,
      "abs_error": 0.0007605032687145324,
      "pct_error": 1.2675054478575543
    }
  },
  "focus_scale_pct": {
    "dKg_xx": 140.66019368105987,
    "dKg_xy": 0.6661757512115959,
    "dKg_yy": 0.6601600371907216,
    "dKg_zz": 32.02340221814855,
    "dKa_xx": 10.03681666782568
  },
  "lever_guard_pct": {
    "rx_y": 0.9019700839981055,
    "ry_z": 1.2675054478575543
  },
  "overall": {
    "mean_pct_error": 17.168806207350766,
    "median_pct_error": 2.175891093478183,
    "max_pct_error": 140.66019368105987
  },
  "extra": {
    "noise_scale": 0.08,
    "noise_config": {
      "arw_dpsh": 0.0004,
      "vrw_ugpsHz": 0.4,
      "bi_g_dph": 0.00016,
      "bi_a_ug": 0.4,
      "tau_g": 300.0,
      "tau_a": 300.0,
      "seed": 42,
      "base_family": "round53_round61_shared"
    },
    "comparison_mode": "ch3_closedloop_local_insertions",
    "candidate_name": "probe2_l9_diag45_negfirst",
    "method_key": "markov42_noisy",
    "legality": "faithful12_base_plus_closed_loop_local_insertions",
    "time_total_s": 1241.0
  }
}