{
  "variant": "zseed_l5_neg4_asym_out3_ret5_plus_relaymax_unified_l9y2_markov42_noisy_noise0p08",
  "method_file": "search_ch3_12pos_closedloop_local_insertions.py",
  "source_file": "/root/.openclaw/workspace/tmp_psins_py/psins_py/test_calibration_markov_pruned.py",
  "param_order": [
    "eb_x",
    "eb_y",
    "eb_z",
    "db_x",
    "db_y",
    "db_z",
    "dKg_xx",
    "dKg_yx",
    "dKg_zx",
    "dKg_xy",
    "dKg_yy",
    "dKg_zy",
    "dKg_xz",
    "dKg_yz",
    "dKg_zz",
    "dKa_xx",
    "dKa_xy",
    "dKa_xz",
    "dKa_yy",
    "dKa_yz",
    "dKa_zz",
    "Ka2_x",
    "Ka2_y",
    "Ka2_z",
    "rx_x",
    "rx_y",
    "rx_z",
    "ry_x",
    "ry_y",
    "ry_z"
  ],
  "param_errors": {
    "eb_x": {
      "true": 4.84813681109536e-07,
      "est": 4.6302739452778597e-07,
      "abs_error": 2.1786286581750076e-08,
      "pct_error": 4.4937441806283935
    },
    "eb_y": {
      "true": 9.69627362219072e-07,
      "est": 9.70591437101116e-07,
      "abs_error": 9.640748820439804e-10,
      "pct_error": 0.09942735937624694
    },
    "eb_z": {
      "true": 1.4544410433286078e-06,
      "est": 1.4474708458193298e-06,
      "abs_error": 6.970197509278019e-09,
      "pct_error": 0.4792354795850748
    },
    "db_x": {
      "true": 0.00097803267715,
      "est": 0.0009807620582043992,
      "abs_error": 2.7293810543993317e-06,
      "pct_error": 0.27906849312568816
    },
    "db_y": {
      "true": 0.0019560653543,
      "est": 0.0019614564180485375,
      "abs_error": 5.391063748537688e-06,
      "pct_error": 0.2756075474005285
    },
    "db_z": {
      "true": 0.00293409803145,
      "est": 0.002942358337888904,
      "abs_error": 8.260306438903717e-06,
      "pct_error": 0.2815279636318614
    },
    "dKg_xx": {
      "true": -9.99999999995449e-06,
      "est": -1.2674436891568774e-05,
      "abs_error": 2.6744368916142847e-06,
      "pct_error": 26.74436891626456
    },
    "dKg_yx": {
      "true": 0.0001454441043328608,
      "est": 0.00014515852257876438,
      "abs_error": 2.855817540964084e-07,
      "pct_error": 0.1963515505880053
    },
    "dKg_zx": {
      "true": 0.00024240684055476798,
      "est": 0.00024182183013626702,
      "abs_error": 5.850104185009639e-07,
      "pct_error": 0.24133412124926812
    },
    "dKg_xy": {
      "true": 4.84813681109536e-05,
      "est": 4.8827969262945044e-05,
      "abs_error": 3.466011519914468e-07,
      "pct_error": 0.7149161946053617
    },
    "dKg_yy": {
      "true": -2.0000000000020002e-05,
      "est": -1.9534910077334544e-05,
      "abs_error": 4.650899226854577e-07,
      "pct_error": 2.3254496134249627
    },
    "dKg_zy": {
      "true": 0.0002908882086657216,
      "est": 0.00028887486642930607,
      "abs_error": 2.013342236415513e-06,
      "pct_error": 0.6921360771722358
    },
    "dKg_xz": {
      "true": 9.69627362219072e-05,
      "est": 9.695547778902794e-05,
      "abs_error": 7.258432879251437e-09,
      "pct_error": 0.0074857962574817576
    },
    "dKg_yz": {
      "true": 0.0001939254724438144,
      "est": 0.00019598080847268418,
      "abs_error": 2.0553360288697888e-06,
      "pct_error": 1.0598587194187585
    },
    "dKg_zz": {
      "true": -2.999999999997449e-05,
      "est": -1.9427261616744573e-05,
      "abs_error": 1.0572738383229918e-05,
      "pct_error": 35.24246127746303
    },
    "dKa_xx": {
      "true": -9.99999999995449e-06,
      "est": -9.521446607374529e-06,
      "abs_error": 4.785533925799612e-07,
      "pct_error": 4.785533925821391
    },
    "dKa_xy": {
      "true": 4.84813681109536e-05,
      "est": 5.194156219218666e-05,
      "abs_error": 3.460194081233063e-06,
      "pct_error": 7.137162617428874
    },
    "dKa_xz": {
      "true": 9.69627362219072e-05,
      "est": 9.649668347262117e-05,
      "abs_error": 4.6605274928602364e-07,
      "pct_error": 0.4806514001620413
    },
    "dKa_yy": {
      "true": -2.0000000000020002e-05,
      "est": -2.378486943843683e-06,
      "abs_error": 1.762151305617632e-05,
      "pct_error": 88.10756528079348
    },
    "dKa_yz": {
      "true": 0.0001939254724438144,
      "est": 0.00019595738594359638,
      "abs_error": 2.0319134997819977e-06,
      "pct_error": 1.047780610858483
    },
    "dKa_zz": {
      "true": -2.999999999997449e-05,
      "est": -3.0448048104592118e-05,
      "abs_error": 4.4804810461762656e-07,
      "pct_error": 1.493493682060025
    },
    "Ka2_x": {
      "true": 1.0224607248440952e-06,
      "est": 1.0378867142695417e-06,
      "abs_error": 1.5425989425446473e-08,
      "pct_error": 1.5087121735457005
    },
    "Ka2_y": {
      "true": 2.0449214496881904e-06,
      "est": 8.058476854953995e-09,
      "abs_error": 2.0368629728332363e-06,
      "pct_error": 99.60592731538989
    },
    "Ka2_z": {
      "true": 3.0673821745322856e-06,
      "est": 2.9986799077389145e-06,
      "abs_error": 6.870226679337112e-08,
      "pct_error": 2.239768730606477
    },
    "rx_x": {
      "true": 0.01,
      "est": 0.009810963231960897,
      "abs_error": 0.00018903676803910287,
      "pct_error": 1.8903676803910288
    },
    "rx_y": {
      "true": 0.02,
      "est": 0.01995647828528476,
      "abs_error": 4.352171471523961e-05,
      "pct_error": 0.21760857357619803
    },
    "rx_z": {
      "true": 0.03,
      "est": 0.030598828623324064,
      "abs_error": 0.0005988286233240651,
      "pct_error": 1.9960954110802172
    },
    "ry_x": {
      "true": 0.04,
      "est": 0.04029296614801351,
      "abs_error": 0.00029296614801350984,
      "pct_error": 0.7324153700337745
    },
    "ry_y": {
      "true": 0.05,
      "est": 0.04998651177218619,
      "abs_error": 1.3488227813815423e-05,
      "pct_error": 0.026976455627630846
    },
    "ry_z": {
      "true": 0.06,
      "est": 0.060705161136750285,
      "abs_error": 0.0007051611367502875,
      "pct_error": 1.1752685612504792
    }
  },
  "focus_scale_pct": {
    "dKg_xx": 26.74436891626456,
    "dKg_xy": 0.7149161946053617,
    "dKg_yy": 2.3254496134249627,
    "dKg_zz": 35.24246127746303,
    "dKa_xx": 4.785533925821391
  },
  "lever_guard_pct": {
    "rx_y": 0.21760857357619803,
    "ry_z": 1.1752685612504792
  },
  "overall": {
    "mean_pct_error": 9.519276702627236,
    "median_pct_error": 1.053819665138621,
    "max_pct_error": 99.60592731538989
  },
  "extra": {
    "noise_scale": 0.08,
    "noise_config": {
      "arw_dpsh": 0.0004,
      "vrw_ugpsHz": 0.4,
      "bi_g_dph": 0.00016,
      "bi_a_ug": 0.4,
      "tau_g": 300.0,
      "tau_a": 300.0,
      "seed": 42,
      "base_family": "round53_round61_shared"
    },
    "comparison_mode": "ch3_closedloop_local_insertions",
    "candidate_name": "zseed_l5_neg4_asym_out3_ret5_plus_relaymax_unified_l9y2",
    "method_key": "markov42_noisy",
    "legality": "faithful12_base_plus_closed_loop_local_insertions",
    "time_total_s": 1346.0
  }
}