{
  "variant": "legal_flip_2_10_11_markov42_noisy_noise0p08",
  "method_file": "search_ch3_12pos_legal_dualaxis_repairs.py",
  "source_file": "/root/.openclaw/workspace/tmp_psins_py/psins_py/test_calibration_markov_pruned.py",
  "param_order": [
    "eb_x",
    "eb_y",
    "eb_z",
    "db_x",
    "db_y",
    "db_z",
    "dKg_xx",
    "dKg_yx",
    "dKg_zx",
    "dKg_xy",
    "dKg_yy",
    "dKg_zy",
    "dKg_xz",
    "dKg_yz",
    "dKg_zz",
    "dKa_xx",
    "dKa_xy",
    "dKa_xz",
    "dKa_yy",
    "dKa_yz",
    "dKa_zz",
    "Ka2_x",
    "Ka2_y",
    "Ka2_z",
    "rx_x",
    "rx_y",
    "rx_z",
    "ry_x",
    "ry_y",
    "ry_z"
  ],
  "param_errors": {
    "eb_x": {
      "true": 4.84813681109536e-07,
      "est": 4.6336956400673905e-07,
      "abs_error": 2.1444117102796995e-08,
      "pct_error": 4.423166659348467
    },
    "eb_y": {
      "true": 9.69627362219072e-07,
      "est": 9.651406688453613e-07,
      "abs_error": 4.486693373710755e-09,
      "pct_error": 0.4627234697092899
    },
    "eb_z": {
      "true": 1.4544410433286078e-06,
      "est": 1.4532885028221153e-06,
      "abs_error": 1.1525405064925452e-09,
      "pct_error": 0.07924284808787171
    },
    "db_x": {
      "true": 0.00097803267715,
      "est": 0.0009860175436919786,
      "abs_error": 7.98486654197874e-06,
      "pct_error": 0.8164212432294947
    },
    "db_y": {
      "true": 0.0019560653543,
      "est": 0.0019690569236905813,
      "abs_error": 1.2991569390581516e-05,
      "pct_error": 0.664168472797817
    },
    "db_z": {
      "true": 0.00293409803145,
      "est": 0.003107118426304776,
      "abs_error": 0.0001730203948547759,
      "pct_error": 5.896885277867525
    },
    "dKg_xx": {
      "true": -9.99999999995449e-06,
      "est": -4.510155787507131e-06,
      "abs_error": 5.489844212447359e-06,
      "pct_error": 54.89844212472343
    },
    "dKg_yx": {
      "true": 0.0001454441043328608,
      "est": 0.0001444466509626199,
      "abs_error": 9.974533702409032e-07,
      "pct_error": 0.6857984205108439
    },
    "dKg_zx": {
      "true": 0.00024240684055476798,
      "est": 0.0002256252381602208,
      "abs_error": 1.6781602394547196e-05,
      "pct_error": 6.922907932854172
    },
    "dKg_xy": {
      "true": 4.84813681109536e-05,
      "est": 4.809250452548437e-05,
      "abs_error": 3.8886358546922506e-07,
      "pct_error": 0.802088721133609
    },
    "dKg_yy": {
      "true": -2.0000000000020002e-05,
      "est": -1.8903769534617254e-05,
      "abs_error": 1.0962304654027477e-06,
      "pct_error": 5.481152327008257
    },
    "dKg_zy": {
      "true": 0.0002908882086657216,
      "est": 0.00030653530067865806,
      "abs_error": 1.5647092012936476e-05,
      "pct_error": 5.379074003964719
    },
    "dKg_xz": {
      "true": 9.69627362219072e-05,
      "est": 0.00011436166817575477,
      "abs_error": 1.7398931953847575e-05,
      "pct_error": 17.94393664183392
    },
    "dKg_yz": {
      "true": 0.0001939254724438144,
      "est": 0.00017793762376045177,
      "abs_error": 1.5987848683362622e-05,
      "pct_error": 8.244326277454213
    },
    "dKg_zz": {
      "true": -2.999999999997449e-05,
      "est": 2.3672648533645813e-06,
      "abs_error": 3.236726485333907e-05,
      "pct_error": 107.89088284455532
    },
    "dKa_xx": {
      "true": -9.99999999995449e-06,
      "est": -1.2284298553710826e-05,
      "abs_error": 2.2842985537563365e-06,
      "pct_error": 22.842985537667325
    },
    "dKa_xy": {
      "true": 4.84813681109536e-05,
      "est": 4.605492514237001e-05,
      "abs_error": 2.4264429685835873e-06,
      "pct_error": 5.00489788784523
    },
    "dKa_xz": {
      "true": 9.69627362219072e-05,
      "est": 0.00011434966702109172,
      "abs_error": 1.7386930799184527e-05,
      "pct_error": 17.931559562627346
    },
    "dKa_yy": {
      "true": -2.0000000000020002e-05,
      "est": 4.915737250699159e-06,
      "abs_error": 2.491573725071916e-05,
      "pct_error": 124.57868625347122
    },
    "dKa_yz": {
      "true": 0.0001939254724438144,
      "est": 0.00017853591350670567,
      "abs_error": 1.5389558937108712e-05,
      "pct_error": 7.935810980977497
    },
    "dKa_zz": {
      "true": -2.999999999997449e-05,
      "est": -2.9797558755761955e-05,
      "abs_error": 2.0244124421253673e-07,
      "pct_error": 0.6748041473756963
    },
    "Ka2_x": {
      "true": 1.0224607248440952e-06,
      "est": 6.934281572446105e-07,
      "abs_error": 3.2903256759948473e-07,
      "pct_error": 32.18046029588624
    },
    "Ka2_y": {
      "true": 2.0449214496881904e-06,
      "est": 5.190451933367021e-10,
      "abs_error": 2.0444024044948537e-06,
      "pct_error": 99.97461784199994
    },
    "Ka2_z": {
      "true": 3.0673821745322856e-06,
      "est": 1.2829135037479369e-06,
      "abs_error": 1.7844686707843488e-06,
      "pct_error": 58.175622379250626
    },
    "rx_x": {
      "true": 0.01,
      "est": 0.010553353115107255,
      "abs_error": 0.0005533531151072548,
      "pct_error": 5.533531151072548
    },
    "rx_y": {
      "true": 0.02,
      "est": 0.01990223286160709,
      "abs_error": 9.776713839291032e-05,
      "pct_error": 0.48883569196455157
    },
    "rx_z": {
      "true": 0.03,
      "est": 0.031153002808065343,
      "abs_error": 0.001153002808065344,
      "pct_error": 3.8433426935511465
    },
    "ry_x": {
      "true": 0.04,
      "est": 0.04081246186597707,
      "abs_error": 0.0008124618659770683,
      "pct_error": 2.0311546649426706
    },
    "ry_y": {
      "true": 0.05,
      "est": 0.04985956406056472,
      "abs_error": 0.00014043593943528082,
      "pct_error": 0.28087187887056164
    },
    "ry_z": {
      "true": 0.06,
      "est": 0.06010722574824677,
      "abs_error": 0.00010722574824677256,
      "pct_error": 0.1787095804112876
    }
  },
  "focus_scale_pct": {
    "dKg_xx": 54.89844212472343,
    "dKg_xy": 0.802088721133609,
    "dKg_yy": 5.481152327008257,
    "dKg_zz": 107.89088284455532,
    "dKa_xx": 22.842985537667325
  },
  "lever_guard_pct": {
    "rx_y": 0.48883569196455157,
    "ry_z": 0.1787095804112876
  },
  "overall": {
    "mean_pct_error": 20.074903593766425,
    "median_pct_error": 5.430113165486488,
    "max_pct_error": 124.57868625347122
  },
  "extra": {
    "noise_scale": 0.08,
    "noise_config": {
      "arw_dpsh": 0.0004,
      "vrw_ugpsHz": 0.4,
      "bi_g_dph": 0.00016,
      "bi_a_ug": 0.4,
      "tau_g": 300.0,
      "tau_a": 300.0,
      "seed": 42,
      "base_family": "round53_round61_shared"
    },
    "comparison_mode": "ch3_legal_dualaxis_repair_search",
    "candidate_name": "legal_flip_2_10_11",
    "candidate_flips": [
      2,
      10,
      11
    ],
    "method_key": "markov42_noisy",
    "legality": "true_dual_axis_motor_sequence"
  }
}