{
  "variant": "zseed_l5_neg5_plus_relaymax_unified_l9y2p75_markov42_noisy_noise0p08",
  "method_file": "search_ch3_12pos_closedloop_local_insertions.py",
  "source_file": "/root/.openclaw/workspace/tmp_psins_py/psins_py/test_calibration_markov_pruned.py",
  "param_order": [
    "eb_x",
    "eb_y",
    "eb_z",
    "db_x",
    "db_y",
    "db_z",
    "dKg_xx",
    "dKg_yx",
    "dKg_zx",
    "dKg_xy",
    "dKg_yy",
    "dKg_zy",
    "dKg_xz",
    "dKg_yz",
    "dKg_zz",
    "dKa_xx",
    "dKa_xy",
    "dKa_xz",
    "dKa_yy",
    "dKa_yz",
    "dKa_zz",
    "Ka2_x",
    "Ka2_y",
    "Ka2_z",
    "rx_x",
    "rx_y",
    "rx_z",
    "ry_x",
    "ry_y",
    "ry_z"
  ],
  "param_errors": {
    "eb_x": {
      "true": 4.84813681109536e-07,
      "est": 4.6294037948620156e-07,
      "abs_error": 2.187330162333449e-08,
      "pct_error": 4.511692321321386
    },
    "eb_y": {
      "true": 9.69627362219072e-07,
      "est": 9.700858842828714e-07,
      "abs_error": 4.5852206379929335e-10,
      "pct_error": 0.04728848232478999
    },
    "eb_z": {
      "true": 1.4544410433286078e-06,
      "est": 1.4475861809175859e-06,
      "abs_error": 6.854862411021937e-09,
      "pct_error": 0.47130562235331463
    },
    "db_x": {
      "true": 0.00097803267715,
      "est": 0.0009807129357131358,
      "abs_error": 2.680258563135876e-06,
      "pct_error": 0.27404591132335016
    },
    "db_y": {
      "true": 0.0019560653543,
      "est": 0.00196164693817787,
      "abs_error": 5.58158387787026e-06,
      "pct_error": 0.28534751487726717
    },
    "db_z": {
      "true": 0.00293409803145,
      "est": 0.0029437628379222367,
      "abs_error": 9.664806472236588e-06,
      "pct_error": 0.32939616770269753
    },
    "dKg_xx": {
      "true": -9.99999999995449e-06,
      "est": -1.2751965426494039e-05,
      "abs_error": 2.7519654265395488e-06,
      "pct_error": 27.51965426552073
    },
    "dKg_yx": {
      "true": 0.0001454441043328608,
      "est": 0.00014512394765981855,
      "abs_error": 3.201566730422396e-07,
      "pct_error": 0.22012351377924178
    },
    "dKg_zx": {
      "true": 0.00024240684055476798,
      "est": 0.00024171268183066137,
      "abs_error": 6.941587241066159e-07,
      "pct_error": 0.2863610294651655
    },
    "dKg_xy": {
      "true": 4.84813681109536e-05,
      "est": 4.8805268630672785e-05,
      "abs_error": 3.23900519719188e-07,
      "pct_error": 0.6680927794321213
    },
    "dKg_yy": {
      "true": -2.0000000000020002e-05,
      "est": -1.9486050114592146e-05,
      "abs_error": 5.139498854278557e-07,
      "pct_error": 2.5697494271367085
    },
    "dKg_zy": {
      "true": 0.0002908882086657216,
      "est": 0.0002890523898177606,
      "abs_error": 1.8358188479610069e-06,
      "pct_error": 0.6311080316324079
    },
    "dKg_xz": {
      "true": 9.69627362219072e-05,
      "est": 9.718714094918139e-05,
      "abs_error": 2.2440472727419962e-07,
      "pct_error": 0.2314339879607264
    },
    "dKg_yz": {
      "true": 0.0001939254724438144,
      "est": 0.00019588551514400303,
      "abs_error": 1.960042700188642e-06,
      "pct_error": 1.0107195694761146
    },
    "dKg_zz": {
      "true": -2.999999999997449e-05,
      "est": -1.9314955755911356e-05,
      "abs_error": 1.0685044244063135e-05,
      "pct_error": 35.6168141469074
    },
    "dKa_xx": {
      "true": -9.99999999995449e-06,
      "est": -9.592047195194908e-06,
      "abs_error": 4.079528047595815e-07,
      "pct_error": 4.079528047614381
    },
    "dKa_xy": {
      "true": 4.84813681109536e-05,
      "est": 5.0522870726160636e-05,
      "abs_error": 2.041502615207039e-06,
      "pct_error": 4.210901413786205
    },
    "dKa_xz": {
      "true": 9.69627362219072e-05,
      "est": 9.670467238440305e-05,
      "abs_error": 2.580638375041406e-07,
      "pct_error": 0.2661474372108686
    },
    "dKa_yy": {
      "true": -2.0000000000020002e-05,
      "est": -2.5145665527581684e-06,
      "abs_error": 1.7485433447261833e-05,
      "pct_error": 87.42716723622173
    },
    "dKa_yz": {
      "true": 0.0001939254724438144,
      "est": 0.00019585489694973993,
      "abs_error": 1.9294245059255435e-06,
      "pct_error": 0.9949309297078298
    },
    "dKa_zz": {
      "true": -2.999999999997449e-05,
      "est": -3.045805121404399e-05,
      "abs_error": 4.580512140694992e-07,
      "pct_error": 1.5268373802329622
    },
    "Ka2_x": {
      "true": 1.0224607248440952e-06,
      "est": 1.0295503744763777e-06,
      "abs_error": 7.089649632282504e-09,
      "pct_error": 0.693390900991677
    },
    "Ka2_y": {
      "true": 2.0449214496881904e-06,
      "est": 8.423249781303115e-09,
      "abs_error": 2.0364981999068875e-06,
      "pct_error": 99.58808932330446
    },
    "Ka2_z": {
      "true": 3.0673821745322856e-06,
      "est": 2.981698442984557e-06,
      "abs_error": 8.56837315477286e-08,
      "pct_error": 2.7933829784608974
    },
    "rx_x": {
      "true": 0.01,
      "est": 0.009908685771668936,
      "abs_error": 9.131422833106445e-05,
      "pct_error": 0.9131422833106445
    },
    "rx_y": {
      "true": 0.02,
      "est": 0.01996106957049577,
      "abs_error": 3.893042950423031e-05,
      "pct_error": 0.19465214752115156
    },
    "rx_z": {
      "true": 0.03,
      "est": 0.030674438811319104,
      "abs_error": 0.0006744388113191051,
      "pct_error": 2.248129371063684
    },
    "ry_x": {
      "true": 0.04,
      "est": 0.04039688921575301,
      "abs_error": 0.00039688921575301017,
      "pct_error": 0.9922230393825254
    },
    "ry_y": {
      "true": 0.05,
      "est": 0.04997153083430779,
      "abs_error": 2.846916569221314e-05,
      "pct_error": 0.05693833138442628
    },
    "ry_z": {
      "true": 0.06,
      "est": 0.06065782916349243,
      "abs_error": 0.0006578291634924335,
      "pct_error": 1.096381939154056
    }
  },
  "focus_scale_pct": {
    "dKg_xx": 27.51965426552073,
    "dKg_xy": 0.6680927794321213,
    "dKg_yy": 2.5697494271367085,
    "dKg_zz": 35.6168141469074,
    "dKa_xx": 4.079528047614381
  },
  "lever_guard_pct": {
    "rx_y": 0.19465214752115156,
    "ry_z": 1.096381939154056
  },
  "overall": {
    "mean_pct_error": 9.391832517685364,
    "median_pct_error": 0.952682661346585,
    "max_pct_error": 99.58808932330446
  },
  "extra": {
    "noise_scale": 0.08,
    "noise_config": {
      "arw_dpsh": 0.0004,
      "vrw_ugpsHz": 0.4,
      "bi_g_dph": 0.00016,
      "bi_a_ug": 0.4,
      "tau_g": 300.0,
      "tau_a": 300.0,
      "seed": 42,
      "base_family": "round53_round61_shared"
    },
    "comparison_mode": "ch3_closedloop_local_insertions",
    "candidate_name": "zseed_l5_neg5_plus_relaymax_unified_l9y2p75",
    "method_key": "markov42_noisy",
    "legality": "faithful12_base_plus_closed_loop_local_insertions",
    "time_total_s": 1349.5
  }
}