{
  "variant": "hybrid_l7neg0p5_l12y0p5_on_entry_markov42_noisy_noise0p08",
  "method_file": "search_ch3_12pos_closedloop_local_insertions.py",
  "source_file": "/root/.openclaw/workspace/tmp_psins_py/psins_py/test_calibration_markov_pruned.py",
  "param_order": [
    "eb_x",
    "eb_y",
    "eb_z",
    "db_x",
    "db_y",
    "db_z",
    "dKg_xx",
    "dKg_yx",
    "dKg_zx",
    "dKg_xy",
    "dKg_yy",
    "dKg_zy",
    "dKg_xz",
    "dKg_yz",
    "dKg_zz",
    "dKa_xx",
    "dKa_xy",
    "dKa_xz",
    "dKa_yy",
    "dKa_yz",
    "dKa_zz",
    "Ka2_x",
    "Ka2_y",
    "Ka2_z",
    "rx_x",
    "rx_y",
    "rx_z",
    "ry_x",
    "ry_y",
    "ry_z"
  ],
  "param_errors": {
    "eb_x": {
      "true": 4.84813681109536e-07,
      "est": 4.605564776505715e-07,
      "abs_error": 2.4257203458964536e-08,
      "pct_error": 5.003407371559715
    },
    "eb_y": {
      "true": 9.69627362219072e-07,
      "est": 9.66384234067268e-07,
      "abs_error": 3.243128151804172e-09,
      "pct_error": 0.33447159993319553
    },
    "eb_z": {
      "true": 1.4544410433286078e-06,
      "est": 1.450699472268783e-06,
      "abs_error": 3.741571059824865e-09,
      "pct_error": 0.2572514765715063
    },
    "db_x": {
      "true": 0.00097803267715,
      "est": 0.0009808328990628071,
      "abs_error": 2.8002219128072086e-06,
      "pct_error": 0.2863116926693178
    },
    "db_y": {
      "true": 0.0019560653543,
      "est": 0.001967497693771547,
      "abs_error": 1.1432339471547249e-05,
      "pct_error": 0.5844559051370981
    },
    "db_z": {
      "true": 0.00293409803145,
      "est": 0.002935657895931731,
      "abs_error": 1.559864481730927e-06,
      "pct_error": 0.053163338954972085
    },
    "dKg_xx": {
      "true": -9.99999999995449e-06,
      "est": -1.053338760725886e-05,
      "abs_error": 5.333876073043697e-07,
      "pct_error": 5.333876073067971
    },
    "dKg_yx": {
      "true": 0.0001454441043328608,
      "est": 0.00014498473295268373,
      "abs_error": 4.593713801770622e-07,
      "pct_error": 0.3158404957589433
    },
    "dKg_zx": {
      "true": 0.00024240684055476798,
      "est": 0.0002425666708966745,
      "abs_error": 1.5983034190651625e-07,
      "pct_error": 0.06593474901150947
    },
    "dKg_xy": {
      "true": 4.84813681109536e-05,
      "est": 4.8515281315904015e-05,
      "abs_error": 3.3913204950418235e-08,
      "pct_error": 0.06995100648316087
    },
    "dKg_yy": {
      "true": -2.0000000000020002e-05,
      "est": -1.9723950606564955e-05,
      "abs_error": 2.7604939345504675e-07,
      "pct_error": 1.3802469672738535
    },
    "dKg_zy": {
      "true": 0.0002908882086657216,
      "est": 0.00029138489802849467,
      "abs_error": 4.966893627730861e-07,
      "pct_error": 0.17074922529564063
    },
    "dKg_xz": {
      "true": 9.69627362219072e-05,
      "est": 9.77486877467203e-05,
      "abs_error": 7.859515248131115e-07,
      "pct_error": 0.8105706949259319
    },
    "dKg_yz": {
      "true": 0.0001939254724438144,
      "est": 0.00019389113622325223,
      "abs_error": 3.433622056215409e-08,
      "pct_error": 0.0177058847037757
    },
    "dKg_zz": {
      "true": -2.999999999997449e-05,
      "est": -2.9904481890996593e-05,
      "abs_error": 9.551810897789892e-08,
      "pct_error": 0.3183936965932671
    },
    "dKa_xx": {
      "true": -9.99999999995449e-06,
      "est": -9.740064158325623e-06,
      "abs_error": 2.599358416288666e-07,
      "pct_error": 2.599358416300496
    },
    "dKa_xy": {
      "true": 4.84813681109536e-05,
      "est": 4.8667061884020525e-05,
      "abs_error": 1.8569377306692825e-07,
      "pct_error": 0.38302090122942234
    },
    "dKa_xz": {
      "true": 9.69627362219072e-05,
      "est": 9.685762972142123e-05,
      "abs_error": 1.0510650048596094e-07,
      "pct_error": 0.10839885979023536
    },
    "dKa_yy": {
      "true": -2.0000000000020002e-05,
      "est": -1.9810650969676047e-05,
      "abs_error": 1.893490303439549e-07,
      "pct_error": 0.9467451517188277
    },
    "dKa_yz": {
      "true": 0.0001939254724438144,
      "est": 0.0001935821751635529,
      "abs_error": 3.4329728026147657e-07,
      "pct_error": 0.1770253674957215
    },
    "dKa_zz": {
      "true": -2.999999999997449e-05,
      "est": -2.9397679917497754e-05,
      "abs_error": 6.023200824767372e-07,
      "pct_error": 2.0077336082574977
    },
    "Ka2_x": {
      "true": 1.0224607248440952e-06,
      "est": 9.88914753992778e-07,
      "abs_error": 3.354597085131732e-08,
      "pct_error": 3.2809055679309744
    },
    "Ka2_y": {
      "true": 2.0449214496881904e-06,
      "est": 1.965239310794942e-06,
      "abs_error": 7.96821388932484e-08,
      "pct_error": 3.896586781140093
    },
    "Ka2_z": {
      "true": 3.0673821745322856e-06,
      "est": 3.0686934992544184e-06,
      "abs_error": 1.3113247221327395e-09,
      "pct_error": 0.0427506142866821
    },
    "rx_x": {
      "true": 0.01,
      "est": 0.010086142412477284,
      "abs_error": 8.614241247728409e-05,
      "pct_error": 0.8614241247728409
    },
    "rx_y": {
      "true": 0.02,
      "est": 0.020067421548039678,
      "abs_error": 6.742154803967768e-05,
      "pct_error": 0.3371077401983884
    },
    "rx_z": {
      "true": 0.03,
      "est": 0.030217029300381126,
      "abs_error": 0.00021702930038112675,
      "pct_error": 0.7234310012704226
    },
    "ry_x": {
      "true": 0.04,
      "est": 0.040735876228094166,
      "abs_error": 0.000735876228094165,
      "pct_error": 1.8396905702354125
    },
    "ry_y": {
      "true": 0.05,
      "est": 0.05017047580680318,
      "abs_error": 0.00017047580680317614,
      "pct_error": 0.3409516136063523
    },
    "ry_z": {
      "true": 0.06,
      "est": 0.0609917528486597,
      "abs_error": 0.0009917528486597035,
      "pct_error": 1.6529214144328392
    }
  },
  "focus_scale_pct": {
    "dKg_xx": 5.333876073067971,
    "dKg_xy": 0.06995100648316087,
    "dKg_yy": 1.3802469672738535,
    "dKg_zz": 0.3183936965932671,
    "dKa_xx": 2.599358416300496
  },
  "lever_guard_pct": {
    "rx_y": 0.3371077401983884,
    "ry_z": 1.6529214144328392
  },
  "overall": {
    "mean_pct_error": 1.1400127303535357,
    "median_pct_error": 0.3619862574178873,
    "max_pct_error": 5.333876073067971
  },
  "extra": {
    "noise_scale": 0.08,
    "noise_config": {
      "arw_dpsh": 0.0004,
      "vrw_ugpsHz": 0.4,
      "bi_g_dph": 0.00016,
      "bi_a_ug": 0.4,
      "tau_g": 300.0,
      "tau_a": 300.0,
      "seed": 42,
      "base_family": "round53_round61_shared"
    },
    "comparison_mode": "corrected_frontier_refine",
    "candidate_name": "hybrid_l7neg0p5_l12y0p5_on_entry",
    "method_key": "markov42_noisy",
    "legality": "faithful12_base_plus_closed_loop_local_insertions",
    "time_total_s": 1360.0,
    "att0_deg": [
      0.0,
      0.0,
      0.0
    ],
    "candidate_registry_key": "hybrid_l7neg0p5_l12y0p5_on_entry",
    "family": "attenuated_splitbookend_hybrids",
    "hypothesis_id": "H2"
  }
}