{
  "variant": "overlay_inner_tail10_11_neg_markov42_noisy_noise0p08",
  "method_file": "search_ch3_12pos_legal_dualaxis_excitation_overlay.py",
  "source_file": "/root/.openclaw/workspace/tmp_psins_py/psins_py/test_calibration_markov_pruned.py",
  "param_order": [
    "eb_x",
    "eb_y",
    "eb_z",
    "db_x",
    "db_y",
    "db_z",
    "dKg_xx",
    "dKg_yx",
    "dKg_zx",
    "dKg_xy",
    "dKg_yy",
    "dKg_zy",
    "dKg_xz",
    "dKg_yz",
    "dKg_zz",
    "dKa_xx",
    "dKa_xy",
    "dKa_xz",
    "dKa_yy",
    "dKa_yz",
    "dKa_zz",
    "Ka2_x",
    "Ka2_y",
    "Ka2_z",
    "rx_x",
    "rx_y",
    "rx_z",
    "ry_x",
    "ry_y",
    "ry_z"
  ],
  "param_errors": {
    "eb_x": {
      "true": 4.84813681109536e-07,
      "est": 4.598366654291647e-07,
      "abs_error": 2.4977015680371354e-08,
      "pct_error": 5.151879299942484
    },
    "eb_y": {
      "true": 9.69627362219072e-07,
      "est": 9.727644570767545e-07,
      "abs_error": 3.137094857682382e-09,
      "pct_error": 0.3235361314993094
    },
    "eb_z": {
      "true": 1.4544410433286078e-06,
      "est": 1.4506727640129603e-06,
      "abs_error": 3.76827931564756e-09,
      "pct_error": 0.2590878009756616
    },
    "db_x": {
      "true": 0.00097803267715,
      "est": 0.0009830074528059775,
      "abs_error": 4.974775655977636e-06,
      "pct_error": 0.5086512723147654
    },
    "db_y": {
      "true": 0.0019560653543,
      "est": 0.001958524493683278,
      "abs_error": 2.4591393832781513e-06,
      "pct_error": 0.125718671815962
    },
    "db_z": {
      "true": 0.00293409803145,
      "est": 0.0030969311376605932,
      "abs_error": 0.00016283310621059309,
      "pct_error": 5.5496818601566185
    },
    "dKg_xx": {
      "true": -9.99999999995449e-06,
      "est": -2.0385544318157756e-05,
      "abs_error": 1.0385544318203266e-05,
      "pct_error": 103.8554431825053
    },
    "dKg_yx": {
      "true": 0.0001454441043328608,
      "est": 0.00014509383876640483,
      "abs_error": 3.5026556645596004e-07,
      "pct_error": 0.24082486400022687
    },
    "dKg_zx": {
      "true": 0.00024240684055476798,
      "est": 0.00022560686909246335,
      "abs_error": 1.679997146230463e-05,
      "pct_error": 6.930485717258025
    },
    "dKg_xy": {
      "true": 4.84813681109536e-05,
      "est": 4.83722639523372e-05,
      "abs_error": 1.0910415861639899e-07,
      "pct_error": 0.22504348137764008
    },
    "dKg_yy": {
      "true": -2.0000000000020002e-05,
      "est": -1.927113791433399e-05,
      "abs_error": 7.288620856860106e-07,
      "pct_error": 3.644310428426409
    },
    "dKg_zy": {
      "true": 0.0002908882086657216,
      "est": 0.0003023877368526871,
      "abs_error": 1.1499528186965512e-05,
      "pct_error": 3.953246589029108
    },
    "dKg_xz": {
      "true": 9.69627362219072e-05,
      "est": 0.00011190585471613662,
      "abs_error": 1.4943118494229425e-05,
      "pct_error": 15.411197204698174
    },
    "dKg_yz": {
      "true": 0.0001939254724438144,
      "est": 0.00018180291942781988,
      "abs_error": 1.2122553015994506e-05,
      "pct_error": 6.251140122660651
    },
    "dKg_zz": {
      "true": -2.999999999997449e-05,
      "est": 4.561433674554749e-06,
      "abs_error": 3.456143367452924e-05,
      "pct_error": 115.20477891519543
    },
    "dKa_xx": {
      "true": -9.99999999995449e-06,
      "est": 1.2473753769226548e-05,
      "abs_error": 2.2473753769181037e-05,
      "pct_error": 224.73753769283314
    },
    "dKa_xy": {
      "true": 4.84813681109536e-05,
      "est": 5.4292292273503964e-05,
      "abs_error": 5.810924162550367e-06,
      "pct_error": 11.985891465050221
    },
    "dKa_xz": {
      "true": 9.69627362219072e-05,
      "est": 0.00011163966396888628,
      "abs_error": 1.4676927746979087e-05,
      "pct_error": 15.13666829016637
    },
    "dKa_yy": {
      "true": -2.0000000000020002e-05,
      "est": 1.9121248001630065e-06,
      "abs_error": 2.1912124800183008e-05,
      "pct_error": 109.56062400080546
    },
    "dKa_yz": {
      "true": 0.0001939254724438144,
      "est": 0.00018263971730507754,
      "abs_error": 1.1285755138736844e-05,
      "pct_error": 5.819635242609318
    },
    "dKa_zz": {
      "true": -2.999999999997449e-05,
      "est": -3.001567039273567e-05,
      "abs_error": 1.5670392761180096e-08,
      "pct_error": 0.0522346425373114
    },
    "Ka2_x": {
      "true": 1.0224607248440952e-06,
      "est": 3.2577176782592786e-06,
      "abs_error": 2.2352569534151834e-06,
      "pct_error": 218.6154342266805
    },
    "Ka2_y": {
      "true": 2.0449214496881904e-06,
      "est": 1.1070877333040522e-09,
      "abs_error": 2.043814361954886e-06,
      "pct_error": 99.94586160101782
    },
    "Ka2_z": {
      "true": 3.0673821745322856e-06,
      "est": 1.407069052082868e-06,
      "abs_error": 1.6603131224494176e-06,
      "pct_error": 54.12801626854933
    },
    "rx_x": {
      "true": 0.01,
      "est": 0.01018956365687091,
      "abs_error": 0.00018956365687091033,
      "pct_error": 1.8956365687091032
    },
    "rx_y": {
      "true": 0.02,
      "est": 0.019802314752478043,
      "abs_error": 0.00019768524752195732,
      "pct_error": 0.9884262376097865
    },
    "rx_z": {
      "true": 0.03,
      "est": 0.030337070462219805,
      "abs_error": 0.0003370704622198059,
      "pct_error": 1.123568207399353
    },
    "ry_x": {
      "true": 0.04,
      "est": 0.04026259694045566,
      "abs_error": 0.0002625969404556616,
      "pct_error": 0.656492351139154
    },
    "ry_y": {
      "true": 0.05,
      "est": 0.04994994237976638,
      "abs_error": 5.005762023362059e-05,
      "pct_error": 0.10011524046724118
    },
    "ry_z": {
      "true": 0.06,
      "est": 0.060204478567321376,
      "abs_error": 0.00020447856732137837,
      "pct_error": 0.3407976122022973
    }
  },
  "focus_scale_pct": {
    "dKg_xx": 103.8554431825053,
    "dKg_xy": 0.22504348137764008,
    "dKg_yy": 3.644310428426409,
    "dKg_zz": 115.20477891519543,
    "dKa_xx": 224.73753769283314
  },
  "lever_guard_pct": {
    "rx_y": 0.9884262376097865,
    "ry_z": 0.3407976122022973
  },
  "overall": {
    "mean_pct_error": 33.75739883965441,
    "median_pct_error": 4.552562944485796,
    "max_pct_error": 224.73753769283314
  },
  "extra": {
    "noise_scale": 0.08,
    "noise_config": {
      "arw_dpsh": 0.0004,
      "vrw_ugpsHz": 0.4,
      "bi_g_dph": 0.00016,
      "bi_a_ug": 0.4,
      "tau_g": 300.0,
      "tau_a": 300.0,
      "seed": 42,
      "base_family": "round53_round61_shared"
    },
    "comparison_mode": "ch3_legal_dualaxis_excitation_overlay",
    "candidate_name": "overlay_inner_tail10_11_neg",
    "method_key": "markov42_noisy",
    "representation": "same_12_anchor_faces_plus_legal_excitation_return_pairs",
    "burst_kind": "inner",
    "target_anchor_nodes": [
      10,
      11
    ],
    "burst_angle_deg": -90,
    "burst_rotation_s": 2.0,
    "burst_dwell_s": 2.0
  }
}