{
  "variant": "legal_flip_8_11_12_retime_flipnodes_pre20_post70_markov42_noisy_noise0p08",
  "method_file": "search_ch3_12pos_legal_dualaxis_second_layer.py",
  "source_file": "/root/.openclaw/workspace/tmp_psins_py/psins_py/test_calibration_markov_pruned.py",
  "param_order": [
    "eb_x",
    "eb_y",
    "eb_z",
    "db_x",
    "db_y",
    "db_z",
    "dKg_xx",
    "dKg_yx",
    "dKg_zx",
    "dKg_xy",
    "dKg_yy",
    "dKg_zy",
    "dKg_xz",
    "dKg_yz",
    "dKg_zz",
    "dKa_xx",
    "dKa_xy",
    "dKa_xz",
    "dKa_yy",
    "dKa_yz",
    "dKa_zz",
    "Ka2_x",
    "Ka2_y",
    "Ka2_z",
    "rx_x",
    "rx_y",
    "rx_z",
    "ry_x",
    "ry_y",
    "ry_z"
  ],
  "param_errors": {
    "eb_x": {
      "true": 4.84813681109536e-07,
      "est": 4.734617076395681e-07,
      "abs_error": 1.1351973469967935e-08,
      "pct_error": 2.341512608305114
    },
    "eb_y": {
      "true": 9.69627362219072e-07,
      "est": 9.635403144006492e-07,
      "abs_error": 6.0870478184228794e-09,
      "pct_error": 0.6277718694419028
    },
    "eb_z": {
      "true": 1.4544410433286078e-06,
      "est": 1.440070410894868e-06,
      "abs_error": 1.4370632433739743e-08,
      "pct_error": 0.9880519048645224
    },
    "db_x": {
      "true": 0.00097803267715,
      "est": 0.0009728990021998926,
      "abs_error": 5.1336749501073534e-06,
      "pct_error": 0.524898101060074
    },
    "db_y": {
      "true": 0.0019560653543,
      "est": 0.001960500515795271,
      "abs_error": 4.435161495271265e-06,
      "pct_error": 0.22673892186278397
    },
    "db_z": {
      "true": 0.00293409803145,
      "est": 0.002948301197984678,
      "abs_error": 1.4203166534677934e-05,
      "pct_error": 0.48407266500427315
    },
    "dKg_xx": {
      "true": -9.99999999995449e-06,
      "est": -1.2263372170639997e-05,
      "abs_error": 2.263372170685507e-06,
      "pct_error": 22.633721706958077
    },
    "dKg_yx": {
      "true": 0.0001454441043328608,
      "est": 0.00014490730682113718,
      "abs_error": 5.36797511723608e-07,
      "pct_error": 0.36907478249864484
    },
    "dKg_zx": {
      "true": 0.00024240684055476798,
      "est": 0.00024097395059835213,
      "abs_error": 1.432889956415849e-06,
      "pct_error": 0.5911095384670508
    },
    "dKg_xy": {
      "true": 4.84813681109536e-05,
      "est": 4.8804759475374655e-05,
      "abs_error": 3.2339136442105813e-07,
      "pct_error": 0.6670425712429369
    },
    "dKg_yy": {
      "true": -2.0000000000020002e-05,
      "est": -2.032456787426362e-05,
      "abs_error": 3.2456787424361977e-07,
      "pct_error": 1.622839371216476
    },
    "dKg_zy": {
      "true": 0.0002908882086657216,
      "est": 0.00029904731335243014,
      "abs_error": 8.159104686708562e-06,
      "pct_error": 2.8048935789228624
    },
    "dKg_xz": {
      "true": 9.69627362219072e-05,
      "est": 9.738428172361102e-05,
      "abs_error": 4.215455017038275e-07,
      "pct_error": 0.43475000616637505
    },
    "dKg_yz": {
      "true": 0.0001939254724438144,
      "est": 0.00018631144823267622,
      "abs_error": 7.614024211138166e-06,
      "pct_error": 3.926263071677786
    },
    "dKg_zz": {
      "true": -2.999999999997449e-05,
      "est": -7.059314406587802e-06,
      "abs_error": 2.294068559338669e-05,
      "pct_error": 76.46895197802066
    },
    "dKa_xx": {
      "true": -9.99999999995449e-06,
      "est": -1.0047603318019682e-05,
      "abs_error": 4.760331806519247e-08,
      "pct_error": 0.4760331806540911
    },
    "dKa_xy": {
      "true": 4.84813681109536e-05,
      "est": 5.445172313400911e-05,
      "abs_error": 5.970355023055515e-06,
      "pct_error": 12.314741220569243
    },
    "dKa_xz": {
      "true": 9.69627362219072e-05,
      "est": 9.710399106647769e-05,
      "abs_error": 1.412548445704927e-07,
      "pct_error": 0.14567951573398194
    },
    "dKa_yy": {
      "true": -2.0000000000020002e-05,
      "est": -3.0457352044876984e-06,
      "abs_error": 1.6954264795532303e-05,
      "pct_error": 84.77132397757674
    },
    "dKa_yz": {
      "true": 0.0001939254724438144,
      "est": 0.00018701493990639617,
      "abs_error": 6.910532537418216e-06,
      "pct_error": 3.5634991372370584
    },
    "dKa_zz": {
      "true": -2.999999999997449e-05,
      "est": -2.995540286621079e-05,
      "abs_error": 4.459713376370189e-08,
      "pct_error": 0.14865711254579939
    },
    "Ka2_x": {
      "true": 1.0224607248440952e-06,
      "est": 1.0640665519923971e-06,
      "abs_error": 4.160582714830193e-08,
      "pct_error": 4.069185851089389
    },
    "Ka2_y": {
      "true": 2.0449214496881904e-06,
      "est": 1.5919840706148903e-09,
      "abs_error": 2.0433294656175756e-06,
      "pct_error": 99.92214937787182
    },
    "Ka2_z": {
      "true": 3.0673821745322856e-06,
      "est": 2.9483027482211146e-06,
      "abs_error": 1.1907942631117107e-07,
      "pct_error": 3.8821190036200264
    },
    "rx_x": {
      "true": 0.01,
      "est": 0.0103578406634941,
      "abs_error": 0.00035784066349409983,
      "pct_error": 3.578406634940998
    },
    "rx_y": {
      "true": 0.02,
      "est": 0.020226524791294314,
      "abs_error": 0.00022652479129431358,
      "pct_error": 1.1326239564715679
    },
    "rx_z": {
      "true": 0.03,
      "est": 0.02999122116002419,
      "abs_error": 8.778839975808611e-06,
      "pct_error": 0.029262799919362037
    },
    "ry_x": {
      "true": 0.04,
      "est": 0.04048451932260632,
      "abs_error": 0.00048451932260631936,
      "pct_error": 1.2112983065157983
    },
    "ry_y": {
      "true": 0.05,
      "est": 0.050222896184259125,
      "abs_error": 0.00022289618425912205,
      "pct_error": 0.4457923685182441
    },
    "ry_z": {
      "true": 0.06,
      "est": 0.060013451510151784,
      "abs_error": 1.3451510151786528e-05,
      "pct_error": 0.02241918358631088
    }
  },
  "focus_scale_pct": {
    "dKg_xx": 22.633721706958077,
    "dKg_xy": 0.6670425712429369,
    "dKg_yy": 1.622839371216476,
    "dKg_zz": 76.46895197802066,
    "dKa_xx": 0.4760331806540911
  },
  "lever_guard_pct": {
    "rx_y": 1.1326239564715679,
    "ry_z": 0.02241918358631088
  },
  "overall": {
    "mean_pct_error": 11.014162810085333,
    "median_pct_error": 1.0603379306680452,
    "max_pct_error": 99.92214937787182
  },
  "extra": {
    "noise_scale": 0.08,
    "noise_config": {
      "arw_dpsh": 0.0004,
      "vrw_ugpsHz": 0.4,
      "bi_g_dph": 0.00016,
      "bi_a_ug": 0.4,
      "tau_g": 300.0,
      "tau_a": 300.0,
      "seed": 42,
      "base_family": "round53_round61_shared"
    },
    "comparison_mode": "ch3_legal_dualaxis_second_layer",
    "candidate_name": "legal_flip_8_11_12_retime_flipnodes_pre20_post70",
    "candidate_flips": [
      8,
      11,
      12
    ],
    "method_key": "markov42_noisy",
    "direction": "B",
    "family": "incumbent_retime",
    "base_reference": "legal_flip_8_11_12",
    "legality": "true_dual_axis_motor_sequence"
  }
}