{
  "variant": "y7_large_pos_z5_small_neg_noise0p08",
  "method_file": "targeted shortlist probe",
  "source_file": "/root/.openclaw/workspace/tmp_psins_py/psins_py/test_calibration_markov_pruned.py",
  "param_order": [
    "eb_x",
    "eb_y",
    "eb_z",
    "db_x",
    "db_y",
    "db_z",
    "dKg_xx",
    "dKg_yx",
    "dKg_zx",
    "dKg_xy",
    "dKg_yy",
    "dKg_zy",
    "dKg_xz",
    "dKg_yz",
    "dKg_zz",
    "dKa_xx",
    "dKa_xy",
    "dKa_xz",
    "dKa_yy",
    "dKa_yz",
    "dKa_zz",
    "Ka2_x",
    "Ka2_y",
    "Ka2_z",
    "rx_x",
    "rx_y",
    "rx_z",
    "ry_x",
    "ry_y",
    "ry_z"
  ],
  "param_errors": {
    "eb_x": {
      "true": 4.84813681109536e-07,
      "est": 4.7368287075679146e-07,
      "abs_error": 1.1130810352744589e-08,
      "pct_error": 2.2958944407820367
    },
    "eb_y": {
      "true": 9.69627362219072e-07,
      "est": 9.590516466918563e-07,
      "abs_error": 1.0575715527215806e-08,
      "pct_error": 1.0906989570727883
    },
    "eb_z": {
      "true": 1.4544410433286078e-06,
      "est": 1.4346098607117863e-06,
      "abs_error": 1.98311826168215e-08,
      "pct_error": 1.363491680036491
    },
    "db_x": {
      "true": 0.00097803267715,
      "est": 0.0009684084222315203,
      "abs_error": 9.624254918479624e-06,
      "pct_error": 0.9840422660033026
    },
    "db_y": {
      "true": 0.0019560653543,
      "est": 0.001961966259177876,
      "abs_error": 5.900904877876277e-06,
      "pct_error": 0.3016721739334718
    },
    "db_z": {
      "true": 0.00293409803145,
      "est": 0.0029521027236974885,
      "abs_error": 1.800469224748835e-05,
      "pct_error": 0.6136363561987266
    },
    "dKg_xx": {
      "true": -9.99999999995449e-06,
      "est": -1.980578803717492e-05,
      "abs_error": 9.805788037220431e-06,
      "pct_error": 98.05788037265057
    },
    "dKg_yx": {
      "true": 0.0001454441043328608,
      "est": 0.0001446464648318636,
      "abs_error": 7.976395009971868e-07,
      "pct_error": 0.5484165237607179
    },
    "dKg_zx": {
      "true": 0.00024240684055476798,
      "est": 0.00024047705853040205,
      "abs_error": 1.929782024365933e-06,
      "pct_error": 0.7960922307099373
    },
    "dKg_xy": {
      "true": 4.84813681109536e-05,
      "est": 4.880259449490542e-05,
      "abs_error": 3.2122638395182626e-07,
      "pct_error": 0.6625769784727883
    },
    "dKg_yy": {
      "true": -2.0000000000020002e-05,
      "est": -2.0915719000536015e-05,
      "abs_error": 9.157190005160132e-07,
      "pct_error": 4.578595002575487
    },
    "dKg_zy": {
      "true": 0.0002908882086657216,
      "est": 0.0003014584384872937,
      "abs_error": 1.0570229821572094e-05,
      "pct_error": 3.633777343556413
    },
    "dKg_xz": {
      "true": 9.69627362219072e-05,
      "est": 9.762543702432451e-05,
      "abs_error": 6.627008024173193e-07,
      "pct_error": 0.6834592630520183
    },
    "dKg_yz": {
      "true": 0.0001939254724438144,
      "est": 0.00018430531324174296,
      "abs_error": 9.620159202071427e-06,
      "pct_error": 4.960750684703711
    },
    "dKg_zz": {
      "true": -2.999999999997449e-05,
      "est": -1.1740814221283813e-05,
      "abs_error": 1.825918577869068e-05,
      "pct_error": 60.863952595687344
    },
    "dKa_xx": {
      "true": -9.99999999995449e-06,
      "est": -9.977296896224175e-06,
      "abs_error": 2.2703103730314922e-08,
      "pct_error": 0.22703103730418248
    },
    "dKa_xy": {
      "true": 4.84813681109536e-05,
      "est": 6.312138775483102e-05,
      "abs_error": 1.4640019643877422e-05,
      "pct_error": 30.197208152980608
    },
    "dKa_xz": {
      "true": 9.69627362219072e-05,
      "est": 9.778327360866716e-05,
      "abs_error": 8.205373867599646e-07,
      "pct_error": 0.8462399254927144
    },
    "dKa_yy": {
      "true": -2.0000000000020002e-05,
      "est": -3.227210999767749e-06,
      "abs_error": 1.6772789000252253e-05,
      "pct_error": 83.8639450011774
    },
    "dKa_yz": {
      "true": 0.0001939254724438144,
      "est": 0.00018473584973558382,
      "abs_error": 9.18962270823057e-06,
      "pct_error": 4.738739368492739
    },
    "dKa_zz": {
      "true": -2.999999999997449e-05,
      "est": -2.9974376633656874e-05,
      "abs_error": 2.5623366317617524e-08,
      "pct_error": 0.0854112210587977
    },
    "Ka2_x": {
      "true": 1.0224607248440952e-06,
      "est": 1.1198211040594867e-06,
      "abs_error": 9.736037921539144e-08,
      "pct_error": 9.522163233236851
    },
    "Ka2_y": {
      "true": 2.0449214496881904e-06,
      "est": 1.2791677244632757e-09,
      "abs_error": 2.043642281963727e-06,
      "pct_error": 99.93744660829597
    },
    "Ka2_z": {
      "true": 3.0673821745322856e-06,
      "est": 2.9083392295546012e-06,
      "abs_error": 1.590429449776844e-07,
      "pct_error": 5.184973241944828
    },
    "rx_x": {
      "true": 0.01,
      "est": 0.010299540188772386,
      "abs_error": 0.0002995401887723858,
      "pct_error": 2.9954018877238577
    },
    "rx_y": {
      "true": 0.02,
      "est": 0.019988863485545332,
      "abs_error": 1.1136514454668234e-05,
      "pct_error": 0.05568257227334117
    },
    "rx_z": {
      "true": 0.03,
      "est": 0.03000897091225737,
      "abs_error": 8.970912257370844e-06,
      "pct_error": 0.029903040857902817
    },
    "ry_x": {
      "true": 0.04,
      "est": 0.041343020684229397,
      "abs_error": 0.0013430206842293957,
      "pct_error": 3.3575517105734893
    },
    "ry_y": {
      "true": 0.05,
      "est": 0.05035026395928267,
      "abs_error": 0.0003502639592826706,
      "pct_error": 0.7005279185653412
    },
    "ry_z": {
      "true": 0.06,
      "est": 0.059972031679040964,
      "abs_error": 2.79683209590334e-05,
      "pct_error": 0.04661386826505567
    }
  },
  "focus_scale_pct": {
    "dKg_xx": 98.05788037265057,
    "dKg_xy": 0.6625769784727883,
    "dKg_yy": 4.578595002575487,
    "dKg_zz": 60.863952595687344,
    "dKa_xx": 0.22703103730418248
  },
  "lever_guard_pct": {
    "rx_y": 0.05568257227334117,
    "ry_z": 0.04661386826505567
  },
  "overall": {
    "mean_pct_error": 14.107459188581295,
    "median_pct_error": 1.2270953185546396,
    "max_pct_error": 99.93744660829597
  },
  "extra": {
    "noise_scale": 0.08,
    "noise_config": {
      "arw_dpsh": 0.0004,
      "vrw_ugpsHz": 0.4,
      "bi_g_dph": 0.00016,
      "bi_a_ug": 0.4,
      "tau_g": 300.0,
      "tau_a": 300.0,
      "seed": 42,
      "base_family": "round53_round61_shared"
    },
    "candidate_name": "y7_large_pos_z5_small_neg"
  }
}