{
  "variant": "relay_xpost_neg1_on_entry_markov42_noisy_noise0p08",
  "method_file": "search_ch3_12pos_closedloop_local_insertions.py",
  "source_file": "/root/.openclaw/workspace/tmp_psins_py/psins_py/test_calibration_markov_pruned.py",
  "param_order": [
    "eb_x",
    "eb_y",
    "eb_z",
    "db_x",
    "db_y",
    "db_z",
    "dKg_xx",
    "dKg_yx",
    "dKg_zx",
    "dKg_xy",
    "dKg_yy",
    "dKg_zy",
    "dKg_xz",
    "dKg_yz",
    "dKg_zz",
    "dKa_xx",
    "dKa_xy",
    "dKa_xz",
    "dKa_yy",
    "dKa_yz",
    "dKa_zz",
    "Ka2_x",
    "Ka2_y",
    "Ka2_z",
    "rx_x",
    "rx_y",
    "rx_z",
    "ry_x",
    "ry_y",
    "ry_z"
  ],
  "param_errors": {
    "eb_x": {
      "true": 4.84813681109536e-07,
      "est": 4.630407565052301e-07,
      "abs_error": 2.177292460430595e-08,
      "pct_error": 4.4909880749398035
    },
    "eb_y": {
      "true": 9.69627362219072e-07,
      "est": 9.668466557579619e-07,
      "abs_error": 2.780706461110227e-09,
      "pct_error": 0.28678093971547497
    },
    "eb_z": {
      "true": 1.4544410433286078e-06,
      "est": 1.4473135131985427e-06,
      "abs_error": 7.12753013006511e-09,
      "pct_error": 0.4900528737660738
    },
    "db_x": {
      "true": 0.00097803267715,
      "est": 0.0009798598695776866,
      "abs_error": 1.8271924276866674e-06,
      "pct_error": 0.18682324940421524
    },
    "db_y": {
      "true": 0.0019560653543,
      "est": 0.0019658607036272518,
      "abs_error": 9.795349327251963e-06,
      "pct_error": 0.5007679986621583
    },
    "db_z": {
      "true": 0.00293409803145,
      "est": 0.0029349828956265365,
      "abs_error": 8.84864176536361e-07,
      "pct_error": 0.03015796224433137
    },
    "dKg_xx": {
      "true": -9.99999999995449e-06,
      "est": -1.0503026251384995e-05,
      "abs_error": 5.030262514305051e-07,
      "pct_error": 5.030262514327943
    },
    "dKg_yx": {
      "true": 0.0001454441043328608,
      "est": 0.00014542021483228388,
      "abs_error": 2.3889500576910246e-08,
      "pct_error": 0.01642521069278763
    },
    "dKg_zx": {
      "true": 0.00024240684055476798,
      "est": 0.00024229138368449555,
      "abs_error": 1.1545687027242997e-07,
      "pct_error": 0.04762937795327781
    },
    "dKg_xy": {
      "true": 4.84813681109536e-05,
      "est": 4.849115168981557e-05,
      "abs_error": 9.78357886197189e-09,
      "pct_error": 0.020180079983678195
    },
    "dKg_yy": {
      "true": -2.0000000000020002e-05,
      "est": -1.962844678415898e-05,
      "abs_error": 3.715532158610202e-07,
      "pct_error": 1.8577660793032431
    },
    "dKg_zy": {
      "true": 0.0002908882086657216,
      "est": 0.00029143100682245323,
      "abs_error": 5.427981567316482e-07,
      "pct_error": 0.18660026104922411
    },
    "dKg_xz": {
      "true": 9.69627362219072e-05,
      "est": 9.76441342253423e-05,
      "abs_error": 6.813980034351026e-07,
      "pct_error": 0.7027421357784988
    },
    "dKg_yz": {
      "true": 0.0001939254724438144,
      "est": 0.00019370856458035389,
      "abs_error": 2.1690786346050114e-07,
      "pct_error": 0.11185114607537976
    },
    "dKg_zz": {
      "true": -2.999999999997449e-05,
      "est": -2.9783554665874235e-05,
      "abs_error": 2.1644533410025701e-07,
      "pct_error": 0.7214844470014702
    },
    "dKa_xx": {
      "true": -9.99999999995449e-06,
      "est": -9.734045872011876e-06,
      "abs_error": 2.6595412794261364e-07,
      "pct_error": 2.65954127943824
    },
    "dKa_xy": {
      "true": 4.84813681109536e-05,
      "est": 4.848241617318543e-05,
      "abs_error": 1.048062231836025e-09,
      "pct_error": 0.0021617835318455706
    },
    "dKa_xz": {
      "true": 9.69627362219072e-05,
      "est": 9.685144185244212e-05,
      "abs_error": 1.1129436946506885e-07,
      "pct_error": 0.11478055777052591
    },
    "dKa_yy": {
      "true": -2.0000000000020002e-05,
      "est": -1.9826674621192808e-05,
      "abs_error": 1.733253788271938e-07,
      "pct_error": 0.8666268941351023
    },
    "dKa_yz": {
      "true": 0.0001939254724438144,
      "est": 0.00019372705032001366,
      "abs_error": 1.9842212380073113e-07,
      "pct_error": 0.10231875230223794
    },
    "dKa_zz": {
      "true": -2.999999999997449e-05,
      "est": -2.939618042496761e-05,
      "abs_error": 6.038195750068809e-07,
      "pct_error": 2.0127319166913145
    },
    "Ka2_x": {
      "true": 1.0224607248440952e-06,
      "est": 1.0003469940773258e-06,
      "abs_error": 2.2113730766769384e-08,
      "pct_error": 2.1627951303597786
    },
    "Ka2_y": {
      "true": 2.0449214496881904e-06,
      "est": 1.9820252667461617e-06,
      "abs_error": 6.289618294202873e-08,
      "pct_error": 3.0757261092654264
    },
    "Ka2_z": {
      "true": 3.0673821745322856e-06,
      "est": 3.073512585108634e-06,
      "abs_error": 6.130410576348555e-09,
      "pct_error": 0.1998580622671617
    },
    "rx_x": {
      "true": 0.01,
      "est": 0.009953361399416,
      "abs_error": 4.663860058400082e-05,
      "pct_error": 0.4663860058400082
    },
    "rx_y": {
      "true": 0.02,
      "est": 0.020227471268075347,
      "abs_error": 0.00022747126807534657,
      "pct_error": 1.1373563403767328
    },
    "rx_z": {
      "true": 0.03,
      "est": 0.03028726512431418,
      "abs_error": 0.0002872651243141823,
      "pct_error": 0.9575504143806077
    },
    "ry_x": {
      "true": 0.04,
      "est": 0.0405866583097396,
      "abs_error": 0.0005866583097395989,
      "pct_error": 1.4666457743489971
    },
    "ry_y": {
      "true": 0.05,
      "est": 0.05027556028888097,
      "abs_error": 0.00027556028888096884,
      "pct_error": 0.5511205777619377
    },
    "ry_z": {
      "true": 0.06,
      "est": 0.06099367371500439,
      "abs_error": 0.0009936737150043895,
      "pct_error": 1.6561228583406493
    }
  },
  "focus_scale_pct": {
    "dKg_xx": 5.030262514327943,
    "dKg_xy": 0.020180079983678195,
    "dKg_yy": 1.8577660793032431,
    "dKg_zz": 0.7214844470014702,
    "dKa_xx": 2.65954127943824
  },
  "lever_guard_pct": {
    "rx_y": 1.1373563403767328,
    "ry_z": 1.6561228583406493
  },
  "overall": {
    "mean_pct_error": 1.0704078269236041,
    "median_pct_error": 0.525944288212048,
    "max_pct_error": 5.030262514327943
  },
  "extra": {
    "noise_scale": 0.08,
    "noise_config": {
      "arw_dpsh": 0.0004,
      "vrw_ugpsHz": 0.4,
      "bi_g_dph": 0.00016,
      "bi_a_ug": 0.4,
      "tau_g": 300.0,
      "tau_a": 300.0,
      "seed": 42,
      "base_family": "round53_round61_shared"
    },
    "comparison_mode": "corrected_terminal_x_family",
    "candidate_name": "relay_xpost_neg1_on_entry",
    "method_key": "markov42_noisy",
    "legality": "faithful12_base_plus_closed_loop_local_insertions",
    "time_total_s": 1359.875,
    "att0_deg": [
      0.0,
      0.0,
      0.0
    ],
    "candidate_registry_key": "relay_xpost_neg1_on_entry",
    "family": "terminal_x_bookend_after_leader",
    "hypothesis_id": "X1"
  }
}