{
  "variant": "twoanchor_l10_zpair_neg5p25_then_ypair_neg0p75_plus_l11_y10x0back2_markov42_noisy_noise0p08",
  "method_file": "search_ch3_12pos_closedloop_local_insertions.py",
  "source_file": "/root/.openclaw/workspace/tmp_psins_py/psins_py/test_calibration_markov_pruned.py",
  "param_order": [
    "eb_x",
    "eb_y",
    "eb_z",
    "db_x",
    "db_y",
    "db_z",
    "dKg_xx",
    "dKg_yx",
    "dKg_zx",
    "dKg_xy",
    "dKg_yy",
    "dKg_zy",
    "dKg_xz",
    "dKg_yz",
    "dKg_zz",
    "dKa_xx",
    "dKa_xy",
    "dKa_xz",
    "dKa_yy",
    "dKa_yz",
    "dKa_zz",
    "Ka2_x",
    "Ka2_y",
    "Ka2_z",
    "rx_x",
    "rx_y",
    "rx_z",
    "ry_x",
    "ry_y",
    "ry_z"
  ],
  "param_errors": {
    "eb_x": {
      "true": 4.84813681109536e-07,
      "est": 4.642961584402168e-07,
      "abs_error": 2.0517522669319226e-08,
      "pct_error": 4.232042838057537
    },
    "eb_y": {
      "true": 9.69627362219072e-07,
      "est": 9.710538362842695e-07,
      "abs_error": 1.4264740651973977e-09,
      "pct_error": 0.14711569833722454
    },
    "eb_z": {
      "true": 1.4544410433286078e-06,
      "est": 1.4450081374159492e-06,
      "abs_error": 9.432905912658627e-09,
      "pct_error": 0.6485588368072072
    },
    "db_x": {
      "true": 0.00097803267715,
      "est": 0.0009799630169179993,
      "abs_error": 1.9303397679993565e-06,
      "pct_error": 0.19736965983840046
    },
    "db_y": {
      "true": 0.0019560653543,
      "est": 0.0019580721217434846,
      "abs_error": 2.006767443484773e-06,
      "pct_error": 0.10259204474294865
    },
    "db_z": {
      "true": 0.00293409803145,
      "est": 0.0029400915100913972,
      "abs_error": 5.9934786413970605e-06,
      "pct_error": 0.20426988386734804
    },
    "dKg_xx": {
      "true": -9.99999999995449e-06,
      "est": -1.1107423191436538e-05,
      "abs_error": 1.1074231914820487e-06,
      "pct_error": 11.074231914870886
    },
    "dKg_yx": {
      "true": 0.0001454441043328608,
      "est": 0.00014538812441707634,
      "abs_error": 5.5979915784446594e-08,
      "pct_error": 0.03848895494335883
    },
    "dKg_zx": {
      "true": 0.00024240684055476798,
      "est": 0.00024168870515566413,
      "abs_error": 7.181353991038506e-07,
      "pct_error": 0.29625211791067396
    },
    "dKg_xy": {
      "true": 4.84813681109536e-05,
      "est": 4.8662913913189216e-05,
      "abs_error": 1.8154580223561894e-07,
      "pct_error": 0.37446509723103616
    },
    "dKg_yy": {
      "true": -2.0000000000020002e-05,
      "est": -1.9184016679663074e-05,
      "abs_error": 8.159833203569278e-07,
      "pct_error": 4.079916601780559
    },
    "dKg_zy": {
      "true": 0.0002908882086657216,
      "est": 0.00029550107914226223,
      "abs_error": 4.6128704765406505e-06,
      "pct_error": 1.5857880584776805
    },
    "dKg_xz": {
      "true": 9.69627362219072e-05,
      "est": 9.71903929246252e-05,
      "abs_error": 2.2765670271801227e-07,
      "pct_error": 0.2347878283849181
    },
    "dKg_yz": {
      "true": 0.0001939254724438144,
      "est": 0.00018931367829103668,
      "abs_error": 4.611794152777705e-06,
      "pct_error": 2.378127068435463
    },
    "dKg_zz": {
      "true": -2.999999999997449e-05,
      "est": -1.1494311911164345e-05,
      "abs_error": 1.8505688088810146e-05,
      "pct_error": 61.685626962752934
    },
    "dKa_xx": {
      "true": -9.99999999995449e-06,
      "est": -9.765212667822709e-06,
      "abs_error": 2.347873321317806e-07,
      "pct_error": 2.3478733213284912
    },
    "dKa_xy": {
      "true": 4.84813681109536e-05,
      "est": 4.058594030983674e-05,
      "abs_error": 7.895427801116856e-06,
      "pct_error": 16.285488856353066
    },
    "dKa_xz": {
      "true": 9.69627362219072e-05,
      "est": 9.65574670087561e-05,
      "abs_error": 4.0526921315108715e-07,
      "pct_error": 0.4179638786426109
    },
    "dKa_yy": {
      "true": -2.0000000000020002e-05,
      "est": -3.7319857908446608e-06,
      "abs_error": 1.626801420917534e-05,
      "pct_error": 81.34007104579536
    },
    "dKa_yz": {
      "true": 0.0001939254724438144,
      "est": 0.0001894235413869124,
      "abs_error": 4.501931056901976e-06,
      "pct_error": 2.3214748429741796
    },
    "dKa_zz": {
      "true": -2.999999999997449e-05,
      "est": -3.0363984075965078e-05,
      "abs_error": 3.639840759905866e-07,
      "pct_error": 1.2132802533029867
    },
    "Ka2_x": {
      "true": 1.0224607248440952e-06,
      "est": 1.0159167683549565e-06,
      "abs_error": 6.543956489138718e-09,
      "pct_error": 0.6400203284225456
    },
    "Ka2_y": {
      "true": 2.0449214496881904e-06,
      "est": 8.702110064826877e-09,
      "abs_error": 2.0362193396233634e-06,
      "pct_error": 99.57445259982217
    },
    "Ka2_z": {
      "true": 3.0673821745322856e-06,
      "est": 3.03147548451522e-06,
      "abs_error": 3.5906690017065456e-08,
      "pct_error": 1.1705972054995235
    },
    "rx_x": {
      "true": 0.01,
      "est": 0.009974648278337885,
      "abs_error": 2.535172166211533e-05,
      "pct_error": 0.2535172166211533
    },
    "rx_y": {
      "true": 0.02,
      "est": 0.01987619088636374,
      "abs_error": 0.00012380911363625915,
      "pct_error": 0.6190455681812957
    },
    "rx_z": {
      "true": 0.03,
      "est": 0.0307039671333678,
      "abs_error": 0.0007039671333678027,
      "pct_error": 2.346557111226009
    },
    "ry_x": {
      "true": 0.04,
      "est": 0.0404568676633793,
      "abs_error": 0.00045686766337930257,
      "pct_error": 1.1421691584482565
    },
    "ry_y": {
      "true": 0.05,
      "est": 0.04995525011102521,
      "abs_error": 4.474988897479326e-05,
      "pct_error": 0.08949977794958652
    },
    "ry_z": {
      "true": 0.06,
      "est": 0.060722666636549086,
      "abs_error": 0.000722666636549088,
      "pct_error": 1.2044443942484802
    }
  },
  "focus_scale_pct": {
    "dKg_xx": 11.074231914870886,
    "dKg_xy": 0.37446509723103616,
    "dKg_yy": 4.079916601780559,
    "dKg_zz": 61.685626962752934,
    "dKa_xx": 2.3478733213284912
  },
  "lever_guard_pct": {
    "rx_y": 0.6190455681812957,
    "ry_z": 1.2044443942484802
  },
  "overall": {
    "mean_pct_error": 9.941536304175129,
    "median_pct_error": 1.1563831819738901,
    "max_pct_error": 99.57445259982217
  },
  "extra": {
    "noise_scale": 0.08,
    "noise_config": {
      "arw_dpsh": 0.0004,
      "vrw_ugpsHz": 0.4,
      "bi_g_dph": 0.00016,
      "bi_a_ug": 0.4,
      "tau_g": 300.0,
      "tau_a": 300.0,
      "seed": 42,
      "base_family": "round53_round61_shared"
    },
    "comparison_mode": "ch3_closedloop_local_insertions",
    "candidate_name": "twoanchor_l10_zpair_neg5p25_then_ypair_neg0p75_plus_l11_y10x0back2",
    "method_key": "markov42_noisy",
    "legality": "faithful12_base_plus_closed_loop_local_insertions",
    "time_total_s": 1314.0
  }
}