{
  "variant": "42state_gm1_shared_noise2p5",
  "method_file": "source_mod.run_calibration(n_states=42)",
  "source_file": "/root/.openclaw/workspace/tmp_psins_py/psins_py/test_calibration_markov_pruned.py",
  "param_order": [
    "eb_x",
    "eb_y",
    "eb_z",
    "db_x",
    "db_y",
    "db_z",
    "dKg_xx",
    "dKg_yx",
    "dKg_zx",
    "dKg_xy",
    "dKg_yy",
    "dKg_zy",
    "dKg_xz",
    "dKg_yz",
    "dKg_zz",
    "dKa_xx",
    "dKa_xy",
    "dKa_xz",
    "dKa_yy",
    "dKa_yz",
    "dKa_zz",
    "Ka2_x",
    "Ka2_y",
    "Ka2_z",
    "rx_x",
    "rx_y",
    "rx_z",
    "ry_x",
    "ry_y",
    "ry_z"
  ],
  "param_errors": {
    "eb_x": {
      "true": 4.84813681109536e-07,
      "est": 5.44695819796467e-07,
      "abs_error": 5.988213868693097e-08,
      "pct_error": 12.351577733921568
    },
    "eb_y": {
      "true": 9.69627362219072e-07,
      "est": 9.118565680588621e-07,
      "abs_error": 5.777079416020997e-08,
      "pct_error": 5.958040832098297
    },
    "eb_z": {
      "true": 1.4544410433286078e-06,
      "est": 1.3075240387659146e-06,
      "abs_error": 1.4691700456269318e-07,
      "pct_error": 10.101269160175894
    },
    "db_x": {
      "true": 0.00097803267715,
      "est": 0.0009910126438582515,
      "abs_error": 1.2979966708251628e-05,
      "pct_error": 1.3271506168971188
    },
    "db_y": {
      "true": 0.0019560653543,
      "est": 0.0020203445843352337,
      "abs_error": 6.42792300352339e-05,
      "pct_error": 3.28614940671228
    },
    "db_z": {
      "true": 0.00293409803145,
      "est": 0.0032068965659195854,
      "abs_error": 0.0002727985344695852,
      "pct_error": 9.297526243005967
    },
    "dKg_xx": {
      "true": -9.99999999995449e-06,
      "est": -3.858108652554648e-07,
      "abs_error": 9.614189134699025e-06,
      "pct_error": 96.14189134742779
    },
    "dKg_yx": {
      "true": 0.0001454441043328608,
      "est": 0.00013147958451378668,
      "abs_error": 1.3964519819074114e-05,
      "pct_error": 9.601296582716865
    },
    "dKg_zx": {
      "true": 0.00024240684055476798,
      "est": 0.00025622184829448977,
      "abs_error": 1.3815007739721789e-05,
      "pct_error": 5.6990997894717035
    },
    "dKg_xy": {
      "true": 4.84813681109536e-05,
      "est": 3.680356913213246e-05,
      "abs_error": 1.1677798978821136e-05,
      "pct_error": 24.087189437590816
    },
    "dKg_yy": {
      "true": -2.0000000000020002e-05,
      "est": -1.387307350775302e-05,
      "abs_error": 6.126926492266982e-06,
      "pct_error": 30.634632461304275
    },
    "dKg_zy": {
      "true": 0.0002908882086657216,
      "est": 0.00029594915246499814,
      "abs_error": 5.060943799276561e-06,
      "pct_error": 1.7398243203087058
    },
    "dKg_xz": {
      "true": 9.69627362219072e-05,
      "est": 8.98434463915507e-05,
      "abs_error": 7.119289830356489e-06,
      "pct_error": 7.342294687377024
    },
    "dKg_yz": {
      "true": 0.0001939254724438144,
      "est": 0.00018778462972565734,
      "abs_error": 6.140842718157049e-06,
      "pct_error": 3.1665993336363907
    },
    "dKg_zz": {
      "true": -2.999999999997449e-05,
      "est": -3.405747288853789e-05,
      "abs_error": 4.057472888563396e-06,
      "pct_error": 13.524909628556154
    },
    "dKa_xx": {
      "true": -9.99999999995449e-06,
      "est": -5.813229730033953e-06,
      "abs_error": 4.186770269920537e-06,
      "pct_error": 41.867702699395906
    },
    "dKa_xy": {
      "true": 4.84813681109536e-05,
      "est": 4.947357405325542e-05,
      "abs_error": 9.9220594230182e-07,
      "pct_error": 2.046571664461026
    },
    "dKa_xz": {
      "true": 9.69627362219072e-05,
      "est": 8.441190054241577e-05,
      "abs_error": 1.255083567949142e-05,
      "pct_error": 12.94397844834721
    },
    "dKa_yy": {
      "true": -2.0000000000020002e-05,
      "est": -2.0993907843491755e-05,
      "abs_error": 9.93907843471753e-07,
      "pct_error": 4.969539217353796
    },
    "dKa_yz": {
      "true": 0.0001939254724438144,
      "est": 0.00018794998663286685,
      "abs_error": 5.975485810947537e-06,
      "pct_error": 3.0813310575684185
    },
    "dKa_zz": {
      "true": -2.999999999997449e-05,
      "est": -2.558034720689939e-05,
      "abs_error": 4.419652793075102e-06,
      "pct_error": 14.732175976929533
    },
    "Ka2_x": {
      "true": 1.0224607248440952e-06,
      "est": 5.965666954669184e-07,
      "abs_error": 4.2589402937717685e-07,
      "pct_error": 41.6538277733961
    },
    "Ka2_y": {
      "true": 2.0449214496881904e-06,
      "est": 1.647430483994057e-06,
      "abs_error": 3.974909656941335e-07,
      "pct_error": 19.43795766603861
    },
    "Ka2_z": {
      "true": 3.0673821745322856e-06,
      "est": 2.0184358495274618e-06,
      "abs_error": 1.048946325004824e-06,
      "pct_error": 34.196792747704066
    },
    "rx_x": {
      "true": 0.01,
      "est": 0.010502565306120882,
      "abs_error": 0.0005025653061208821,
      "pct_error": 5.02565306120882
    },
    "rx_y": {
      "true": 0.02,
      "est": 0.017393716740301452,
      "abs_error": 0.0026062832596985483,
      "pct_error": 13.03141629849274
    },
    "rx_z": {
      "true": 0.03,
      "est": 0.028460466090225796,
      "abs_error": 0.001539533909774203,
      "pct_error": 5.1317796992473435
    },
    "ry_x": {
      "true": 0.04,
      "est": 0.03892551150805579,
      "abs_error": 0.001074488491944213,
      "pct_error": 2.6862212298605326
    },
    "ry_y": {
      "true": 0.05,
      "est": 0.04918689639658387,
      "abs_error": 0.0008131036034161321,
      "pct_error": 1.6262072068322642
    },
    "ry_z": {
      "true": 0.06,
      "est": 0.05661881082362718,
      "abs_error": 0.003381189176372819,
      "pct_error": 5.635315293954698
    }
  },
  "focus_scale_pct": {
    "dKg_xx": 96.14189134742779,
    "dKg_xy": 24.087189437590816,
    "dKg_yy": 30.634632461304275,
    "dKg_zz": 13.524909628556154,
    "dKa_xx": 41.867702699395906
  },
  "lever_guard_pct": {
    "rx_y": 13.03141629849274,
    "ry_z": 5.635315293954698
  },
  "overall": {
    "mean_pct_error": 14.744197387399726,
    "median_pct_error": 8.319910465191494,
    "max_pct_error": 96.14189134742779
  },
  "extra": {
    "noise_scale": 2.5,
    "noise_config": {
      "arw_dpsh": 0.0125,
      "vrw_ugpsHz": 12.5,
      "bi_g_dph": 0.005,
      "bi_a_ug": 12.5,
      "tau_g": 300.0,
      "tau_a": 300.0,
      "seed": 42,
      "base_family": "round53_round61_shared"
    },
    "comparison_mode": "shared_dataset_apples_to_apples",
    "mainline_rung": "markov42_noisy"
  }
}