{
  "variant": "guess_same_p_markov42_noisy_noise0p08",
  "method_file": "search_ch3_12pos_closedloop_local_insertions.py",
  "source_file": "/root/.openclaw/workspace/tmp_psins_py/psins_py/test_calibration_markov_pruned.py",
  "param_order": [
    "eb_x",
    "eb_y",
    "eb_z",
    "db_x",
    "db_y",
    "db_z",
    "dKg_xx",
    "dKg_yx",
    "dKg_zx",
    "dKg_xy",
    "dKg_yy",
    "dKg_zy",
    "dKg_xz",
    "dKg_yz",
    "dKg_zz",
    "dKa_xx",
    "dKa_xy",
    "dKa_xz",
    "dKa_yy",
    "dKa_yz",
    "dKa_zz",
    "Ka2_x",
    "Ka2_y",
    "Ka2_z",
    "rx_x",
    "rx_y",
    "rx_z",
    "ry_x",
    "ry_y",
    "ry_z"
  ],
  "param_errors": {
    "eb_x": {
      "true": 4.84813681109536e-07,
      "est": 4.5944368878795544e-07,
      "abs_error": 2.5369992321580604e-08,
      "pct_error": 5.232936550701145
    },
    "eb_y": {
      "true": 9.69627362219072e-07,
      "est": 9.76182978425302e-07,
      "abs_error": 6.5556162062298704e-09,
      "pct_error": 0.6760964533041645
    },
    "eb_z": {
      "true": 1.4544410433286078e-06,
      "est": 1.4439935589232786e-06,
      "abs_error": 1.0447484405329217e-08,
      "pct_error": 0.7183161155449306
    },
    "db_x": {
      "true": 0.00097803267715,
      "est": 0.0009771500995909299,
      "abs_error": 8.825775590700236e-07,
      "pct_error": 0.09024008907778687
    },
    "db_y": {
      "true": 0.0019560653543,
      "est": 0.0019597561511273853,
      "abs_error": 3.690796827385528e-06,
      "pct_error": 0.1886847399690447
    },
    "db_z": {
      "true": 0.00293409803145,
      "est": 0.0029272600243088072,
      "abs_error": 6.838007141192915e-06,
      "pct_error": 0.23305312460244026
    },
    "dKg_xx": {
      "true": -9.99999999995449e-06,
      "est": -2.7211416062877802e-05,
      "abs_error": 1.7211416062923313e-05,
      "pct_error": 172.11416063001644
    },
    "dKg_yx": {
      "true": 0.0001454441043328608,
      "est": 0.00014555819324089576,
      "abs_error": 1.1408890803496583e-07,
      "pct_error": 0.07844175503591674
    },
    "dKg_zx": {
      "true": 0.00024240684055476798,
      "est": 0.0002430065839798786,
      "abs_error": 5.997434251106147e-07,
      "pct_error": 0.24741192275682175
    },
    "dKg_xy": {
      "true": 4.84813681109536e-05,
      "est": 4.8513875652595025e-05,
      "abs_error": 3.2507541641427814e-08,
      "pct_error": 0.06705161778238526
    },
    "dKg_yy": {
      "true": -2.0000000000020002e-05,
      "est": -1.9904198373277282e-05,
      "abs_error": 9.580162674271975e-08,
      "pct_error": 0.4790081337131197
    },
    "dKg_zy": {
      "true": 0.0002908882086657216,
      "est": 0.00029935988037007493,
      "abs_error": 8.471671704353347e-06,
      "pct_error": 2.912346204479086
    },
    "dKg_xz": {
      "true": 9.69627362219072e-05,
      "est": 9.643490604254331e-05,
      "abs_error": 5.278301793638825e-07,
      "pct_error": 0.5443639483893068
    },
    "dKg_yz": {
      "true": 0.0001939254724438144,
      "est": 0.0001848439335261029,
      "abs_error": 9.081538917711485e-06,
      "pct_error": 4.683004663218062
    },
    "dKg_zz": {
      "true": -2.999999999997449e-05,
      "est": -1.3342859246368022e-05,
      "abs_error": 1.665714075360647e-05,
      "pct_error": 55.52380251206878
    },
    "dKa_xx": {
      "true": -9.99999999995449e-06,
      "est": -1.0109902265575954e-05,
      "abs_error": 1.0990226562146432e-07,
      "pct_error": 1.099022656219645
    },
    "dKa_xy": {
      "true": 4.84813681109536e-05,
      "est": 4.7551620174124694e-05,
      "abs_error": 9.297479368289031e-07,
      "pct_error": 1.917742780486513
    },
    "dKa_xz": {
      "true": 9.69627362219072e-05,
      "est": 9.553039193745668e-05,
      "abs_error": 1.432344284450513e-06,
      "pct_error": 1.4772110815566049
    },
    "dKa_yy": {
      "true": -2.0000000000020002e-05,
      "est": -2.1358075841249047e-07,
      "abs_error": 1.978641924160751e-05,
      "pct_error": 98.93209620793861
    },
    "dKa_yz": {
      "true": 0.0001939254724438144,
      "est": 0.00018559017231781726,
      "abs_error": 8.335300125997128e-06,
      "pct_error": 4.298197663750488
    },
    "dKa_zz": {
      "true": -2.999999999997449e-05,
      "est": -2.9975505500878796e-05,
      "abs_error": 2.4494499095695232e-08,
      "pct_error": 0.08164833031905352
    },
    "Ka2_x": {
      "true": 1.0224607248440952e-06,
      "est": 1.0000266216541223e-06,
      "abs_error": 2.2434103189972897e-08,
      "pct_error": 2.194128600234855
    },
    "Ka2_y": {
      "true": 2.0449214496881904e-06,
      "est": -3.133862306969201e-10,
      "abs_error": 2.0452348359188874e-06,
      "pct_error": 100.01532509870952
    },
    "Ka2_z": {
      "true": 3.0673821745322856e-06,
      "est": 3.151879960227887e-06,
      "abs_error": 8.449778569560136e-08,
      "pct_error": 2.754719851903866
    },
    "rx_x": {
      "true": 0.01,
      "est": 0.0096234825989861,
      "abs_error": 0.00037651740101390073,
      "pct_error": 3.7651740101390074
    },
    "rx_y": {
      "true": 0.02,
      "est": 0.020419766244399153,
      "abs_error": 0.0004197662443991522,
      "pct_error": 2.098831221995761
    },
    "rx_z": {
      "true": 0.03,
      "est": 0.0309213435748255,
      "abs_error": 0.0009213435748255012,
      "pct_error": 3.0711452494183376
    },
    "ry_x": {
      "true": 0.04,
      "est": 0.03961039558223516,
      "abs_error": 0.00038960441776483834,
      "pct_error": 0.9740110444120958
    },
    "ry_y": {
      "true": 0.05,
      "est": 0.0505571466906595,
      "abs_error": 0.0005571466906594963,
      "pct_error": 1.1142933813189926
    },
    "ry_z": {
      "true": 0.06,
      "est": 0.061099355923722544,
      "abs_error": 0.0010993559237225461,
      "pct_error": 1.8322598728709103
    }
  },
  "focus_scale_pct": {
    "dKg_xx": 172.11416063001644,
    "dKg_xy": 0.06705161778238526,
    "dKg_yy": 0.4790081337131197,
    "dKg_zz": 55.52380251206878,
    "dKa_xx": 1.099022656219645
  },
  "lever_guard_pct": {
    "rx_y": 2.098831221995761,
    "ry_z": 1.8322598728709103
  },
  "overall": {
    "mean_pct_error": 15.647157517064453,
    "median_pct_error": 1.6547354772137575,
    "max_pct_error": 172.11416063001644
  },
  "extra": {
    "noise_scale": 0.08,
    "noise_config": {
      "arw_dpsh": 0.0004,
      "vrw_ugpsHz": 0.4,
      "bi_g_dph": 0.00016,
      "bi_a_ug": 0.4,
      "tau_g": 300.0,
      "tau_a": 300.0,
      "seed": 42,
      "base_family": "round53_round61_shared"
    },
    "comparison_mode": "ch3_closedloop_local_insertions",
    "candidate_name": "guess_same_p",
    "method_key": "markov42_noisy",
    "legality": "faithful12_base_plus_closed_loop_local_insertions",
    "time_total_s": 1263.0
  }
}