{
  "variant": "late11_yneg_xpair_outerhold_then_zbipolar_p10_x5_n12_x5_markov42_noisy_noise0p08",
  "method_file": "search_ch3_12pos_closedloop_local_insertions.py",
  "source_file": "/root/.openclaw/workspace/tmp_psins_py/psins_py/test_calibration_markov_pruned.py",
  "param_order": [
    "eb_x",
    "eb_y",
    "eb_z",
    "db_x",
    "db_y",
    "db_z",
    "dKg_xx",
    "dKg_yx",
    "dKg_zx",
    "dKg_xy",
    "dKg_yy",
    "dKg_zy",
    "dKg_xz",
    "dKg_yz",
    "dKg_zz",
    "dKa_xx",
    "dKa_xy",
    "dKa_xz",
    "dKa_yy",
    "dKa_yz",
    "dKa_zz",
    "Ka2_x",
    "Ka2_y",
    "Ka2_z",
    "rx_x",
    "rx_y",
    "rx_z",
    "ry_x",
    "ry_y",
    "ry_z"
  ],
  "param_errors": {
    "eb_x": {
      "true": 4.84813681109536e-07,
      "est": 4.552630210638434e-07,
      "abs_error": 2.955066004569267e-08,
      "pct_error": 6.09526116879861
    },
    "eb_y": {
      "true": 9.69627362219072e-07,
      "est": 9.73303428487343e-07,
      "abs_error": 3.6760662682708594e-09,
      "pct_error": 0.3791215482881876
    },
    "eb_z": {
      "true": 1.4544410433286078e-06,
      "est": 1.4442004644538164e-06,
      "abs_error": 1.0240578874791431e-08,
      "pct_error": 0.7040903391556542
    },
    "db_x": {
      "true": 0.00097803267715,
      "est": 0.0009781915881648814,
      "abs_error": 1.5891101488147395e-07,
      "pct_error": 0.016248027146142267
    },
    "db_y": {
      "true": 0.0019560653543,
      "est": 0.0019586935152461162,
      "abs_error": 2.6281609461164222e-06,
      "pct_error": 0.13435956729865703
    },
    "db_z": {
      "true": 0.00293409803145,
      "est": 0.0029398987654448354,
      "abs_error": 5.800733994835213e-06,
      "pct_error": 0.1977007561662332
    },
    "dKg_xx": {
      "true": -9.99999999995449e-06,
      "est": -1.176688480475363e-05,
      "abs_error": 1.7668848047991403e-06,
      "pct_error": 17.668848048071816
    },
    "dKg_yx": {
      "true": 0.0001454441043328608,
      "est": 0.00014538547787323558,
      "abs_error": 5.8626459625214615e-08,
      "pct_error": 0.040308584451827036
    },
    "dKg_zx": {
      "true": 0.00024240684055476798,
      "est": 0.0002415183776758932,
      "abs_error": 8.884628788747922e-07,
      "pct_error": 0.3665172471376929
    },
    "dKg_xy": {
      "true": 4.84813681109536e-05,
      "est": 4.887769644362639e-05,
      "abs_error": 3.9632833267279127e-07,
      "pct_error": 0.8174858674898804
    },
    "dKg_yy": {
      "true": -2.0000000000020002e-05,
      "est": -1.9647201842110107e-05,
      "abs_error": 3.527981579098949e-07,
      "pct_error": 1.7639907895477103
    },
    "dKg_zy": {
      "true": 0.0002908882086657216,
      "est": 0.00029916997850779525,
      "abs_error": 8.281769842073672e-06,
      "pct_error": 2.8470627530972865
    },
    "dKg_xz": {
      "true": 9.69627362219072e-05,
      "est": 9.741920746798197e-05,
      "abs_error": 4.5647124607477933e-07,
      "pct_error": 0.470769765644925
    },
    "dKg_yz": {
      "true": 0.0001939254724438144,
      "est": 0.0001853623445470729,
      "abs_error": 8.563127896741489e-06,
      "pct_error": 4.415679791226223
    },
    "dKg_zz": {
      "true": -2.999999999997449e-05,
      "est": -9.882244016434782e-07,
      "abs_error": 2.9011775598331013e-05,
      "pct_error": 96.7059186611856
    },
    "dKa_xx": {
      "true": -9.99999999995449e-06,
      "est": -9.725883405087288e-06,
      "abs_error": 2.7411659486720197e-07,
      "pct_error": 2.7411659486844946
    },
    "dKa_xy": {
      "true": 4.84813681109536e-05,
      "est": 4.245641497451454e-05,
      "abs_error": 6.02495313643906e-06,
      "pct_error": 12.427357913354383
    },
    "dKa_xz": {
      "true": 9.69627362219072e-05,
      "est": 9.633100520006867e-05,
      "abs_error": 6.317310218385228e-07,
      "pct_error": 0.6515193840990156
    },
    "dKa_yy": {
      "true": -2.0000000000020002e-05,
      "est": -1.5530754027270888e-06,
      "abs_error": 1.8446924597292913e-05,
      "pct_error": 92.23462298637233
    },
    "dKa_yz": {
      "true": 0.0001939254724438144,
      "est": 0.00018581361039686896,
      "abs_error": 8.111862046945428e-06,
      "pct_error": 4.182979133540933
    },
    "dKa_zz": {
      "true": -2.999999999997449e-05,
      "est": -3.0200384439238448e-05,
      "abs_error": 2.0038443926395644e-07,
      "pct_error": 0.6679481308804227
    },
    "Ka2_x": {
      "true": 1.0224607248440952e-06,
      "est": 1.0437742970928436e-06,
      "abs_error": 2.1313572248748388e-08,
      "pct_error": 2.084537012607333
    },
    "Ka2_y": {
      "true": 2.0449214496881904e-06,
      "est": 5.360016114821976e-09,
      "abs_error": 2.0395614335733686e-06,
      "pct_error": 99.73788645448268
    },
    "Ka2_z": {
      "true": 3.0673821745322856e-06,
      "est": 3.033341325308527e-06,
      "abs_error": 3.4040849223758856e-08,
      "pct_error": 1.1097687632924125
    },
    "rx_x": {
      "true": 0.01,
      "est": 0.009973213818131158,
      "abs_error": 2.6786181868842032e-05,
      "pct_error": 0.2678618186884203
    },
    "rx_y": {
      "true": 0.02,
      "est": 0.019707261699427853,
      "abs_error": 0.00029273830057214775,
      "pct_error": 1.4636915028607387
    },
    "rx_z": {
      "true": 0.03,
      "est": 0.030348143294171733,
      "abs_error": 0.00034814329417173426,
      "pct_error": 1.1604776472391143
    },
    "ry_x": {
      "true": 0.04,
      "est": 0.040370964034264496,
      "abs_error": 0.0003709640342644954,
      "pct_error": 0.9274100856612386
    },
    "ry_y": {
      "true": 0.05,
      "est": 0.04985277357946092,
      "abs_error": 0.00014722642053908302,
      "pct_error": 0.29445284107816605
    },
    "ry_z": {
      "true": 0.06,
      "est": 0.060749612147547295,
      "abs_error": 0.0007496121475472975,
      "pct_error": 1.249353579245496
    }
  },
  "focus_scale_pct": {
    "dKg_xx": 17.668848048071816,
    "dKg_xy": 0.8174858674898804,
    "dKg_yy": 1.7639907895477103,
    "dKg_zz": 96.7059186611856,
    "dKa_xx": 2.7411659486844946
  },
  "lever_guard_pct": {
    "rx_y": 1.4636915028607387,
    "ry_z": 1.249353579245496
  },
  "overall": {
    "mean_pct_error": 11.794146537226455,
    "median_pct_error": 1.1351232052657634,
    "max_pct_error": 99.73788645448268
  },
  "extra": {
    "noise_scale": 0.08,
    "noise_config": {
      "arw_dpsh": 0.0004,
      "vrw_ugpsHz": 0.4,
      "bi_g_dph": 0.00016,
      "bi_a_ug": 0.4,
      "tau_g": 300.0,
      "tau_a": 300.0,
      "seed": 42,
      "base_family": "round53_round61_shared"
    },
    "comparison_mode": "ch3_closedloop_local_insertions",
    "candidate_name": "late11_yneg_xpair_outerhold_then_zbipolar_p10_x5_n12_x5",
    "method_key": "markov42_noisy",
    "legality": "faithful12_base_plus_closed_loop_local_insertions",
    "time_total_s": 1292.0
  }
}