{
  "variant": "tmp_entryrelay_l8x2_l9y1_lowmaxcore_markov42_noisy_noise0p08",
  "method_file": "search_ch3_12pos_closedloop_local_insertions.py",
  "source_file": "/root/.openclaw/workspace/tmp_psins_py/psins_py/test_calibration_markov_pruned.py",
  "param_order": [
    "eb_x",
    "eb_y",
    "eb_z",
    "db_x",
    "db_y",
    "db_z",
    "dKg_xx",
    "dKg_yx",
    "dKg_zx",
    "dKg_xy",
    "dKg_yy",
    "dKg_zy",
    "dKg_xz",
    "dKg_yz",
    "dKg_zz",
    "dKa_xx",
    "dKa_xy",
    "dKa_xz",
    "dKa_yy",
    "dKa_yz",
    "dKa_zz",
    "Ka2_x",
    "Ka2_y",
    "Ka2_z",
    "rx_x",
    "rx_y",
    "rx_z",
    "ry_x",
    "ry_y",
    "ry_z"
  ],
  "param_errors": {
    "eb_x": {
      "true": 4.84813681109536e-07,
      "est": 4.643555349794976e-07,
      "abs_error": 2.0458146130038467e-08,
      "pct_error": 4.219795547687168
    },
    "eb_y": {
      "true": 9.69627362219072e-07,
      "est": 9.710214188185132e-07,
      "abs_error": 1.3940565994411243e-09,
      "pct_error": 0.14377240719060475
    },
    "eb_z": {
      "true": 1.4544410433286078e-06,
      "est": 1.4437697309389364e-06,
      "abs_error": 1.0671312389671443e-08,
      "pct_error": 0.7337053941526064
    },
    "db_x": {
      "true": 0.00097803267715,
      "est": 0.0009808860276869797,
      "abs_error": 2.853350536979795e-06,
      "pct_error": 0.29174388582746497
    },
    "db_y": {
      "true": 0.0019560653543,
      "est": 0.001961276190552151,
      "abs_error": 5.210836252151144e-06,
      "pct_error": 0.2663937705709174
    },
    "db_z": {
      "true": 0.00293409803145,
      "est": 0.0029413900263658547,
      "abs_error": 7.2919949158545445e-06,
      "pct_error": 0.2485259469074698
    },
    "dKg_xx": {
      "true": -9.99999999995449e-06,
      "est": -1.362882240196761e-05,
      "abs_error": 3.628822402013121e-06,
      "pct_error": 36.28822402029636
    },
    "dKg_yx": {
      "true": 0.0001454441043328608,
      "est": 0.00014525777852785873,
      "abs_error": 1.8632580500206478e-07,
      "pct_error": 0.1281081868919505
    },
    "dKg_zx": {
      "true": 0.00024240684055476798,
      "est": 0.00024159150767678975,
      "abs_error": 8.153328779782318e-07,
      "pct_error": 0.33634895620613486
    },
    "dKg_xy": {
      "true": 4.84813681109536e-05,
      "est": 4.856117994328444e-05,
      "abs_error": 7.981183233084281e-08,
      "pct_error": 0.16462372131947034
    },
    "dKg_yy": {
      "true": -2.0000000000020002e-05,
      "est": -1.9524747571608714e-05,
      "abs_error": 4.75252428411288e-07,
      "pct_error": 2.3762621420540633
    },
    "dKg_zy": {
      "true": 0.0002908882086657216,
      "est": 0.0002877214858694393,
      "abs_error": 3.1667227962822752e-06,
      "pct_error": 1.0886391066890444
    },
    "dKg_xz": {
      "true": 9.69627362219072e-05,
      "est": 9.704531365738368e-05,
      "abs_error": 8.257743547648595e-08,
      "pct_error": 0.08516409364469738
    },
    "dKg_yz": {
      "true": 0.0001939254724438144,
      "est": 0.00019692373232976118,
      "abs_error": 2.9982598859467887e-06,
      "pct_error": 1.546088736133139
    },
    "dKg_zz": {
      "true": -2.999999999997449e-05,
      "est": -1.6422279803141038e-05,
      "abs_error": 1.3577720196833454e-05,
      "pct_error": 45.25906732281666
    },
    "dKa_xx": {
      "true": -9.99999999995449e-06,
      "est": -9.528013344084485e-06,
      "abs_error": 4.7198665587000477e-07,
      "pct_error": 4.719866558721527
    },
    "dKa_xy": {
      "true": 4.84813681109536e-05,
      "est": 5.036396919993086e-05,
      "abs_error": 1.8826010889772644e-06,
      "pct_error": 3.8831434885846803
    },
    "dKa_xz": {
      "true": 9.69627362219072e-05,
      "est": 9.657889325750117e-05,
      "abs_error": 3.838429644060278e-07,
      "pct_error": 0.39586647341260217
    },
    "dKa_yy": {
      "true": -2.0000000000020002e-05,
      "est": -1.5701405224888276e-06,
      "abs_error": 1.8429859477531174e-05,
      "pct_error": 92.1492973875637
    },
    "dKa_yz": {
      "true": 0.0001939254724438144,
      "est": 0.00019692279350955451,
      "abs_error": 2.997321065740128e-06,
      "pct_error": 1.5456046222130697
    },
    "dKa_zz": {
      "true": -2.999999999997449e-05,
      "est": -3.0432879882136277e-05,
      "abs_error": 4.328798821617852e-07,
      "pct_error": 1.442932940540511
    },
    "Ka2_x": {
      "true": 1.0224607248440952e-06,
      "est": 1.0344215724082988e-06,
      "abs_error": 1.1960847564203575e-08,
      "pct_error": 1.169809976420108
    },
    "Ka2_y": {
      "true": 2.0449214496881904e-06,
      "est": 9.174171085148735e-09,
      "abs_error": 2.0357472786030417e-06,
      "pct_error": 99.55136804464799
    },
    "Ka2_z": {
      "true": 3.0673821745322856e-06,
      "est": 3.0131754350314615e-06,
      "abs_error": 5.420673950082415e-08,
      "pct_error": 1.7671987517854566
    },
    "rx_x": {
      "true": 0.01,
      "est": 0.00977066782191377,
      "abs_error": 0.00022933217808623028,
      "pct_error": 2.293321780862303
    },
    "rx_y": {
      "true": 0.02,
      "est": 0.020235449471796615,
      "abs_error": 0.00023544947179661435,
      "pct_error": 1.1772473589830716
    },
    "rx_z": {
      "true": 0.03,
      "est": 0.030564998077354605,
      "abs_error": 0.0005649980773546059,
      "pct_error": 1.8833269245153532
    },
    "ry_x": {
      "true": 0.04,
      "est": 0.040223884802916283,
      "abs_error": 0.00022388480291628265,
      "pct_error": 0.5597120072907067
    },
    "ry_y": {
      "true": 0.05,
      "est": 0.05024676585592043,
      "abs_error": 0.00024676585592042777,
      "pct_error": 0.49353171184085554
    },
    "ry_z": {
      "true": 0.06,
      "est": 0.060671867923701966,
      "abs_error": 0.0006718679237019687,
      "pct_error": 1.1197798728366146
    }
  },
  "focus_scale_pct": {
    "dKg_xx": 36.28822402029636,
    "dKg_xy": 0.16462372131947034,
    "dKg_yy": 2.3762621420540633,
    "dKg_zz": 45.25906732281666,
    "dKa_xx": 4.719866558721527
  },
  "lever_guard_pct": {
    "rx_y": 1.1772473589830716,
    "ry_z": 1.1197798728366146
  },
  "overall": {
    "mean_pct_error": 10.244282371286879,
    "median_pct_error": 1.1735286677015897,
    "max_pct_error": 99.55136804464799
  },
  "extra": {
    "noise_scale": 0.08,
    "noise_config": {
      "arw_dpsh": 0.0004,
      "vrw_ugpsHz": 0.4,
      "bi_g_dph": 0.00016,
      "bi_a_ug": 0.4,
      "tau_g": 300.0,
      "tau_a": 300.0,
      "seed": 42,
      "base_family": "round53_round61_shared"
    },
    "comparison_mode": "ch3_closedloop_local_insertions",
    "candidate_name": "tmp_entryrelay_l8x2_l9y1_lowmaxcore",
    "method_key": "markov42_noisy",
    "legality": "faithful12_base_plus_closed_loop_local_insertions",
    "time_total_s": 1340.0
  }
}