{
  "variant": "probe2_l9_diag_butterfly_same_markov42_noisy_noise0p08",
  "method_file": "search_ch3_12pos_closedloop_local_insertions.py",
  "source_file": "/root/.openclaw/workspace/tmp_psins_py/psins_py/test_calibration_markov_pruned.py",
  "param_order": [
    "eb_x",
    "eb_y",
    "eb_z",
    "db_x",
    "db_y",
    "db_z",
    "dKg_xx",
    "dKg_yx",
    "dKg_zx",
    "dKg_xy",
    "dKg_yy",
    "dKg_zy",
    "dKg_xz",
    "dKg_yz",
    "dKg_zz",
    "dKa_xx",
    "dKa_xy",
    "dKa_xz",
    "dKa_yy",
    "dKa_yz",
    "dKa_zz",
    "Ka2_x",
    "Ka2_y",
    "Ka2_z",
    "rx_x",
    "rx_y",
    "rx_z",
    "ry_x",
    "ry_y",
    "ry_z"
  ],
  "param_errors": {
    "eb_x": {
      "true": 4.84813681109536e-07,
      "est": 4.6480709633736247e-07,
      "abs_error": 2.000658477217358e-08,
      "pct_error": 4.126654331698491
    },
    "eb_y": {
      "true": 9.69627362219072e-07,
      "est": 9.746299898641682e-07,
      "abs_error": 5.002627645096116e-09,
      "pct_error": 0.515933010971059
    },
    "eb_z": {
      "true": 1.4544410433286078e-06,
      "est": 1.44780950798168e-06,
      "abs_error": 6.6315353469277646e-09,
      "pct_error": 0.45595078448494214
    },
    "db_x": {
      "true": 0.00097803267715,
      "est": 0.0009767066167903334,
      "abs_error": 1.3260603596665452e-06,
      "pct_error": 0.13558446365316776
    },
    "db_y": {
      "true": 0.0019560653543,
      "est": 0.0019587919337848646,
      "abs_error": 2.7265794848648113e-06,
      "pct_error": 0.13939102182199575
    },
    "db_z": {
      "true": 0.00293409803145,
      "est": 0.0029505455926968683,
      "abs_error": 1.6447561246868154e-05,
      "pct_error": 0.5605661798130155
    },
    "dKg_xx": {
      "true": -9.99999999995449e-06,
      "est": -1.2695194364642504e-06,
      "abs_error": 8.73048056349024e-06,
      "pct_error": 87.30480563529972
    },
    "dKg_yx": {
      "true": 0.0001454441043328608,
      "est": 0.00014546628494037413,
      "abs_error": 2.2180607513340965e-08,
      "pct_error": 0.015250262370607214
    },
    "dKg_zx": {
      "true": 0.00024240684055476798,
      "est": 0.00024086598585511433,
      "abs_error": 1.5408546996536511e-06,
      "pct_error": 0.6356481921579764
    },
    "dKg_xy": {
      "true": 4.84813681109536e-05,
      "est": 4.840448567915073e-05,
      "abs_error": 7.68824318028648e-08,
      "pct_error": 0.15858139899623508
    },
    "dKg_yy": {
      "true": -2.0000000000020002e-05,
      "est": -1.9877238307541845e-05,
      "abs_error": 1.2276169247815716e-07,
      "pct_error": 0.613808462390172
    },
    "dKg_zy": {
      "true": 0.0002908882086657216,
      "est": 0.0002969291671756706,
      "abs_error": 6.040958509949e-06,
      "pct_error": 2.076728561002297
    },
    "dKg_xz": {
      "true": 9.69627362219072e-05,
      "est": 9.820740533236644e-05,
      "abs_error": 1.2446691104592495e-06,
      "pct_error": 1.2836571645531143
    },
    "dKg_yz": {
      "true": 0.0001939254724438144,
      "est": 0.0001879529581111298,
      "abs_error": 5.9725143326846e-06,
      "pct_error": 3.0797987790979877
    },
    "dKg_zz": {
      "true": -2.999999999997449e-05,
      "est": -2.027091858924912e-05,
      "abs_error": 9.729081410725371e-06,
      "pct_error": 32.43027136911215
    },
    "dKa_xx": {
      "true": -9.99999999995449e-06,
      "est": -1.0875464869775087e-05,
      "abs_error": 8.754648698205969e-07,
      "pct_error": 8.754648698245813
    },
    "dKa_xy": {
      "true": 4.84813681109536e-05,
      "est": 4.86211924806836e-05,
      "abs_error": 1.3982436973000403e-07,
      "pct_error": 0.2884084653098165
    },
    "dKa_xz": {
      "true": 9.69627362219072e-05,
      "est": 9.766476198132348e-05,
      "abs_error": 7.020257594162821e-07,
      "pct_error": 0.7240160362323506
    },
    "dKa_yy": {
      "true": -2.0000000000020002e-05,
      "est": -2.951107049620205e-06,
      "abs_error": 1.7048892950399797e-05,
      "pct_error": 85.24446475191372
    },
    "dKa_yz": {
      "true": 0.0001939254724438144,
      "est": 0.00018830705648398117,
      "abs_error": 5.618415959833214e-06,
      "pct_error": 2.8972036984264795
    },
    "dKa_zz": {
      "true": -2.999999999997449e-05,
      "est": -2.996261488097396e-05,
      "abs_error": 3.738511900053254e-08,
      "pct_error": 0.12461706333521444
    },
    "Ka2_x": {
      "true": 1.0224607248440952e-06,
      "est": 9.409882305615471e-07,
      "abs_error": 8.147249428254811e-08,
      "pct_error": 7.968276169724859
    },
    "Ka2_y": {
      "true": 2.0449214496881904e-06,
      "est": 1.0338582666196955e-09,
      "abs_error": 2.043887591421571e-06,
      "pct_error": 99.94944264158522
    },
    "Ka2_z": {
      "true": 3.0673821745322856e-06,
      "est": 2.9143814111050054e-06,
      "abs_error": 1.5300076342728023e-07,
      "pct_error": 4.98799154202589
    },
    "rx_x": {
      "true": 0.01,
      "est": 0.01029492951984597,
      "abs_error": 0.0002949295198459694,
      "pct_error": 2.9492951984596942
    },
    "rx_y": {
      "true": 0.02,
      "est": 0.01983025476562357,
      "abs_error": 0.00016974523437643038,
      "pct_error": 0.8487261718821519
    },
    "rx_z": {
      "true": 0.03,
      "est": 0.030696594867037283,
      "abs_error": 0.000696594867037284,
      "pct_error": 2.3219828901242803
    },
    "ry_x": {
      "true": 0.04,
      "est": 0.04064323766905745,
      "abs_error": 0.0006432376690574462,
      "pct_error": 1.6080941726436155
    },
    "ry_y": {
      "true": 0.05,
      "est": 0.05010995288809318,
      "abs_error": 0.00010995288809317882,
      "pct_error": 0.21990577618635765
    },
    "ry_z": {
      "true": 0.06,
      "est": 0.06068514182058066,
      "abs_error": 0.0006851418205806592,
      "pct_error": 1.1419030343010987
    }
  },
  "focus_scale_pct": {
    "dKg_xx": 87.30480563529972,
    "dKg_xy": 0.15858139899623508,
    "dKg_yy": 0.613808462390172,
    "dKg_zz": 32.43027136911215,
    "dKa_xx": 8.754648698245813
  },
  "lever_guard_pct": {
    "rx_y": 0.8487261718821519,
    "ry_z": 1.1419030343010987
  },
  "overall": {
    "mean_pct_error": 11.785386864260651,
    "median_pct_error": 1.2127800994271065,
    "max_pct_error": 99.94944264158522
  },
  "extra": {
    "noise_scale": 0.08,
    "noise_config": {
      "arw_dpsh": 0.0004,
      "vrw_ugpsHz": 0.4,
      "bi_g_dph": 0.00016,
      "bi_a_ug": 0.4,
      "tau_g": 300.0,
      "tau_a": 300.0,
      "seed": 42,
      "base_family": "round53_round61_shared"
    },
    "comparison_mode": "ch3_closedloop_local_insertions",
    "candidate_name": "probe2_l9_diag_butterfly_same",
    "method_key": "markov42_noisy",
    "legality": "faithful12_base_plus_closed_loop_local_insertions",
    "time_total_s": 1263.0
  }
}