{
  "variant": "frontgwpair_l4_posfirst_d1_on_entry_markov42_noisy_noise0p08",
  "method_file": "search_ch3_12pos_closedloop_local_insertions.py",
  "source_file": "/root/.openclaw/workspace/tmp_psins_py/psins_py/test_calibration_markov_pruned.py",
  "param_order": [
    "eb_x",
    "eb_y",
    "eb_z",
    "db_x",
    "db_y",
    "db_z",
    "dKg_xx",
    "dKg_yx",
    "dKg_zx",
    "dKg_xy",
    "dKg_yy",
    "dKg_zy",
    "dKg_xz",
    "dKg_yz",
    "dKg_zz",
    "dKa_xx",
    "dKa_xy",
    "dKa_xz",
    "dKa_yy",
    "dKa_yz",
    "dKa_zz",
    "Ka2_x",
    "Ka2_y",
    "Ka2_z",
    "rx_x",
    "rx_y",
    "rx_z",
    "ry_x",
    "ry_y",
    "ry_z"
  ],
  "param_errors": {
    "eb_x": {
      "true": 4.84813681109536e-07,
      "est": 7.481257732824493e-07,
      "abs_error": 2.633120921729132e-07,
      "pct_error": 54.31201767456352
    },
    "eb_y": {
      "true": 9.69627362219072e-07,
      "est": 8.489676760681389e-07,
      "abs_error": 1.2065968615093317e-07,
      "pct_error": 12.443923392878842
    },
    "eb_z": {
      "true": 1.4544410433286078e-06,
      "est": 1.3941280880436507e-06,
      "abs_error": 6.031295528495709e-08,
      "pct_error": 4.146813345347154
    },
    "db_x": {
      "true": 0.00097803267715,
      "est": 0.0008530689977884513,
      "abs_error": 0.00012496367936154864,
      "pct_error": 12.777045417919414
    },
    "db_y": {
      "true": 0.0019560653543,
      "est": 0.0018258075620512803,
      "abs_error": 0.00013025779224871948,
      "pct_error": 6.659173833960866
    },
    "db_z": {
      "true": 0.00293409803145,
      "est": 0.002824258456662815,
      "abs_error": 0.00010983957478718533,
      "pct_error": 3.743555041782424
    },
    "dKg_xx": {
      "true": -9.99999999995449e-06,
      "est": -2.6064095873357118e-05,
      "abs_error": 1.606409587340263e-05,
      "pct_error": 160.64095873475736
    },
    "dKg_yx": {
      "true": 0.0001454441043328608,
      "est": 0.00018925275245585486,
      "abs_error": 4.3808648122994074e-05,
      "pct_error": 30.12060772345532
    },
    "dKg_zx": {
      "true": 0.00024240684055476798,
      "est": 0.0002478927485249447,
      "abs_error": 5.485907970176725e-06,
      "pct_error": 2.263099489115808
    },
    "dKg_xy": {
      "true": 4.84813681109536e-05,
      "est": 0.00011112371261150233,
      "abs_error": 6.264234450054874e-05,
      "pct_error": 129.20911051269547
    },
    "dKg_yy": {
      "true": -2.0000000000020002e-05,
      "est": -2.8115073022139114e-05,
      "abs_error": 8.115073022119113e-06,
      "pct_error": 40.57536511055498
    },
    "dKg_zy": {
      "true": 0.0002908882086657216,
      "est": 0.00028890618478990757,
      "abs_error": 1.982023875814014e-06,
      "pct_error": 0.6813696178698276
    },
    "dKg_xz": {
      "true": 9.69627362219072e-05,
      "est": 6.478935419680739e-05,
      "abs_error": 3.2173382025099806e-05,
      "pct_error": 33.18118204860512
    },
    "dKg_yz": {
      "true": 0.0001939254724438144,
      "est": 0.00021216790251448047,
      "abs_error": 1.8242430070666084e-05,
      "pct_error": 9.40692826000536
    },
    "dKg_zz": {
      "true": -2.999999999997449e-05,
      "est": -3.3410036742731464e-05,
      "abs_error": 3.4100367427569722e-06,
      "pct_error": 11.366789142532905
    },
    "dKa_xx": {
      "true": -9.99999999995449e-06,
      "est": -9.16879686041483e-06,
      "abs_error": 8.312031395396602e-07,
      "pct_error": 8.31203139543443
    },
    "dKa_xy": {
      "true": 4.84813681109536e-05,
      "est": 2.269512758515702e-05,
      "abs_error": 2.5786240525796576e-05,
      "pct_error": 53.18793905894456
    },
    "dKa_xz": {
      "true": 9.69627362219072e-05,
      "est": 9.827175959115311e-05,
      "abs_error": 1.3090233692459208e-06,
      "pct_error": 1.3500272581521557
    },
    "dKa_yy": {
      "true": -2.0000000000020002e-05,
      "est": -2.1135971454588898e-05,
      "abs_error": 1.135971454568896e-06,
      "pct_error": 5.6798572728388
    },
    "dKa_yz": {
      "true": 0.0001939254724438144,
      "est": 0.0001854715686613311,
      "abs_error": 8.453903782483296e-06,
      "pct_error": 4.35935706431378
    },
    "dKa_zz": {
      "true": -2.999999999997449e-05,
      "est": -2.3047294511302496e-05,
      "abs_error": 6.952705488671995e-06,
      "pct_error": 23.17568496225969
    },
    "Ka2_x": {
      "true": 1.0224607248440952e-06,
      "est": 3.4128491404350036e-06,
      "abs_error": 2.3903884155909084e-06,
      "pct_error": 233.78779815287228
    },
    "Ka2_y": {
      "true": 2.0449214496881904e-06,
      "est": 3.35848116122184e-06,
      "abs_error": 1.3135597115336495e-06,
      "pct_error": 64.23521606338186
    },
    "Ka2_z": {
      "true": 3.0673821745322856e-06,
      "est": 2.355169509289656e-06,
      "abs_error": 7.122126652426294e-07,
      "pct_error": 23.21890865624619
    },
    "rx_x": {
      "true": 0.01,
      "est": 0.015008377775462205,
      "abs_error": 0.0050083777754622045,
      "pct_error": 50.08377775462204
    },
    "rx_y": {
      "true": 0.02,
      "est": 0.023577289555395283,
      "abs_error": 0.0035772895553952827,
      "pct_error": 17.886447776976414
    },
    "rx_z": {
      "true": 0.03,
      "est": 0.11479729661120269,
      "abs_error": 0.0847972966112027,
      "pct_error": 282.6576553706757
    },
    "ry_x": {
      "true": 0.04,
      "est": 0.0423159127470452,
      "abs_error": 0.0023159127470452,
      "pct_error": 5.789781867613
    },
    "ry_y": {
      "true": 0.05,
      "est": 0.04709219558313842,
      "abs_error": 0.00290780441686158,
      "pct_error": 5.81560883372316
    },
    "ry_z": {
      "true": 0.06,
      "est": 0.061653552251649604,
      "abs_error": 0.0016535522516496065,
      "pct_error": 2.755920419416011
    }
  },
  "focus_scale_pct": {
    "dKg_xx": 160.64095873475736,
    "dKg_xy": 129.20911051269547,
    "dKg_yy": 40.57536511055498,
    "dKg_zz": 11.366789142532905,
    "dKa_xx": 8.31203139543443
  },
  "lever_guard_pct": {
    "rx_y": 17.886447776976414,
    "ry_z": 2.755920419416011
  },
  "overall": {
    "mean_pct_error": 43.12746504178382,
    "median_pct_error": 12.610484405399127,
    "max_pct_error": 282.6576553706757
  },
  "extra": {
    "noise_scale": 0.08,
    "noise_config": {
      "arw_dpsh": 0.0004,
      "vrw_ugpsHz": 0.4,
      "bi_g_dph": 0.00016,
      "bi_a_ug": 0.4,
      "tau_g": 300.0,
      "tau_a": 300.0,
      "seed": 42,
      "base_family": "round53_round61_shared"
    },
    "comparison_mode": "corrected_att0_hidden_next6",
    "candidate_name": "frontgwpair_l4_posfirst_d1_on_entry",
    "method_key": "markov42_noisy",
    "legality": "faithful12_base_plus_closed_loop_local_insertions",
    "time_total_s": 1365.0,
    "att0_deg": [
      0.0,
      0.0,
      0.0
    ],
    "candidate_registry_key": "frontgwpair_l4_posfirst_d1_on_entry",
    "family": "front_gateway_diagonal_pair_on_corrected_entry",
    "hypothesis_id": "H1"
  }
}