{
  "variant": "entryrelay_l8x1_l9y0p875_unifiedcore_markov42_shared0p08",
  "method_file": "search_resume",
  "source_file": "/root/.openclaw/workspace/tmp_psins_py/psins_py/test_calibration_markov_pruned.py",
  "param_order": [
    "eb_x",
    "eb_y",
    "eb_z",
    "db_x",
    "db_y",
    "db_z",
    "dKg_xx",
    "dKg_yx",
    "dKg_zx",
    "dKg_xy",
    "dKg_yy",
    "dKg_zy",
    "dKg_xz",
    "dKg_yz",
    "dKg_zz",
    "dKa_xx",
    "dKa_xy",
    "dKa_xz",
    "dKa_yy",
    "dKa_yz",
    "dKa_zz",
    "Ka2_x",
    "Ka2_y",
    "Ka2_z",
    "rx_x",
    "rx_y",
    "rx_z",
    "ry_x",
    "ry_y",
    "ry_z"
  ],
  "param_errors": {
    "eb_x": {
      "true": 4.84813681109536e-07,
      "est": 4.6372703272227655e-07,
      "abs_error": 2.1086648387259495e-08,
      "pct_error": 4.349433443998726
    },
    "eb_y": {
      "true": 9.69627362219072e-07,
      "est": 9.674285335145673e-07,
      "abs_error": 2.198828704504768e-09,
      "pct_error": 0.2267704883526149
    },
    "eb_z": {
      "true": 1.4544410433286078e-06,
      "est": 1.4457390323713144e-06,
      "abs_error": 8.702010957293453e-09,
      "pct_error": 0.5983062013554147
    },
    "db_x": {
      "true": 0.00097803267715,
      "est": 0.0009792002046754716,
      "abs_error": 1.1675275254717076e-06,
      "pct_error": 0.11937510399692353
    },
    "db_y": {
      "true": 0.0019560653543,
      "est": 0.0019666099694071204,
      "abs_error": 1.0544615107120538e-05,
      "pct_error": 0.5390727402814233
    },
    "db_z": {
      "true": 0.00293409803145,
      "est": 0.002934250611026152,
      "abs_error": 1.5257957615205306e-07,
      "pct_error": 0.0052002208009611
    },
    "dKg_xx": {
      "true": -9.99999999995449e-06,
      "est": -1.0491406991830488e-05,
      "abs_error": 4.914069918759978e-07,
      "pct_error": 4.914069918782342
    },
    "dKg_yx": {
      "true": 0.0001454441043328608,
      "est": 0.00014534550757096422,
      "abs_error": 9.859676189656976e-08,
      "pct_error": 0.06779013996395686
    },
    "dKg_zx": {
      "true": 0.00024240684055476798,
      "est": 0.0002421131366419024,
      "abs_error": 2.93703912865583e-07,
      "pct_error": 0.12116156136246711
    },
    "dKg_xy": {
      "true": 4.84813681109536e-05,
      "est": 4.8424918573588554e-05,
      "abs_error": 5.6449537365042845e-08,
      "pct_error": 0.1164355288733879
    },
    "dKg_yy": {
      "true": -2.0000000000020002e-05,
      "est": -1.950700215469503e-05,
      "abs_error": 4.929978453249717e-07,
      "pct_error": 2.4649892266223934
    },
    "dKg_zy": {
      "true": 0.0002908882086657216,
      "est": 0.0002915206400474853,
      "abs_error": 6.324313817637284e-07,
      "pct_error": 0.21741389404013145
    },
    "dKg_xz": {
      "true": 9.69627362219072e-05,
      "est": 9.771652707113816e-05,
      "abs_error": 7.537908492309626e-07,
      "pct_error": 0.7774026173372937
    },
    "dKg_yz": {
      "true": 0.0001939254724438144,
      "est": 0.0001936062288332248,
      "abs_error": 3.1924361058958137e-07,
      "pct_error": 0.1646218037097087
    },
    "dKg_zz": {
      "true": -2.999999999997449e-05,
      "est": -2.9747634430643544e-05,
      "abs_error": 2.523655693309479e-07,
      "pct_error": 0.8412185644372082
    },
    "dKa_xx": {
      "true": -9.99999999995449e-06,
      "est": -9.746261053544814e-06,
      "abs_error": 2.537389464096762e-07,
      "pct_error": 2.5373894641083097
    },
    "dKa_xy": {
      "true": 4.84813681109536e-05,
      "est": 4.84317450910018e-05,
      "abs_error": 4.962301995179661e-08,
      "pct_error": 0.10235482595753126
    },
    "dKa_xz": {
      "true": 9.69627362219072e-05,
      "est": 9.697243621236837e-05,
      "abs_error": 9.699990461176674e-09,
      "pct_error": 0.010003833265366448
    },
    "dKa_yy": {
      "true": -2.0000000000020002e-05,
      "est": -1.9658018848511816e-05,
      "abs_error": 3.419811515081861e-07,
      "pct_error": 1.7099057575392203
    },
    "dKa_yz": {
      "true": 0.0001939254724438144,
      "est": 0.00019378602963572415,
      "abs_error": 1.3944280809023712e-07,
      "pct_error": 0.0719053594832095
    },
    "dKa_zz": {
      "true": -2.999999999997449e-05,
      "est": -2.949551179387555e-05,
      "abs_error": 5.044882060989409e-07,
      "pct_error": 1.681627353664566
    },
    "Ka2_x": {
      "true": 1.0224607248440952e-06,
      "est": 1.0087416232538495e-06,
      "abs_error": 1.3719101590245712e-08,
      "pct_error": 1.3417729656400836
    },
    "Ka2_y": {
      "true": 2.0449214496881904e-06,
      "est": 1.9878017556294314e-06,
      "abs_error": 5.711969405875902e-08,
      "pct_error": 2.793246364913852
    },
    "Ka2_z": {
      "true": 3.0673821745322856e-06,
      "est": 3.0704260051553324e-06,
      "abs_error": 3.0438306230467073e-09,
      "pct_error": 0.09923219376831746
    },
    "rx_x": {
      "true": 0.01,
      "est": 0.009948479751926536,
      "abs_error": 5.152024807346389e-05,
      "pct_error": 0.5152024807346389
    },
    "rx_y": {
      "true": 0.02,
      "est": 0.02024566419306498,
      "abs_error": 0.0002456641930649803,
      "pct_error": 1.2283209653249014
    },
    "rx_z": {
      "true": 0.03,
      "est": 0.03027399880143522,
      "abs_error": 0.00027399880143522126,
      "pct_error": 0.9133293381174042
    },
    "ry_x": {
      "true": 0.04,
      "est": 0.040543034519491025,
      "abs_error": 0.0005430345194910244,
      "pct_error": 1.3575862987275609
    },
    "ry_y": {
      "true": 0.05,
      "est": 0.05030905923376691,
      "abs_error": 0.000309059233766909,
      "pct_error": 0.618118467533818
    },
    "ry_z": {
      "true": 0.06,
      "est": 0.06099385349113132,
      "abs_error": 0.000993853491131319,
      "pct_error": 1.6564224852188651
    }
  },
  "focus_scale_pct": {
    "dKg_xx": 4.914069918782342,
    "dKg_xy": 0.1164355288733879,
    "dKg_yy": 2.4649892266223934,
    "dKg_zz": 0.8412185644372082,
    "dKa_xx": 2.5373894641083097
  },
  "lever_guard_pct": {
    "rx_y": 1.2283209653249014,
    "ry_z": 1.6564224852188651
  },
  "overall": {
    "mean_pct_error": 1.0719893202637534,
    "median_pct_error": 0.6082123344446164,
    "max_pct_error": 4.914069918782342
  },
  "extra": {
    "candidate_name": "entryrelay_l8x1_l9y0p875_unifiedcore",
    "noise_config": {
      "arw_dpsh": 0.0004,
      "vrw_ugpsHz": 0.4,
      "bi_g_dph": 0.00016,
      "bi_a_ug": 0.4,
      "tau_g": 300.0,
      "tau_a": 300.0,
      "seed": 42,
      "base_family": "round53_round61_shared"
    }
  }
}