{
  "variant": "y7_small_neg_z11_large_neg_noise0p08",
  "method_file": "ad-hoc targeted probe",
  "source_file": "/root/.openclaw/workspace/tmp_psins_py/psins_py/test_calibration_markov_pruned.py",
  "param_order": [
    "eb_x",
    "eb_y",
    "eb_z",
    "db_x",
    "db_y",
    "db_z",
    "dKg_xx",
    "dKg_yx",
    "dKg_zx",
    "dKg_xy",
    "dKg_yy",
    "dKg_zy",
    "dKg_xz",
    "dKg_yz",
    "dKg_zz",
    "dKa_xx",
    "dKa_xy",
    "dKa_xz",
    "dKa_yy",
    "dKa_yz",
    "dKa_zz",
    "Ka2_x",
    "Ka2_y",
    "Ka2_z",
    "rx_x",
    "rx_y",
    "rx_z",
    "ry_x",
    "ry_y",
    "ry_z"
  ],
  "param_errors": {
    "eb_x": {
      "true": 4.84813681109536e-07,
      "est": 4.746083444920619e-07,
      "abs_error": 1.020533661747416e-08,
      "pct_error": 2.105001780089705
    },
    "eb_y": {
      "true": 9.69627362219072e-07,
      "est": 9.57793376716613e-07,
      "abs_error": 1.1833985502459068e-08,
      "pct_error": 1.2204673633978333
    },
    "eb_z": {
      "true": 1.4544410433286078e-06,
      "est": 1.4368735708744252e-06,
      "abs_error": 1.7567472454182672e-08,
      "pct_error": 1.2078504340043972
    },
    "db_x": {
      "true": 0.00097803267715,
      "est": 0.0009687458549268263,
      "abs_error": 9.286822223173613e-06,
      "pct_error": 0.9495410981804345
    },
    "db_y": {
      "true": 0.0019560653543,
      "est": 0.0019617056637943704,
      "abs_error": 5.640309494370568e-06,
      "pct_error": 0.2883497466979582
    },
    "db_z": {
      "true": 0.00293409803145,
      "est": 0.002956020279086738,
      "abs_error": 2.192224763673768e-05,
      "pct_error": 0.7471545736290186
    },
    "dKg_xx": {
      "true": -9.99999999995449e-06,
      "est": -2.0182091588827333e-05,
      "abs_error": 1.0182091588872844e-05,
      "pct_error": 101.82091588919182
    },
    "dKg_yx": {
      "true": 0.0001454441043328608,
      "est": 0.0001444759794807701,
      "abs_error": 9.68124852090697e-07,
      "pct_error": 0.665633616798288
    },
    "dKg_zx": {
      "true": 0.00024240684055476798,
      "est": 0.00023988626721884463,
      "abs_error": 2.520573335923357e-06,
      "pct_error": 1.039811141531657
    },
    "dKg_xy": {
      "true": 4.84813681109536e-05,
      "est": 4.891012876711338e-05,
      "abs_error": 4.287606561597805e-07,
      "pct_error": 0.8843823366917504
    },
    "dKg_yy": {
      "true": -2.0000000000020002e-05,
      "est": -2.1339298699185605e-05,
      "abs_error": 1.339298699165603e-06,
      "pct_error": 6.696493495821318
    },
    "dKg_zy": {
      "true": 0.0002908882086657216,
      "est": 0.00029896613985328695,
      "abs_error": 8.077931187565367e-06,
      "pct_error": 2.7769881854675793
    },
    "dKg_xz": {
      "true": 9.69627362219072e-05,
      "est": 9.797423067853008e-05,
      "abs_error": 1.011494456622884e-06,
      "pct_error": 1.043178540576656
    },
    "dKg_yz": {
      "true": 0.0001939254724438144,
      "est": 0.00018687585755760303,
      "abs_error": 7.049614886211358e-06,
      "pct_error": 3.63521862155258
    },
    "dKg_zz": {
      "true": -2.999999999997449e-05,
      "est": -1.0142448015892924e-05,
      "abs_error": 1.9857551984081567e-05,
      "pct_error": 66.19183994699483
    },
    "dKa_xx": {
      "true": -9.99999999995449e-06,
      "est": -1.0026317655231765e-05,
      "abs_error": 2.631765527727481e-08,
      "pct_error": 0.26317655277394586
    },
    "dKa_xy": {
      "true": 4.84813681109536e-05,
      "est": 6.021773236127611e-05,
      "abs_error": 1.1736364250322515e-05,
      "pct_error": 24.20798898138122
    },
    "dKa_xz": {
      "true": 9.69627362219072e-05,
      "est": 9.804582882045685e-05,
      "abs_error": 1.0830925985496535e-06,
      "pct_error": 1.117019424937542
    },
    "dKa_yy": {
      "true": -2.0000000000020002e-05,
      "est": -3.0418059573378287e-06,
      "abs_error": 1.6958194042682173e-05,
      "pct_error": 84.79097021332606
    },
    "dKa_yz": {
      "true": 0.0001939254724438144,
      "est": 0.00018737792504320566,
      "abs_error": 6.547547400608732e-06,
      "pct_error": 3.376321489950599
    },
    "dKa_zz": {
      "true": -2.999999999997449e-05,
      "est": -2.9974115534070478e-05,
      "abs_error": 2.588446590401361e-08,
      "pct_error": 0.08628155301345207
    },
    "Ka2_x": {
      "true": 1.0224607248440952e-06,
      "est": 1.1109124763019742e-06,
      "abs_error": 8.845175145787899e-08,
      "pct_error": 8.65087032769558
    },
    "Ka2_y": {
      "true": 2.0449214496881904e-06,
      "est": 8.74307904009356e-10,
      "abs_error": 2.044047141784181e-06,
      "pct_error": 99.95724491499941
    },
    "Ka2_z": {
      "true": 3.0673821745322856e-06,
      "est": 2.8600574817470138e-06,
      "abs_error": 2.0732469278527186e-07,
      "pct_error": 6.759010810802692
    },
    "rx_x": {
      "true": 0.01,
      "est": 0.01060809899778507,
      "abs_error": 0.0006080989977850695,
      "pct_error": 6.080989977850694
    },
    "rx_y": {
      "true": 0.02,
      "est": 0.020144718179796295,
      "abs_error": 0.00014471817979629445,
      "pct_error": 0.7235908989814722
    },
    "rx_z": {
      "true": 0.03,
      "est": 0.03123273000487007,
      "abs_error": 0.001232730004870071,
      "pct_error": 4.109100016233571
    },
    "ry_x": {
      "true": 0.04,
      "est": 0.040803513320091286,
      "abs_error": 0.0008035133200912856,
      "pct_error": 2.008783300228214
    },
    "ry_y": {
      "true": 0.05,
      "est": 0.0502437447688163,
      "abs_error": 0.00024374476881629942,
      "pct_error": 0.48748953763259883
    },
    "ry_z": {
      "true": 0.06,
      "est": 0.059958840063582854,
      "abs_error": 4.115993641714416e-05,
      "pct_error": 0.06859989402857361
    }
  },
  "focus_scale_pct": {
    "dKg_xx": 101.82091588919182,
    "dKg_xy": 0.8843823366917504,
    "dKg_yy": 6.696493495821318,
    "dKg_zz": 66.19183994699483,
    "dKa_xx": 0.26317655277394586
  },
  "lever_guard_pct": {
    "rx_y": 0.7235908989814722,
    "ry_z": 0.06859989402857361
  },
  "overall": {
    "mean_pct_error": 14.465342155482052,
    "median_pct_error": 1.6146253318130237,
    "max_pct_error": 101.82091588919182
  },
  "extra": {
    "noise_scale": 0.08,
    "noise_config": {
      "arw_dpsh": 0.0004,
      "vrw_ugpsHz": 0.4,
      "bi_g_dph": 0.00016,
      "bi_a_ug": 0.4,
      "tau_g": 300.0,
      "tau_a": 300.0,
      "seed": 42,
      "base_family": "round53_round61_shared"
    },
    "candidate_name": "y7_small_neg_z11_large_neg"
  }
}