{
  "variant": "zseed_l5_neg5_plus_relaymax_unified_l9y2p25_markov42_noisy_noise0p08",
  "method_file": "search_ch3_12pos_closedloop_local_insertions.py",
  "source_file": "/root/.openclaw/workspace/tmp_psins_py/psins_py/test_calibration_markov_pruned.py",
  "param_order": [
    "eb_x",
    "eb_y",
    "eb_z",
    "db_x",
    "db_y",
    "db_z",
    "dKg_xx",
    "dKg_yx",
    "dKg_zx",
    "dKg_xy",
    "dKg_yy",
    "dKg_zy",
    "dKg_xz",
    "dKg_yz",
    "dKg_zz",
    "dKa_xx",
    "dKa_xy",
    "dKa_xz",
    "dKa_yy",
    "dKa_yz",
    "dKa_zz",
    "Ka2_x",
    "Ka2_y",
    "Ka2_z",
    "rx_x",
    "rx_y",
    "rx_z",
    "ry_x",
    "ry_y",
    "ry_z"
  ],
  "param_errors": {
    "eb_x": {
      "true": 4.84813681109536e-07,
      "est": 4.6330003938222733e-07,
      "abs_error": 2.1513641727308716e-08,
      "pct_error": 4.437507142552779
    },
    "eb_y": {
      "true": 9.69627362219072e-07,
      "est": 9.701405439101543e-07,
      "abs_error": 5.131816910822115e-10,
      "pct_error": 0.052925661040314806
    },
    "eb_z": {
      "true": 1.4544410433286078e-06,
      "est": 1.4476586645371668e-06,
      "abs_error": 6.782378791441019e-09,
      "pct_error": 0.4663220157703325
    },
    "db_x": {
      "true": 0.00097803267715,
      "est": 0.0009806036490408207,
      "abs_error": 2.5709718908207765e-06,
      "pct_error": 0.2628717783042406
    },
    "db_y": {
      "true": 0.0019560653543,
      "est": 0.001961753194653343,
      "abs_error": 5.687840353343215e-06,
      "pct_error": 0.29077966852383996
    },
    "db_z": {
      "true": 0.00293409803145,
      "est": 0.002944039741294432,
      "abs_error": 9.941709844431788e-06,
      "pct_error": 0.33883359512424677
    },
    "dKg_xx": {
      "true": -9.99999999995449e-06,
      "est": -1.2758840941984317e-05,
      "abs_error": 2.7588409420298277e-06,
      "pct_error": 27.588409420423833
    },
    "dKg_yx": {
      "true": 0.0001454441043328608,
      "est": 0.0001451158877074109,
      "abs_error": 3.2821662544987884e-07,
      "pct_error": 0.22566512885165022
    },
    "dKg_zx": {
      "true": 0.00024240684055476798,
      "est": 0.0002416676443845897,
      "abs_error": 7.391961701782809e-07,
      "pct_error": 0.30494030964083757
    },
    "dKg_xy": {
      "true": 4.84813681109536e-05,
      "est": 4.8827343234735256e-05,
      "abs_error": 3.459751237816592e-07,
      "pct_error": 0.7136249187313912
    },
    "dKg_yy": {
      "true": -2.0000000000020002e-05,
      "est": -1.9504386003399432e-05,
      "abs_error": 4.956139966205697e-07,
      "pct_error": 2.4780699831003705
    },
    "dKg_zy": {
      "true": 0.0002908882086657216,
      "est": 0.00028880531343847537,
      "abs_error": 2.0828952272462136e-06,
      "pct_error": 0.7160466341349033
    },
    "dKg_xz": {
      "true": 9.69627362219072e-05,
      "est": 9.722624633122738e-05,
      "abs_error": 2.6351010932018886e-07,
      "pct_error": 0.27176430821539965
    },
    "dKg_yz": {
      "true": 0.0001939254724438144,
      "est": 0.0001961276585110153,
      "abs_error": 2.202186067200903e-06,
      "pct_error": 1.1355837061781235
    },
    "dKg_zz": {
      "true": -2.999999999997449e-05,
      "est": -1.8920350224327365e-05,
      "abs_error": 1.1079649775647127e-05,
      "pct_error": 36.93216591885516
    },
    "dKa_xx": {
      "true": -9.99999999995449e-06,
      "est": -9.57965661818605e-06,
      "abs_error": 4.203433817684399e-07,
      "pct_error": 4.203433817703528
    },
    "dKa_xy": {
      "true": 4.84813681109536e-05,
      "est": 5.136059235974392e-05,
      "abs_error": 2.8792242487903243e-06,
      "pct_error": 5.938826318186778
    },
    "dKa_xz": {
      "true": 9.69627362219072e-05,
      "est": 9.67482881566029e-05,
      "abs_error": 2.1444806530429594e-07,
      "pct_error": 0.22116544320027634
    },
    "dKa_yy": {
      "true": -2.0000000000020002e-05,
      "est": -2.5043065468022263e-06,
      "abs_error": 1.7495693453217775e-05,
      "pct_error": 87.47846726600139
    },
    "dKa_yz": {
      "true": 0.0001939254724438144,
      "est": 0.000196084602037717,
      "abs_error": 2.1591295939026164e-06,
      "pct_error": 1.1133811183717375
    },
    "dKa_zz": {
      "true": -2.999999999997449e-05,
      "est": -3.0452662594715463e-05,
      "abs_error": 4.5266259474097126e-07,
      "pct_error": 1.5088753158045205
    },
    "Ka2_x": {
      "true": 1.0224607248440952e-06,
      "est": 1.032568698170918e-06,
      "abs_error": 1.0107973326822721e-08,
      "pct_error": 0.9885928213393218
    },
    "Ka2_y": {
      "true": 2.0449214496881904e-06,
      "est": 8.271354098676692e-09,
      "abs_error": 2.0366500955895136e-06,
      "pct_error": 99.59551727036077
    },
    "Ka2_z": {
      "true": 3.0673821745322856e-06,
      "est": 2.9786760769692725e-06,
      "abs_error": 8.870609756301315e-08,
      "pct_error": 2.8919154026360947
    },
    "rx_x": {
      "true": 0.01,
      "est": 0.00990371918766846,
      "abs_error": 9.628081233153951e-05,
      "pct_error": 0.9628081233153951
    },
    "rx_y": {
      "true": 0.02,
      "est": 0.01995444200806558,
      "abs_error": 4.555799193442164e-05,
      "pct_error": 0.22778995967210822
    },
    "rx_z": {
      "true": 0.03,
      "est": 0.030671724480667396,
      "abs_error": 0.0006717244806673968,
      "pct_error": 2.239081602224656
    },
    "ry_x": {
      "true": 0.04,
      "est": 0.040388373525311085,
      "abs_error": 0.0003883735253110837,
      "pct_error": 0.9709338132777092
    },
    "ry_y": {
      "true": 0.05,
      "est": 0.04997010049849909,
      "abs_error": 2.989950150091014e-05,
      "pct_error": 0.05979900300182028
    },
    "ry_z": {
      "true": 0.06,
      "est": 0.06064019106009206,
      "abs_error": 0.0006401910600920616,
      "pct_error": 1.066985100153436
    }
  },
  "focus_scale_pct": {
    "dKg_xx": 27.588409420423833,
    "dKg_xy": 0.7136249187313912,
    "dKg_yy": 2.4780699831003705,
    "dKg_zz": 36.93216591885516,
    "dKa_xx": 4.203433817703528
  },
  "lever_guard_pct": {
    "rx_y": 0.22778995967210822,
    "ry_z": 1.066985100153436
  },
  "overall": {
    "mean_pct_error": 9.522769418823232,
    "median_pct_error": 0.9797633173085155,
    "max_pct_error": 99.59551727036077
  },
  "extra": {
    "noise_scale": 0.08,
    "noise_config": {
      "arw_dpsh": 0.0004,
      "vrw_ugpsHz": 0.4,
      "bi_g_dph": 0.00016,
      "bi_a_ug": 0.4,
      "tau_g": 300.0,
      "tau_a": 300.0,
      "seed": 42,
      "base_family": "round53_round61_shared"
    },
    "comparison_mode": "ch3_closedloop_local_insertions",
    "candidate_name": "zseed_l5_neg5_plus_relaymax_unified_l9y2p25",
    "method_key": "markov42_noisy",
    "legality": "faithful12_base_plus_closed_loop_local_insertions",
    "time_total_s": 1348.5
  }
}