{
  "variant": "entryrelay_l8x1_l9y0p8125_unifiedcore_markov42_noisy_noise0p08",
  "method_file": "search_ch3_12pos_closedloop_local_insertions.py",
  "source_file": "/root/.openclaw/workspace/tmp_psins_py/psins_py/test_calibration_markov_pruned.py",
  "param_order": [
    "eb_x",
    "eb_y",
    "eb_z",
    "db_x",
    "db_y",
    "db_z",
    "dKg_xx",
    "dKg_yx",
    "dKg_zx",
    "dKg_xy",
    "dKg_yy",
    "dKg_zy",
    "dKg_xz",
    "dKg_yz",
    "dKg_zz",
    "dKa_xx",
    "dKa_xy",
    "dKa_xz",
    "dKa_yy",
    "dKa_yz",
    "dKa_zz",
    "Ka2_x",
    "Ka2_y",
    "Ka2_z",
    "rx_x",
    "rx_y",
    "rx_z",
    "ry_x",
    "ry_y",
    "ry_z"
  ],
  "param_errors": {
    "eb_x": {
      "true": 4.84813681109536e-07,
      "est": 4.637977339870595e-07,
      "abs_error": 2.1015947122476544e-08,
      "pct_error": 4.334850261316847
    },
    "eb_y": {
      "true": 9.69627362219072e-07,
      "est": 9.674895361268004e-07,
      "abs_error": 2.137826092271686e-09,
      "pct_error": 0.2204791423562032
    },
    "eb_z": {
      "true": 1.4544410433286078e-06,
      "est": 1.4457706339386674e-06,
      "abs_error": 8.670409389940444e-09,
      "pct_error": 0.5961334376330235
    },
    "db_x": {
      "true": 0.00097803267715,
      "est": 0.0009790807384436045,
      "abs_error": 1.0480612936045446e-06,
      "pct_error": 0.10716015099399429
    },
    "db_y": {
      "true": 0.0019560653543,
      "est": 0.0019665753773221994,
      "abs_error": 1.0510023022199631e-05,
      "pct_error": 0.5373042878703183
    },
    "db_z": {
      "true": 0.00293409803145,
      "est": 0.0029342481567872845,
      "abs_error": 1.5012533728436459e-07,
      "pct_error": 0.005116575372574523
    },
    "dKg_xx": {
      "true": -9.99999999995449e-06,
      "est": -1.0496447686580979e-05,
      "abs_error": 4.964476866264889e-07,
      "pct_error": 4.964476866287482
    },
    "dKg_yx": {
      "true": 0.0001454441043328608,
      "est": 0.0001453588516999316,
      "abs_error": 8.525263292918071e-08,
      "pct_error": 0.05861539271064095
    },
    "dKg_zx": {
      "true": 0.00024240684055476798,
      "est": 0.00024211448750544439,
      "abs_error": 2.9235304932359813e-07,
      "pct_error": 0.12060429014895954
    },
    "dKg_xy": {
      "true": 4.84813681109536e-05,
      "est": 4.8426458523890684e-05,
      "abs_error": 5.490958706291278e-08,
      "pct_error": 0.11325915336639775
    },
    "dKg_yy": {
      "true": -2.0000000000020002e-05,
      "est": -1.9509519942673137e-05,
      "abs_error": 4.904800573468648e-07,
      "pct_error": 2.4524002867318715
    },
    "dKg_zy": {
      "true": 0.0002908882086657216,
      "est": 0.0002915151310801535,
      "abs_error": 6.269224144319361e-07,
      "pct_error": 0.21552005057460855
    },
    "dKg_xz": {
      "true": 9.69627362219072e-05,
      "est": 9.77153531030088e-05,
      "abs_error": 7.526168811016024e-07,
      "pct_error": 0.7761918757935798
    },
    "dKg_yz": {
      "true": 0.0001939254724438144,
      "est": 0.00019359383700927546,
      "abs_error": 3.3163543453892464e-07,
      "pct_error": 0.17101179662460725
    },
    "dKg_zz": {
      "true": -2.999999999997449e-05,
      "est": -2.9752001879934653e-05,
      "abs_error": 2.4799812003983845e-07,
      "pct_error": 0.8266604001334977
    },
    "dKa_xx": {
      "true": -9.99999999995449e-06,
      "est": -9.743261842443118e-06,
      "abs_error": 2.567381575113714e-07,
      "pct_error": 2.567381575125398
    },
    "dKa_xy": {
      "true": 4.84813681109536e-05,
      "est": 4.8423065319721095e-05,
      "abs_error": 5.830279123250165e-08,
      "pct_error": 0.12025813937236861
    },
    "dKa_xz": {
      "true": 9.69627362219072e-05,
      "est": 9.69739388764876e-05,
      "abs_error": 1.1202654580410362e-08,
      "pct_error": 0.011553566882407449
    },
    "dKa_yy": {
      "true": -2.0000000000020002e-05,
      "est": -1.966001018050001e-05,
      "abs_error": 3.399898195199924e-07,
      "pct_error": 1.699949097598262
    },
    "dKa_yz": {
      "true": 0.0001939254724438144,
      "est": 0.00019378403431393284,
      "abs_error": 1.414381298815476e-07,
      "pct_error": 0.07293427113992267
    },
    "dKa_zz": {
      "true": -2.999999999997449e-05,
      "est": -2.9496331251932517e-05,
      "abs_error": 5.036687480419744e-07,
      "pct_error": 1.678895826808009
    },
    "Ka2_x": {
      "true": 1.0224607248440952e-06,
      "est": 1.009631430964592e-06,
      "abs_error": 1.2829293879503286e-08,
      "pct_error": 1.254746863891471
    },
    "Ka2_y": {
      "true": 2.0449214496881904e-06,
      "est": 1.9883677129088275e-06,
      "abs_error": 5.655373677936297e-08,
      "pct_error": 2.7655701292578394
    },
    "Ka2_z": {
      "true": 3.0673821745322856e-06,
      "est": 3.070644056910307e-06,
      "abs_error": 3.2618823780215285e-09,
      "pct_error": 0.10634091849082679
    },
    "rx_x": {
      "true": 0.01,
      "est": 0.009944849013369398,
      "abs_error": 5.515098663060221e-05,
      "pct_error": 0.5515098663060221
    },
    "rx_y": {
      "true": 0.02,
      "est": 0.02024872124299322,
      "abs_error": 0.00024872124299321965,
      "pct_error": 1.2436062149660982
    },
    "rx_z": {
      "true": 0.03,
      "est": 0.030274215919305736,
      "abs_error": 0.00027421591930573697,
      "pct_error": 0.9140530643524566
    },
    "ry_x": {
      "true": 0.04,
      "est": 0.040537558603921525,
      "abs_error": 0.0005375586039215244,
      "pct_error": 1.343896509803811
    },
    "ry_y": {
      "true": 0.05,
      "est": 0.05030857796810485,
      "abs_error": 0.0003085779681048506,
      "pct_error": 0.6171559362097012
    },
    "ry_z": {
      "true": 0.06,
      "est": 0.06099352132887178,
      "abs_error": 0.0009935213288717812,
      "pct_error": 1.655868881452969
    }
  },
  "focus_scale_pct": {
    "dKg_xx": 4.964476866287482,
    "dKg_xy": 0.11325915336639775,
    "dKg_yy": 2.4524002867318715,
    "dKg_zz": 0.8266604001334977,
    "dKa_xx": 2.567381575125398
  },
  "lever_guard_pct": {
    "rx_y": 1.2436062149660982,
    "ry_z": 1.655868881452969
  },
  "overall": {
    "mean_pct_error": 1.0701168276524058,
    "median_pct_error": 0.6066446869213624,
    "max_pct_error": 4.964476866287482
  },
  "extra": {
    "noise_scale": 0.08,
    "noise_config": {
      "arw_dpsh": 0.0004,
      "vrw_ugpsHz": 0.4,
      "bi_g_dph": 0.00016,
      "bi_a_ug": 0.4,
      "tau_g": 300.0,
      "tau_a": 300.0,
      "seed": 42,
      "base_family": "round53_round61_shared"
    },
    "comparison_mode": "corrected_frontier_next2",
    "candidate_name": "entryrelay_l8x1_l9y0p8125_unifiedcore",
    "method_key": "markov42_noisy",
    "legality": "faithful12_base_plus_closed_loop_local_insertions",
    "time_total_s": 1337.625,
    "att0_deg": [
      0.0,
      0.0,
      0.0
    ],
    "candidate_registry_key": "entryrelay_l8x1_l9y0p8125_unifiedcore",
    "family": "tiny_companion_l9_balance",
    "hypothesis_id": "B"
  }
}