{
  "variant": "probe4_l9_diag_bfly_flip_d10_markov42_noisy_noise0p08",
  "method_file": "search_ch3_12pos_closedloop_local_insertions.py",
  "source_file": "/root/.openclaw/workspace/tmp_psins_py/psins_py/test_calibration_markov_pruned.py",
  "param_order": [
    "eb_x",
    "eb_y",
    "eb_z",
    "db_x",
    "db_y",
    "db_z",
    "dKg_xx",
    "dKg_yx",
    "dKg_zx",
    "dKg_xy",
    "dKg_yy",
    "dKg_zy",
    "dKg_xz",
    "dKg_yz",
    "dKg_zz",
    "dKa_xx",
    "dKa_xy",
    "dKa_xz",
    "dKa_yy",
    "dKa_yz",
    "dKa_zz",
    "Ka2_x",
    "Ka2_y",
    "Ka2_z",
    "rx_x",
    "rx_y",
    "rx_z",
    "ry_x",
    "ry_y",
    "ry_z"
  ],
  "param_errors": {
    "eb_x": {
      "true": 4.84813681109536e-07,
      "est": 4.6530384950350836e-07,
      "abs_error": 1.9509831606027685e-08,
      "pct_error": 4.024191636130777
    },
    "eb_y": {
      "true": 9.69627362219072e-07,
      "est": 9.773241659762225e-07,
      "abs_error": 7.696803757150357e-09,
      "pct_error": 0.7937898678452707
    },
    "eb_z": {
      "true": 1.4544410433286078e-06,
      "est": 1.4461701051602998e-06,
      "abs_error": 8.27093816830801e-09,
      "pct_error": 0.5686678195892553
    },
    "db_x": {
      "true": 0.00097803267715,
      "est": 0.0009754858525650367,
      "abs_error": 2.5468245849632164e-06,
      "pct_error": 0.26040281111922525
    },
    "db_y": {
      "true": 0.0019560653543,
      "est": 0.0019573044569353515,
      "abs_error": 1.2391026353517076e-06,
      "pct_error": 0.0633466889348968
    },
    "db_z": {
      "true": 0.00293409803145,
      "est": 0.0029417784178833862,
      "abs_error": 7.680386433386085e-06,
      "pct_error": 0.26176311599208973
    },
    "dKg_xx": {
      "true": -9.99999999995449e-06,
      "est": -1.2869965881900924e-06,
      "abs_error": 8.713003411764397e-06,
      "pct_error": 87.1300341180405
    },
    "dKg_yx": {
      "true": 0.0001454441043328608,
      "est": 0.00014564884526554962,
      "abs_error": 2.047409326888332e-07,
      "pct_error": 0.1407694960397066
    },
    "dKg_zx": {
      "true": 0.00024240684055476798,
      "est": 0.00024174607860110686,
      "abs_error": 6.607619536611194e-07,
      "pct_error": 0.27258387269472734
    },
    "dKg_xy": {
      "true": 4.84813681109536e-05,
      "est": 4.845551496345282e-05,
      "abs_error": 2.585314750077987e-08,
      "pct_error": 0.05332594460125963
    },
    "dKg_yy": {
      "true": -2.0000000000020002e-05,
      "est": -1.989120519096943e-05,
      "abs_error": 1.0879480905057193e-07,
      "pct_error": 0.5439740452523156
    },
    "dKg_zy": {
      "true": 0.0002908882086657216,
      "est": 0.0002998552619328004,
      "abs_error": 8.967053267078815e-06,
      "pct_error": 3.082645841235674
    },
    "dKg_xz": {
      "true": 9.69627362219072e-05,
      "est": 9.813148377647983e-05,
      "abs_error": 1.168747554572633e-06,
      "pct_error": 1.2053574394784594
    },
    "dKg_yz": {
      "true": 0.0001939254724438144,
      "est": 0.00018487103534167178,
      "abs_error": 9.054437102142606e-06,
      "pct_error": 4.669029286374913
    },
    "dKg_zz": {
      "true": -2.999999999997449e-05,
      "est": -2.1546132618510683e-05,
      "abs_error": 8.453867381463809e-06,
      "pct_error": 28.179557938236655
    },
    "dKa_xx": {
      "true": -9.99999999995449e-06,
      "est": -1.0086772002537714e-05,
      "abs_error": 8.677200258322415e-08,
      "pct_error": 0.8677200258361906
    },
    "dKa_xy": {
      "true": 4.84813681109536e-05,
      "est": 4.400047871499047e-05,
      "abs_error": 4.480889395963125e-06,
      "pct_error": 9.242497830730027
    },
    "dKa_xz": {
      "true": 9.69627362219072e-05,
      "est": 9.718951641414702e-05,
      "abs_error": 2.2678019223982746e-07,
      "pct_error": 0.2338838620651364
    },
    "dKa_yy": {
      "true": -2.0000000000020002e-05,
      "est": -1.5771351444815451e-06,
      "abs_error": 1.8422864855538457e-05,
      "pct_error": 92.11432427760016
    },
    "dKa_yz": {
      "true": 0.0001939254724438144,
      "est": 0.00018520532217940474,
      "abs_error": 8.72015026440965e-06,
      "pct_error": 4.4966502618350574
    },
    "dKa_zz": {
      "true": -2.999999999997449e-05,
      "est": -3.007950413880245e-05,
      "abs_error": 7.950413882795715e-08,
      "pct_error": 0.26501379609341585
    },
    "Ka2_x": {
      "true": 1.0224607248440952e-06,
      "est": 1.0381522264979004e-06,
      "abs_error": 1.569150165380514e-08,
      "pct_error": 1.5346801370974694
    },
    "Ka2_y": {
      "true": 2.0449214496881904e-06,
      "est": 2.323375135343067e-09,
      "abs_error": 2.0425980745528475e-06,
      "pct_error": 99.88638315981784
    },
    "Ka2_z": {
      "true": 3.0673821745322856e-06,
      "est": 3.005037357994241e-06,
      "abs_error": 6.234481653804482e-08,
      "pct_error": 2.032508927504319
    },
    "rx_x": {
      "true": 0.01,
      "est": 0.010220127643814258,
      "abs_error": 0.00022012764381425763,
      "pct_error": 2.2012764381425765
    },
    "rx_y": {
      "true": 0.02,
      "est": 0.01991122222650982,
      "abs_error": 8.877777349017985e-05,
      "pct_error": 0.4438888674508992
    },
    "rx_z": {
      "true": 0.03,
      "est": 0.0306677162558006,
      "abs_error": 0.0006677162558006017,
      "pct_error": 2.2257208526686725
    },
    "ry_x": {
      "true": 0.04,
      "est": 0.04046719649862348,
      "abs_error": 0.0004671964986234789,
      "pct_error": 1.1679912465586972
    },
    "ry_y": {
      "true": 0.05,
      "est": 0.050219384423739244,
      "abs_error": 0.00021938442373924116,
      "pct_error": 0.4387688474784823
    },
    "ry_z": {
      "true": 0.06,
      "est": 0.060635102058953276,
      "abs_error": 0.0006351020589532783,
      "pct_error": 1.0585034315887971
    }
  },
  "focus_scale_pct": {
    "dKg_xx": 87.1300341180405,
    "dKg_xy": 0.05332594460125963,
    "dKg_yy": 0.5439740452523156,
    "dKg_zz": 28.179557938236655,
    "dKa_xx": 0.8677200258361906
  },
  "lever_guard_pct": {
    "rx_y": 0.4438888674508992,
    "ry_z": 1.0585034315887971
  },
  "overall": {
    "mean_pct_error": 11.648641729467784,
    "median_pct_error": 1.1132473390737472,
    "max_pct_error": 99.88638315981784
  },
  "extra": {
    "noise_scale": 0.08,
    "noise_config": {
      "arw_dpsh": 0.0004,
      "vrw_ugpsHz": 0.4,
      "bi_g_dph": 0.00016,
      "bi_a_ug": 0.4,
      "tau_g": 300.0,
      "tau_a": 300.0,
      "seed": 42,
      "base_family": "round53_round61_shared"
    },
    "comparison_mode": "ch3_closedloop_local_insertions",
    "candidate_name": "probe4_l9_diag_bfly_flip_d10",
    "method_key": "markov42_noisy",
    "legality": "faithful12_base_plus_closed_loop_local_insertions",
    "time_total_s": 1279.0
  }
}