{
  "variant": "relay_y9_x10_z11_y10x0back2_markov42_noisy_noise0p08",
  "method_file": "search_ch3_12pos_closedloop_local_insertions.py",
  "source_file": "/root/.openclaw/workspace/tmp_psins_py/psins_py/test_calibration_markov_pruned.py",
  "param_order": [
    "eb_x",
    "eb_y",
    "eb_z",
    "db_x",
    "db_y",
    "db_z",
    "dKg_xx",
    "dKg_yx",
    "dKg_zx",
    "dKg_xy",
    "dKg_yy",
    "dKg_zy",
    "dKg_xz",
    "dKg_yz",
    "dKg_zz",
    "dKa_xx",
    "dKa_xy",
    "dKa_xz",
    "dKa_yy",
    "dKa_yz",
    "dKa_zz",
    "Ka2_x",
    "Ka2_y",
    "Ka2_z",
    "rx_x",
    "rx_y",
    "rx_z",
    "ry_x",
    "ry_y",
    "ry_z"
  ],
  "param_errors": {
    "eb_x": {
      "true": 4.84813681109536e-07,
      "est": 4.6123355289715673e-07,
      "abs_error": 2.3580128212379315e-08,
      "pct_error": 4.863750577008109
    },
    "eb_y": {
      "true": 9.69627362219072e-07,
      "est": 9.716625876989014e-07,
      "abs_error": 2.0352254798292624e-09,
      "pct_error": 0.20989769463306823
    },
    "eb_z": {
      "true": 1.4544410433286078e-06,
      "est": 1.4454406955495817e-06,
      "abs_error": 9.000347779026077e-09,
      "pct_error": 0.618818330265766
    },
    "db_x": {
      "true": 0.00097803267715,
      "est": 0.000979469346613546,
      "abs_error": 1.4366694635460728e-06,
      "pct_error": 0.14689381010586952
    },
    "db_y": {
      "true": 0.0019560653543,
      "est": 0.00195874161908704,
      "abs_error": 2.6762647870400176e-06,
      "pct_error": 0.13681878170158324
    },
    "db_z": {
      "true": 0.00293409803145,
      "est": 0.002940632155092067,
      "abs_error": 6.534123642066951e-06,
      "pct_error": 0.22269615984295715
    },
    "dKg_xx": {
      "true": -9.99999999995449e-06,
      "est": -1.7137219599394626e-05,
      "abs_error": 7.137219599440137e-06,
      "pct_error": 71.37219599472618
    },
    "dKg_yx": {
      "true": 0.0001454441043328608,
      "est": 0.0001453849255646566,
      "abs_error": 5.9178768204186036e-08,
      "pct_error": 0.0406883238585942
    },
    "dKg_zx": {
      "true": 0.00024240684055476798,
      "est": 0.00024128743953414958,
      "abs_error": 1.1194010206184058e-06,
      "pct_error": 0.46178606926131477
    },
    "dKg_xy": {
      "true": 4.84813681109536e-05,
      "est": 4.8621708249025766e-05,
      "abs_error": 1.403401380721696e-07,
      "pct_error": 0.28947231388146816
    },
    "dKg_yy": {
      "true": -2.0000000000020002e-05,
      "est": -1.9333437030644163e-05,
      "abs_error": 6.66562969375839e-07,
      "pct_error": 3.332814846875862
    },
    "dKg_zy": {
      "true": 0.0002908882086657216,
      "est": 0.00030228953991859683,
      "abs_error": 1.140133125287525e-05,
      "pct_error": 3.91948896972213
    },
    "dKg_xz": {
      "true": 9.69627362219072e-05,
      "est": 9.679319860501627e-05,
      "abs_error": 1.695376168909244e-07,
      "pct_error": 0.17484821849800486
    },
    "dKg_yz": {
      "true": 0.0001939254724438144,
      "est": 0.00018247313725677344,
      "abs_error": 1.145233518704095e-05,
      "pct_error": 5.9055342460795135
    },
    "dKg_zz": {
      "true": -2.999999999997449e-05,
      "est": -1.7463125526973045e-05,
      "abs_error": 1.2536874473001447e-05,
      "pct_error": 41.78958157670702
    },
    "dKa_xx": {
      "true": -9.99999999995449e-06,
      "est": -9.813759369370345e-06,
      "abs_error": 1.8624063058414464e-07,
      "pct_error": 1.8624063058499223
    },
    "dKa_xy": {
      "true": 4.84813681109536e-05,
      "est": 4.336795028112307e-05,
      "abs_error": 5.113417829830525e-06,
      "pct_error": 10.547181379304412
    },
    "dKa_xz": {
      "true": 9.69627362219072e-05,
      "est": 9.635666768155669e-05,
      "abs_error": 6.060685403505063e-07,
      "pct_error": 0.6250530502392884
    },
    "dKa_yy": {
      "true": -2.0000000000020002e-05,
      "est": 1.7870041670864367e-06,
      "abs_error": 2.178700416710644e-05,
      "pct_error": 108.93502083542326
    },
    "dKa_yz": {
      "true": 0.0001939254724438144,
      "est": 0.00018246379610724475,
      "abs_error": 1.146167633656964e-05,
      "pct_error": 5.910351122073665
    },
    "dKa_zz": {
      "true": -2.999999999997449e-05,
      "est": -3.0307063113133026e-05,
      "abs_error": 3.070631131585344e-07,
      "pct_error": 1.0235437105293184
    },
    "Ka2_x": {
      "true": 1.0224607248440952e-06,
      "est": 1.0183392610329276e-06,
      "abs_error": 4.121463811167587e-09,
      "pct_error": 0.4030926285013077
    },
    "Ka2_y": {
      "true": 2.0449214496881904e-06,
      "est": -8.589463177662847e-09,
      "abs_error": 2.0535109128658533e-06,
      "pct_error": 100.42003878334656
    },
    "Ka2_z": {
      "true": 3.0673821745322856e-06,
      "est": 3.0212762101498313e-06,
      "abs_error": 4.610596438245433e-08,
      "pct_error": 1.5031046592518118
    },
    "rx_x": {
      "true": 0.01,
      "est": 0.009817272439070034,
      "abs_error": 0.00018272756092996625,
      "pct_error": 1.8272756092996625
    },
    "rx_y": {
      "true": 0.02,
      "est": 0.020075965077213407,
      "abs_error": 7.596507721340656e-05,
      "pct_error": 0.3798253860670328
    },
    "rx_z": {
      "true": 0.03,
      "est": 0.030589563381392744,
      "abs_error": 0.0005895633813927451,
      "pct_error": 1.9652112713091503
    },
    "ry_x": {
      "true": 0.04,
      "est": 0.04019735228809458,
      "abs_error": 0.00019735228809458077,
      "pct_error": 0.49338072023645196
    },
    "ry_y": {
      "true": 0.05,
      "est": 0.05000862823640969,
      "abs_error": 8.628236409687073e-06,
      "pct_error": 0.017256472819374147
    },
    "ry_z": {
      "true": 0.06,
      "est": 0.060751060474683496,
      "abs_error": 0.0007510604746834987,
      "pct_error": 1.2517674578058313
    }
  },
  "focus_scale_pct": {
    "dKg_xx": 71.37219599472618,
    "dKg_xy": 0.28947231388146816,
    "dKg_yy": 3.332814846875862,
    "dKg_zz": 41.78958157670702,
    "dKa_xx": 1.8624063058499223
  },
  "lever_guard_pct": {
    "rx_y": 0.3798253860670328,
    "ry_z": 1.2517674578058313
  },
  "overall": {
    "mean_pct_error": 12.354993176840816,
    "median_pct_error": 1.1376555841675748,
    "max_pct_error": 108.93502083542326
  },
  "extra": {
    "noise_scale": 0.08,
    "noise_config": {
      "arw_dpsh": 0.0004,
      "vrw_ugpsHz": 0.4,
      "bi_g_dph": 0.00016,
      "bi_a_ug": 0.4,
      "tau_g": 300.0,
      "tau_a": 300.0,
      "seed": 42,
      "base_family": "round53_round61_shared"
    },
    "comparison_mode": "ch3_closedloop_local_insertions",
    "candidate_name": "relay_y9_x10_z11_y10x0back2",
    "method_key": "markov42_noisy",
    "legality": "faithful12_base_plus_closed_loop_local_insertions",
    "time_total_s": 1300.0
  }
}