{
  "variant": "late11_yneg_xpair_d8_then_zbipolar_y10_x0_markov42_noisy_noise0p08",
  "method_file": "search_ch3_12pos_closedloop_local_insertions.py",
  "source_file": "/root/.openclaw/workspace/tmp_psins_py/psins_py/test_calibration_markov_pruned.py",
  "param_order": [
    "eb_x",
    "eb_y",
    "eb_z",
    "db_x",
    "db_y",
    "db_z",
    "dKg_xx",
    "dKg_yx",
    "dKg_zx",
    "dKg_xy",
    "dKg_yy",
    "dKg_zy",
    "dKg_xz",
    "dKg_yz",
    "dKg_zz",
    "dKa_xx",
    "dKa_xy",
    "dKa_xz",
    "dKa_yy",
    "dKa_yz",
    "dKa_zz",
    "Ka2_x",
    "Ka2_y",
    "Ka2_z",
    "rx_x",
    "rx_y",
    "rx_z",
    "ry_x",
    "ry_y",
    "ry_z"
  ],
  "param_errors": {
    "eb_x": {
      "true": 4.84813681109536e-07,
      "est": 4.5865229346107127e-07,
      "abs_error": 2.616138764846478e-08,
      "pct_error": 5.396173554465767
    },
    "eb_y": {
      "true": 9.69627362219072e-07,
      "est": 9.73844065150369e-07,
      "abs_error": 4.216702931296971e-09,
      "pct_error": 0.43487870656276645
    },
    "eb_z": {
      "true": 1.4544410433286078e-06,
      "est": 1.4457514654924925e-06,
      "abs_error": 8.689577836115336e-09,
      "pct_error": 0.5974513629117976
    },
    "db_x": {
      "true": 0.00097803267715,
      "est": 0.0009778188669413092,
      "abs_error": 2.1381020869071232e-07,
      "pct_error": 0.0218612540956973
    },
    "db_y": {
      "true": 0.0019560653543,
      "est": 0.0019582625455800695,
      "abs_error": 2.1971912800696977e-06,
      "pct_error": 0.11232708944205945
    },
    "db_z": {
      "true": 0.00293409803145,
      "est": 0.0029414176339794492,
      "abs_error": 7.319602529449066e-06,
      "pct_error": 0.2494668702610388
    },
    "dKg_xx": {
      "true": -9.99999999995449e-06,
      "est": -1.221294947839624e-05,
      "abs_error": 2.2129494784417503e-06,
      "pct_error": 22.129494784518215
    },
    "dKg_yx": {
      "true": 0.0001454441043328608,
      "est": 0.00014547175124581666,
      "abs_error": 2.7646912955866815e-08,
      "pct_error": 0.01900861714724069
    },
    "dKg_zx": {
      "true": 0.00024240684055476798,
      "est": 0.00024145024958806803,
      "abs_error": 9.565909666999558e-07,
      "pct_error": 0.394622100808178
    },
    "dKg_xy": {
      "true": 4.84813681109536e-05,
      "est": 4.843615337736582e-05,
      "abs_error": 4.521473358777393e-08,
      "pct_error": 0.0932620826299627
    },
    "dKg_yy": {
      "true": -2.0000000000020002e-05,
      "est": -1.9635635369663618e-05,
      "abs_error": 3.643646303563841e-07,
      "pct_error": 1.8218231517800985
    },
    "dKg_zy": {
      "true": 0.0002908882086657216,
      "est": 0.00030340966632447816,
      "abs_error": 1.2521457658756579e-05,
      "pct_error": 4.304560063191078
    },
    "dKg_xz": {
      "true": 9.69627362219072e-05,
      "est": 9.720499722576071e-05,
      "abs_error": 2.4226100385351475e-07,
      "pct_error": 0.24984959510536142
    },
    "dKg_yz": {
      "true": 0.0001939254724438144,
      "est": 0.00018075649432849173,
      "abs_error": 1.3168978115322657e-05,
      "pct_error": 6.790741798573201
    },
    "dKg_zz": {
      "true": -2.999999999997449e-05,
      "est": -1.066421557061048e-06,
      "abs_error": 2.8933578442913443e-05,
      "pct_error": 96.44526147646016
    },
    "dKa_xx": {
      "true": -9.99999999995449e-06,
      "est": -9.627966242486963e-06,
      "abs_error": 3.72033757467527e-07,
      "pct_error": 3.7203375746922016
    },
    "dKa_xy": {
      "true": 4.84813681109536e-05,
      "est": 4.518246074418588e-05,
      "abs_error": 3.298907366767715e-06,
      "pct_error": 6.804484888334615
    },
    "dKa_xz": {
      "true": 9.69627362219072e-05,
      "est": 9.632065518276638e-05,
      "abs_error": 6.420810391408096e-07,
      "pct_error": 0.6621936056665669
    },
    "dKa_yy": {
      "true": -2.0000000000020002e-05,
      "est": -1.4115114310708776e-06,
      "abs_error": 1.8588488568949124e-05,
      "pct_error": 92.94244284465267
    },
    "dKa_yz": {
      "true": 0.0001939254724438144,
      "est": 0.0001813355000474725,
      "abs_error": 1.2589972396341884e-05,
      "pct_error": 6.492170542469376
    },
    "dKa_zz": {
      "true": -2.999999999997449e-05,
      "est": -3.0048327591680746e-05,
      "abs_error": 4.8327591706254225e-08,
      "pct_error": 0.16109197235431771
    },
    "Ka2_x": {
      "true": 1.0224607248440952e-06,
      "est": 1.0581580888745875e-06,
      "abs_error": 3.5697364030492235e-08,
      "pct_error": 3.4913188509940434
    },
    "Ka2_y": {
      "true": 2.0449214496881904e-06,
      "est": 6.041670317411923e-09,
      "abs_error": 2.0388797793707786e-06,
      "pct_error": 99.7045524502502
    },
    "Ka2_z": {
      "true": 3.0673821745322856e-06,
      "est": 3.0094573561850755e-06,
      "abs_error": 5.792481834721017e-08,
      "pct_error": 1.888412172051647
    },
    "rx_x": {
      "true": 0.01,
      "est": 0.009957801997429919,
      "abs_error": 4.2198002570081536e-05,
      "pct_error": 0.4219800257008154
    },
    "rx_y": {
      "true": 0.02,
      "est": 0.019704669446861854,
      "abs_error": 0.0002953305531381463,
      "pct_error": 1.4766527656907316
    },
    "rx_z": {
      "true": 0.03,
      "est": 0.030392207402565572,
      "abs_error": 0.0003922074025655732,
      "pct_error": 1.3073580085519108
    },
    "ry_x": {
      "true": 0.04,
      "est": 0.040411189177024534,
      "abs_error": 0.0004111891770245332,
      "pct_error": 1.027972942561333
    },
    "ry_y": {
      "true": 0.05,
      "est": 0.04981358700862962,
      "abs_error": 0.00018641299137038547,
      "pct_error": 0.37282598274077094
    },
    "ry_z": {
      "true": 0.06,
      "est": 0.060710322921661494,
      "abs_error": 0.0007103229216614965,
      "pct_error": 1.1838715361024943
    }
  },
  "focus_scale_pct": {
    "dKg_xx": 22.129494784518215,
    "dKg_xy": 0.0932620826299627,
    "dKg_yy": 1.8218231517800985,
    "dKg_zz": 96.44526147646016,
    "dKa_xx": 3.7203375746922016
  },
  "lever_guard_pct": {
    "rx_y": 1.4766527656907316,
    "ry_z": 1.1838715361024943
  },
  "overall": {
    "mean_pct_error": 12.023948289025544,
    "median_pct_error": 1.2456147723272024,
    "max_pct_error": 99.7045524502502
  },
  "extra": {
    "noise_scale": 0.08,
    "noise_config": {
      "arw_dpsh": 0.0004,
      "vrw_ugpsHz": 0.4,
      "bi_g_dph": 0.00016,
      "bi_a_ug": 0.4,
      "tau_g": 300.0,
      "tau_a": 300.0,
      "seed": 42,
      "base_family": "round53_round61_shared"
    },
    "comparison_mode": "ch3_closedloop_local_insertions",
    "candidate_name": "late11_yneg_xpair_d8_then_zbipolar_y10_x0",
    "method_key": "markov42_noisy",
    "legality": "faithful12_base_plus_closed_loop_local_insertions",
    "time_total_s": 1276.0
  }
}