{
  "variant": "y7_small_neg_noise0p08",
  "method_file": "ad-hoc targeted probe",
  "source_file": "/root/.openclaw/workspace/tmp_psins_py/psins_py/test_calibration_markov_pruned.py",
  "param_order": [
    "eb_x",
    "eb_y",
    "eb_z",
    "db_x",
    "db_y",
    "db_z",
    "dKg_xx",
    "dKg_yx",
    "dKg_zx",
    "dKg_xy",
    "dKg_yy",
    "dKg_zy",
    "dKg_xz",
    "dKg_yz",
    "dKg_zz",
    "dKa_xx",
    "dKa_xy",
    "dKa_xz",
    "dKa_yy",
    "dKa_yz",
    "dKa_zz",
    "Ka2_x",
    "Ka2_y",
    "Ka2_z",
    "rx_x",
    "rx_y",
    "rx_z",
    "ry_x",
    "ry_y",
    "ry_z"
  ],
  "param_errors": {
    "eb_x": {
      "true": 4.84813681109536e-07,
      "est": 4.773611312030367e-07,
      "abs_error": 7.452549906499384e-09,
      "pct_error": 1.5371987625109114
    },
    "eb_y": {
      "true": 9.69627362219072e-07,
      "est": 9.574318413819379e-07,
      "abs_error": 1.219552083713422e-08,
      "pct_error": 1.257753371276958
    },
    "eb_z": {
      "true": 1.4544410433286078e-06,
      "est": 1.4368856369763265e-06,
      "abs_error": 1.7555406352281285e-08,
      "pct_error": 1.207020829947448
    },
    "db_x": {
      "true": 0.00097803267715,
      "est": 0.000968526768294903,
      "abs_error": 9.505908855096906e-06,
      "pct_error": 0.9719418458284288
    },
    "db_y": {
      "true": 0.0019560653543,
      "est": 0.001961632010206437,
      "abs_error": 5.566655906437054e-06,
      "pct_error": 0.28458435165266477
    },
    "db_z": {
      "true": 0.00293409803145,
      "est": 0.0029554454273921097,
      "abs_error": 2.1347395942109514e-05,
      "pct_error": 0.7275624642834396
    },
    "dKg_xx": {
      "true": -9.99999999995449e-06,
      "est": -2.0462320566627668e-05,
      "abs_error": 1.0462320566673178e-05,
      "pct_error": 104.62320566720793
    },
    "dKg_yx": {
      "true": 0.0001454441043328608,
      "est": 0.00014447778563119457,
      "abs_error": 9.663187016662172e-07,
      "pct_error": 0.6643917992404267
    },
    "dKg_zx": {
      "true": 0.00024240684055476798,
      "est": 0.0002399453639359228,
      "abs_error": 2.4614766188451828e-06,
      "pct_error": 1.015431995735719
    },
    "dKg_xy": {
      "true": 4.84813681109536e-05,
      "est": 4.890420095765474e-05,
      "abs_error": 4.2283284670114035e-07,
      "pct_error": 0.8721553519971892
    },
    "dKg_yy": {
      "true": -2.0000000000020002e-05,
      "est": -2.1358372101376588e-05,
      "abs_error": 1.3583721013565864e-06,
      "pct_error": 6.79186050677614
    },
    "dKg_zy": {
      "true": 0.0002908882086657216,
      "est": 0.0002989883993285177,
      "abs_error": 8.100190662796132e-06,
      "pct_error": 2.784640429376972
    },
    "dKg_xz": {
      "true": 9.69627362219072e-05,
      "est": 9.779871845711371e-05,
      "abs_error": 8.359822352065153e-07,
      "pct_error": 0.862168568854432
    },
    "dKg_yz": {
      "true": 0.0001939254724438144,
      "est": 0.00018677340928802377,
      "abs_error": 7.152063155790617e-06,
      "pct_error": 3.6880473027403706
    },
    "dKg_zz": {
      "true": -2.999999999997449e-05,
      "est": -1.063313149884948e-05,
      "abs_error": 1.9366868501125012e-05,
      "pct_error": 64.55622833713826
    },
    "dKa_xx": {
      "true": -9.99999999995449e-06,
      "est": -1.0027353418262663e-05,
      "abs_error": 2.7353418308173616e-08,
      "pct_error": 0.27353418308298105
    },
    "dKa_xy": {
      "true": 4.84813681109536e-05,
      "est": 5.9843202371578204e-05,
      "abs_error": 1.1361834260624608e-05,
      "pct_error": 23.435465423793563
    },
    "dKa_xz": {
      "true": 9.69627362219072e-05,
      "est": 9.796866463233758e-05,
      "abs_error": 1.0059284104303837e-06,
      "pct_error": 1.0374381433793636
    },
    "dKa_yy": {
      "true": -2.0000000000020002e-05,
      "est": -2.7082925473376207e-06,
      "abs_error": 1.729170745268238e-05,
      "pct_error": 86.45853726332544
    },
    "dKa_yz": {
      "true": 0.0001939254724438144,
      "est": 0.0001872670113374688,
      "abs_error": 6.658461106345587e-06,
      "pct_error": 3.4335154750104984
    },
    "dKa_zz": {
      "true": -2.999999999997449e-05,
      "est": -2.997416011885079e-05,
      "abs_error": 2.5839881123701502e-08,
      "pct_error": 0.08613293707907825
    },
    "Ka2_x": {
      "true": 1.0224607248440952e-06,
      "est": 1.112986577388067e-06,
      "abs_error": 9.052585254397175e-08,
      "pct_error": 8.853724191486684
    },
    "Ka2_y": {
      "true": 2.0449214496881904e-06,
      "est": 1.920007929681642e-09,
      "abs_error": 2.043001441758509e-06,
      "pct_error": 99.90610847521921
    },
    "Ka2_z": {
      "true": 3.0673821745322856e-06,
      "est": 2.8661289950271226e-06,
      "abs_error": 2.01253179505163e-07,
      "pct_error": 6.561072864546137
    },
    "rx_x": {
      "true": 0.01,
      "est": 0.010608106545136114,
      "abs_error": 0.000608106545136114,
      "pct_error": 6.081065451361139
    },
    "rx_y": {
      "true": 0.02,
      "est": 0.02028023838192047,
      "abs_error": 0.00028023838192046957,
      "pct_error": 1.401191909602348
    },
    "rx_z": {
      "true": 0.03,
      "est": 0.031232247372630625,
      "abs_error": 0.0012322473726306266,
      "pct_error": 4.107491242102089
    },
    "ry_x": {
      "true": 0.04,
      "est": 0.0407396873293774,
      "abs_error": 0.0007396873293773962,
      "pct_error": 1.8492183234434905
    },
    "ry_y": {
      "true": 0.05,
      "est": 0.05024973632627599,
      "abs_error": 0.0002497363262759858,
      "pct_error": 0.4994726525519716
    },
    "ry_z": {
      "true": 0.06,
      "est": 0.05995948486961603,
      "abs_error": 4.0515130383965425e-05,
      "pct_error": 0.06752521730660904
    }
  },
  "focus_scale_pct": {
    "dKg_xx": 104.62320566720793,
    "dKg_xy": 0.8721553519971892,
    "dKg_yy": 6.79186050677614,
    "dKg_zz": 64.55622833713826,
    "dKa_xx": 0.27353418308298105
  },
  "lever_guard_pct": {
    "rx_y": 1.401191909602348,
    "ry_z": 0.06752521730660904
  },
  "overall": {
    "mean_pct_error": 14.529856177928597,
    "median_pct_error": 1.4691953360566297,
    "max_pct_error": 104.62320566720793
  },
  "extra": {
    "noise_scale": 0.08,
    "noise_config": {
      "arw_dpsh": 0.0004,
      "vrw_ugpsHz": 0.4,
      "bi_g_dph": 0.00016,
      "bi_a_ug": 0.4,
      "tau_g": 300.0,
      "tau_a": 300.0,
      "seed": 42,
      "base_family": "round53_round61_shared"
    },
    "candidate_name": "y7_small_neg"
  }
}