{
  "variant": "z11_large_pos_noise0p08",
  "method_file": "ad-hoc targeted probe",
  "source_file": "/root/.openclaw/workspace/tmp_psins_py/psins_py/test_calibration_markov_pruned.py",
  "param_order": [
    "eb_x",
    "eb_y",
    "eb_z",
    "db_x",
    "db_y",
    "db_z",
    "dKg_xx",
    "dKg_yx",
    "dKg_zx",
    "dKg_xy",
    "dKg_yy",
    "dKg_zy",
    "dKg_xz",
    "dKg_yz",
    "dKg_zz",
    "dKa_xx",
    "dKa_xy",
    "dKa_xz",
    "dKa_yy",
    "dKa_yz",
    "dKa_zz",
    "Ka2_x",
    "Ka2_y",
    "Ka2_z",
    "rx_x",
    "rx_y",
    "rx_z",
    "ry_x",
    "ry_y",
    "ry_z"
  ],
  "param_errors": {
    "eb_x": {
      "true": 4.84813681109536e-07,
      "est": 4.7244073076220897e-07,
      "abs_error": 1.2372950347327083e-08,
      "pct_error": 2.552104206096364
    },
    "eb_y": {
      "true": 9.69627362219072e-07,
      "est": 9.638781817863176e-07,
      "abs_error": 5.749180432754531e-09,
      "pct_error": 0.5929267940208555
    },
    "eb_z": {
      "true": 1.4544410433286078e-06,
      "est": 1.4403151235556878e-06,
      "abs_error": 1.412591977292e-08,
      "pct_error": 0.9712267016744571
    },
    "db_x": {
      "true": 0.00097803267715,
      "est": 0.0009736439899326834,
      "abs_error": 4.3886872173164995e-06,
      "pct_error": 0.44872603133314437
    },
    "db_y": {
      "true": 0.0019560653543,
      "est": 0.0019603409219389463,
      "abs_error": 4.275567638946463e-06,
      "pct_error": 0.2185799993618579
    },
    "db_z": {
      "true": 0.00293409803145,
      "est": 0.0029461642229961322,
      "abs_error": 1.2066191546132067e-05,
      "pct_error": 0.4112402318121962
    },
    "dKg_xx": {
      "true": -9.99999999995449e-06,
      "est": -1.1983276118288089e-05,
      "abs_error": 1.983276118333599e-06,
      "pct_error": 19.832761183426246
    },
    "dKg_yx": {
      "true": 0.0001454441043328608,
      "est": 0.00014493316795944204,
      "abs_error": 5.109363734187512e-07,
      "pct_error": 0.351293973559376
    },
    "dKg_zx": {
      "true": 0.00024240684055476798,
      "est": 0.0002412167941020254,
      "abs_error": 1.190046452742593e-06,
      "pct_error": 0.4909294019999905
    },
    "dKg_xy": {
      "true": 4.84813681109536e-05,
      "est": 4.8806293016578076e-05,
      "abs_error": 3.2492490562447936e-07,
      "pct_error": 0.6702057270348931
    },
    "dKg_yy": {
      "true": -2.0000000000020002e-05,
      "est": -2.0231111037771754e-05,
      "abs_error": 2.3111103775175224e-07,
      "pct_error": 1.1555551887576054
    },
    "dKg_zy": {
      "true": 0.0002908882086657216,
      "est": 0.00029756090582482833,
      "abs_error": 6.67269715910675e-06,
      "pct_error": 2.293904311114507
    },
    "dKg_xz": {
      "true": 9.69627362219072e-05,
      "est": 9.71628419770899e-05,
      "abs_error": 2.0010575518270566e-07,
      "pct_error": 0.2063738741084484
    },
    "dKg_yz": {
      "true": 0.0001939254724438144,
      "est": 0.00018785856796572524,
      "abs_error": 6.066904478089152e-06,
      "pct_error": 3.12847219173175
    },
    "dKg_zz": {
      "true": -2.999999999997449e-05,
      "est": -7.045404231353913e-06,
      "abs_error": 2.2954595768620578e-05,
      "pct_error": 76.51531922880032
    },
    "dKa_xx": {
      "true": -9.99999999995449e-06,
      "est": -1.0048230568271421e-05,
      "abs_error": 4.823056831693151e-08,
      "pct_error": 0.48230568317151007
    },
    "dKa_xy": {
      "true": 4.84813681109536e-05,
      "est": 5.411173052747899e-05,
      "abs_error": 5.630362416525391e-06,
      "pct_error": 11.61345612945543
    },
    "dKa_xz": {
      "true": 9.69627362219072e-05,
      "est": 9.689507827925223e-05,
      "abs_error": 6.765794265495924e-08,
      "pct_error": 0.06977726216401162
    },
    "dKa_yy": {
      "true": -2.0000000000020002e-05,
      "est": -2.9119098958751977e-06,
      "abs_error": 1.7088090104144804e-05,
      "pct_error": 85.44045052063858
    },
    "dKa_yz": {
      "true": 0.0001939254724438144,
      "est": 0.0001885378752510817,
      "abs_error": 5.387597192732692e-06,
      "pct_error": 2.778179227741022
    },
    "dKa_zz": {
      "true": -2.999999999997449e-05,
      "est": -2.994005876333361e-05,
      "abs_error": 5.994123664088136e-08,
      "pct_error": 0.19980412213644105
    },
    "Ka2_x": {
      "true": 1.0224607248440952e-06,
      "est": 1.0559024183851129e-06,
      "abs_error": 3.344169354101764e-08,
      "pct_error": 3.2707069062351346
    },
    "Ka2_y": {
      "true": 2.0449214496881904e-06,
      "est": 1.3008897435048781e-09,
      "abs_error": 2.0436205599446856e-06,
      "pct_error": 99.93638436607415
    },
    "Ka2_z": {
      "true": 3.0673821745322856e-06,
      "est": 2.970847759872382e-06,
      "abs_error": 9.653441465990384e-08,
      "pct_error": 3.1471270668977986
    },
    "rx_x": {
      "true": 0.01,
      "est": 0.010330280015893267,
      "abs_error": 0.0003302800158932664,
      "pct_error": 3.302800158932664
    },
    "rx_y": {
      "true": 0.02,
      "est": 0.020004640323345483,
      "abs_error": 4.640323345482533e-06,
      "pct_error": 0.023201616727412666
    },
    "rx_z": {
      "true": 0.03,
      "est": 0.02997594865338737,
      "abs_error": 2.4051346612628116e-05,
      "pct_error": 0.08017115537542706
    },
    "ry_x": {
      "true": 0.04,
      "est": 0.04059082168015023,
      "abs_error": 0.0005908216801502261,
      "pct_error": 1.4770542003755653
    },
    "ry_y": {
      "true": 0.05,
      "est": 0.05021732336282603,
      "abs_error": 0.0002173233628260246,
      "pct_error": 0.4346467256520492
    },
    "ry_z": {
      "true": 0.06,
      "est": 0.06001971164631596,
      "abs_error": 1.971164631596467e-05,
      "pct_error": 0.03285274385994112
    }
  },
  "focus_scale_pct": {
    "dKg_xx": 19.832761183426246,
    "dKg_xy": 0.6702057270348931,
    "dKg_yy": 1.1555551887576054,
    "dKg_zz": 76.51531922880032,
    "dKa_xx": 0.48230568317151007
  },
  "lever_guard_pct": {
    "rx_y": 0.023201616727412666,
    "ry_z": 0.03285274385994112
  },
  "overall": {
    "mean_pct_error": 10.737617897675639,
    "median_pct_error": 0.8207162143546751,
    "max_pct_error": 99.93638436607415
  },
  "extra": {
    "noise_scale": 0.08,
    "noise_config": {
      "arw_dpsh": 0.0004,
      "vrw_ugpsHz": 0.4,
      "bi_g_dph": 0.00016,
      "bi_a_ug": 0.4,
      "tau_g": 300.0,
      "tau_a": 300.0,
      "seed": 42,
      "base_family": "round53_round61_shared"
    },
    "candidate_name": "z11_large_pos"
  }
}