{
  "variant": "twoanchor_l10_zpair_neg6_plus_l11_y9x1_markov42_noisy_noise0p08",
  "method_file": "search_ch3_12pos_closedloop_local_insertions.py",
  "source_file": "/root/.openclaw/workspace/tmp_psins_py/psins_py/test_calibration_markov_pruned.py",
  "param_order": [
    "eb_x",
    "eb_y",
    "eb_z",
    "db_x",
    "db_y",
    "db_z",
    "dKg_xx",
    "dKg_yx",
    "dKg_zx",
    "dKg_xy",
    "dKg_yy",
    "dKg_zy",
    "dKg_xz",
    "dKg_yz",
    "dKg_zz",
    "dKa_xx",
    "dKa_xy",
    "dKa_xz",
    "dKa_yy",
    "dKa_yz",
    "dKa_zz",
    "Ka2_x",
    "Ka2_y",
    "Ka2_z",
    "rx_x",
    "rx_y",
    "rx_z",
    "ry_x",
    "ry_y",
    "ry_z"
  ],
  "param_errors": {
    "eb_x": {
      "true": 4.84813681109536e-07,
      "est": 4.624602166756557e-07,
      "abs_error": 2.235346443388035e-08,
      "pct_error": 4.610733010405689
    },
    "eb_y": {
      "true": 9.69627362219072e-07,
      "est": 9.716870860176463e-07,
      "abs_error": 2.059723798574253e-09,
      "pct_error": 0.21242426511772577
    },
    "eb_z": {
      "true": 1.4544410433286078e-06,
      "est": 1.4439305766800305e-06,
      "abs_error": 1.0510466648577365e-08,
      "pct_error": 0.7226464556117929
    },
    "db_x": {
      "true": 0.00097803267715,
      "est": 0.0009795448176308501,
      "abs_error": 1.5121404808502142e-06,
      "pct_error": 0.15461042521162088
    },
    "db_y": {
      "true": 0.0019560653543,
      "est": 0.0019594050826786035,
      "abs_error": 3.339728378603732e-06,
      "pct_error": 0.17073705493847835
    },
    "db_z": {
      "true": 0.00293409803145,
      "est": 0.0029407487468326114,
      "abs_error": 6.650715382611194e-06,
      "pct_error": 0.22666984236121385
    },
    "dKg_xx": {
      "true": -9.99999999995449e-06,
      "est": -1.1615240583351394e-05,
      "abs_error": 1.6152405833969041e-06,
      "pct_error": 16.15240583404255
    },
    "dKg_yx": {
      "true": 0.0001454441043328608,
      "est": 0.00014532414354588043,
      "abs_error": 1.1996078698036055e-07,
      "pct_error": 0.08247896161251089
    },
    "dKg_zx": {
      "true": 0.00024240684055476798,
      "est": 0.00024150920001981987,
      "abs_error": 8.976405349481089e-07,
      "pct_error": 0.37030330204122325
    },
    "dKg_xy": {
      "true": 4.84813681109536e-05,
      "est": 4.867100523633054e-05,
      "abs_error": 1.8963712537694633e-07,
      "pct_error": 0.39115464923132154
    },
    "dKg_yy": {
      "true": -2.0000000000020002e-05,
      "est": -1.9249738456794674e-05,
      "abs_error": 7.502615432253279e-07,
      "pct_error": 3.751307716122888
    },
    "dKg_zy": {
      "true": 0.0002908882086657216,
      "est": 0.0002997517183413825,
      "abs_error": 8.863509675660901e-06,
      "pct_error": 3.0470501765324327
    },
    "dKg_xz": {
      "true": 9.69627362219072e-05,
      "est": 9.707710839967272e-05,
      "abs_error": 1.1437217776552751e-07,
      "pct_error": 0.11795477543432498
    },
    "dKg_yz": {
      "true": 0.0001939254724438144,
      "est": 0.00018483909456229328,
      "abs_error": 9.086377881521105e-06,
      "pct_error": 4.685499933049632
    },
    "dKg_zz": {
      "true": -2.999999999997449e-05,
      "est": -1.1597278024577662e-05,
      "abs_error": 1.840272197539683e-05,
      "pct_error": 61.34240658470825
    },
    "dKa_xx": {
      "true": -9.99999999995449e-06,
      "est": -9.684432141554566e-06,
      "abs_error": 3.155678583999233e-07,
      "pct_error": 3.1556785840135944
    },
    "dKa_xy": {
      "true": 4.84813681109536e-05,
      "est": 4.259969243685281e-05,
      "abs_error": 5.88167567410079e-06,
      "pct_error": 12.131826933266593
    },
    "dKa_xz": {
      "true": 9.69627362219072e-05,
      "est": 9.63914018715253e-05,
      "abs_error": 5.713343503818994e-07,
      "pct_error": 0.5892308454191658
    },
    "dKa_yy": {
      "true": -2.0000000000020002e-05,
      "est": -2.759354648995682e-06,
      "abs_error": 1.724064535102432e-05,
      "pct_error": 86.20322675503539
    },
    "dKa_yz": {
      "true": 0.0001939254724438144,
      "est": 0.00018507463191490638,
      "abs_error": 8.850840528908002e-06,
      "pct_error": 4.564042267047892
    },
    "dKa_zz": {
      "true": -2.999999999997449e-05,
      "est": -3.0310094576213586e-05,
      "abs_error": 3.10094576239095e-07,
      "pct_error": 1.0336485874645287
    },
    "Ka2_x": {
      "true": 1.0224607248440952e-06,
      "est": 1.0379482532067335e-06,
      "abs_error": 1.5487528362638278e-08,
      "pct_error": 1.5147308826947672
    },
    "Ka2_y": {
      "true": 2.0449214496881904e-06,
      "est": 6.366942489212601e-09,
      "abs_error": 2.038554507198978e-06,
      "pct_error": 99.68864610960077
    },
    "Ka2_z": {
      "true": 3.0673821745322856e-06,
      "est": 3.0271429855099873e-06,
      "abs_error": 4.023918902229837e-08,
      "pct_error": 1.3118413921941123
    },
    "rx_x": {
      "true": 0.01,
      "est": 0.01001883435743631,
      "abs_error": 1.8834357436310276e-05,
      "pct_error": 0.18834357436310276
    },
    "rx_y": {
      "true": 0.02,
      "est": 0.0199549014402434,
      "abs_error": 4.509855975659907e-05,
      "pct_error": 0.22549279878299536
    },
    "rx_z": {
      "true": 0.03,
      "est": 0.030455892834587068,
      "abs_error": 0.000455892834587069,
      "pct_error": 1.5196427819568967
    },
    "ry_x": {
      "true": 0.04,
      "est": 0.040522804785054704,
      "abs_error": 0.0005228047850547035,
      "pct_error": 1.307011962636759
    },
    "ry_y": {
      "true": 0.05,
      "est": 0.04995677725598251,
      "abs_error": 4.322274401749593e-05,
      "pct_error": 0.08644548803499186
    },
    "ry_z": {
      "true": 0.06,
      "est": 0.06072688563034124,
      "abs_error": 0.000726885630341241,
      "pct_error": 1.2114760505687352
    }
  },
  "focus_scale_pct": {
    "dKg_xx": 16.15240583404255,
    "dKg_xy": 0.39115464923132154,
    "dKg_yy": 3.751307716122888,
    "dKg_zz": 61.34240658470825,
    "dKa_xx": 3.1556785840135944
  },
  "lever_guard_pct": {
    "rx_y": 0.22549279878299536,
    "ry_z": 1.2114760505687352
  },
  "overall": {
    "mean_pct_error": 10.358988933316734,
    "median_pct_error": 1.259244006602747,
    "max_pct_error": 99.68864610960077
  },
  "extra": {
    "noise_scale": 0.08,
    "noise_config": {
      "arw_dpsh": 0.0004,
      "vrw_ugpsHz": 0.4,
      "bi_g_dph": 0.00016,
      "bi_a_ug": 0.4,
      "tau_g": 300.0,
      "tau_a": 300.0,
      "seed": 42,
      "base_family": "round53_round61_shared"
    },
    "comparison_mode": "ch3_closedloop_local_insertions",
    "candidate_name": "twoanchor_l10_zpair_neg6_plus_l11_y9x1",
    "method_key": "markov42_noisy",
    "legality": "faithful12_base_plus_closed_loop_local_insertions",
    "time_total_s": 1302.0
  }
}