{
  "variant": "zseed_l5_neg5p5_plus_relaymax_unified_l9y2p5_markov42_noisy_noise0p08",
  "method_file": "search_ch3_12pos_closedloop_local_insertions.py",
  "source_file": "/root/.openclaw/workspace/tmp_psins_py/psins_py/test_calibration_markov_pruned.py",
  "param_order": [
    "eb_x",
    "eb_y",
    "eb_z",
    "db_x",
    "db_y",
    "db_z",
    "dKg_xx",
    "dKg_yx",
    "dKg_zx",
    "dKg_xy",
    "dKg_yy",
    "dKg_zy",
    "dKg_xz",
    "dKg_yz",
    "dKg_zz",
    "dKa_xx",
    "dKa_xy",
    "dKa_xz",
    "dKa_yy",
    "dKa_yz",
    "dKa_zz",
    "Ka2_x",
    "Ka2_y",
    "Ka2_z",
    "rx_x",
    "rx_y",
    "rx_z",
    "ry_x",
    "ry_y",
    "ry_z"
  ],
  "param_errors": {
    "eb_x": {
      "true": 4.84813681109536e-07,
      "est": 4.6278885572645014e-07,
      "abs_error": 2.202482538308591e-08,
      "pct_error": 4.542946340268345
    },
    "eb_y": {
      "true": 9.69627362219072e-07,
      "est": 9.700355901312064e-07,
      "abs_error": 4.082279121343269e-10,
      "pct_error": 0.04210152560052181
    },
    "eb_z": {
      "true": 1.4544410433286078e-06,
      "est": 1.4473214476417154e-06,
      "abs_error": 7.119595686892409e-09,
      "pct_error": 0.4895073416381753
    },
    "db_x": {
      "true": 0.00097803267715,
      "est": 0.000980543986007763,
      "abs_error": 2.5113088577631126e-06,
      "pct_error": 0.2567714675015869
    },
    "db_y": {
      "true": 0.0019560653543,
      "est": 0.0019616299054817433,
      "abs_error": 5.564551181743479e-06,
      "pct_error": 0.2844767517358752
    },
    "db_z": {
      "true": 0.00293409803145,
      "est": 0.0029432270900244233,
      "abs_error": 9.129058574423171e-06,
      "pct_error": 0.31113679490496393
    },
    "dKg_xx": {
      "true": -9.99999999995449e-06,
      "est": -1.2852919833772347e-05,
      "abs_error": 2.8529198338178574e-06,
      "pct_error": 28.529198338308408
    },
    "dKg_yx": {
      "true": 0.0001454441043328608,
      "est": 0.00014511937805158513,
      "abs_error": 3.247262812756588e-07,
      "pct_error": 0.2232653449688796
    },
    "dKg_zx": {
      "true": 0.00024240684055476798,
      "est": 0.00024174175661088705,
      "abs_error": 6.650839438809343e-07,
      "pct_error": 0.27436682164531123
    },
    "dKg_xy": {
      "true": 4.84813681109536e-05,
      "est": 4.8820429105839664e-05,
      "abs_error": 3.390609948860672e-07,
      "pct_error": 0.6993635041612238
    },
    "dKg_yy": {
      "true": -2.0000000000020002e-05,
      "est": -1.9503646364604776e-05,
      "abs_error": 4.963536354152254e-07,
      "pct_error": 2.481768177073645
    },
    "dKg_zy": {
      "true": 0.0002908882086657216,
      "est": 0.00028973947992069093,
      "abs_error": 1.1487287450306525e-06,
      "pct_error": 0.3949038533736962
    },
    "dKg_xz": {
      "true": 9.69627362219072e-05,
      "est": 9.70402696447455e-05,
      "abs_error": 7.753342283830936e-08,
      "pct_error": 0.07996208219709038
    },
    "dKg_yz": {
      "true": 0.0001939254724438144,
      "est": 0.00019523683311224458,
      "abs_error": 1.3113606684301952e-06,
      "pct_error": 0.6762188854845425
    },
    "dKg_zz": {
      "true": -2.999999999997449e-05,
      "est": -2.010605797075904e-05,
      "abs_error": 9.893942029215452e-06,
      "pct_error": 32.97980676407955
    },
    "dKa_xx": {
      "true": -9.99999999995449e-06,
      "est": -9.568607100884918e-06,
      "abs_error": 4.3139289906957146e-07,
      "pct_error": 4.313928990715348
    },
    "dKa_xy": {
      "true": 4.84813681109536e-05,
      "est": 5.070551496484759e-05,
      "abs_error": 2.2241468538939925e-06,
      "pct_error": 4.587632198835333
    },
    "dKa_xz": {
      "true": 9.69627362219072e-05,
      "est": 9.66006887197595e-05,
      "abs_error": 3.620475021476902e-07,
      "pct_error": 0.3733882894136926
    },
    "dKa_yy": {
      "true": -2.0000000000020002e-05,
      "est": -2.398041390572203e-06,
      "abs_error": 1.76019586094478e-05,
      "pct_error": 88.00979304715098
    },
    "dKa_yz": {
      "true": 0.0001939254724438144,
      "est": 0.00019518302034318585,
      "abs_error": 1.2575478993714668e-06,
      "pct_error": 0.6484696845257465
    },
    "dKa_zz": {
      "true": -2.999999999997449e-05,
      "est": -3.0464287661846612e-05,
      "abs_error": 4.6428766187212034e-07,
      "pct_error": 1.5476255395750502
    },
    "Ka2_x": {
      "true": 1.0224607248440952e-06,
      "est": 1.0324790263552342e-06,
      "abs_error": 1.0018301511138972e-08,
      "pct_error": 0.979822624743514
    },
    "Ka2_y": {
      "true": 2.0449214496881904e-06,
      "est": 8.636495060833677e-09,
      "abs_error": 2.036284954627357e-06,
      "pct_error": 99.577661280723
    },
    "Ka2_z": {
      "true": 3.0673821745322856e-06,
      "est": 2.9872945806580934e-06,
      "abs_error": 8.008759387419229e-08,
      "pct_error": 2.610942794775941
    },
    "rx_x": {
      "true": 0.01,
      "est": 0.00982578148351448,
      "abs_error": 0.00017421851648551957,
      "pct_error": 1.7421851648551958
    },
    "rx_y": {
      "true": 0.02,
      "est": 0.019952815985687367,
      "abs_error": 4.718401431263314e-05,
      "pct_error": 0.2359200715631657
    },
    "rx_z": {
      "true": 0.03,
      "est": 0.030612020720118184,
      "abs_error": 0.0006120207201181851,
      "pct_error": 2.0400690670606174
    },
    "ry_x": {
      "true": 0.04,
      "est": 0.04030862210322221,
      "abs_error": 0.00030862210322221,
      "pct_error": 0.771555258055525
    },
    "ry_y": {
      "true": 0.05,
      "est": 0.04998249931211354,
      "abs_error": 1.7500687886459754e-05,
      "pct_error": 0.03500137577291951
    },
    "ry_z": {
      "true": 0.06,
      "est": 0.06069914001570808,
      "abs_error": 0.0006991400157080815,
      "pct_error": 1.1652333595134692
    }
  },
  "focus_scale_pct": {
    "dKg_xx": 28.529198338308408,
    "dKg_xy": 0.6993635041612238,
    "dKg_yy": 2.481768177073645,
    "dKg_zz": 32.97980676407955,
    "dKa_xx": 4.313928990715348
  },
  "lever_guard_pct": {
    "rx_y": 0.2359200715631657,
    "ry_z": 1.1652333595134692
  },
  "overall": {
    "mean_pct_error": 9.363500758007378,
    "median_pct_error": 0.7354593811083745,
    "max_pct_error": 99.577661280723
  },
  "extra": {
    "noise_scale": 0.08,
    "noise_config": {
      "arw_dpsh": 0.0004,
      "vrw_ugpsHz": 0.4,
      "bi_g_dph": 0.00016,
      "bi_a_ug": 0.4,
      "tau_g": 300.0,
      "tau_a": 300.0,
      "seed": 42,
      "base_family": "round53_round61_shared"
    },
    "comparison_mode": "ch3_closedloop_local_insertions",
    "candidate_name": "zseed_l5_neg5p5_plus_relaymax_unified_l9y2p5",
    "method_key": "markov42_noisy",
    "legality": "faithful12_base_plus_closed_loop_local_insertions",
    "time_total_s": 1350.0
  }
}