{
  "variant": "tail_z_return_then_yswap_px_markov42_noisy_noise0p08",
  "method_file": "search_ch3_12pos_append_tail.py",
  "source_file": "/root/.openclaw/workspace/tmp_psins_py/psins_py/test_calibration_markov_pruned.py",
  "param_order": [
    "eb_x",
    "eb_y",
    "eb_z",
    "db_x",
    "db_y",
    "db_z",
    "dKg_xx",
    "dKg_yx",
    "dKg_zx",
    "dKg_xy",
    "dKg_yy",
    "dKg_zy",
    "dKg_xz",
    "dKg_yz",
    "dKg_zz",
    "dKa_xx",
    "dKa_xy",
    "dKa_xz",
    "dKa_yy",
    "dKa_yz",
    "dKa_zz",
    "Ka2_x",
    "Ka2_y",
    "Ka2_z",
    "rx_x",
    "rx_y",
    "rx_z",
    "ry_x",
    "ry_y",
    "ry_z"
  ],
  "param_errors": {
    "eb_x": {
      "true": 4.84813681109536e-07,
      "est": 4.6465238944662915e-07,
      "abs_error": 2.0161291662906898e-08,
      "pct_error": 4.15856491854069
    },
    "eb_y": {
      "true": 9.69627362219072e-07,
      "est": 9.687706466963161e-07,
      "abs_error": 8.567155227559828e-10,
      "pct_error": 0.08835513065507132
    },
    "eb_z": {
      "true": 1.4544410433286078e-06,
      "est": 1.4557310238896686e-06,
      "abs_error": 1.2899805610608208e-09,
      "pct_error": 0.08869253016324363
    },
    "db_x": {
      "true": 0.00097803267715,
      "est": 0.0009822803423170485,
      "abs_error": 4.247665167048586e-06,
      "pct_error": 0.4343070805595513
    },
    "db_y": {
      "true": 0.0019560653543,
      "est": 0.00195625244374071,
      "abs_error": 1.870894407100636e-07,
      "pct_error": 0.0095645802579544
    },
    "db_z": {
      "true": 0.00293409803145,
      "est": 0.003097610784904128,
      "abs_error": 0.00016351275345412785,
      "pct_error": 5.572845613932047
    },
    "dKg_xx": {
      "true": -9.99999999995449e-06,
      "est": -1.1698873773502427e-05,
      "abs_error": 1.6988737735479376e-06,
      "pct_error": 16.98873773555669
    },
    "dKg_yx": {
      "true": 0.0001454441043328608,
      "est": 0.00014510465370814817,
      "abs_error": 3.394506247126185e-07,
      "pct_error": 0.2333890577893469
    },
    "dKg_zx": {
      "true": 0.00024240684055476798,
      "est": 0.00022498735765678513,
      "abs_error": 1.741948289798285e-05,
      "pct_error": 7.186052529754082
    },
    "dKg_xy": {
      "true": 4.84813681109536e-05,
      "est": 4.790142591600168e-05,
      "abs_error": 5.799421949519165e-07,
      "pct_error": 1.1962166447627285
    },
    "dKg_yy": {
      "true": -2.0000000000020002e-05,
      "est": -1.9869114895376683e-05,
      "abs_error": 1.3088510464331904e-07,
      "pct_error": 0.6544255232159407
    },
    "dKg_zy": {
      "true": 0.0002908882086657216,
      "est": 0.00028876838611110827,
      "abs_error": 2.1198225546133144e-06,
      "pct_error": 0.7287413141759003
    },
    "dKg_xz": {
      "true": 9.69627362219072e-05,
      "est": 0.00011333977865851642,
      "abs_error": 1.6377042436609222e-05,
      "pct_error": 16.890037425438383
    },
    "dKg_yz": {
      "true": 0.0001939254724438144,
      "est": 0.00019510910006188372,
      "abs_error": 1.1836276180693373e-06,
      "pct_error": 0.6103518032744601
    },
    "dKg_zz": {
      "true": -2.999999999997449e-05,
      "est": -2.8430381882049716e-06,
      "abs_error": 2.715696181176952e-05,
      "pct_error": 90.5232060393087
    },
    "dKa_xx": {
      "true": -9.99999999995449e-06,
      "est": -4.256003899305583e-06,
      "abs_error": 5.743996100648907e-06,
      "pct_error": 57.43996100675049
    },
    "dKa_xy": {
      "true": 4.84813681109536e-05,
      "est": 4.921767509273812e-05,
      "abs_error": 7.363069817845235e-07,
      "pct_error": 1.5187421693616905
    },
    "dKa_xz": {
      "true": 9.69627362219072e-05,
      "est": 0.00011273895212227087,
      "abs_error": 1.5776215900363674e-05,
      "pct_error": 16.27039058000437
    },
    "dKa_yy": {
      "true": -2.0000000000020002e-05,
      "est": -2.9790688120812092e-06,
      "abs_error": 1.7020931187938793e-05,
      "pct_error": 85.10465593960885
    },
    "dKa_yz": {
      "true": 0.0001939254724438144,
      "est": 0.0001955299193661775,
      "abs_error": 1.6044469223631247e-06,
      "pct_error": 0.82735233393745
    },
    "dKa_zz": {
      "true": -2.999999999997449e-05,
      "est": -3.0010486236742295e-05,
      "abs_error": 1.0486236767803803e-08,
      "pct_error": 0.03495412255937573
    },
    "Ka2_x": {
      "true": 1.0224607248440952e-06,
      "est": 1.5670586906249742e-06,
      "abs_error": 5.44597965780879e-07,
      "pct_error": 53.26346064431172
    },
    "Ka2_y": {
      "true": 2.0449214496881904e-06,
      "est": 2.328172629699395e-10,
      "abs_error": 2.0446886324252206e-06,
      "pct_error": 99.98861485545054
    },
    "Ka2_z": {
      "true": 3.0673821745322856e-06,
      "est": 1.370927763417341e-06,
      "abs_error": 1.6964544111149446e-06,
      "pct_error": 55.30626164552254
    },
    "rx_x": {
      "true": 0.01,
      "est": 0.01009664101679139,
      "abs_error": 9.66410167913892e-05,
      "pct_error": 0.966410167913892
    },
    "rx_y": {
      "true": 0.02,
      "est": 0.01988172144761758,
      "abs_error": 0.00011827855238242049,
      "pct_error": 0.5913927619121024
    },
    "rx_z": {
      "true": 0.03,
      "est": 0.030945653224092966,
      "abs_error": 0.0009456532240929676,
      "pct_error": 3.1521774136432255
    },
    "ry_x": {
      "true": 0.04,
      "est": 0.04010418402384947,
      "abs_error": 0.00010418402384947123,
      "pct_error": 0.2604600596236781
    },
    "ry_y": {
      "true": 0.05,
      "est": 0.049999330153399725,
      "abs_error": 6.698466002777459e-07,
      "pct_error": 0.0013396932005554918
    },
    "ry_z": {
      "true": 0.06,
      "est": 0.06016658841529936,
      "abs_error": 0.00016658841529935964,
      "pct_error": 0.2776473588322661
    }
  },
  "focus_scale_pct": {
    "dKg_xx": 16.98873773555669,
    "dKg_xy": 1.1962166447627285,
    "dKg_yy": 0.6544255232159407,
    "dKg_zz": 90.5232060393087,
    "dKa_xx": 57.43996100675049
  },
  "lever_guard_pct": {
    "rx_y": 0.5913927619121024,
    "ry_z": 0.2776473588322661
  },
  "overall": {
    "mean_pct_error": 17.34557695600058,
    "median_pct_error": 1.0813134063383103,
    "max_pct_error": 99.98861485545054
  },
  "extra": {
    "noise_scale": 0.08,
    "noise_config": {
      "arw_dpsh": 0.0004,
      "vrw_ugpsHz": 0.4,
      "bi_g_dph": 0.00016,
      "bi_a_ug": 0.4,
      "tau_g": 300.0,
      "tau_a": 300.0,
      "seed": 42,
      "base_family": "round53_round61_shared"
    },
    "comparison_mode": "ch3_append_tail_search",
    "candidate_name": "tail_z_return_then_yswap_px",
    "method_key": "markov42_noisy",
    "family": "z_then_yswap",
    "timing_policy": "base100",
    "tail_actions": [
      [
        "inner",
        -90
      ],
      [
        "outer",
        -90
      ],
      [
        "outer",
        90
      ],
      [
        "inner",
        90
      ],
      [
        "inner",
        90
      ],
      [
        "inner",
        -90
      ]
    ],
    "tail_length": 6,
    "tail_total_time_s": 600.0,
    "legality": "fixed_original_12_plus_legal_appended_tail_only"
  }
}