{
  "variant": "repair_C_flip_node10_to_add_late_minusY_markov42_noisy_noise0p08",
  "method_file": "benchmark_ch3_12pos_goalA_repairs.py",
  "source_file": "/root/.openclaw/workspace/tmp_psins_py/psins_py/test_calibration_markov_pruned.py",
  "param_order": [
    "eb_x",
    "eb_y",
    "eb_z",
    "db_x",
    "db_y",
    "db_z",
    "dKg_xx",
    "dKg_yx",
    "dKg_zx",
    "dKg_xy",
    "dKg_yy",
    "dKg_zy",
    "dKg_xz",
    "dKg_yz",
    "dKg_zz",
    "dKa_xx",
    "dKa_xy",
    "dKa_xz",
    "dKa_yy",
    "dKa_yz",
    "dKa_zz",
    "Ka2_x",
    "Ka2_y",
    "Ka2_z",
    "rx_x",
    "rx_y",
    "rx_z",
    "ry_x",
    "ry_y",
    "ry_z"
  ],
  "param_errors": {
    "eb_x": {
      "true": 4.84813681109536e-07,
      "est": 4.690342144944335e-07,
      "abs_error": 1.5779466615102536e-08,
      "pct_error": 3.254748624046649
    },
    "eb_y": {
      "true": 9.69627362219072e-07,
      "est": 9.77838123757451e-07,
      "abs_error": 8.210761538378959e-09,
      "pct_error": 0.8467955689274232
    },
    "eb_z": {
      "true": 1.4544410433286078e-06,
      "est": 1.4525967821298782e-06,
      "abs_error": 1.8442611987296726e-09,
      "pct_error": 0.12680205960833787
    },
    "db_x": {
      "true": 0.00097803267715,
      "est": 0.000981819463605564,
      "abs_error": 3.7867864555640642e-06,
      "pct_error": 0.38718404241858356
    },
    "db_y": {
      "true": 0.0019560653543,
      "est": 0.0019562182368326863,
      "abs_error": 1.5288253268647828e-07,
      "pct_error": 0.007815819259330885
    },
    "db_z": {
      "true": 0.00293409803145,
      "est": 0.0031650362360236576,
      "abs_error": 0.00023093820457365747,
      "pct_error": 7.8708414680858585
    },
    "dKg_xx": {
      "true": -9.99999999995449e-06,
      "est": -5.1562082801215325e-06,
      "abs_error": 4.843791719832957e-06,
      "pct_error": 48.43791719855001
    },
    "dKg_yx": {
      "true": 0.0001454441043328608,
      "est": 0.00014537954939762562,
      "abs_error": 6.455493523516587e-08,
      "pct_error": 0.04438470402858448
    },
    "dKg_zx": {
      "true": 0.00024240684055476798,
      "est": 0.00021908584219723743,
      "abs_error": 2.3320998357530558e-05,
      "pct_error": 9.620602415409786
    },
    "dKg_xy": {
      "true": 4.84813681109536e-05,
      "est": 4.797336239215644e-05,
      "abs_error": 5.080057187971561e-07,
      "pct_error": 1.0478370116011233
    },
    "dKg_yy": {
      "true": -2.0000000000020002e-05,
      "est": -1.9478272391904028e-05,
      "abs_error": 5.217276081159739e-07,
      "pct_error": 2.6086380405772602
    },
    "dKg_zy": {
      "true": 0.0002908882086657216,
      "est": 0.0002958328732969864,
      "abs_error": 4.944664631264845e-06,
      "pct_error": 1.6998504868745223
    },
    "dKg_xz": {
      "true": 9.69627362219072e-05,
      "est": 0.00011993405712525295,
      "abs_error": 2.297132090334576e-05,
      "pct_error": 23.69087527684244
    },
    "dKg_yz": {
      "true": 0.0001939254724438144,
      "est": 0.0001881251117073411,
      "abs_error": 5.800360736473277e-06,
      "pct_error": 2.9910257086798144
    },
    "dKg_zz": {
      "true": -2.999999999997449e-05,
      "est": 1.260820442161581e-06,
      "abs_error": 3.126082044213607e-05,
      "pct_error": 104.20273480720886
    },
    "dKa_xx": {
      "true": -9.99999999995449e-06,
      "est": -9.974615710950374e-06,
      "abs_error": 2.53842890041156e-08,
      "pct_error": 0.25384289004231125
    },
    "dKa_xy": {
      "true": 4.84813681109536e-05,
      "est": 4.455021085235727e-05,
      "abs_error": 3.931157258596329e-06,
      "pct_error": 8.108593902712384
    },
    "dKa_xz": {
      "true": 9.69627362219072e-05,
      "est": 0.0001197021114532202,
      "abs_error": 2.2739375231313008e-05,
      "pct_error": 23.451664131334
    },
    "dKa_yy": {
      "true": -2.0000000000020002e-05,
      "est": 3.821959994487756e-06,
      "abs_error": 2.3821959994507758e-05,
      "pct_error": 119.10979997241967
    },
    "dKa_yz": {
      "true": 0.0001939254724438144,
      "est": 0.00018919948184018464,
      "abs_error": 4.725990603629744e-06,
      "pct_error": 2.4370138404582176
    },
    "dKa_zz": {
      "true": -2.999999999997449e-05,
      "est": -2.977768117529145e-05,
      "abs_error": 2.223188246830432e-07,
      "pct_error": 0.7410627489441075
    },
    "Ka2_x": {
      "true": 1.0224607248440952e-06,
      "est": 9.733168566747892e-07,
      "abs_error": 4.914386816930598e-08,
      "pct_error": 4.8064308951133
    },
    "Ka2_y": {
      "true": 2.0449214496881904e-06,
      "est": 1.0589211600774234e-09,
      "abs_error": 2.043862528528113e-06,
      "pct_error": 99.94821702514592
    },
    "Ka2_z": {
      "true": 3.0673821745322856e-06,
      "est": 7.196861662995977e-07,
      "abs_error": 2.347696008232688e-06,
      "pct_error": 76.53744706887281
    },
    "rx_x": {
      "true": 0.01,
      "est": 0.010439502724349188,
      "abs_error": 0.00043950272434918787,
      "pct_error": 4.395027243491879
    },
    "rx_y": {
      "true": 0.02,
      "est": 0.019941507574281325,
      "abs_error": 5.8492425718675856e-05,
      "pct_error": 0.2924621285933793
    },
    "rx_z": {
      "true": 0.03,
      "est": 0.0313637847565512,
      "abs_error": 0.0013637847565512035,
      "pct_error": 4.545949188504012
    },
    "ry_x": {
      "true": 0.04,
      "est": 0.040497849424736235,
      "abs_error": 0.0004978494247362339,
      "pct_error": 1.2446235618405848
    },
    "ry_y": {
      "true": 0.05,
      "est": 0.049968082075278156,
      "abs_error": 3.191792472184707e-05,
      "pct_error": 0.06383584944369414
    },
    "ry_z": {
      "true": 0.06,
      "est": 0.06020476639998464,
      "abs_error": 0.0002047663999846447,
      "pct_error": 0.3412773333077412
    }
  },
  "focus_scale_pct": {
    "dKg_xx": 48.43791719855001,
    "dKg_xy": 1.0478370116011233,
    "dKg_yy": 2.6086380405772602,
    "dKg_zz": 104.20273480720886,
    "dKa_xx": 0.25384289004231125
  },
  "lever_guard_pct": {
    "rx_y": 0.2924621285933793,
    "ry_z": 0.3412773333077412
  },
  "overall": {
    "mean_pct_error": 18.437176700411417,
    "median_pct_error": 2.7998318746285373,
    "max_pct_error": 119.10979997241967
  },
  "extra": {
    "noise_scale": 0.08,
    "noise_config": {
      "arw_dpsh": 0.0004,
      "vrw_ugpsHz": 0.4,
      "bi_g_dph": 0.00016,
      "bi_a_ug": 0.4,
      "tau_g": 300.0,
      "tau_a": 300.0,
      "seed": 42,
      "base_family": "round53_round61_shared"
    },
    "comparison_mode": "ch3_goalA_repair_benchmark",
    "candidate_name": "repair_C_flip_node10_to_add_late_minusY",
    "method_key": "markov42_noisy"
  }
}