{
  "variant": "relay_z9_z10_x11_y9x1_markov42_noisy_noise0p08",
  "method_file": "search_ch3_12pos_closedloop_local_insertions.py",
  "source_file": "/root/.openclaw/workspace/tmp_psins_py/psins_py/test_calibration_markov_pruned.py",
  "param_order": [
    "eb_x",
    "eb_y",
    "eb_z",
    "db_x",
    "db_y",
    "db_z",
    "dKg_xx",
    "dKg_yx",
    "dKg_zx",
    "dKg_xy",
    "dKg_yy",
    "dKg_zy",
    "dKg_xz",
    "dKg_yz",
    "dKg_zz",
    "dKa_xx",
    "dKa_xy",
    "dKa_xz",
    "dKa_yy",
    "dKa_yz",
    "dKa_zz",
    "Ka2_x",
    "Ka2_y",
    "Ka2_z",
    "rx_x",
    "rx_y",
    "rx_z",
    "ry_x",
    "ry_y",
    "ry_z"
  ],
  "param_errors": {
    "eb_x": {
      "true": 4.84813681109536e-07,
      "est": 4.653942977794415e-07,
      "abs_error": 1.9419383330094546e-08,
      "pct_error": 4.005535340020043
    },
    "eb_y": {
      "true": 9.69627362219072e-07,
      "est": 9.69388822039254e-07,
      "abs_error": 2.385401798181649e-10,
      "pct_error": 0.024601221986170648
    },
    "eb_z": {
      "true": 1.4544410433286078e-06,
      "est": 1.4453482478653434e-06,
      "abs_error": 9.092795463264406e-09,
      "pct_error": 0.6251745648249032
    },
    "db_x": {
      "true": 0.00097803267715,
      "est": 0.0009795721671763745,
      "abs_error": 1.5394900263745667e-06,
      "pct_error": 0.1574068088257195
    },
    "db_y": {
      "true": 0.0019560653543,
      "est": 0.001960811963688398,
      "abs_error": 4.746609388398167e-06,
      "pct_error": 0.2426610837906689
    },
    "db_z": {
      "true": 0.00293409803145,
      "est": 0.0029359317618940376,
      "abs_error": 1.8337304440374166e-06,
      "pct_error": 0.06249724529930605
    },
    "dKg_xx": {
      "true": -9.99999999995449e-06,
      "est": -1.150665942994955e-05,
      "abs_error": 1.5066594299950609e-06,
      "pct_error": 15.066594300019176
    },
    "dKg_yx": {
      "true": 0.0001454441043328608,
      "est": 0.00014532722266212954,
      "abs_error": 1.1688167073125233e-07,
      "pct_error": 0.08036191722406225
    },
    "dKg_zx": {
      "true": 0.00024240684055476798,
      "est": 0.00024209169509321063,
      "abs_error": 3.151454615573496e-07,
      "pct_error": 0.13000683513555694
    },
    "dKg_xy": {
      "true": 4.84813681109536e-05,
      "est": 4.8595996962967386e-05,
      "abs_error": 1.1462885201378946e-07,
      "pct_error": 0.23643897950951365
    },
    "dKg_yy": {
      "true": -2.0000000000020002e-05,
      "est": -1.9496340212254992e-05,
      "abs_error": 5.036597877650095e-07,
      "pct_error": 2.518298938822529
    },
    "dKg_zy": {
      "true": 0.0002908882086657216,
      "est": 0.0002939026756497516,
      "abs_error": 3.0144669840300267e-06,
      "pct_error": 1.036297413998704
    },
    "dKg_xz": {
      "true": 9.69627362219072e-05,
      "est": 9.69906142339685e-05,
      "abs_error": 2.7878012061308718e-08,
      "pct_error": 0.028751263781900294
    },
    "dKg_yz": {
      "true": 0.0001939254724438144,
      "est": 0.00019036695134125062,
      "abs_error": 3.5585211025637644e-06,
      "pct_error": 1.8349941643662966
    },
    "dKg_zz": {
      "true": -2.999999999997449e-05,
      "est": -1.5645813703279998e-05,
      "abs_error": 1.4354186296694493e-05,
      "pct_error": 47.847287655688994
    },
    "dKa_xx": {
      "true": -9.99999999995449e-06,
      "est": -9.576486817541863e-06,
      "abs_error": 4.2351318241262703e-07,
      "pct_error": 4.235131824145545
    },
    "dKa_xy": {
      "true": 4.84813681109536e-05,
      "est": 4.271826697282821e-05,
      "abs_error": 5.763101138125387e-06,
      "pct_error": 11.887249396378534
    },
    "dKa_xz": {
      "true": 9.69627362219072e-05,
      "est": 9.638967407391774e-05,
      "abs_error": 5.730621479894553e-07,
      "pct_error": 0.5910127646129493
    },
    "dKa_yy": {
      "true": -2.0000000000020002e-05,
      "est": -3.453112420004345e-06,
      "abs_error": 1.6546887580015657e-05,
      "pct_error": 82.73443789999554
    },
    "dKa_yz": {
      "true": 0.0001939254724438144,
      "est": 0.00019069280563665917,
      "abs_error": 3.232666807155213e-06,
      "pct_error": 1.666963481598224
    },
    "dKa_zz": {
      "true": -2.999999999997449e-05,
      "est": -3.02740967703663e-05,
      "abs_error": 2.7409677039180735e-07,
      "pct_error": 0.9136559013068014
    },
    "Ka2_x": {
      "true": 1.0224607248440952e-06,
      "est": 1.0476277185990015e-06,
      "abs_error": 2.516699375490626e-08,
      "pct_error": 2.46141422779283
    },
    "Ka2_y": {
      "true": 2.0449214496881904e-06,
      "est": 4.169734786465866e-09,
      "abs_error": 2.0407517149017246e-06,
      "pct_error": 99.79609315618937
    },
    "Ka2_z": {
      "true": 3.0673821745322856e-06,
      "est": 3.07827627848426e-06,
      "abs_error": 1.0894103951974474e-08,
      "pct_error": 0.3551596551099997
    },
    "rx_x": {
      "true": 0.01,
      "est": 0.009913865687211013,
      "abs_error": 8.613431278898728e-05,
      "pct_error": 0.8613431278898729
    },
    "rx_y": {
      "true": 0.02,
      "est": 0.01990272079927098,
      "abs_error": 9.727920072901894e-05,
      "pct_error": 0.4863960036450947
    },
    "rx_z": {
      "true": 0.03,
      "est": 0.030378762371500244,
      "abs_error": 0.000378762371500245,
      "pct_error": 1.2625412383341499
    },
    "ry_x": {
      "true": 0.04,
      "est": 0.04030319153345682,
      "abs_error": 0.00030319153345682165,
      "pct_error": 0.7579788336420541
    },
    "ry_y": {
      "true": 0.05,
      "est": 0.049933616753146615,
      "abs_error": 6.638324685338814e-05,
      "pct_error": 0.1327664937067763
    },
    "ry_z": {
      "true": 0.06,
      "est": 0.06081183353616687,
      "abs_error": 0.0008118335361668727,
      "pct_error": 1.3530558936114545
    }
  },
  "focus_scale_pct": {
    "dKg_xx": 15.066594300019176,
    "dKg_xy": 0.23643897950951365,
    "dKg_yy": 2.518298938822529,
    "dKg_zz": 47.847287655688994,
    "dKa_xx": 4.235131824145545
  },
  "lever_guard_pct": {
    "rx_y": 0.4863960036450947,
    "ry_z": 1.3530558936114545
  },
  "overall": {
    "mean_pct_error": 9.446403587708424,
    "median_pct_error": 0.8874995145983371,
    "max_pct_error": 99.79609315618937
  },
  "extra": {
    "noise_scale": 0.08,
    "noise_config": {
      "arw_dpsh": 0.0004,
      "vrw_ugpsHz": 0.4,
      "bi_g_dph": 0.00016,
      "bi_a_ug": 0.4,
      "tau_g": 300.0,
      "tau_a": 300.0,
      "seed": 42,
      "base_family": "round53_round61_shared"
    },
    "comparison_mode": "ch3_closedloop_local_insertions",
    "candidate_name": "relay_z9_z10_x11_y9x1",
    "method_key": "markov42_noisy",
    "legality": "faithful12_base_plus_closed_loop_local_insertions",
    "time_total_s": 1302.0
  }
}