{
  "variant": "zseed_l5_neg4_plus_relaymax_unified_l9y1p5_markov42_noisy_noise0p08",
  "method_file": "search_ch3_12pos_closedloop_local_insertions.py",
  "source_file": "/root/.openclaw/workspace/tmp_psins_py/psins_py/test_calibration_markov_pruned.py",
  "param_order": [
    "eb_x",
    "eb_y",
    "eb_z",
    "db_x",
    "db_y",
    "db_z",
    "dKg_xx",
    "dKg_yx",
    "dKg_zx",
    "dKg_xy",
    "dKg_yy",
    "dKg_zy",
    "dKg_xz",
    "dKg_yz",
    "dKg_zz",
    "dKa_xx",
    "dKa_xy",
    "dKa_xz",
    "dKa_yy",
    "dKa_yz",
    "dKa_zz",
    "Ka2_x",
    "Ka2_y",
    "Ka2_z",
    "rx_x",
    "rx_y",
    "rx_z",
    "ry_x",
    "ry_y",
    "ry_z"
  ],
  "param_errors": {
    "eb_x": {
      "true": 4.84813681109536e-07,
      "est": 4.670854847086502e-07,
      "abs_error": 1.7728196400885826e-08,
      "pct_error": 3.6567029957391854
    },
    "eb_y": {
      "true": 9.69627362219072e-07,
      "est": 9.692960047337898e-07,
      "abs_error": 3.313574852822777e-10,
      "pct_error": 0.03417369375013704
    },
    "eb_z": {
      "true": 1.4544410433286078e-06,
      "est": 1.4484410759978294e-06,
      "abs_error": 5.9999673307784496e-09,
      "pct_error": 0.412527366323975
    },
    "db_x": {
      "true": 0.00097803267715,
      "est": 0.0009815253343110684,
      "abs_error": 3.492657161068523e-06,
      "pct_error": 0.3571104772538042
    },
    "db_y": {
      "true": 0.0019560653543,
      "est": 0.001961665306775942,
      "abs_error": 5.5999524759420966e-06,
      "pct_error": 0.28628657338221214
    },
    "db_z": {
      "true": 0.00293409803145,
      "est": 0.0029423651789607244,
      "abs_error": 8.267147510724292e-06,
      "pct_error": 0.2817611212069406
    },
    "dKg_xx": {
      "true": -9.99999999995449e-06,
      "est": -9.772206243541248e-06,
      "abs_error": 2.277937564132415e-07,
      "pct_error": 2.2779375641427824
    },
    "dKg_yx": {
      "true": 0.0001454441043328608,
      "est": 0.00014515442509994378,
      "abs_error": 2.896792329170055e-07,
      "pct_error": 0.19916876950477877
    },
    "dKg_zx": {
      "true": 0.00024240684055476798,
      "est": 0.00024191879602305865,
      "abs_error": 4.880445317093334e-07,
      "pct_error": 0.20133282154596108
    },
    "dKg_xy": {
      "true": 4.84813681109536e-05,
      "est": 4.8623321267704854e-05,
      "abs_error": 1.4195315675125765e-07,
      "pct_error": 0.2927994037346186
    },
    "dKg_yy": {
      "true": -2.0000000000020002e-05,
      "est": -1.9476855778632896e-05,
      "abs_error": 5.231442213871063e-07,
      "pct_error": 2.615721106932915
    },
    "dKg_zy": {
      "true": 0.0002908882086657216,
      "est": 0.0002846269917026685,
      "abs_error": 6.2612169630530735e-06,
      "pct_error": 2.152447839591959
    },
    "dKg_xz": {
      "true": 9.69627362219072e-05,
      "est": 9.695795104279329e-05,
      "abs_error": 4.785179113901434e-09,
      "pct_error": 0.004935070213932658
    },
    "dKg_yz": {
      "true": 0.0001939254724438144,
      "est": 0.0002001561746652136,
      "abs_error": 6.23070222139922e-06,
      "pct_error": 3.2129364662006576
    },
    "dKg_zz": {
      "true": -2.999999999997449e-05,
      "est": -1.2870496217010086e-05,
      "abs_error": 1.7129503782964406e-05,
      "pct_error": 57.09834594326324
    },
    "dKa_xx": {
      "true": -9.99999999995449e-06,
      "est": -9.549367228522954e-06,
      "abs_error": 4.5063277143153613e-07,
      "pct_error": 4.50632771433587
    },
    "dKa_xy": {
      "true": 4.84813681109536e-05,
      "est": 5.0518544594742335e-05,
      "abs_error": 2.0371764837887385e-06,
      "pct_error": 4.2019781271982515
    },
    "dKa_xz": {
      "true": 9.69627362219072e-05,
      "est": 9.659044095962718e-05,
      "abs_error": 3.7229526228001446e-07,
      "pct_error": 0.38395705070449554
    },
    "dKa_yy": {
      "true": -2.0000000000020002e-05,
      "est": -2.8342690152616257e-06,
      "abs_error": 1.7165730984758376e-05,
      "pct_error": 85.82865492370605
    },
    "dKa_yz": {
      "true": 0.0001939254724438144,
      "est": 0.00020012422112916745,
      "abs_error": 6.198748685353064e-06,
      "pct_error": 3.1964592413969823
    },
    "dKa_zz": {
      "true": -2.999999999997449e-05,
      "est": -3.042236003558685e-05,
      "abs_error": 4.223600356123569e-07,
      "pct_error": 1.40786678537572
    },
    "Ka2_x": {
      "true": 1.0224607248440952e-06,
      "est": 1.0256142462338465e-06,
      "abs_error": 3.153521389751291e-09,
      "pct_error": 0.3084246967268244
    },
    "Ka2_y": {
      "true": 2.0449214496881904e-06,
      "est": 7.934088607286791e-09,
      "abs_error": 2.0369873610809034e-06,
      "pct_error": 99.61201010393349
    },
    "Ka2_z": {
      "true": 3.0673821745322856e-06,
      "est": 3.000039634906559e-06,
      "abs_error": 6.734253962572655e-08,
      "pct_error": 2.19544014387431
    },
    "rx_x": {
      "true": 0.01,
      "est": 0.009800003637867304,
      "abs_error": 0.00019999636213269625,
      "pct_error": 1.9999636213269625
    },
    "rx_y": {
      "true": 0.02,
      "est": 0.019943471030912784,
      "abs_error": 5.652896908721686e-05,
      "pct_error": 0.28264484543608426
    },
    "rx_z": {
      "true": 0.03,
      "est": 0.03059629266193101,
      "abs_error": 0.0005962926619310117,
      "pct_error": 1.9876422064367059
    },
    "ry_x": {
      "true": 0.04,
      "est": 0.040283407511559344,
      "abs_error": 0.0002834075115593429,
      "pct_error": 0.7085187788983572
    },
    "ry_y": {
      "true": 0.05,
      "est": 0.04998550121860167,
      "abs_error": 1.4498781398329663e-05,
      "pct_error": 0.028997562796659326
    },
    "ry_z": {
      "true": 0.06,
      "est": 0.060720665320745014,
      "abs_error": 0.0007206653207450162,
      "pct_error": 1.2011088679083604
    }
  },
  "focus_scale_pct": {
    "dKg_xx": 2.2779375641427824,
    "dKg_xy": 0.2927994037346186,
    "dKg_yy": 2.615721106932915,
    "dKg_zz": 57.09834594326324,
    "dKa_xx": 4.50632771433587
  },
  "lever_guard_pct": {
    "rx_y": 0.28264484543608426,
    "ry_z": 1.2011088679083604
  },
  "overall": {
    "mean_pct_error": 9.364472729428075,
    "median_pct_error": 1.30448782664204,
    "max_pct_error": 99.61201010393349
  },
  "extra": {
    "noise_scale": 0.08,
    "noise_config": {
      "arw_dpsh": 0.0004,
      "vrw_ugpsHz": 0.4,
      "bi_g_dph": 0.00016,
      "bi_a_ug": 0.4,
      "tau_g": 300.0,
      "tau_a": 300.0,
      "seed": 42,
      "base_family": "round53_round61_shared"
    },
    "comparison_mode": "ch3_closedloop_local_insertions",
    "candidate_name": "zseed_l5_neg4_plus_relaymax_unified_l9y1p5",
    "method_key": "markov42_noisy",
    "legality": "faithful12_base_plus_closed_loop_local_insertions",
    "time_total_s": 1345.0
  }
}