{
  "variant": "42state_gm1_shared_noise0p05",
  "method_file": "baseline_direct_run_calibration_shared_noise0p05",
  "source_file": "/root/.openclaw/workspace/tmp_psins_py/psins_py/test_calibration_markov_pruned.py",
  "param_order": [
    "eb_x",
    "eb_y",
    "eb_z",
    "db_x",
    "db_y",
    "db_z",
    "dKg_xx",
    "dKg_yx",
    "dKg_zx",
    "dKg_xy",
    "dKg_yy",
    "dKg_zy",
    "dKg_xz",
    "dKg_yz",
    "dKg_zz",
    "dKa_xx",
    "dKa_xy",
    "dKa_xz",
    "dKa_yy",
    "dKa_yz",
    "dKa_zz",
    "Ka2_x",
    "Ka2_y",
    "Ka2_z",
    "rx_x",
    "rx_y",
    "rx_z",
    "ry_x",
    "ry_y",
    "ry_z"
  ],
  "param_errors": {
    "eb_x": {
      "true": 4.84813681109536e-07,
      "est": 4.1165347238193547e-07,
      "abs_error": 7.316020872760058e-08,
      "pct_error": 15.090376278195658
    },
    "eb_y": {
      "true": 9.69627362219072e-07,
      "est": 9.011578759338047e-07,
      "abs_error": 6.846948628526737e-08,
      "pct_error": 7.061422661234447
    },
    "eb_z": {
      "true": 1.4544410433286078e-06,
      "est": 1.4189864639968288e-06,
      "abs_error": 3.5454579331779e-08,
      "pct_error": 2.437677312147234
    },
    "db_x": {
      "true": 0.00097803267715,
      "est": 0.0009787096417929447,
      "abs_error": 6.769646429447516e-07,
      "pct_error": 0.0692169759519115
    },
    "db_y": {
      "true": 0.0019560653543,
      "est": 0.001960208356491121,
      "abs_error": 4.143002191121271e-06,
      "pct_error": 0.21180285116822653
    },
    "db_z": {
      "true": 0.00293409803145,
      "est": 0.00294048182527709,
      "abs_error": 6.383793827089996e-06,
      "pct_error": 0.21757261545672324
    },
    "dKg_xx": {
      "true": -9.99999999995449e-06,
      "est": -9.812990635849062e-06,
      "abs_error": 1.8700936410542823e-07,
      "pct_error": 1.8700936410627933
    },
    "dKg_yx": {
      "true": 0.0001454441043328608,
      "est": 0.00014556919918609867,
      "abs_error": 1.2509485323788385e-07,
      "pct_error": 0.08600888555207023
    },
    "dKg_zx": {
      "true": 0.00024240684055476798,
      "est": 0.00024255783034368833,
      "abs_error": 1.5098978892034336e-07,
      "pct_error": 0.0622877591138892
    },
    "dKg_xy": {
      "true": 4.84813681109536e-05,
      "est": 4.7894857514524184e-05,
      "abs_error": 5.865105964294128e-07,
      "pct_error": 1.2097649453438175
    },
    "dKg_yy": {
      "true": -2.0000000000020002e-05,
      "est": -1.983617014289507e-05,
      "abs_error": 1.638298571249308e-07,
      "pct_error": 0.8191492856238349
    },
    "dKg_zy": {
      "true": 0.0002908882086657216,
      "est": 0.0002907115473526571,
      "abs_error": 1.7666131306448302e-07,
      "pct_error": 0.06073168585100537
    },
    "dKg_xz": {
      "true": 9.69627362219072e-05,
      "est": 9.670004926833573e-05,
      "abs_error": 2.6268695357146564e-07,
      "pct_error": 0.2709153679102918
    },
    "dKg_yz": {
      "true": 0.0001939254724438144,
      "est": 0.00019394383250535024,
      "abs_error": 1.8360061535856306e-08,
      "pct_error": 0.00946758633844542
    },
    "dKg_zz": {
      "true": -2.999999999997449e-05,
      "est": -3.01538406390911e-05,
      "abs_error": 1.5384063911660917e-07,
      "pct_error": 0.5128021303891332
    },
    "dKa_xx": {
      "true": -9.99999999995449e-06,
      "est": -9.715581786196026e-06,
      "abs_error": 2.844182137584639e-07,
      "pct_error": 2.8441821375975826
    },
    "dKa_xy": {
      "true": 4.84813681109536e-05,
      "est": 4.8071310673815105e-05,
      "abs_error": 4.1005743713849177e-07,
      "pct_error": 0.8458041782155191
    },
    "dKa_xz": {
      "true": 9.69627362219072e-05,
      "est": 9.680559377124111e-05,
      "abs_error": 1.5714245066608234e-07,
      "pct_error": 0.16206478569916685
    },
    "dKa_yy": {
      "true": -2.0000000000020002e-05,
      "est": -1.978695861670765e-05,
      "abs_error": 2.1304138331235123e-07,
      "pct_error": 1.0652069165606908
    },
    "dKa_yz": {
      "true": 0.0001939254724438144,
      "est": 0.00019379321455970387,
      "abs_error": 1.322578841105146e-07,
      "pct_error": 0.06820036710176555
    },
    "dKa_zz": {
      "true": -2.999999999997449e-05,
      "est": -2.967111745633133e-05,
      "abs_error": 3.2888254364316083e-07,
      "pct_error": 1.096275145478135
    },
    "Ka2_x": {
      "true": 1.0224607248440952e-06,
      "est": 1.019531016988625e-06,
      "abs_error": 2.9297078554701197e-09,
      "pct_error": 0.2865350017152826
    },
    "Ka2_y": {
      "true": 2.0449214496881904e-06,
      "est": 2.0124678309545174e-06,
      "abs_error": 3.2453618733673044e-08,
      "pct_error": 1.587034980664982
    },
    "Ka2_z": {
      "true": 3.0673821745322856e-06,
      "est": 3.0429099352951773e-06,
      "abs_error": 2.4472239237108374e-08,
      "pct_error": 0.7978216552308126
    },
    "rx_x": {
      "true": 0.01,
      "est": 0.009893881170956813,
      "abs_error": 0.00010611882904318706,
      "pct_error": 1.0611882904318706
    },
    "rx_y": {
      "true": 0.02,
      "est": 0.020199081581081992,
      "abs_error": 0.0001990815810819918,
      "pct_error": 0.995407905409959
    },
    "rx_z": {
      "true": 0.03,
      "est": 0.029860693738478748,
      "abs_error": 0.00013930626152125133,
      "pct_error": 0.4643542050708378
    },
    "ry_x": {
      "true": 0.04,
      "est": 0.03996822863507406,
      "abs_error": 3.177136492594351e-05,
      "pct_error": 0.07942841231485878
    },
    "ry_y": {
      "true": 0.05,
      "est": 0.050092915189863994,
      "abs_error": 9.291518986399155e-05,
      "pct_error": 0.1858303797279831
    },
    "ry_z": {
      "true": 0.06,
      "est": 0.05982202690108147,
      "abs_error": 0.00017797309891853103,
      "pct_error": 0.29662183153088506
    }
  },
  "focus_scale_pct": {
    "dKg_xx": 1.8700936410627933,
    "dKg_xy": 1.2097649453438175,
    "dKg_yy": 0.8191492856238349,
    "dKg_zz": 0.5128021303891332,
    "dKa_xx": 2.8441821375975826
  },
  "lever_guard_pct": {
    "rx_y": 0.995407905409959,
    "ry_z": 0.29662183153088506
  },
  "overall": {
    "mean_pct_error": 1.3941748724696608,
    "median_pct_error": 0.4885781677299855,
    "max_pct_error": 15.090376278195658
  },
  "extra": {
    "noise_scale": 0.05,
    "noise_config": {
      "arw_dpsh": 0.00025,
      "vrw_ugpsHz": 0.25,
      "bi_g_dph": 0.0001,
      "bi_a_ug": 0.25,
      "tau_g": 300.0,
      "tau_a": 300.0,
      "seed": 42,
      "base_family": "round53_round61_shared"
    },
    "comparison_mode": "shared_dataset_apples_to_apples",
    "label": "42-GM1-BASELINE-SHARED-NOISE0P05"
  }
}