{
  "variant": "redistribute_l10_l11_fullblock_y10x2_markov42_noisy_noise0p08",
  "method_file": "search_ch3_12pos_closedloop_local_insertions.py",
  "source_file": "/root/.openclaw/workspace/tmp_psins_py/psins_py/test_calibration_markov_pruned.py",
  "param_order": [
    "eb_x",
    "eb_y",
    "eb_z",
    "db_x",
    "db_y",
    "db_z",
    "dKg_xx",
    "dKg_yx",
    "dKg_zx",
    "dKg_xy",
    "dKg_yy",
    "dKg_zy",
    "dKg_xz",
    "dKg_yz",
    "dKg_zz",
    "dKa_xx",
    "dKa_xy",
    "dKa_xz",
    "dKa_yy",
    "dKa_yz",
    "dKa_zz",
    "Ka2_x",
    "Ka2_y",
    "Ka2_z",
    "rx_x",
    "rx_y",
    "rx_z",
    "ry_x",
    "ry_y",
    "ry_z"
  ],
  "param_errors": {
    "eb_x": {
      "true": 4.84813681109536e-07,
      "est": 4.6304357442619584e-07,
      "abs_error": 2.1770106683340207e-08,
      "pct_error": 4.490406837017784
    },
    "eb_y": {
      "true": 9.69627362219072e-07,
      "est": 9.687936950538711e-07,
      "abs_error": 8.336671652009674e-10,
      "pct_error": 0.0859780981523718
    },
    "eb_z": {
      "true": 1.4544410433286078e-06,
      "est": 1.4456751347795428e-06,
      "abs_error": 8.765908549064992e-09,
      "pct_error": 0.6026994761508854
    },
    "db_x": {
      "true": 0.00097803267715,
      "est": 0.0009811337966337762,
      "abs_error": 3.101119483776317e-06,
      "pct_error": 0.317077287521008
    },
    "db_y": {
      "true": 0.0019560653543,
      "est": 0.0019601112839549573,
      "abs_error": 4.045929654957446e-06,
      "pct_error": 0.20684020838380054
    },
    "db_z": {
      "true": 0.00293409803145,
      "est": 0.0029406927775265743,
      "abs_error": 6.594746076574176e-06,
      "pct_error": 0.2247622951205595
    },
    "dKg_xx": {
      "true": -9.99999999995449e-06,
      "est": -9.453135965786785e-06,
      "abs_error": 5.468640341677045e-07,
      "pct_error": 5.468640341701932
    },
    "dKg_yx": {
      "true": 0.0001454441043328608,
      "est": 0.00014535072642157107,
      "abs_error": 9.337791128971899e-08,
      "pct_error": 0.06420192259977481
    },
    "dKg_zx": {
      "true": 0.00024240684055476798,
      "est": 0.00024189178798574351,
      "abs_error": 5.150525690244688e-07,
      "pct_error": 0.21247443671380256
    },
    "dKg_xy": {
      "true": 4.84813681109536e-05,
      "est": 4.8571590426703696e-05,
      "abs_error": 9.02223157500995e-08,
      "pct_error": 0.18609688477358627
    },
    "dKg_yy": {
      "true": -2.0000000000020002e-05,
      "est": -1.9499408075773772e-05,
      "abs_error": 5.005919242462298e-07,
      "pct_error": 2.5029596212286456
    },
    "dKg_zy": {
      "true": 0.0002908882086657216,
      "est": 0.00028390537696836336,
      "abs_error": 6.9828316973582225e-06,
      "pct_error": 2.4005207118527947
    },
    "dKg_xz": {
      "true": 9.69627362219072e-05,
      "est": 9.730082023953898e-05,
      "abs_error": 3.3808401763178253e-07,
      "pct_error": 0.3486741719602977
    },
    "dKg_yz": {
      "true": 0.0001939254724438144,
      "est": 0.00020058063655683375,
      "abs_error": 6.655164113019367e-06,
      "pct_error": 3.431815340786422
    },
    "dKg_zz": {
      "true": -2.999999999997449e-05,
      "est": -1.3870664428594637e-05,
      "abs_error": 1.6129335571379855e-05,
      "pct_error": 53.76445190464523
    },
    "dKa_xx": {
      "true": -9.99999999995449e-06,
      "est": -9.663449417329772e-06,
      "abs_error": 3.3655058262471726e-07,
      "pct_error": 3.365505826262489
    },
    "dKa_xy": {
      "true": 4.84813681109536e-05,
      "est": 4.4163511665647735e-05,
      "abs_error": 4.317856445305862e-06,
      "pct_error": 8.906218230937899
    },
    "dKa_xz": {
      "true": 9.69627362219072e-05,
      "est": 9.664946933533252e-05,
      "abs_error": 3.1326688657467075e-07,
      "pct_error": 0.3230796683147779
    },
    "dKa_yy": {
      "true": -2.0000000000020002e-05,
      "est": 1.0118811232251446e-06,
      "abs_error": 2.1011881123245146e-05,
      "pct_error": 105.05940561612066
    },
    "dKa_yz": {
      "true": 0.0001939254724438144,
      "est": 0.00020053230865084285,
      "abs_error": 6.6068362070284634e-06,
      "pct_error": 3.4068944753725674
    },
    "dKa_zz": {
      "true": -2.999999999997449e-05,
      "est": -3.044104471738862e-05,
      "abs_error": 4.4104471741412965e-07,
      "pct_error": 1.470149058048349
    },
    "Ka2_x": {
      "true": 1.0224607248440952e-06,
      "est": 1.0092144043586443e-06,
      "abs_error": 1.3246320485450922e-08,
      "pct_error": 1.2955334286772453
    },
    "Ka2_y": {
      "true": 2.0449214496881904e-06,
      "est": -2.90022126345838e-09,
      "abs_error": 2.047821670951649e-06,
      "pct_error": 100.14182555833138
    },
    "Ka2_z": {
      "true": 3.0673821745322856e-06,
      "est": 3.003719233535709e-06,
      "abs_error": 6.366294099657677e-08,
      "pct_error": 2.075481220604149
    },
    "rx_x": {
      "true": 0.01,
      "est": 0.009987448656049842,
      "abs_error": 1.255134395015782e-05,
      "pct_error": 0.1255134395015782
    },
    "rx_y": {
      "true": 0.02,
      "est": 0.01996878146861202,
      "abs_error": 3.121853138798175e-05,
      "pct_error": 0.15609265693990876
    },
    "rx_z": {
      "true": 0.03,
      "est": 0.030662166647400024,
      "abs_error": 0.0006621666474000247,
      "pct_error": 2.2072221580000826
    },
    "ry_x": {
      "true": 0.04,
      "est": 0.04058679110645879,
      "abs_error": 0.0005867911064587894,
      "pct_error": 1.4669777661469734
    },
    "ry_y": {
      "true": 0.05,
      "est": 0.049957337668345175,
      "abs_error": 4.266233165482747e-05,
      "pct_error": 0.08532466330965494
    },
    "ry_z": {
      "true": 0.06,
      "est": 0.0608745380603066,
      "abs_error": 0.0008745380603066011,
      "pct_error": 1.4575634338443353
    }
  },
  "focus_scale_pct": {
    "dKg_xx": 5.468640341701932,
    "dKg_xy": 0.18609688477358627,
    "dKg_yy": 2.5029596212286456,
    "dKg_zz": 53.76445190464523,
    "dKa_xx": 3.365505826262489
  },
  "lever_guard_pct": {
    "rx_y": 0.15609265693990876,
    "ry_z": 1.4575634338443353
  },
  "overall": {
    "mean_pct_error": 10.195012891300697,
    "median_pct_error": 1.4622705999956542,
    "max_pct_error": 105.05940561612066
  },
  "extra": {
    "noise_scale": 0.08,
    "noise_config": {
      "arw_dpsh": 0.0004,
      "vrw_ugpsHz": 0.4,
      "bi_g_dph": 0.00016,
      "bi_a_ug": 0.4,
      "tau_g": 300.0,
      "tau_a": 300.0,
      "seed": 42,
      "base_family": "round53_round61_shared"
    },
    "comparison_mode": "ch3_closedloop_local_insertions",
    "candidate_name": "redistribute_l10_l11_fullblock_y10x2",
    "method_key": "markov42_noisy",
    "legality": "faithful12_base_plus_closed_loop_local_insertions",
    "time_total_s": 1368.0
  }
}