{
  "variant": "legacy19pos_histatt0_scaled1200s_markov42_noisy_custom_arw0p0005_vrw0p5_big7em05_bia0p5_tg300_ta300_seed42",
  "method_file": "source_mod.run_calibration(n_states=42)",
  "source_file": "/root/.openclaw/workspace/tmp_psins_py/psins_py/test_calibration_markov_pruned.py",
  "param_order": [
    "eb_x",
    "eb_y",
    "eb_z",
    "db_x",
    "db_y",
    "db_z",
    "dKg_xx",
    "dKg_yx",
    "dKg_zx",
    "dKg_xy",
    "dKg_yy",
    "dKg_zy",
    "dKg_xz",
    "dKg_yz",
    "dKg_zz",
    "dKa_xx",
    "dKa_xy",
    "dKa_xz",
    "dKa_yy",
    "dKa_yz",
    "dKa_zz",
    "Ka2_x",
    "Ka2_y",
    "Ka2_z",
    "rx_x",
    "rx_y",
    "rx_z",
    "ry_x",
    "ry_y",
    "ry_z"
  ],
  "param_errors": {
    "eb_x": {
      "true": 4.84813681109536e-07,
      "est": 4.5335919081743566e-07,
      "abs_error": 3.1454490292100386e-08,
      "pct_error": 6.487954345701259
    },
    "eb_y": {
      "true": 9.69627362219072e-07,
      "est": 9.382499531014848e-07,
      "abs_error": 3.137740911758726e-08,
      "pct_error": 3.2360276060875055
    },
    "eb_z": {
      "true": 1.4544410433286078e-06,
      "est": 1.4363526795848852e-06,
      "abs_error": 1.8088363743722578e-08,
      "pct_error": 1.2436642809753136
    },
    "db_x": {
      "true": 0.00097803267715,
      "est": 0.0009767367852298633,
      "abs_error": 1.2958919201366045e-06,
      "pct_error": 0.13249985919824792
    },
    "db_y": {
      "true": 0.0019560653543,
      "est": 0.001965960405332169,
      "abs_error": 9.895051032169158e-06,
      "pct_error": 0.5058650525360496
    },
    "db_z": {
      "true": 0.00293409803145,
      "est": 0.0029314450133089936,
      "abs_error": 2.6530181410065225e-06,
      "pct_error": 0.0904202283826021
    },
    "dKg_xx": {
      "true": -9.99999999995449e-06,
      "est": -1.0360318769109256e-05,
      "abs_error": 3.60318769154766e-07,
      "pct_error": 3.603187691564058
    },
    "dKg_yx": {
      "true": 0.0001454441043328608,
      "est": 0.00014573967364128298,
      "abs_error": 2.9556930842219195e-07,
      "pct_error": 0.20321848711430562
    },
    "dKg_zx": {
      "true": 0.00024240684055476798,
      "est": 0.00024082820765787354,
      "abs_error": 1.5786328968944426e-06,
      "pct_error": 0.6512328172264493
    },
    "dKg_xy": {
      "true": 4.84813681109536e-05,
      "est": 4.870866105797913e-05,
      "abs_error": 2.272929470255341e-07,
      "pct_error": 0.4688253567955333
    },
    "dKg_yy": {
      "true": -2.0000000000020002e-05,
      "est": -2.0314010250821468e-05,
      "abs_error": 3.140102508014664e-07,
      "pct_error": 1.5700512540057616
    },
    "dKg_zy": {
      "true": 0.0002908882086657216,
      "est": 0.0002913934444607668,
      "abs_error": 5.052357950452013e-07,
      "pct_error": 0.1736872722901602
    },
    "dKg_xz": {
      "true": 9.69627362219072e-05,
      "est": 9.707621620662251e-05,
      "abs_error": 1.134799847153211e-07,
      "pct_error": 0.11703463530114583
    },
    "dKg_yz": {
      "true": 0.0001939254724438144,
      "est": 0.00019388040856863428,
      "abs_error": 4.5063875180105604e-08,
      "pct_error": 0.023237728706919543
    },
    "dKg_zz": {
      "true": -2.999999999997449e-05,
      "est": -2.9938364251691496e-05,
      "abs_error": 6.163574828299545e-08,
      "pct_error": 0.2054524942768262
    },
    "dKa_xx": {
      "true": -9.99999999995449e-06,
      "est": -9.814876759550728e-06,
      "abs_error": 1.851232404037617e-07,
      "pct_error": 1.851232404046042
    },
    "dKa_xy": {
      "true": 4.84813681109536e-05,
      "est": 4.876616234354169e-05,
      "abs_error": 2.847942325880963e-07,
      "pct_error": 0.5874302720507418
    },
    "dKa_xz": {
      "true": 9.69627362219072e-05,
      "est": 9.806634649856467e-05,
      "abs_error": 1.1036102766574758e-06,
      "pct_error": 1.1381797994352931
    },
    "dKa_yy": {
      "true": -2.0000000000020002e-05,
      "est": -2.0090676715822653e-05,
      "abs_error": 9.067671580265113e-08,
      "pct_error": 0.4533835790128022
    },
    "dKa_yz": {
      "true": 0.0001939254724438144,
      "est": 0.00019312619537388383,
      "abs_error": 7.992770699305604e-07,
      "pct_error": 0.4121568249174349
    },
    "dKa_zz": {
      "true": -2.999999999997449e-05,
      "est": -2.9608274219938835e-05,
      "abs_error": 3.917257800356566e-07,
      "pct_error": 1.3057526001199657
    },
    "Ka2_x": {
      "true": 1.0224607248440952e-06,
      "est": 1.0239375296138252e-06,
      "abs_error": 1.476804769730005e-09,
      "pct_error": 0.1444363322566926
    },
    "Ka2_y": {
      "true": 2.0449214496881904e-06,
      "est": 2.016504790027843e-06,
      "abs_error": 2.84166596603473e-08,
      "pct_error": 1.389621086163494
    },
    "Ka2_z": {
      "true": 3.0673821745322856e-06,
      "est": 3.1572938160743947e-06,
      "abs_error": 8.991164154210909e-08,
      "pct_error": 2.9312174494793375
    },
    "rx_x": {
      "true": 0.01,
      "est": 0.01006139556253586,
      "abs_error": 6.139556253586045e-05,
      "pct_error": 0.6139556253586045
    },
    "rx_y": {
      "true": 0.02,
      "est": 0.02016293146100188,
      "abs_error": 0.0001629314610018806,
      "pct_error": 0.814657305009403
    },
    "rx_z": {
      "true": 0.03,
      "est": 0.029887169946660432,
      "abs_error": 0.00011283005333956667,
      "pct_error": 0.3761001777985556
    },
    "ry_x": {
      "true": 0.04,
      "est": 0.0402064326009445,
      "abs_error": 0.00020643260094450194,
      "pct_error": 0.5160815023612548
    },
    "ry_y": {
      "true": 0.05,
      "est": 0.05008180817047964,
      "abs_error": 8.180817047964001e-05,
      "pct_error": 0.16361634095928002
    },
    "ry_z": {
      "true": 0.06,
      "est": 0.0602313668869454,
      "abs_error": 0.00023136688694540275,
      "pct_error": 0.38561147824233794
    }
  },
  "focus_scale_pct": {
    "dKg_xx": 3.603187691564058,
    "dKg_xy": 0.4688253567955333,
    "dKg_yy": 1.5700512540057616,
    "dKg_zz": 0.2054524942768262,
    "dKa_xx": 1.851232404046042
  },
  "lever_guard_pct": {
    "rx_y": 0.814657305009403,
    "ry_z": 0.38561147824233794
  },
  "overall": {
    "mean_pct_error": 1.0598597295791126,
    "median_pct_error": 0.5109732774486522,
    "max_pct_error": 6.487954345701259
  },
  "extra": {
    "comparison_mode": "four_group_progression_19pos_markov_20pos_round61_custom_noise",
    "case_key": "legacy19pos",
    "case_tag": "legacy19pos_histatt0_scaled1200s",
    "case_display_name": "legacy 19-position method",
    "method_key": "markov42_noisy",
    "noise_tag": "custom_arw0p0005_vrw0p5_big7em05_bia0p5_tg300_ta300_seed42",
    "noise_config": {
      "arw_dpsh": 0.0005,
      "vrw_ugpsHz": 0.5,
      "bi_g_dph": 7e-05,
      "bi_a_ug": 0.5,
      "tau_g": 300.0,
      "tau_a": 300.0,
      "seed": 42,
      "base_family": "user_explicit_custom_noise"
    },
    "att0_deg": [
      1.0,
      -91.0,
      -91.0
    ],
    "n_motion_rows": 18,
    "claimed_position_count": 19,
    "total_time_s": 1200.0,
    "timing_note": "original 982 s over 18 motion rows, scaled uniformly by 1200/982 to preserve row timing proportions",
    "source_builder": "/root/.openclaw/workspace/tmp_psins_py/psins_py/test_system_calibration_19pos.py",
    "source_reference": "historical paras block + att0=[1,-91,-91] deg from original 19pos script",
    "rationale": "Historical 19-position calibration path, evaluated with its original initial attitude and fair-duration normalization only.",
    "timing_scale_factor": 1.2219959266802445,
    "raw_total_s_before_scaling": 982.0,
    "builder_method_tag": null
  }
}