{
  "variant": "precond_y9neg4_plus_l10l11_fullblock_y6x0_markov42_noisy_noise0p08",
  "method_file": "search_ch3_12pos_closedloop_local_insertions.py",
  "source_file": "/root/.openclaw/workspace/tmp_psins_py/psins_py/test_calibration_markov_pruned.py",
  "param_order": [
    "eb_x",
    "eb_y",
    "eb_z",
    "db_x",
    "db_y",
    "db_z",
    "dKg_xx",
    "dKg_yx",
    "dKg_zx",
    "dKg_xy",
    "dKg_yy",
    "dKg_zy",
    "dKg_xz",
    "dKg_yz",
    "dKg_zz",
    "dKa_xx",
    "dKa_xy",
    "dKa_xz",
    "dKa_yy",
    "dKa_yz",
    "dKa_zz",
    "Ka2_x",
    "Ka2_y",
    "Ka2_z",
    "rx_x",
    "rx_y",
    "rx_z",
    "ry_x",
    "ry_y",
    "ry_z"
  ],
  "param_errors": {
    "eb_x": {
      "true": 4.84813681109536e-07,
      "est": 4.5484257892579266e-07,
      "abs_error": 2.9971102183743387e-08,
      "pct_error": 6.181983584941755
    },
    "eb_y": {
      "true": 9.69627362219072e-07,
      "est": 9.706469345030044e-07,
      "abs_error": 1.0195722839323536e-09,
      "pct_error": 0.10515093980010821
    },
    "eb_z": {
      "true": 1.4544410433286078e-06,
      "est": 1.4461057634575647e-06,
      "abs_error": 8.33527987104311e-09,
      "pct_error": 0.5730916292053432
    },
    "db_x": {
      "true": 0.00097803267715,
      "est": 0.000981672872347672,
      "abs_error": 3.640195197672112e-06,
      "pct_error": 0.37219566203858223
    },
    "db_y": {
      "true": 0.0019560653543,
      "est": 0.0019607779994329057,
      "abs_error": 4.712645132905896e-06,
      "pct_error": 0.240924727926198
    },
    "db_z": {
      "true": 0.00293409803145,
      "est": 0.00294045593681348,
      "abs_error": 6.357905363479736e-06,
      "pct_error": 0.21669028421445508
    },
    "dKg_xx": {
      "true": -9.99999999995449e-06,
      "est": -1.236327982545582e-05,
      "abs_error": 2.36327982550133e-06,
      "pct_error": 23.63279825512085
    },
    "dKg_yx": {
      "true": 0.0001454441043328608,
      "est": 0.00014530539007751516,
      "abs_error": 1.3871425534562817e-07,
      "pct_error": 0.09537289667525416
    },
    "dKg_zx": {
      "true": 0.00024240684055476798,
      "est": 0.0002417739901915242,
      "abs_error": 6.328503632437726e-07,
      "pct_error": 0.26106951511576265
    },
    "dKg_xy": {
      "true": 4.84813681109536e-05,
      "est": 4.9026548235357036e-05,
      "abs_error": 5.45180124403439e-07,
      "pct_error": 1.1245147272984324
    },
    "dKg_yy": {
      "true": -2.0000000000020002e-05,
      "est": -1.950165014408256e-05,
      "abs_error": 4.983498559374411e-07,
      "pct_error": 2.491749279684713
    },
    "dKg_zy": {
      "true": 0.0002908882086657216,
      "est": 0.00028697237425553013,
      "abs_error": 3.915834410191446e-06,
      "pct_error": 1.3461647098564191
    },
    "dKg_xz": {
      "true": 9.69627362219072e-05,
      "est": 9.705142224661646e-05,
      "abs_error": 8.868602470926538e-08,
      "pct_error": 0.09146402851740912
    },
    "dKg_yz": {
      "true": 0.0001939254724438144,
      "est": 0.0001977821372433713,
      "abs_error": 3.856664799556901e-06,
      "pct_error": 1.9887355441015022
    },
    "dKg_zz": {
      "true": -2.999999999997449e-05,
      "est": -1.8551925216936382e-05,
      "abs_error": 1.1448074783038109e-05,
      "pct_error": 38.16024927682614
    },
    "dKa_xx": {
      "true": -9.99999999995449e-06,
      "est": -9.656194689178221e-06,
      "abs_error": 3.438053107762684e-07,
      "pct_error": 3.4380531077783307
    },
    "dKa_xy": {
      "true": 4.84813681109536e-05,
      "est": 4.829118932129729e-05,
      "abs_error": 1.9017878965630773e-07,
      "pct_error": 0.39227191200765604
    },
    "dKa_xz": {
      "true": 9.69627362219072e-05,
      "est": 9.628783102319182e-05,
      "abs_error": 6.74905198715369e-07,
      "pct_error": 0.6960459502409182
    },
    "dKa_yy": {
      "true": -2.0000000000020002e-05,
      "est": -3.778285588840191e-07,
      "abs_error": 1.9622171441135983e-05,
      "pct_error": 98.1108572055818
    },
    "dKa_yz": {
      "true": 0.0001939254724438144,
      "est": 0.00019776320369146425,
      "abs_error": 3.837731247649859e-06,
      "pct_error": 1.978972230562314
    },
    "dKa_zz": {
      "true": -2.999999999997449e-05,
      "est": -3.0468840001907083e-05,
      "abs_error": 4.688400019325911e-07,
      "pct_error": 1.5628000064432994
    },
    "Ka2_x": {
      "true": 1.0224607248440952e-06,
      "est": 1.010153117980932e-06,
      "abs_error": 1.2307606863163135e-08,
      "pct_error": 1.2037241689689155
    },
    "Ka2_y": {
      "true": 2.0449214496881904e-06,
      "est": -3.770732960243059e-09,
      "abs_error": 2.0486921826484336e-06,
      "pct_error": 100.18439500259622
    },
    "Ka2_z": {
      "true": 3.0673821745322856e-06,
      "est": 3.011516620419491e-06,
      "abs_error": 5.586555411279467e-08,
      "pct_error": 1.821277914980159
    },
    "rx_x": {
      "true": 0.01,
      "est": 0.009874631479549085,
      "abs_error": 0.0001253685204509157,
      "pct_error": 1.253685204509157
    },
    "rx_y": {
      "true": 0.02,
      "est": 0.020043538310492524,
      "abs_error": 4.353831049252327e-05,
      "pct_error": 0.21769155246261634
    },
    "rx_z": {
      "true": 0.03,
      "est": 0.030672118401871465,
      "abs_error": 0.000672118401871466,
      "pct_error": 2.2403946729048867
    },
    "ry_x": {
      "true": 0.04,
      "est": 0.04042267763655862,
      "abs_error": 0.00042267763655862156,
      "pct_error": 1.056694091396554
    },
    "ry_y": {
      "true": 0.05,
      "est": 0.04998791127656324,
      "abs_error": 1.2088723436762261e-05,
      "pct_error": 0.024177446873524522
    },
    "ry_z": {
      "true": 0.06,
      "est": 0.060857404906189155,
      "abs_error": 0.0008574049061891575,
      "pct_error": 1.4290081769819294
    }
  },
  "focus_scale_pct": {
    "dKg_xx": 23.63279825512085,
    "dKg_xy": 1.1245147272984324,
    "dKg_yy": 2.491749279684713,
    "dKg_zz": 38.16024927682614,
    "dKa_xx": 3.4380531077783307
  },
  "lever_guard_pct": {
    "rx_y": 0.21769155246261634,
    "ry_z": 1.4290081769819294
  },
  "overall": {
    "mean_pct_error": 9.749740123520374,
    "median_pct_error": 1.2287046867390363,
    "max_pct_error": 100.18439500259622
  },
  "extra": {
    "noise_scale": 0.08,
    "noise_config": {
      "arw_dpsh": 0.0004,
      "vrw_ugpsHz": 0.4,
      "bi_g_dph": 0.00016,
      "bi_a_ug": 0.4,
      "tau_g": 300.0,
      "tau_a": 300.0,
      "seed": 42,
      "base_family": "round53_round61_shared"
    },
    "comparison_mode": "ch3_closedloop_local_insertions",
    "candidate_name": "precond_y9neg4_plus_l10l11_fullblock_y6x0",
    "method_key": "markov42_noisy",
    "legality": "faithful12_base_plus_closed_loop_local_insertions",
    "time_total_s": 1362.0
  }
}