{
  "variant": "corridordiag_l7_bfly_same_d6_plus_relaymax_unified_l9y2_markov42_noisy_noise0p08",
  "method_file": "search_ch3_12pos_closedloop_local_insertions.py",
  "source_file": "/root/.openclaw/workspace/tmp_psins_py/psins_py/test_calibration_markov_pruned.py",
  "param_order": [
    "eb_x",
    "eb_y",
    "eb_z",
    "db_x",
    "db_y",
    "db_z",
    "dKg_xx",
    "dKg_yx",
    "dKg_zx",
    "dKg_xy",
    "dKg_yy",
    "dKg_zy",
    "dKg_xz",
    "dKg_yz",
    "dKg_zz",
    "dKa_xx",
    "dKa_xy",
    "dKa_xz",
    "dKa_yy",
    "dKa_yz",
    "dKa_zz",
    "Ka2_x",
    "Ka2_y",
    "Ka2_z",
    "rx_x",
    "rx_y",
    "rx_z",
    "ry_x",
    "ry_y",
    "ry_z"
  ],
  "param_errors": {
    "eb_x": {
      "true": 4.84813681109536e-07,
      "est": 4.5304829580223576e-07,
      "abs_error": 3.1765385307300285e-08,
      "pct_error": 6.552081045774654
    },
    "eb_y": {
      "true": 9.69627362219072e-07,
      "est": 9.757378084503202e-07,
      "abs_error": 6.110446231248064e-09,
      "pct_error": 0.630185003985841
    },
    "eb_z": {
      "true": 1.4544410433286078e-06,
      "est": 1.4421980942705656e-06,
      "abs_error": 1.2242949058042204e-08,
      "pct_error": 0.8417631717833822
    },
    "db_x": {
      "true": 0.00097803267715,
      "est": 0.0009797963964008384,
      "abs_error": 1.7637192508384702e-06,
      "pct_error": 0.1803333663633787
    },
    "db_y": {
      "true": 0.0019560653543,
      "est": 0.0019581559640346313,
      "abs_error": 2.0906097346314392e-06,
      "pct_error": 0.10687831723186916
    },
    "db_z": {
      "true": 0.00293409803145,
      "est": 0.0029378480499573597,
      "abs_error": 3.7500185073595545e-06,
      "pct_error": 0.1278082213737874
    },
    "dKg_xx": {
      "true": -9.99999999995449e-06,
      "est": -5.582212202925874e-06,
      "abs_error": 4.417787797028616e-06,
      "pct_error": 44.177877970487216
    },
    "dKg_yx": {
      "true": 0.0001454441043328608,
      "est": 0.000145431600926429,
      "abs_error": 1.2503406431800621e-08,
      "pct_error": 0.008596709016946846
    },
    "dKg_zx": {
      "true": 0.00024240684055476798,
      "est": 0.0002417158721989811,
      "abs_error": 6.909683557868821e-07,
      "pct_error": 0.28504490805851196
    },
    "dKg_xy": {
      "true": 4.84813681109536e-05,
      "est": 4.8921823068573476e-05,
      "abs_error": 4.404549576198793e-07,
      "pct_error": 0.9085035649403744
    },
    "dKg_yy": {
      "true": -2.0000000000020002e-05,
      "est": -2.0382699460474996e-05,
      "abs_error": 3.826994604549938e-07,
      "pct_error": 1.9134973022730553
    },
    "dKg_zy": {
      "true": 0.0002908882086657216,
      "est": 0.00029401590454420837,
      "abs_error": 3.127695878486791e-06,
      "pct_error": 1.075222640626533
    },
    "dKg_xz": {
      "true": 9.69627362219072e-05,
      "est": 9.79253513751928e-05,
      "abs_error": 9.626151532856052e-07,
      "pct_error": 0.9927681404148717
    },
    "dKg_yz": {
      "true": 0.0001939254724438144,
      "est": 0.00019103558070510026,
      "abs_error": 2.8898917387141262e-06,
      "pct_error": 1.4902073989023843
    },
    "dKg_zz": {
      "true": -2.999999999997449e-05,
      "est": -2.5808705828467282e-05,
      "abs_error": 4.191294171507209e-06,
      "pct_error": 13.970980571702576
    },
    "dKa_xx": {
      "true": -9.99999999995449e-06,
      "est": -8.83889466174459e-06,
      "abs_error": 1.1611053382099001e-06,
      "pct_error": 11.611053382151844
    },
    "dKa_xy": {
      "true": 4.84813681109536e-05,
      "est": 5.322914944029863e-05,
      "abs_error": 4.747781329345035e-06,
      "pct_error": 9.793001960009352
    },
    "dKa_xz": {
      "true": 9.69627362219072e-05,
      "est": 9.736901026724864e-05,
      "abs_error": 4.0627404534144195e-07,
      "pct_error": 0.4190001862278829
    },
    "dKa_yy": {
      "true": -2.0000000000020002e-05,
      "est": -6.050540128921256e-07,
      "abs_error": 1.9394945987127876e-05,
      "pct_error": 96.9747299355424
    },
    "dKa_yz": {
      "true": 0.0001939254724438144,
      "est": 0.00019090350054003325,
      "abs_error": 3.021971903781139e-06,
      "pct_error": 1.558316123043964
    },
    "dKa_zz": {
      "true": -2.999999999997449e-05,
      "est": -3.0315862929342074e-05,
      "abs_error": 3.15862929367583e-07,
      "pct_error": 1.0528764312261718
    },
    "Ka2_x": {
      "true": 1.0224607248440952e-06,
      "est": 1.1127757888038686e-06,
      "abs_error": 9.031506395977337e-08,
      "pct_error": 8.833108379155062
    },
    "Ka2_y": {
      "true": 2.0449214496881904e-06,
      "est": 7.201412322188898e-09,
      "abs_error": 2.0377200373660014e-06,
      "pct_error": 99.64783917136342
    },
    "Ka2_z": {
      "true": 3.0673821745322856e-06,
      "est": 3.007765291665606e-06,
      "abs_error": 5.961688286667974e-08,
      "pct_error": 1.9435753184478919
    },
    "rx_x": {
      "true": 0.01,
      "est": 0.01007515392549421,
      "abs_error": 7.515392549421046e-05,
      "pct_error": 0.7515392549421046
    },
    "rx_y": {
      "true": 0.02,
      "est": 0.020198524716845547,
      "abs_error": 0.00019852471684554673,
      "pct_error": 0.9926235842277337
    },
    "rx_z": {
      "true": 0.03,
      "est": 0.030518015752078922,
      "abs_error": 0.0005180157520789236,
      "pct_error": 1.726719173596412
    },
    "ry_x": {
      "true": 0.04,
      "est": 0.040505050741763554,
      "abs_error": 0.0005050507417635533,
      "pct_error": 1.2626268544088832
    },
    "ry_y": {
      "true": 0.05,
      "est": 0.05019428074902049,
      "abs_error": 0.00019428074902048953,
      "pct_error": 0.38856149804097906
    },
    "ry_z": {
      "true": 0.06,
      "est": 0.06075881169600105,
      "abs_error": 0.0007588116960010535,
      "pct_error": 1.2646861600017558
    }
  },
  "focus_scale_pct": {
    "dKg_xx": 44.177877970487216,
    "dKg_xy": 0.9085035649403744,
    "dKg_yy": 1.9134973022730553,
    "dKg_zz": 13.970980571702576,
    "dKa_xx": 11.611053382151844
  },
  "lever_guard_pct": {
    "rx_y": 0.9926235842277337,
    "ry_z": 1.2646861600017558
  },
  "overall": {
    "mean_pct_error": 10.38273352484404,
    "median_pct_error": 1.1689247475177083,
    "max_pct_error": 99.64783917136342
  },
  "extra": {
    "noise_scale": 0.08,
    "noise_config": {
      "arw_dpsh": 0.0004,
      "vrw_ugpsHz": 0.4,
      "bi_g_dph": 0.00016,
      "bi_a_ug": 0.4,
      "tau_g": 300.0,
      "tau_a": 300.0,
      "seed": 42,
      "base_family": "round53_round61_shared"
    },
    "comparison_mode": "ch3_closedloop_local_insertions",
    "candidate_name": "corridordiag_l7_bfly_same_d6_plus_relaymax_unified_l9y2",
    "method_key": "markov42_noisy",
    "legality": "faithful12_base_plus_closed_loop_local_insertions",
    "time_total_s": 1391.0
  }
}