{
  "variant": "z11_med_neg_noise0p08",
  "method_file": "ad-hoc targeted probe",
  "source_file": "/root/.openclaw/workspace/tmp_psins_py/psins_py/test_calibration_markov_pruned.py",
  "param_order": [
    "eb_x",
    "eb_y",
    "eb_z",
    "db_x",
    "db_y",
    "db_z",
    "dKg_xx",
    "dKg_yx",
    "dKg_zx",
    "dKg_xy",
    "dKg_yy",
    "dKg_zy",
    "dKg_xz",
    "dKg_yz",
    "dKg_zz",
    "dKa_xx",
    "dKa_xy",
    "dKa_xz",
    "dKa_yy",
    "dKa_yz",
    "dKa_zz",
    "Ka2_x",
    "Ka2_y",
    "Ka2_z",
    "rx_x",
    "rx_y",
    "rx_z",
    "ry_x",
    "ry_y",
    "ry_z"
  ],
  "param_errors": {
    "eb_x": {
      "true": 4.84813681109536e-07,
      "est": 4.7055029497481453e-07,
      "abs_error": 1.4263386134721514e-08,
      "pct_error": 2.9420345775058534
    },
    "eb_y": {
      "true": 9.69627362219072e-07,
      "est": 9.635612293099809e-07,
      "abs_error": 6.066132909091238e-09,
      "pct_error": 0.6256148645814195
    },
    "eb_z": {
      "true": 1.4544410433286078e-06,
      "est": 1.4402817012925074e-06,
      "abs_error": 1.415934203610045e-08,
      "pct_error": 0.9735246472208754
    },
    "db_x": {
      "true": 0.00097803267715,
      "est": 0.0009722661222139479,
      "abs_error": 5.766554936052011e-06,
      "pct_error": 0.5896075939769035
    },
    "db_y": {
      "true": 0.0019560653543,
      "est": 0.0019603935530129717,
      "abs_error": 4.328198712971916e-06,
      "pct_error": 0.2212706596667273
    },
    "db_z": {
      "true": 0.00293409803145,
      "est": 0.0029498134776448854,
      "abs_error": 1.5715446194885206e-05,
      "pct_error": 0.5356142169223569
    },
    "dKg_xx": {
      "true": -9.99999999995449e-06,
      "est": -1.1992501291580027e-05,
      "abs_error": 1.992501291625537e-06,
      "pct_error": 19.92501291634605
    },
    "dKg_yx": {
      "true": 0.0001454441043328608,
      "est": 0.000144912999650346,
      "abs_error": 5.311046825147848e-07,
      "pct_error": 0.3651606814527924
    },
    "dKg_zx": {
      "true": 0.00024240684055476798,
      "est": 0.00024083227093270977,
      "abs_error": 1.5745696220582168e-06,
      "pct_error": 0.6495565960328037
    },
    "dKg_xy": {
      "true": 4.84813681109536e-05,
      "est": 4.880091110695445e-05,
      "abs_error": 3.1954299600085273e-07,
      "pct_error": 0.6591047415773258
    },
    "dKg_yy": {
      "true": -2.0000000000020002e-05,
      "est": -2.0339087776655163e-05,
      "abs_error": 3.3908777663516076e-07,
      "pct_error": 1.6954388831741083
    },
    "dKg_zy": {
      "true": 0.0002908882086657216,
      "est": 0.0002965581850495416,
      "abs_error": 5.669976383820016e-06,
      "pct_error": 1.9491943003904129
    },
    "dKg_xz": {
      "true": 9.69627362219072e-05,
      "est": 9.76734209024418e-05,
      "abs_error": 7.106846805346109e-07,
      "pct_error": 0.7329461896662555
    },
    "dKg_yz": {
      "true": 0.0001939254724438144,
      "est": 0.00018894963707043953,
      "abs_error": 4.975835373374857e-06,
      "pct_error": 2.5658492980165333
    },
    "dKg_zz": {
      "true": -2.999999999997449e-05,
      "est": -6.588938137319644e-06,
      "abs_error": 2.3411061862654847e-05,
      "pct_error": 78.0368728755825
    },
    "dKa_xx": {
      "true": -9.99999999995449e-06,
      "est": -1.0047041401506362e-05,
      "abs_error": 4.704140155187275e-08,
      "pct_error": 0.4704140155208684
    },
    "dKa_xy": {
      "true": 4.84813681109536e-05,
      "est": 5.5202246853904455e-05,
      "abs_error": 6.7208787429508585e-06,
      "pct_error": 13.862807517249875
    },
    "dKa_xz": {
      "true": 9.69627362219072e-05,
      "est": 9.724940313012825e-05,
      "abs_error": 2.8666690822106117e-07,
      "pct_error": 0.2956464714083567
    },
    "dKa_yy": {
      "true": -2.0000000000020002e-05,
      "est": -3.3701264778862594e-06,
      "abs_error": 1.6629873522133742e-05,
      "pct_error": 83.14936761058556
    },
    "dKa_yz": {
      "true": 0.0001939254724438144,
      "est": 0.00018961111046033907,
      "abs_error": 4.314361983475312e-06,
      "pct_error": 2.2247525965034343
    },
    "dKa_zz": {
      "true": -2.999999999997449e-05,
      "est": -2.9940948970574865e-05,
      "abs_error": 5.905102939962603e-08,
      "pct_error": 0.19683676466558747
    },
    "Ka2_x": {
      "true": 1.0224607248440952e-06,
      "est": 1.0704413612381803e-06,
      "abs_error": 4.798063639408511e-08,
      "pct_error": 4.692663026386779
    },
    "Ka2_y": {
      "true": 2.0449214496881904e-06,
      "est": 6.703849461651996e-10,
      "abs_error": 2.0442510647420254e-06,
      "pct_error": 99.96721708081905
    },
    "Ka2_z": {
      "true": 3.0673821745322856e-06,
      "est": 2.9320390000651073e-06,
      "abs_error": 1.353431744671784e-07,
      "pct_error": 4.412334908603801
    },
    "rx_x": {
      "true": 0.01,
      "est": 0.0102581039728425,
      "abs_error": 0.0002581039728425001,
      "pct_error": 2.5810397284250013
    },
    "rx_y": {
      "true": 0.02,
      "est": 0.019976660953790387,
      "abs_error": 2.3339046209613218e-05,
      "pct_error": 0.11669523104806609
    },
    "rx_z": {
      "true": 0.03,
      "est": 0.03000569103963819,
      "abs_error": 5.691039638190676e-06,
      "pct_error": 0.018970132127302253
    },
    "ry_x": {
      "true": 0.04,
      "est": 0.04076365035502664,
      "abs_error": 0.0007636503550266377,
      "pct_error": 1.9091258875665942
    },
    "ry_y": {
      "true": 0.05,
      "est": 0.05022782034367638,
      "abs_error": 0.00022782034367637566,
      "pct_error": 0.4556406873527513
    },
    "ry_z": {
      "true": 0.06,
      "est": 0.06001641362361969,
      "abs_error": 1.6413623619690454e-05,
      "pct_error": 0.027356039366150758
    }
  },
  "focus_scale_pct": {
    "dKg_xx": 19.92501291634605,
    "dKg_xy": 0.6591047415773258,
    "dKg_yy": 1.6954388831741083,
    "dKg_zz": 78.0368728755825,
    "dKa_xx": 0.4704140155208684
  },
  "lever_guard_pct": {
    "rx_y": 0.11669523104806609,
    "ry_z": 0.027356039366150758
  },
  "overall": {
    "mean_pct_error": 10.894922357991407,
    "median_pct_error": 0.8532354184435654,
    "max_pct_error": 99.96721708081905
  },
  "extra": {
    "noise_scale": 0.08,
    "noise_config": {
      "arw_dpsh": 0.0004,
      "vrw_ugpsHz": 0.4,
      "bi_g_dph": 0.00016,
      "bi_a_ug": 0.4,
      "tau_g": 300.0,
      "tau_a": 300.0,
      "seed": 42,
      "base_family": "round53_round61_shared"
    },
    "candidate_name": "z11_med_neg"
  }
}