{
  "variant": "legal_flip_1_4_5_8_markov42_noisy_noise0p08",
  "method_file": "search_ch3_12pos_legal_dualaxis_second_layer.py",
  "source_file": "/root/.openclaw/workspace/tmp_psins_py/psins_py/test_calibration_markov_pruned.py",
  "param_order": [
    "eb_x",
    "eb_y",
    "eb_z",
    "db_x",
    "db_y",
    "db_z",
    "dKg_xx",
    "dKg_yx",
    "dKg_zx",
    "dKg_xy",
    "dKg_yy",
    "dKg_zy",
    "dKg_xz",
    "dKg_yz",
    "dKg_zz",
    "dKa_xx",
    "dKa_xy",
    "dKa_xz",
    "dKa_yy",
    "dKa_yz",
    "dKa_zz",
    "Ka2_x",
    "Ka2_y",
    "Ka2_z",
    "rx_x",
    "rx_y",
    "rx_z",
    "ry_x",
    "ry_y",
    "ry_z"
  ],
  "param_errors": {
    "eb_x": {
      "true": 4.84813681109536e-07,
      "est": 4.573655639118217e-07,
      "abs_error": 2.7448117197714374e-08,
      "pct_error": 5.661580575634148
    },
    "eb_y": {
      "true": 9.69627362219072e-07,
      "est": 9.704655022205122e-07,
      "abs_error": 8.381400014400906e-10,
      "pct_error": 0.08643939250249066
    },
    "eb_z": {
      "true": 1.4544410433286078e-06,
      "est": 1.4541097717643055e-06,
      "abs_error": 3.3127156430230467e-10,
      "pct_error": 0.022776555008662467
    },
    "db_x": {
      "true": 0.00097803267715,
      "est": 0.000971077791965729,
      "abs_error": 6.954885184270922e-06,
      "pct_error": 0.7111096946717107
    },
    "db_y": {
      "true": 0.0019560653543,
      "est": 0.0019575169962850344,
      "abs_error": 1.451641985034547e-06,
      "pct_error": 0.07421234581162721
    },
    "db_z": {
      "true": 0.00293409803145,
      "est": 0.003078880988531078,
      "abs_error": 0.000144782957081078,
      "pct_error": 4.934496241406351
    },
    "dKg_xx": {
      "true": -9.99999999995449e-06,
      "est": -2.8310852706603384e-07,
      "abs_error": 9.716891472888456e-06,
      "pct_error": 97.16891472932677
    },
    "dKg_yx": {
      "true": 0.0001454441043328608,
      "est": 0.0001452961362085966,
      "abs_error": 1.479681242641973e-07,
      "pct_error": 0.10173538827366979
    },
    "dKg_zx": {
      "true": 0.00024240684055476798,
      "est": 0.00022795404802837822,
      "abs_error": 1.445279252638976e-05,
      "pct_error": 5.962204900370533
    },
    "dKg_xy": {
      "true": 4.84813681109536e-05,
      "est": 4.800978097862636e-05,
      "abs_error": 4.715871323272361e-07,
      "pct_error": 0.9727182847810114
    },
    "dKg_yy": {
      "true": -2.0000000000020002e-05,
      "est": -1.9646539156426e-05,
      "abs_error": 3.534608435940001e-07,
      "pct_error": 1.7673042179682332
    },
    "dKg_zy": {
      "true": 0.0002908882086657216,
      "est": 0.00028928695881649786,
      "abs_error": 1.6012498492237216e-06,
      "pct_error": 0.550469149838872
    },
    "dKg_xz": {
      "true": 9.69627362219072e-05,
      "est": 0.00011069547690283228,
      "abs_error": 1.3732740680925091e-05,
      "pct_error": 14.162905478963161
    },
    "dKg_yz": {
      "true": 0.0001939254724438144,
      "est": 0.0001950399016112977,
      "abs_error": 1.1144291674833199e-06,
      "pct_error": 0.5746687907676497
    },
    "dKg_zz": {
      "true": -2.999999999997449e-05,
      "est": -5.330315902218885e-06,
      "abs_error": 2.4669684097755606e-05,
      "pct_error": 82.23228032592195
    },
    "dKa_xx": {
      "true": -9.99999999995449e-06,
      "est": -7.892904869244433e-06,
      "abs_error": 2.107095130710057e-06,
      "pct_error": 21.070951307196466
    },
    "dKa_xy": {
      "true": 4.84813681109536e-05,
      "est": 4.427925071010001e-05,
      "abs_error": 4.2021174008535835e-06,
      "pct_error": 8.667489315146165
    },
    "dKa_xz": {
      "true": 9.69627362219072e-05,
      "est": 0.00011091048103815501,
      "abs_error": 1.3947744816247815e-05,
      "pct_error": 14.38464441053649
    },
    "dKa_yy": {
      "true": -2.0000000000020002e-05,
      "est": -5.22741318231823e-06,
      "abs_error": 1.4772586817701772e-05,
      "pct_error": 73.86293408843498
    },
    "dKa_yz": {
      "true": 0.0001939254724438144,
      "est": 0.00019564499565307122,
      "abs_error": 1.7195232092568323e-06,
      "pct_error": 0.8866928039868647
    },
    "dKa_zz": {
      "true": -2.999999999997449e-05,
      "est": -2.9914417136733817e-05,
      "abs_error": 8.55828632406741e-08,
      "pct_error": 0.2852762108024896
    },
    "Ka2_x": {
      "true": 1.0224607248440952e-06,
      "est": 1.2953313637482605e-06,
      "abs_error": 2.728706389041653e-07,
      "pct_error": 26.687640148307175
    },
    "Ka2_y": {
      "true": 2.0449214496881904e-06,
      "est": -5.626577018124746e-10,
      "abs_error": 2.045484107390003e-06,
      "pct_error": 100.02751488092115
    },
    "Ka2_z": {
      "true": 3.0673821745322856e-06,
      "est": 1.59470997584842e-06,
      "abs_error": 1.4726721986838657e-06,
      "pct_error": 48.010717768105266
    },
    "rx_x": {
      "true": 0.01,
      "est": 0.010247285126038248,
      "abs_error": 0.0002472851260382474,
      "pct_error": 2.472851260382474
    },
    "rx_y": {
      "true": 0.02,
      "est": 0.020040789888749858,
      "abs_error": 4.078988874985784e-05,
      "pct_error": 0.2039494437492892
    },
    "rx_z": {
      "true": 0.03,
      "est": 0.030935086405189487,
      "abs_error": 0.0009350864051894878,
      "pct_error": 3.116954683964959
    },
    "ry_x": {
      "true": 0.04,
      "est": 0.0399057918614011,
      "abs_error": 9.420813859890159e-05,
      "pct_error": 0.23552034649725398
    },
    "ry_y": {
      "true": 0.05,
      "est": 0.05008653109515865,
      "abs_error": 8.653109515864565e-05,
      "pct_error": 0.1730621903172913
    },
    "ry_z": {
      "true": 0.06,
      "est": 0.06011000529197927,
      "abs_error": 0.00011000529197927045,
      "pct_error": 0.1833421532987841
    }
  },
  "focus_scale_pct": {
    "dKg_xx": 97.16891472932677,
    "dKg_xy": 0.9727182847810114,
    "dKg_yy": 1.7673042179682332,
    "dKg_zz": 82.23228032592195,
    "dKa_xx": 21.070951307196466
  },
  "lever_guard_pct": {
    "rx_y": 0.2039494437492892,
    "ry_z": 0.1833421532987841
  },
  "overall": {
    "mean_pct_error": 17.175111902763135,
    "median_pct_error": 2.1200777391753536,
    "max_pct_error": 100.02751488092115
  },
  "extra": {
    "noise_scale": 0.08,
    "noise_config": {
      "arw_dpsh": 0.0004,
      "vrw_ugpsHz": 0.4,
      "bi_g_dph": 0.00016,
      "bi_a_ug": 0.4,
      "tau_g": 300.0,
      "tau_a": 300.0,
      "seed": 42,
      "base_family": "round53_round61_shared"
    },
    "comparison_mode": "ch3_legal_dualaxis_second_layer",
    "candidate_name": "legal_flip_1_4_5_8",
    "candidate_flips": [
      1,
      4,
      5,
      8
    ],
    "method_key": "markov42_noisy",
    "direction": "A",
    "family": "one_flip_structural_neighbor",
    "base_reference": "legal shortlist neighbor",
    "legality": "true_dual_axis_motor_sequence"
  }
}