{
  "variant": "corridorx_l7_pos2_plus_mainline_markov42_noisy_noise0p08",
  "method_file": "search_ch3_12pos_closedloop_local_insertions.py",
  "source_file": "/root/.openclaw/workspace/tmp_psins_py/psins_py/test_calibration_markov_pruned.py",
  "param_order": [
    "eb_x",
    "eb_y",
    "eb_z",
    "db_x",
    "db_y",
    "db_z",
    "dKg_xx",
    "dKg_yx",
    "dKg_zx",
    "dKg_xy",
    "dKg_yy",
    "dKg_zy",
    "dKg_xz",
    "dKg_yz",
    "dKg_zz",
    "dKa_xx",
    "dKa_xy",
    "dKa_xz",
    "dKa_yy",
    "dKa_yz",
    "dKa_zz",
    "Ka2_x",
    "Ka2_y",
    "Ka2_z",
    "rx_x",
    "rx_y",
    "rx_z",
    "ry_x",
    "ry_y",
    "ry_z"
  ],
  "param_errors": {
    "eb_x": {
      "true": 4.84813681109536e-07,
      "est": 4.4735488242647603e-07,
      "abs_error": 3.745879868306002e-08,
      "pct_error": 7.7264318526103635
    },
    "eb_y": {
      "true": 9.69627362219072e-07,
      "est": 9.683646968978725e-07,
      "abs_error": 1.2626653211996369e-09,
      "pct_error": 0.1302217089160854
    },
    "eb_z": {
      "true": 1.4544410433286078e-06,
      "est": 1.448526424418506e-06,
      "abs_error": 5.914618910101857e-09,
      "pct_error": 0.406659241172524
    },
    "db_x": {
      "true": 0.00097803267715,
      "est": 0.0009788848757891877,
      "abs_error": 8.521986391877515e-07,
      "pct_error": 0.08713396383350601
    },
    "db_y": {
      "true": 0.0019560653543,
      "est": 0.001971080093945637,
      "abs_error": 1.5014739645637099e-05,
      "pct_error": 0.7675990790711742
    },
    "db_z": {
      "true": 0.00293409803145,
      "est": 0.0029380204064899983,
      "abs_error": 3.9223750399981425e-06,
      "pct_error": 0.13368248088356294
    },
    "dKg_xx": {
      "true": -9.99999999995449e-06,
      "est": -1.0671197695710788e-05,
      "abs_error": 6.711976957562982e-07,
      "pct_error": 6.711976957593528
    },
    "dKg_yx": {
      "true": 0.0001454441043328608,
      "est": 0.0001452371915674803,
      "abs_error": 2.0691276538049494e-07,
      "pct_error": 0.14226273820419566
    },
    "dKg_zx": {
      "true": 0.00024240684055476798,
      "est": 0.00024297982508665258,
      "abs_error": 5.729845318846007e-07,
      "pct_error": 0.23637308690352077
    },
    "dKg_xy": {
      "true": 4.84813681109536e-05,
      "est": 4.830452200058325e-05,
      "abs_error": 1.7684611037034517e-07,
      "pct_error": 0.36477128691091865
    },
    "dKg_yy": {
      "true": -2.0000000000020002e-05,
      "est": -2.0051336032445022e-05,
      "abs_error": 5.133603242502005e-08,
      "pct_error": 0.25668016212484357
    },
    "dKg_zy": {
      "true": 0.0002908882086657216,
      "est": 0.0002921153618933424,
      "abs_error": 1.2271532276208249e-06,
      "pct_error": 0.4218642045511807
    },
    "dKg_xz": {
      "true": 9.69627362219072e-05,
      "est": 9.81959815761397e-05,
      "abs_error": 1.2332453542325024e-06,
      "pct_error": 1.2718755702294942
    },
    "dKg_yz": {
      "true": 0.0001939254724438144,
      "est": 0.00019423349133087037,
      "abs_error": 3.080188870559794e-07,
      "pct_error": 0.15883364014761964
    },
    "dKg_zz": {
      "true": -2.999999999997449e-05,
      "est": -2.9818614059484716e-05,
      "abs_error": 1.8138594048977552e-07,
      "pct_error": 0.6046198016330991
    },
    "dKa_xx": {
      "true": -9.99999999995449e-06,
      "est": -9.754173345921657e-06,
      "abs_error": 2.4582665403283244e-07,
      "pct_error": 2.458266540339512
    },
    "dKa_xy": {
      "true": 4.84813681109536e-05,
      "est": 4.856595931740369e-05,
      "abs_error": 8.459120645009602e-08,
      "pct_error": 0.17448188808637186
    },
    "dKa_xz": {
      "true": 9.69627362219072e-05,
      "est": 9.654096177898536e-05,
      "abs_error": 4.217744429218346e-07,
      "pct_error": 0.43498611874624615
    },
    "dKa_yy": {
      "true": -2.0000000000020002e-05,
      "est": -1.9866745030627797e-05,
      "abs_error": 1.3325496939220471e-07,
      "pct_error": 0.6662748469603572
    },
    "dKa_yz": {
      "true": 0.0001939254724438144,
      "est": 0.00019306569905466154,
      "abs_error": 8.597733891528494e-07,
      "pct_error": 0.4433524788250547
    },
    "dKa_zz": {
      "true": -2.999999999997449e-05,
      "est": -2.931201412104123e-05,
      "abs_error": 6.879858789332616e-07,
      "pct_error": 2.293286263112822
    },
    "Ka2_x": {
      "true": 1.0224607248440952e-06,
      "est": 1.007444974699004e-06,
      "abs_error": 1.5015750145091265e-08,
      "pct_error": 1.468589431381911
    },
    "Ka2_y": {
      "true": 2.0449214496881904e-06,
      "est": 1.9270277374533507e-06,
      "abs_error": 1.178937122348397e-07,
      "pct_error": 5.765195149809599
    },
    "Ka2_z": {
      "true": 3.0673821745322856e-06,
      "est": 3.050565325065635e-06,
      "abs_error": 1.68168494666508e-08,
      "pct_error": 0.548247610169901
    },
    "rx_x": {
      "true": 0.01,
      "est": 0.010079353606156244,
      "abs_error": 7.935360615624401e-05,
      "pct_error": 0.79353606156244
    },
    "rx_y": {
      "true": 0.02,
      "est": 0.020310304346312445,
      "abs_error": 0.00031030434631244483,
      "pct_error": 1.551521731562224
    },
    "rx_z": {
      "true": 0.03,
      "est": 0.030362198517234762,
      "abs_error": 0.00036219851723476304,
      "pct_error": 1.2073283907825436
    },
    "ry_x": {
      "true": 0.04,
      "est": 0.04076603400851823,
      "abs_error": 0.0007660340085182266,
      "pct_error": 1.9150850212955663
    },
    "ry_y": {
      "true": 0.05,
      "est": 0.05031423660543434,
      "abs_error": 0.00031423660543433707,
      "pct_error": 0.6284732108686741
    },
    "ry_z": {
      "true": 0.06,
      "est": 0.06060877358853625,
      "abs_error": 0.0006087735885362544,
      "pct_error": 1.014622647560424
    }
  },
  "focus_scale_pct": {
    "dKg_xx": 6.711976957593528,
    "dKg_xy": 0.36477128691091865,
    "dKg_yy": 0.25668016212484357,
    "dKg_zz": 0.6046198016330991,
    "dKa_xx": 2.458266540339512
  },
  "lever_guard_pct": {
    "rx_y": 1.551521731562224,
    "ry_z": 1.014622647560424
  },
  "overall": {
    "mean_pct_error": 1.3594744388616424,
    "median_pct_error": 0.6165465062508866,
    "max_pct_error": 7.7264318526103635
  },
  "extra": {
    "noise_scale": 0.08,
    "noise_config": {
      "arw_dpsh": 0.0004,
      "vrw_ugpsHz": 0.4,
      "bi_g_dph": 0.00016,
      "bi_a_ug": 0.4,
      "tau_g": 300.0,
      "tau_a": 300.0,
      "seed": 42,
      "base_family": "round53_round61_shared"
    },
    "comparison_mode": "corrected_att0_hidden_rerun_next",
    "candidate_name": "corridorx_l7_pos2_plus_mainline",
    "method_key": "markov42_noisy",
    "legality": "faithful12_base_plus_closed_loop_local_insertions",
    "time_total_s": 1365.0,
    "att0_deg": [
      0.0,
      0.0,
      0.0
    ],
    "candidate_registry_key": "corridorx_l7_pos2_plus_mainline"
  }
}