{
  "variant": "tail_y_pair_pos_markov42_noisy_noise0p08",
  "method_file": "search_ch3_12pos_append_tail.py",
  "source_file": "/root/.openclaw/workspace/tmp_psins_py/psins_py/test_calibration_markov_pruned.py",
  "param_order": [
    "eb_x",
    "eb_y",
    "eb_z",
    "db_x",
    "db_y",
    "db_z",
    "dKg_xx",
    "dKg_yx",
    "dKg_zx",
    "dKg_xy",
    "dKg_yy",
    "dKg_zy",
    "dKg_xz",
    "dKg_yz",
    "dKg_zz",
    "dKa_xx",
    "dKa_xy",
    "dKa_xz",
    "dKa_yy",
    "dKa_yz",
    "dKa_zz",
    "Ka2_x",
    "Ka2_y",
    "Ka2_z",
    "rx_x",
    "rx_y",
    "rx_z",
    "ry_x",
    "ry_y",
    "ry_z"
  ],
  "param_errors": {
    "eb_x": {
      "true": 4.84813681109536e-07,
      "est": 4.544364348417593e-07,
      "abs_error": 3.037724626777676e-08,
      "pct_error": 6.265756815743304
    },
    "eb_y": {
      "true": 9.69627362219072e-07,
      "est": 9.714021545196417e-07,
      "abs_error": 1.7747923005696025e-09,
      "pct_error": 0.1830385950029137
    },
    "eb_z": {
      "true": 1.4544410433286078e-06,
      "est": 1.4491939137677217e-06,
      "abs_error": 5.247129560886092e-09,
      "pct_error": 0.36076605407652723
    },
    "db_x": {
      "true": 0.00097803267715,
      "est": 0.0009821996786747516,
      "abs_error": 4.167001524751695e-06,
      "pct_error": 0.4260595399424069
    },
    "db_y": {
      "true": 0.0019560653543,
      "est": 0.0019577186165658784,
      "abs_error": 1.6532622658786168e-06,
      "pct_error": 0.08451978673638211
    },
    "db_z": {
      "true": 0.00293409803145,
      "est": 0.003137099278053309,
      "abs_error": 0.00020300124660330892,
      "pct_error": 6.9186933915424715
    },
    "dKg_xx": {
      "true": -9.99999999995449e-06,
      "est": -1.2651261559915028e-05,
      "abs_error": 2.6512615599605382e-06,
      "pct_error": 26.51261559972604
    },
    "dKg_yx": {
      "true": 0.0001454441043328608,
      "est": 0.00014521831503413085,
      "abs_error": 2.2578929872993695e-07,
      "pct_error": 0.15524128651732735
    },
    "dKg_zx": {
      "true": 0.00024240684055476798,
      "est": 0.0002216209108130045,
      "abs_error": 2.0785929741763475e-05,
      "pct_error": 8.574811541701202
    },
    "dKg_xy": {
      "true": 4.84813681109536e-05,
      "est": 4.813563545136852e-05,
      "abs_error": 3.4573265958507776e-07,
      "pct_error": 0.7131248004260938
    },
    "dKg_yy": {
      "true": -2.0000000000020002e-05,
      "est": -1.9480970334440073e-05,
      "abs_error": 5.190296655799287e-07,
      "pct_error": 2.5951483278970477
    },
    "dKg_zy": {
      "true": 0.0002908882086657216,
      "est": 0.00028301180287978686,
      "abs_error": 7.876405785934724e-06,
      "pct_error": 2.707708855598891
    },
    "dKg_xz": {
      "true": 9.69627362219072e-05,
      "est": 0.00011836649122041468,
      "abs_error": 2.140375499850749e-05,
      "pct_error": 22.07420688863734
    },
    "dKg_yz": {
      "true": 0.0001939254724438144,
      "est": 0.00020147822514206368,
      "abs_error": 7.5527526982492946e-06,
      "pct_error": 3.8946676798415627
    },
    "dKg_zz": {
      "true": -2.999999999997449e-05,
      "est": -1.0361433857575264e-06,
      "abs_error": 2.8963856614216965e-05,
      "pct_error": 96.54618871413864
    },
    "dKa_xx": {
      "true": -9.99999999995449e-06,
      "est": -5.528362718276725e-06,
      "abs_error": 4.471637281677765e-06,
      "pct_error": 44.716372816981156
    },
    "dKa_xy": {
      "true": 4.84813681109536e-05,
      "est": 4.844448078865363e-05,
      "abs_error": 3.6887322299963994e-08,
      "pct_error": 0.0760855638717627
    },
    "dKa_xz": {
      "true": 9.69627362219072e-05,
      "est": 0.00011735240184269844,
      "abs_error": 2.0389665620791243e-05,
      "pct_error": 21.028352143577937
    },
    "dKa_yy": {
      "true": -2.0000000000020002e-05,
      "est": 6.392332627669362e-07,
      "abs_error": 2.0639233262786938e-05,
      "pct_error": 103.19616631383148
    },
    "dKa_yz": {
      "true": 0.0001939254724438144,
      "est": 0.00020161565826593665,
      "abs_error": 7.690185822122259e-06,
      "pct_error": 3.965536721510538
    },
    "dKa_zz": {
      "true": -2.999999999997449e-05,
      "est": -3.0217178033087322e-05,
      "abs_error": 2.1717803311283035e-07,
      "pct_error": 0.7239267770433834
    },
    "Ka2_x": {
      "true": 1.0224607248440952e-06,
      "est": 1.4416744219270119e-06,
      "abs_error": 4.1921369708291666e-07,
      "pct_error": 41.000469445595414
    },
    "Ka2_y": {
      "true": 2.0449214496881904e-06,
      "est": 9.021289753633067e-10,
      "abs_error": 2.044019320712827e-06,
      "pct_error": 99.95588441915454
    },
    "Ka2_z": {
      "true": 3.0673821745322856e-06,
      "est": 9.427506113542506e-07,
      "abs_error": 2.124631563178035e-06,
      "pct_error": 69.26530318974677
    },
    "rx_x": {
      "true": 0.01,
      "est": 0.010073652280513842,
      "abs_error": 7.365228051384176e-05,
      "pct_error": 0.7365228051384176
    },
    "rx_y": {
      "true": 0.02,
      "est": 0.019931858072955184,
      "abs_error": 6.814192704481664e-05,
      "pct_error": 0.3407096352240832
    },
    "rx_z": {
      "true": 0.03,
      "est": 0.03105638034732451,
      "abs_error": 0.001056380347324512,
      "pct_error": 3.5212678244150406
    },
    "ry_x": {
      "true": 0.04,
      "est": 0.040132724252750954,
      "abs_error": 0.00013272425275095284,
      "pct_error": 0.33181063187738213
    },
    "ry_y": {
      "true": 0.05,
      "est": 0.05002203218697388,
      "abs_error": 2.2032186973879042e-05,
      "pct_error": 0.044064373947758084
    },
    "ry_z": {
      "true": 0.06,
      "est": 0.060074490938817615,
      "abs_error": 7.449093881761737e-05,
      "pct_error": 0.12415156469602895
    }
  },
  "focus_scale_pct": {
    "dKg_xx": 26.51261559972604,
    "dKg_xy": 0.7131248004260938,
    "dKg_yy": 2.5951483278970477,
    "dKg_zz": 96.54618871413864,
    "dKa_xx": 44.716372816981156
  },
  "lever_guard_pct": {
    "rx_y": 0.3407096352240832,
    "ry_z": 0.12415156469602895
  },
  "overall": {
    "mean_pct_error": 18.901305736804666,
    "median_pct_error": 3.114488340006966,
    "max_pct_error": 103.19616631383148
  },
  "extra": {
    "noise_scale": 0.08,
    "noise_config": {
      "arw_dpsh": 0.0004,
      "vrw_ugpsHz": 0.4,
      "bi_g_dph": 0.00016,
      "bi_a_ug": 0.4,
      "tau_g": 300.0,
      "tau_a": 300.0,
      "seed": 42,
      "base_family": "round53_round61_shared"
    },
    "comparison_mode": "ch3_append_tail_search",
    "candidate_name": "tail_y_pair_pos",
    "method_key": "markov42_noisy",
    "family": "y_pair",
    "timing_policy": "base100",
    "tail_actions": [
      [
        "inner",
        90
      ],
      [
        "inner",
        -90
      ]
    ],
    "tail_length": 2,
    "tail_total_time_s": 200.0,
    "legality": "fixed_original_12_plus_legal_appended_tail_only"
  }
}