{
  "variant": "entryrelay_l8x1_l9y0p625_unifiedcore_markov42_noisy_noise0p08",
  "method_file": "search_ch3_12pos_closedloop_local_insertions.py",
  "source_file": "/root/.openclaw/workspace/tmp_psins_py/psins_py/test_calibration_markov_pruned.py",
  "param_order": [
    "eb_x",
    "eb_y",
    "eb_z",
    "db_x",
    "db_y",
    "db_z",
    "dKg_xx",
    "dKg_yx",
    "dKg_zx",
    "dKg_xy",
    "dKg_yy",
    "dKg_zy",
    "dKg_xz",
    "dKg_yz",
    "dKg_zz",
    "dKa_xx",
    "dKa_xy",
    "dKa_xz",
    "dKa_yy",
    "dKa_yz",
    "dKa_zz",
    "Ka2_x",
    "Ka2_y",
    "Ka2_z",
    "rx_x",
    "rx_y",
    "rx_z",
    "ry_x",
    "ry_y",
    "ry_z"
  ],
  "param_errors": {
    "eb_x": {
      "true": 4.84813681109536e-07,
      "est": 4.6278800519403846e-07,
      "abs_error": 2.202567591549759e-08,
      "pct_error": 4.543121775171446
    },
    "eb_y": {
      "true": 9.69627362219072e-07,
      "est": 9.672619302970634e-07,
      "abs_error": 2.3654319220087403e-09,
      "pct_error": 0.24395267854191477
    },
    "eb_z": {
      "true": 1.4544410433286078e-06,
      "est": 1.4456529883727245e-06,
      "abs_error": 8.788054955883348e-09,
      "pct_error": 0.6042221509213712
    },
    "db_x": {
      "true": 0.00097803267715,
      "est": 0.0009788599357400778,
      "abs_error": 8.272585900778555e-07,
      "pct_error": 0.08458394176445085
    },
    "db_y": {
      "true": 0.0019560653543,
      "est": 0.00196705265710158,
      "abs_error": 1.0987302801580313e-05,
      "pct_error": 0.5617042793292684
    },
    "db_z": {
      "true": 0.00293409803145,
      "est": 0.002934813447800916,
      "abs_error": 7.154163509156403e-07,
      "pct_error": 0.024382837357417437
    },
    "dKg_xx": {
      "true": -9.99999999995449e-06,
      "est": -1.0503690318852676e-05,
      "abs_error": 5.036903188981867e-07,
      "pct_error": 5.03690318900479
    },
    "dKg_yx": {
      "true": 0.0001454441043328608,
      "est": 0.00014535369877547962,
      "abs_error": 9.040555738116965e-08,
      "pct_error": 0.0621582825896257
    },
    "dKg_zx": {
      "true": 0.00024240684055476798,
      "est": 0.00024203615357297256,
      "abs_error": 3.70686981795423e-07,
      "pct_error": 0.15291935695670775
    },
    "dKg_xy": {
      "true": 4.84813681109536e-05,
      "est": 4.833496441772873e-05,
      "abs_error": 1.4640369322486664e-07,
      "pct_error": 0.30197929416886454
    },
    "dKg_yy": {
      "true": -2.0000000000020002e-05,
      "est": -1.9601784722045323e-05,
      "abs_error": 3.9821527797467837e-07,
      "pct_error": 1.9910763898714008
    },
    "dKg_zy": {
      "true": 0.0002908882086657216,
      "est": 0.00029165796417403414,
      "abs_error": 7.6975550831256e-07,
      "pct_error": 0.2646224512995423
    },
    "dKg_xz": {
      "true": 9.69627362219072e-05,
      "est": 9.770768556558675e-05,
      "abs_error": 7.449493436795604e-07,
      "pct_error": 0.7682841601898306
    },
    "dKg_yz": {
      "true": 0.0001939254724438144,
      "est": 0.0001936859646159147,
      "abs_error": 2.3950782789968167e-07,
      "pct_error": 0.12350508929097687
    },
    "dKg_zz": {
      "true": -2.999999999997449e-05,
      "est": -2.9733750518401436e-05,
      "abs_error": 2.662494815730554e-07,
      "pct_error": 0.8874982719109392
    },
    "dKa_xx": {
      "true": -9.99999999995449e-06,
      "est": -9.759667697784025e-06,
      "abs_error": 2.403323021704651e-07,
      "pct_error": 2.4033230217155883
    },
    "dKa_xy": {
      "true": 4.84813681109536e-05,
      "est": 4.84583038199435e-05,
      "abs_error": 2.3064291010100018e-08,
      "pct_error": 0.04757351516424927
    },
    "dKa_xz": {
      "true": 9.69627362219072e-05,
      "est": 9.70733373320423e-05,
      "abs_error": 1.1060111013510795e-07,
      "pct_error": 0.11406558276365902
    },
    "dKa_yy": {
      "true": -2.0000000000020002e-05,
      "est": -1.9656848799565196e-05,
      "abs_error": 3.431512004548054e-07,
      "pct_error": 1.715756002272311
    },
    "dKa_yz": {
      "true": 0.0001939254724438144,
      "est": 0.00019371028627700168,
      "abs_error": 2.1518616681270278e-07,
      "pct_error": 0.11096333251169374
    },
    "dKa_zz": {
      "true": -2.999999999997449e-05,
      "est": -2.9489647304314914e-05,
      "abs_error": 5.103526956595772e-07,
      "pct_error": 1.7011756522000372
    },
    "Ka2_x": {
      "true": 1.0224607248440952e-06,
      "est": 1.0126808866548081e-06,
      "abs_error": 9.779838189287108e-09,
      "pct_error": 0.9565001326362279
    },
    "Ka2_y": {
      "true": 2.0449214496881904e-06,
      "est": 1.9827779248174713e-06,
      "abs_error": 6.214352487071908e-08,
      "pct_error": 3.0389198998423494
    },
    "Ka2_z": {
      "true": 3.0673821745322856e-06,
      "est": 3.065552636836347e-06,
      "abs_error": 1.8295376959388116e-09,
      "pct_error": 0.05964492169019596
    },
    "rx_x": {
      "true": 0.01,
      "est": 0.010057538605270902,
      "abs_error": 5.753860527090218e-05,
      "pct_error": 0.5753860527090218
    },
    "rx_y": {
      "true": 0.02,
      "est": 0.02024750465966786,
      "abs_error": 0.0002475046596678611,
      "pct_error": 1.2375232983393054
    },
    "rx_z": {
      "true": 0.03,
      "est": 0.03019043761689226,
      "abs_error": 0.00019043761689226113,
      "pct_error": 0.6347920563075371
    },
    "ry_x": {
      "true": 0.04,
      "est": 0.04065195618717257,
      "abs_error": 0.0006519561871725713,
      "pct_error": 1.629890467931428
    },
    "ry_y": {
      "true": 0.05,
      "est": 0.05030414972495341,
      "abs_error": 0.0003041497249534064,
      "pct_error": 0.6082994499068128
    },
    "ry_z": {
      "true": 0.06,
      "est": 0.06098694319200504,
      "abs_error": 0.0009869431920050409,
      "pct_error": 1.6449053200084016
    }
  },
  "focus_scale_pct": {
    "dKg_xx": 5.03690318900479,
    "dKg_xy": 0.30197929416886454,
    "dKg_yy": 1.9910763898714008,
    "dKg_zz": 0.8874982719109392,
    "dKa_xx": 2.4033230217155883
  },
  "lever_guard_pct": {
    "rx_y": 1.2375232983393054,
    "ry_z": 1.6449053200084016
  },
  "overall": {
    "mean_pct_error": 1.0709877618122452,
    "median_pct_error": 0.606260800414092,
    "max_pct_error": 5.03690318900479
  },
  "extra": {
    "noise_scale": 0.08,
    "noise_config": {
      "arw_dpsh": 0.0004,
      "vrw_ugpsHz": 0.4,
      "bi_g_dph": 0.00016,
      "bi_a_ug": 0.4,
      "tau_g": 300.0,
      "tau_a": 300.0,
      "seed": 42,
      "base_family": "round53_round61_shared"
    },
    "comparison_mode": "corrected_frontier_resume_batch2",
    "candidate_name": "entryrelay_l8x1_l9y0p625_unifiedcore",
    "method_key": "markov42_noisy",
    "legality": "faithful12_base_plus_closed_loop_local_insertions",
    "time_total_s": 1337.25,
    "att0_deg": [
      0.0,
      0.0,
      0.0
    ],
    "candidate_registry_key": "entryrelay_l8x1_l9y0p625_unifiedcore",
    "family": "pure_l9_ridge_below_second_winner",
    "hypothesis_id": "H3"
  }
}