{
  "variant": "42state_gm1_shared_noise0p1",
  "method_file": "baseline_direct_run_calibration_shared_noise0p1",
  "source_file": "/root/.openclaw/workspace/tmp_psins_py/psins_py/test_calibration_markov_pruned.py",
  "param_order": [
    "eb_x",
    "eb_y",
    "eb_z",
    "db_x",
    "db_y",
    "db_z",
    "dKg_xx",
    "dKg_yx",
    "dKg_zx",
    "dKg_xy",
    "dKg_yy",
    "dKg_zy",
    "dKg_xz",
    "dKg_yz",
    "dKg_zz",
    "dKa_xx",
    "dKa_xy",
    "dKa_xz",
    "dKa_yy",
    "dKa_yz",
    "dKa_zz",
    "Ka2_x",
    "Ka2_y",
    "Ka2_z",
    "rx_x",
    "rx_y",
    "rx_z",
    "ry_x",
    "ry_y",
    "ry_z"
  ],
  "param_errors": {
    "eb_x": {
      "true": 4.84813681109536e-07,
      "est": 4.146988084646e-07,
      "abs_error": 7.011487264493605e-08,
      "pct_error": 14.462230621147567
    },
    "eb_y": {
      "true": 9.69627362219072e-07,
      "est": 9.010092672910623e-07,
      "abs_error": 6.861809492800978e-08,
      "pct_error": 7.0767490276854
    },
    "eb_z": {
      "true": 1.4544410433286078e-06,
      "est": 1.416473821983869e-06,
      "abs_error": 3.796722134473891e-08,
      "pct_error": 2.6104338514710643
    },
    "db_x": {
      "true": 0.00097803267715,
      "est": 0.0009804479495716808,
      "abs_error": 2.415272421680886e-06,
      "pct_error": 0.2469521190967792
    },
    "db_y": {
      "true": 0.0019560653543,
      "est": 0.0019632111498214845,
      "abs_error": 7.145795521484692e-06,
      "pct_error": 0.36531476342424646
    },
    "db_z": {
      "true": 0.00293409803145,
      "est": 0.0029463472111528107,
      "abs_error": 1.2249179702810559e-05,
      "pct_error": 0.4174768385893754
    },
    "dKg_xx": {
      "true": -9.99999999995449e-06,
      "est": -9.611222498540073e-06,
      "abs_error": 3.887775014144168e-07,
      "pct_error": 3.8877750141618614
    },
    "dKg_yx": {
      "true": 0.0001454441043328608,
      "est": 0.00014543321354552159,
      "abs_error": 1.0890787339204412e-08,
      "pct_error": 0.007487953801331095
    },
    "dKg_zx": {
      "true": 0.00024240684055476798,
      "est": 0.00024285588316605623,
      "abs_error": 4.4904261128824526e-07,
      "pct_error": 0.18524337442812022
    },
    "dKg_xy": {
      "true": 4.84813681109536e-05,
      "est": 4.765745518803751e-05,
      "abs_error": 8.239129229160847e-07,
      "pct_error": 1.6994423940976506
    },
    "dKg_yy": {
      "true": -2.0000000000020002e-05,
      "est": -1.9685042190964452e-05,
      "abs_error": 3.149578090555494e-07,
      "pct_error": 1.5747890452761721
    },
    "dKg_zy": {
      "true": 0.0002908882086657216,
      "est": 0.0002907963846392042,
      "abs_error": 9.182402651740015e-08,
      "pct_error": 0.0315667750640663
    },
    "dKg_xz": {
      "true": 9.69627362219072e-05,
      "est": 9.657046091100803e-05,
      "abs_error": 3.9227531089916533e-07,
      "pct_error": 0.4045629549906791
    },
    "dKg_yz": {
      "true": 0.0001939254724438144,
      "est": 0.00019381599541869754,
      "abs_error": 1.0947702511684434e-07,
      "pct_error": 0.056453143435586
    },
    "dKg_zz": {
      "true": -2.999999999997449e-05,
      "est": -3.0322966963147735e-05,
      "abs_error": 3.2296696317324347e-07,
      "pct_error": 1.076556543911727
    },
    "dKa_xx": {
      "true": -9.99999999995449e-06,
      "est": -9.64713346829349e-06,
      "abs_error": 3.5286653166100024e-07,
      "pct_error": 3.5286653166260615
    },
    "dKa_xy": {
      "true": 4.84813681109536e-05,
      "est": 4.794471567198595e-05,
      "abs_error": 5.366524389676487e-07,
      "pct_error": 1.1069251134569378
    },
    "dKa_xz": {
      "true": 9.69627362219072e-05,
      "est": 9.653833696595213e-05,
      "abs_error": 4.243992559550602e-07,
      "pct_error": 0.4376931515049118
    },
    "dKa_yy": {
      "true": -2.0000000000020002e-05,
      "est": -1.9826079447060607e-05,
      "abs_error": 1.7392055295939457e-07,
      "pct_error": 0.8696027647961032
    },
    "dKa_yz": {
      "true": 0.0001939254724438144,
      "est": 0.0001936931284948223,
      "abs_error": 2.32343948992084e-07,
      "pct_error": 0.11981094905384362
    },
    "dKa_zz": {
      "true": -2.999999999997449e-05,
      "est": -2.9568399084078933e-05,
      "abs_error": 4.3160091589555805e-07,
      "pct_error": 1.4386697196530833
    },
    "Ka2_x": {
      "true": 1.0224607248440952e-06,
      "est": 1.0078400733362843e-06,
      "abs_error": 1.4620651507810956e-08,
      "pct_error": 1.4299474935861534
    },
    "Ka2_y": {
      "true": 2.0449214496881904e-06,
      "est": 1.9984205104230543e-06,
      "abs_error": 4.650093926513615e-08,
      "pct_error": 2.2739719059735335
    },
    "Ka2_z": {
      "true": 3.0673821745322856e-06,
      "est": 3.0178400432119148e-06,
      "abs_error": 4.9542131320370896e-08,
      "pct_error": 1.6151274442326404
    },
    "rx_x": {
      "true": 0.01,
      "est": 0.00988807237175968,
      "abs_error": 0.00011192762824032039,
      "pct_error": 1.1192762824032039
    },
    "rx_y": {
      "true": 0.02,
      "est": 0.020125395499261234,
      "abs_error": 0.00012539549926123342,
      "pct_error": 0.6269774963061671
    },
    "rx_z": {
      "true": 0.03,
      "est": 0.029838000956489974,
      "abs_error": 0.00016199904351002492,
      "pct_error": 0.5399968117000831
    },
    "ry_x": {
      "true": 0.04,
      "est": 0.039910888002920544,
      "abs_error": 8.911199707945655e-05,
      "pct_error": 0.22277999269864138
    },
    "ry_y": {
      "true": 0.05,
      "est": 0.05006476887016204,
      "abs_error": 6.476887016203942e-05,
      "pct_error": 0.12953774032407883
    },
    "ry_z": {
      "true": 0.06,
      "est": 0.05976076571180667,
      "abs_error": 0.0002392342881933282,
      "pct_error": 0.39872381365554704
    }
  },
  "focus_scale_pct": {
    "dKg_xx": 3.8877750141618614,
    "dKg_xy": 1.6994423940976506,
    "dKg_yy": 1.5747890452761721,
    "dKg_zz": 1.076556543911727,
    "dKa_xx": 3.5286653166260615
  },
  "lever_guard_pct": {
    "rx_y": 0.6269774963061671,
    "ry_z": 0.39872381365554704
  },
  "overall": {
    "mean_pct_error": 1.6653580138850876,
    "median_pct_error": 0.7482901305511351,
    "max_pct_error": 14.462230621147567
  },
  "extra": {
    "noise_scale": 0.1,
    "noise_config": {
      "arw_dpsh": 0.0005,
      "vrw_ugpsHz": 0.5,
      "bi_g_dph": 0.0002,
      "bi_a_ug": 0.5,
      "tau_g": 300.0,
      "tau_a": 300.0,
      "seed": 42,
      "base_family": "round53_round61_shared"
    },
    "comparison_mode": "shared_dataset_apples_to_apples",
    "label": "42-GM1-BASELINE-SHARED-NOISE0P1"
  }
}