{
  "variant": "legal_flip_2_10_12_markov42_noisy_noise0p08",
  "method_file": "search_ch3_12pos_legal_dualaxis_second_layer.py",
  "source_file": "/root/.openclaw/workspace/tmp_psins_py/psins_py/test_calibration_markov_pruned.py",
  "param_order": [
    "eb_x",
    "eb_y",
    "eb_z",
    "db_x",
    "db_y",
    "db_z",
    "dKg_xx",
    "dKg_yx",
    "dKg_zx",
    "dKg_xy",
    "dKg_yy",
    "dKg_zy",
    "dKg_xz",
    "dKg_yz",
    "dKg_zz",
    "dKa_xx",
    "dKa_xy",
    "dKa_xz",
    "dKa_yy",
    "dKa_yz",
    "dKa_zz",
    "Ka2_x",
    "Ka2_y",
    "Ka2_z",
    "rx_x",
    "rx_y",
    "rx_z",
    "ry_x",
    "ry_y",
    "ry_z"
  ],
  "param_errors": {
    "eb_x": {
      "true": 4.84813681109536e-07,
      "est": 4.659024048080399e-07,
      "abs_error": 1.891127630149616e-08,
      "pct_error": 3.9007307422134105
    },
    "eb_y": {
      "true": 9.69627362219072e-07,
      "est": 9.588061567071943e-07,
      "abs_error": 1.0821205511877803e-08,
      "pct_error": 1.116016929133743
    },
    "eb_z": {
      "true": 1.4544410433286078e-06,
      "est": 1.4473827940817727e-06,
      "abs_error": 7.058249246835101e-09,
      "pct_error": 0.4852894711140521
    },
    "db_x": {
      "true": 0.00097803267715,
      "est": 0.0009820430202915344,
      "abs_error": 4.010343141534539e-06,
      "pct_error": 0.4100418355366951
    },
    "db_y": {
      "true": 0.0019560653543,
      "est": 0.001968692728847194,
      "abs_error": 1.2627374547194339e-05,
      "pct_error": 0.6455497266201102
    },
    "db_z": {
      "true": 0.00293409803145,
      "est": 0.0029232662430088655,
      "abs_error": 1.0831788441134638e-05,
      "pct_error": 0.36916927536268046
    },
    "dKg_xx": {
      "true": -9.99999999995449e-06,
      "est": -8.276905178128402e-06,
      "abs_error": 1.7230948218260878e-06,
      "pct_error": 17.230948218339297
    },
    "dKg_yx": {
      "true": 0.0001454441043328608,
      "est": 0.00014478429650905823,
      "abs_error": 6.598078238025562e-07,
      "pct_error": 0.4536504431231752
    },
    "dKg_zx": {
      "true": 0.00024240684055476798,
      "est": 0.0002449414882070917,
      "abs_error": 2.534647652323725e-06,
      "pct_error": 1.0456172138224216
    },
    "dKg_xy": {
      "true": 4.84813681109536e-05,
      "est": 4.90389473519608e-05,
      "abs_error": 5.575792410072048e-07,
      "pct_error": 1.1500897411375415
    },
    "dKg_yy": {
      "true": -2.0000000000020002e-05,
      "est": -1.8788150610626886e-05,
      "abs_error": 1.211849389393116e-06,
      "pct_error": 6.05924694695952
    },
    "dKg_zy": {
      "true": 0.0002908882086657216,
      "est": 0.00031886663565499756,
      "abs_error": 2.7978426989275977e-05,
      "pct_error": 9.618274703402568
    },
    "dKg_xz": {
      "true": 9.69627362219072e-05,
      "est": 9.61972233859559e-05,
      "abs_error": 7.655128359512872e-07,
      "pct_error": 0.7894917839357876
    },
    "dKg_yz": {
      "true": 0.0001939254724438144,
      "est": 0.00016672232602492842,
      "abs_error": 2.720314641888597e-05,
      "pct_error": 14.02762931350727
    },
    "dKg_zz": {
      "true": -2.999999999997449e-05,
      "est": 1.2452240525373526e-06,
      "abs_error": 3.1245224052511844e-05,
      "pct_error": 104.1507468417947
    },
    "dKa_xx": {
      "true": -9.99999999995449e-06,
      "est": -1.0157948447719889e-05,
      "abs_error": 1.5794844776539918e-07,
      "pct_error": 1.57948447766118
    },
    "dKa_xy": {
      "true": 4.84813681109536e-05,
      "est": 4.329819965889958e-05,
      "abs_error": 5.183168452054017e-06,
      "pct_error": 10.691052365089842
    },
    "dKa_xz": {
      "true": 9.69627362219072e-05,
      "est": 9.563109919545554e-05,
      "abs_error": 1.3316370264516536e-06,
      "pct_error": 1.3733492662625493
    },
    "dKa_yy": {
      "true": -2.0000000000020002e-05,
      "est": 5.770224868473228e-06,
      "abs_error": 2.577022486849323e-05,
      "pct_error": 128.8511243423373
    },
    "dKa_yz": {
      "true": 0.0001939254724438144,
      "est": 0.00016702078268248342,
      "abs_error": 2.6904689761330963e-05,
      "pct_error": 13.873726551897922
    },
    "dKa_zz": {
      "true": -2.999999999997449e-05,
      "est": -3.0061317344065586e-05,
      "abs_error": 6.131734409109413e-08,
      "pct_error": 0.20439114697048755
    },
    "Ka2_x": {
      "true": 1.0224607248440952e-06,
      "est": 9.557423038338733e-07,
      "abs_error": 6.671842101022193e-08,
      "pct_error": 6.525279591584816
    },
    "Ka2_y": {
      "true": 2.0449214496881904e-06,
      "est": 9.311252355978746e-10,
      "abs_error": 2.0439903244525925e-06,
      "pct_error": 99.95446645465331
    },
    "Ka2_z": {
      "true": 3.0673821745322856e-06,
      "est": 3.177252225643603e-06,
      "abs_error": 1.0987005111131738e-07,
      "pct_error": 3.5818833409003026
    },
    "rx_x": {
      "true": 0.01,
      "est": 0.010245377749317197,
      "abs_error": 0.0002453777493171966,
      "pct_error": 2.453777493171966
    },
    "rx_y": {
      "true": 0.02,
      "est": 0.019757239810513777,
      "abs_error": 0.00024276018948622344,
      "pct_error": 1.213800947431117
    },
    "rx_z": {
      "true": 0.03,
      "est": 0.029985870909327663,
      "abs_error": 1.4129090672335837e-05,
      "pct_error": 0.04709696890778613
    },
    "ry_x": {
      "true": 0.04,
      "est": 0.04044298264034865,
      "abs_error": 0.0004429826403486506,
      "pct_error": 1.1074566008716265
    },
    "ry_y": {
      "true": 0.05,
      "est": 0.04988118483051914,
      "abs_error": 0.00011881516948086118,
      "pct_error": 0.23763033896172236
    },
    "ry_z": {
      "true": 0.06,
      "est": 0.060097638764245113,
      "abs_error": 9.76387642451157e-05,
      "pct_error": 0.1627312737418595
    }
  },
  "focus_scale_pct": {
    "dKg_xx": 17.230948218339297,
    "dKg_xy": 1.1500897411375415,
    "dKg_yy": 6.05924694695952,
    "dKg_zz": 104.1507468417947,
    "dKa_xx": 1.57948447766118
  },
  "lever_guard_pct": {
    "rx_y": 1.213800947431117,
    "ry_z": 0.1627312737418595
  },
  "overall": {
    "mean_pct_error": 14.443658144881562,
    "median_pct_error": 1.2935751068468333,
    "max_pct_error": 128.8511243423373
  },
  "extra": {
    "noise_scale": 0.08,
    "noise_config": {
      "arw_dpsh": 0.0004,
      "vrw_ugpsHz": 0.4,
      "bi_g_dph": 0.00016,
      "bi_a_ug": 0.4,
      "tau_g": 300.0,
      "tau_a": 300.0,
      "seed": 42,
      "base_family": "round53_round61_shared"
    },
    "comparison_mode": "ch3_legal_dualaxis_second_layer",
    "candidate_name": "legal_flip_2_10_12",
    "candidate_flips": [
      2,
      10,
      12
    ],
    "method_key": "markov42_noisy",
    "direction": "A",
    "family": "one_flip_structural_neighbor",
    "base_reference": "legal shortlist neighbor",
    "legality": "true_dual_axis_motor_sequence"
  }
}