{
  "variant": "relay_z9_z10_x11_y10x1_markov42_noisy_noise0p08",
  "method_file": "search_ch3_12pos_closedloop_local_insertions.py",
  "source_file": "/root/.openclaw/workspace/tmp_psins_py/psins_py/test_calibration_markov_pruned.py",
  "param_order": [
    "eb_x",
    "eb_y",
    "eb_z",
    "db_x",
    "db_y",
    "db_z",
    "dKg_xx",
    "dKg_yx",
    "dKg_zx",
    "dKg_xy",
    "dKg_yy",
    "dKg_zy",
    "dKg_xz",
    "dKg_yz",
    "dKg_zz",
    "dKa_xx",
    "dKa_xy",
    "dKa_xz",
    "dKa_yy",
    "dKa_yz",
    "dKa_zz",
    "Ka2_x",
    "Ka2_y",
    "Ka2_z",
    "rx_x",
    "rx_y",
    "rx_z",
    "ry_x",
    "ry_y",
    "ry_z"
  ],
  "param_errors": {
    "eb_x": {
      "true": 4.84813681109536e-07,
      "est": 4.6532209069669095e-07,
      "abs_error": 1.9491590412845098e-08,
      "pct_error": 4.0204291199532545
    },
    "eb_y": {
      "true": 9.69627362219072e-07,
      "est": 9.694093668540507e-07,
      "abs_error": 2.1799536502140144e-10,
      "pct_error": 0.022482385864452205
    },
    "eb_z": {
      "true": 1.4544410433286078e-06,
      "est": 1.4455133561465074e-06,
      "abs_error": 8.927687182100425e-09,
      "pct_error": 0.6138225556168767
    },
    "db_x": {
      "true": 0.00097803267715,
      "est": 0.000979327891393457,
      "abs_error": 1.295214243457075e-06,
      "pct_error": 0.13243056941935175
    },
    "db_y": {
      "true": 0.0019560653543,
      "est": 0.0019610074632045236,
      "abs_error": 4.942108904523821e-06,
      "pct_error": 0.2526556126388942
    },
    "db_z": {
      "true": 0.00293409803145,
      "est": 0.0029370581548865244,
      "abs_error": 2.960123436524225e-06,
      "pct_error": 0.10088699848455178
    },
    "dKg_xx": {
      "true": -9.99999999995449e-06,
      "est": -1.1487822867861652e-05,
      "abs_error": 1.4878228679071626e-06,
      "pct_error": 14.878228679139339
    },
    "dKg_yx": {
      "true": 0.0001454441043328608,
      "est": 0.00014530083408090212,
      "abs_error": 1.4327025195867162e-07,
      "pct_error": 0.09850536920409361
    },
    "dKg_zx": {
      "true": 0.00024240684055476798,
      "est": 0.00024194018102973442,
      "abs_error": 4.666595250335634e-07,
      "pct_error": 0.19251087302881995
    },
    "dKg_xy": {
      "true": 4.84813681109536e-05,
      "est": 4.860102749939103e-05,
      "abs_error": 1.196593884374302e-07,
      "pct_error": 0.24681520571692583
    },
    "dKg_yy": {
      "true": -2.0000000000020002e-05,
      "est": -1.9514368448048103e-05,
      "abs_error": 4.85631551971899e-07,
      "pct_error": 2.4281577598570667
    },
    "dKg_zy": {
      "true": 0.0002908882086657216,
      "est": 0.0002932212129337433,
      "abs_error": 2.3330042680217333e-06,
      "pct_error": 0.8020277888619195
    },
    "dKg_xz": {
      "true": 9.69627362219072e-05,
      "est": 9.710562345029393e-05,
      "abs_error": 1.42887228386733e-07,
      "pct_error": 0.14736303239187043
    },
    "dKg_yz": {
      "true": 0.0001939254724438144,
      "est": 0.00019109179337123799,
      "abs_error": 2.833679072576401e-06,
      "pct_error": 1.4612206621785575
    },
    "dKg_zz": {
      "true": -2.999999999997449e-05,
      "est": -1.5919858643576035e-05,
      "abs_error": 1.4080141356398457e-05,
      "pct_error": 46.933804521368096
    },
    "dKa_xx": {
      "true": -9.99999999995449e-06,
      "est": -9.542145771757049e-06,
      "abs_error": 4.578542281974407e-07,
      "pct_error": 4.578542281995244
    },
    "dKa_xy": {
      "true": 4.84813681109536e-05,
      "est": 4.2703763307938e-05,
      "abs_error": 5.777604803015594e-06,
      "pct_error": 11.91716535266305
    },
    "dKa_xz": {
      "true": 9.69627362219072e-05,
      "est": 9.650866419483076e-05,
      "abs_error": 4.5407202707643444e-07,
      "pct_error": 0.46829539343573523
    },
    "dKa_yy": {
      "true": -2.0000000000020002e-05,
      "est": -3.311044259879381e-06,
      "abs_error": 1.668895574014062e-05,
      "pct_error": 83.44477870061965
    },
    "dKa_yz": {
      "true": 0.0001939254724438144,
      "est": 0.000191421099968496,
      "abs_error": 2.504372475318399e-06,
      "pct_error": 1.2914097584802768
    },
    "dKa_zz": {
      "true": -2.999999999997449e-05,
      "est": -3.0280861149423188e-05,
      "abs_error": 2.808611494486968e-07,
      "pct_error": 0.9362038314964519
    },
    "Ka2_x": {
      "true": 1.0224607248440952e-06,
      "est": 1.0533247886053567e-06,
      "abs_error": 3.086406376126151e-08,
      "pct_error": 3.0186062908154896
    },
    "Ka2_y": {
      "true": 2.0449214496881904e-06,
      "est": 4.226361477960549e-09,
      "abs_error": 2.04069508821023e-06,
      "pct_error": 99.79332401845534
    },
    "Ka2_z": {
      "true": 3.0673821745322856e-06,
      "est": 3.0659797675952384e-06,
      "abs_error": 1.4024069370472894e-09,
      "pct_error": 0.0457199937031364
    },
    "rx_x": {
      "true": 0.01,
      "est": 0.00992685147807716,
      "abs_error": 7.314852192284033e-05,
      "pct_error": 0.7314852192284033
    },
    "rx_y": {
      "true": 0.02,
      "est": 0.01989530861070295,
      "abs_error": 0.00010469138929704996,
      "pct_error": 0.5234569464852499
    },
    "rx_z": {
      "true": 0.03,
      "est": 0.030375275968740133,
      "abs_error": 0.00037527596874013455,
      "pct_error": 1.2509198958004486
    },
    "ry_x": {
      "true": 0.04,
      "est": 0.04031892116184957,
      "abs_error": 0.00031892116184956826,
      "pct_error": 0.7973029046239206
    },
    "ry_y": {
      "true": 0.05,
      "est": 0.04994058184542903,
      "abs_error": 5.941815457097266e-05,
      "pct_error": 0.11883630914194532
    },
    "ry_z": {
      "true": 0.06,
      "est": 0.060781683515683464,
      "abs_error": 0.0007816835156834664,
      "pct_error": 1.302805859472444
    }
  },
  "focus_scale_pct": {
    "dKg_xx": 14.878228679139339,
    "dKg_xy": 0.24681520571692583,
    "dKg_yy": 2.4281577598570667,
    "dKg_zz": 46.933804521368096,
    "dKa_xx": 4.578542281995244
  },
  "lever_guard_pct": {
    "rx_y": 0.5234569464852499,
    "ry_z": 1.302805859472444
  },
  "overall": {
    "mean_pct_error": 9.418339796338026,
    "median_pct_error": 0.79966534674292,
    "max_pct_error": 99.79332401845534
  },
  "extra": {
    "noise_scale": 0.08,
    "noise_config": {
      "arw_dpsh": 0.0004,
      "vrw_ugpsHz": 0.4,
      "bi_g_dph": 0.00016,
      "bi_a_ug": 0.4,
      "tau_g": 300.0,
      "tau_a": 300.0,
      "seed": 42,
      "base_family": "round53_round61_shared"
    },
    "comparison_mode": "ch3_closedloop_local_insertions",
    "candidate_name": "relay_z9_z10_x11_y10x1",
    "method_key": "markov42_noisy",
    "legality": "faithful12_base_plus_closed_loop_local_insertions",
    "time_total_s": 1304.0
  }
}