{
  "variant": "verify_relaymax_lowmax_l9y1_markov42_noisy_noise0p08",
  "method_file": "search_ch3_12pos_closedloop_local_insertions.py",
  "source_file": "/root/.openclaw/workspace/tmp_psins_py/psins_py/test_calibration_markov_pruned.py",
  "param_order": [
    "eb_x",
    "eb_y",
    "eb_z",
    "db_x",
    "db_y",
    "db_z",
    "dKg_xx",
    "dKg_yx",
    "dKg_zx",
    "dKg_xy",
    "dKg_yy",
    "dKg_zy",
    "dKg_xz",
    "dKg_yz",
    "dKg_zz",
    "dKa_xx",
    "dKa_xy",
    "dKa_xz",
    "dKa_yy",
    "dKa_yz",
    "dKa_zz",
    "Ka2_x",
    "Ka2_y",
    "Ka2_z",
    "rx_x",
    "rx_y",
    "rx_z",
    "ry_x",
    "ry_y",
    "ry_z"
  ],
  "param_errors": {
    "eb_x": {
      "true": 4.84813681109536e-07,
      "est": 4.6341942368279e-07,
      "abs_error": 2.1394257426746044e-08,
      "pct_error": 4.412882362928274
    },
    "eb_y": {
      "true": 9.69627362219072e-07,
      "est": 9.714888617424467e-07,
      "abs_error": 1.8614995233745935e-09,
      "pct_error": 0.19198091925896135
    },
    "eb_z": {
      "true": 1.4544410433286078e-06,
      "est": 1.443805440822606e-06,
      "abs_error": 1.0635602506001735e-08,
      "pct_error": 0.7312501634071935
    },
    "db_x": {
      "true": 0.00097803267715,
      "est": 0.0009771547279359073,
      "abs_error": 8.77949214092566e-07,
      "pct_error": 0.08976685898173889
    },
    "db_y": {
      "true": 0.0019560653543,
      "est": 0.0019578966652628953,
      "abs_error": 1.8313109628955056e-06,
      "pct_error": 0.09362217672685384
    },
    "db_z": {
      "true": 0.00293409803145,
      "est": 0.0029433048321788014,
      "abs_error": 9.206800728801291e-06,
      "pct_error": 0.31378640488884374
    },
    "dKg_xx": {
      "true": -9.99999999995449e-06,
      "est": -1.1419988133587466e-05,
      "abs_error": 1.4199881336329767e-06,
      "pct_error": 14.199881336394391
    },
    "dKg_yx": {
      "true": 0.0001454441043328608,
      "est": 0.00014549916396940885,
      "abs_error": 5.50596365480585e-08,
      "pct_error": 0.03785621754873611
    },
    "dKg_zx": {
      "true": 0.00024240684055476798,
      "est": 0.00024139637162380492,
      "abs_error": 1.0104689309630625e-06,
      "pct_error": 0.4168483565276134
    },
    "dKg_xy": {
      "true": 4.84813681109536e-05,
      "est": 4.839552094850716e-05,
      "abs_error": 8.584716244643874e-08,
      "pct_error": 0.17707248328877695
    },
    "dKg_yy": {
      "true": -2.0000000000020002e-05,
      "est": -1.9523498802964667e-05,
      "abs_error": 4.7650119705533456e-07,
      "pct_error": 2.38250598527429
    },
    "dKg_zy": {
      "true": 0.0002908882086657216,
      "est": 0.0002985946794251165,
      "abs_error": 7.70647075939491e-06,
      "pct_error": 2.6492894967258414
    },
    "dKg_xz": {
      "true": 9.69627362219072e-05,
      "est": 9.747865793991386e-05,
      "abs_error": 5.159217180066651e-07,
      "pct_error": 0.5320824660165693
    },
    "dKg_yz": {
      "true": 0.0001939254724438144,
      "est": 0.00018595328823190578,
      "abs_error": 7.97218421190861e-06,
      "pct_error": 4.110952579588726
    },
    "dKg_zz": {
      "true": -2.999999999997449e-05,
      "est": -1.0361139455072887e-05,
      "abs_error": 1.9638860544901604e-05,
      "pct_error": 65.46286848306102
    },
    "dKa_xx": {
      "true": -9.99999999995449e-06,
      "est": -9.76264666130433e-06,
      "abs_error": 2.3735333865015917e-07,
      "pct_error": 2.3735333865123938
    },
    "dKa_xy": {
      "true": 4.84813681109536e-05,
      "est": 4.3657576133870706e-05,
      "abs_error": 4.823791977082891e-06,
      "pct_error": 9.949785175293004
    },
    "dKa_xz": {
      "true": 9.69627362219072e-05,
      "est": 9.669161593691607e-05,
      "abs_error": 2.711202849911261e-07,
      "pct_error": 0.2796128652667608
    },
    "dKa_yy": {
      "true": -2.0000000000020002e-05,
      "est": -2.6767795791027282e-06,
      "abs_error": 1.7323220420917274e-05,
      "pct_error": 86.61610210449975
    },
    "dKa_yz": {
      "true": 0.0001939254724438144,
      "est": 0.00018614674004668882,
      "abs_error": 7.778732397125564e-06,
      "pct_error": 4.01119682685279
    },
    "dKa_zz": {
      "true": -2.999999999997449e-05,
      "est": -3.0163945926142688e-05,
      "abs_error": 1.6394592616819637e-07,
      "pct_error": 0.5464864205611192
    },
    "Ka2_x": {
      "true": 1.0224607248440952e-06,
      "est": 1.0465470719203191e-06,
      "abs_error": 2.4086347076223896e-08,
      "pct_error": 2.355723451372333
    },
    "Ka2_y": {
      "true": 2.0449214496881904e-06,
      "est": 7.768441085657312e-09,
      "abs_error": 2.037153008602533e-06,
      "pct_error": 99.62011053838562
    },
    "Ka2_z": {
      "true": 3.0673821745322856e-06,
      "est": 2.997310136924228e-06,
      "abs_error": 7.00720376080575e-08,
      "pct_error": 2.284424751172132
    },
    "rx_x": {
      "true": 0.01,
      "est": 0.009844138620105402,
      "abs_error": 0.0001558613798945986,
      "pct_error": 1.558613798945986
    },
    "rx_y": {
      "true": 0.02,
      "est": 0.01990353212300203,
      "abs_error": 9.646787699797016e-05,
      "pct_error": 0.4823393849898508
    },
    "rx_z": {
      "true": 0.03,
      "est": 0.030570010163901856,
      "abs_error": 0.0005700101639018566,
      "pct_error": 1.9000338796728558
    },
    "ry_x": {
      "true": 0.04,
      "est": 0.040405385633222525,
      "abs_error": 0.0004053856332225242,
      "pct_error": 1.0134640830563104
    },
    "ry_y": {
      "true": 0.05,
      "est": 0.04985116892598181,
      "abs_error": 0.00014883107401818946,
      "pct_error": 0.2976621480363789
    },
    "ry_z": {
      "true": 0.06,
      "est": 0.0607275771125985,
      "abs_error": 0.0007275771125985,
      "pct_error": 1.2126285209975
    }
  },
  "focus_scale_pct": {
    "dKg_xx": 14.199881336394391,
    "dKg_xy": 0.17707248328877695,
    "dKg_yy": 2.38250598527429,
    "dKg_zz": 65.46286848306102,
    "dKa_xx": 2.3735333865123938
  },
  "lever_guard_pct": {
    "rx_y": 0.4823393849898508,
    "ry_z": 1.2126285209975
  },
  "overall": {
    "mean_pct_error": 10.343478787541084,
    "median_pct_error": 1.385621159971743,
    "max_pct_error": 99.62011053838562
  },
  "extra": {
    "noise_scale": 0.08,
    "noise_config": {
      "arw_dpsh": 0.0004,
      "vrw_ugpsHz": 0.4,
      "bi_g_dph": 0.00016,
      "bi_a_ug": 0.4,
      "tau_g": 300.0,
      "tau_a": 300.0,
      "seed": 42,
      "base_family": "round53_round61_shared"
    },
    "comparison_mode": "ch3_closedloop_local_insertions",
    "candidate_name": "verify_relaymax_lowmax_l9y1",
    "method_key": "markov42_noisy",
    "legality": "faithful12_base_plus_closed_loop_local_insertions",
    "time_total_s": 1288.0
  }
}