{
  "variant": "twoanchor_l10_ypair_neg1_then_zpair_neg5_plus_l11_y10x0back2_markov42_noisy_noise0p08",
  "method_file": "search_ch3_12pos_closedloop_local_insertions.py",
  "source_file": "/root/.openclaw/workspace/tmp_psins_py/psins_py/test_calibration_markov_pruned.py",
  "param_order": [
    "eb_x",
    "eb_y",
    "eb_z",
    "db_x",
    "db_y",
    "db_z",
    "dKg_xx",
    "dKg_yx",
    "dKg_zx",
    "dKg_xy",
    "dKg_yy",
    "dKg_zy",
    "dKg_xz",
    "dKg_yz",
    "dKg_zz",
    "dKa_xx",
    "dKa_xy",
    "dKa_xz",
    "dKa_yy",
    "dKa_yz",
    "dKa_zz",
    "Ka2_x",
    "Ka2_y",
    "Ka2_z",
    "rx_x",
    "rx_y",
    "rx_z",
    "ry_x",
    "ry_y",
    "ry_z"
  ],
  "param_errors": {
    "eb_x": {
      "true": 4.84813681109536e-07,
      "est": 4.6566103148817853e-07,
      "abs_error": 1.915264962135752e-08,
      "pct_error": 3.9505175632678315
    },
    "eb_y": {
      "true": 9.69627362219072e-07,
      "est": 9.71143780662218e-07,
      "abs_error": 1.5164184431459917e-09,
      "pct_error": 0.1563918781825157
    },
    "eb_z": {
      "true": 1.4544410433286078e-06,
      "est": 1.4451899214316312e-06,
      "abs_error": 9.251121896976654e-09,
      "pct_error": 0.6360602885493868
    },
    "db_x": {
      "true": 0.00097803267715,
      "est": 0.0009798686981809972,
      "abs_error": 1.8360210309973247e-06,
      "pct_error": 0.18772593941825277
    },
    "db_y": {
      "true": 0.0019560653543,
      "est": 0.001957318326536137,
      "abs_error": 1.2529722361372814e-06,
      "pct_error": 0.06405574503852259
    },
    "db_z": {
      "true": 0.00293409803145,
      "est": 0.0029393198612290288,
      "abs_error": 5.221829779028606e-06,
      "pct_error": 0.1779705286959357
    },
    "dKg_xx": {
      "true": -9.99999999995449e-06,
      "est": -1.1156130476974724e-05,
      "abs_error": 1.156130477020234e-06,
      "pct_error": 11.561304770254957
    },
    "dKg_yx": {
      "true": 0.0001454441043328608,
      "est": 0.00014548012039107197,
      "abs_error": 3.601605821118201e-08,
      "pct_error": 0.024762817562378674
    },
    "dKg_zx": {
      "true": 0.00024240684055476798,
      "est": 0.00024171184388997852,
      "abs_error": 6.949966647894668e-07,
      "pct_error": 0.2867067048103551
    },
    "dKg_xy": {
      "true": 4.84813681109536e-05,
      "est": 4.854072173067352e-05,
      "abs_error": 5.935361971992571e-08,
      "pct_error": 0.12242562871594316
    },
    "dKg_yy": {
      "true": -2.0000000000020002e-05,
      "est": -1.922127431419618e-05,
      "abs_error": 7.787256858238223e-07,
      "pct_error": 3.8936284291152172
    },
    "dKg_zy": {
      "true": 0.0002908882086657216,
      "est": 0.0002960125345760376,
      "abs_error": 5.124325910316001e-06,
      "pct_error": 1.761613485063843
    },
    "dKg_xz": {
      "true": 9.69627362219072e-05,
      "est": 9.689702136448272e-05,
      "abs_error": 6.571485742446945e-08,
      "pct_error": 0.06777331167106877
    },
    "dKg_yz": {
      "true": 0.0001939254724438144,
      "est": 0.0001888955691100241,
      "abs_error": 5.029903333790293e-06,
      "pct_error": 2.593730091464697
    },
    "dKg_zz": {
      "true": -2.999999999997449e-05,
      "est": -1.2681542475911911e-05,
      "abs_error": 1.731845752406258e-05,
      "pct_error": 57.72819174692435
    },
    "dKa_xx": {
      "true": -9.99999999995449e-06,
      "est": -9.730857426060169e-06,
      "abs_error": 2.6914257389432095e-07,
      "pct_error": 2.6914257389554583
    },
    "dKa_xy": {
      "true": 4.84813681109536e-05,
      "est": 4.051554773217327e-05,
      "abs_error": 7.965820378780326e-06,
      "pct_error": 16.430683970282956
    },
    "dKa_xz": {
      "true": 9.69627362219072e-05,
      "est": 9.639370901014437e-05,
      "abs_error": 5.690272117628189e-07,
      "pct_error": 0.5868514379179166
    },
    "dKa_yy": {
      "true": -2.0000000000020002e-05,
      "est": -3.0337023175786015e-06,
      "abs_error": 1.69662976824414e-05,
      "pct_error": 84.83148841212216
    },
    "dKa_yz": {
      "true": 0.0001939254724438144,
      "est": 0.0001889595025397991,
      "abs_error": 4.965969904015288e-06,
      "pct_error": 2.560762050201563
    },
    "dKa_zz": {
      "true": -2.999999999997449e-05,
      "est": -3.0362387845705996e-05,
      "abs_error": 3.623878457315044e-07,
      "pct_error": 1.2079594857727085
    },
    "Ka2_x": {
      "true": 1.0224607248440952e-06,
      "est": 1.0194317400769962e-06,
      "abs_error": 3.0289847670989924e-09,
      "pct_error": 0.2962446080812397
    },
    "Ka2_y": {
      "true": 2.0449214496881904e-06,
      "est": 7.304718804649006e-09,
      "abs_error": 2.0376167308835414e-06,
      "pct_error": 99.64278731558306
    },
    "Ka2_z": {
      "true": 3.0673821745322856e-06,
      "est": 3.040285145782863e-06,
      "abs_error": 2.70970287494225e-08,
      "pct_error": 0.883392652353607
    },
    "rx_x": {
      "true": 0.01,
      "est": 0.009839676114216425,
      "abs_error": 0.00016032388578357537,
      "pct_error": 1.6032388578357537
    },
    "rx_y": {
      "true": 0.02,
      "est": 0.020038330760221365,
      "abs_error": 3.833076022136464e-05,
      "pct_error": 0.1916538011068232
    },
    "rx_z": {
      "true": 0.03,
      "est": 0.030569227566141926,
      "abs_error": 0.000569227566141927,
      "pct_error": 1.8974252204730904
    },
    "ry_x": {
      "true": 0.04,
      "est": 0.04029033214140008,
      "abs_error": 0.00029033214140007646,
      "pct_error": 0.7258303535001911
    },
    "ry_y": {
      "true": 0.05,
      "est": 0.04997168339833026,
      "abs_error": 2.831660166974226e-05,
      "pct_error": 0.05663320333948452
    },
    "ry_z": {
      "true": 0.06,
      "est": 0.06077428571600492,
      "abs_error": 0.0007742857160049216,
      "pct_error": 1.290476193341536
    }
  },
  "focus_scale_pct": {
    "dKg_xx": 11.561304770254957,
    "dKg_xy": 0.12242562871594316,
    "dKg_yy": 3.8936284291152172,
    "dKg_zz": 57.72819174692435,
    "dKa_xx": 2.6914257389554583
  },
  "lever_guard_pct": {
    "rx_y": 0.1916538011068232,
    "ry_z": 1.290476193341536
  },
  "overall": {
    "mean_pct_error": 9.936990407653429,
    "median_pct_error": 1.0456760690631577,
    "max_pct_error": 99.64278731558306
  },
  "extra": {
    "noise_scale": 0.08,
    "noise_config": {
      "arw_dpsh": 0.0004,
      "vrw_ugpsHz": 0.4,
      "bi_g_dph": 0.00016,
      "bi_a_ug": 0.4,
      "tau_g": 300.0,
      "tau_a": 300.0,
      "seed": 42,
      "base_family": "round53_round61_shared"
    },
    "comparison_mode": "ch3_closedloop_local_insertions",
    "candidate_name": "twoanchor_l10_ypair_neg1_then_zpair_neg5_plus_l11_y10x0back2",
    "method_key": "markov42_noisy",
    "legality": "faithful12_base_plus_closed_loop_local_insertions",
    "time_total_s": 1314.0
  }
}