{
  "variant": "relay_l9y0p75_l12y0p5_on_entry_markov42_noisy_noise0p08",
  "method_file": "search_ch3_12pos_closedloop_local_insertions.py",
  "source_file": "/root/.openclaw/workspace/tmp_psins_py/psins_py/test_calibration_markov_pruned.py",
  "param_order": [
    "eb_x",
    "eb_y",
    "eb_z",
    "db_x",
    "db_y",
    "db_z",
    "dKg_xx",
    "dKg_yx",
    "dKg_zx",
    "dKg_xy",
    "dKg_yy",
    "dKg_zy",
    "dKg_xz",
    "dKg_yz",
    "dKg_zz",
    "dKa_xx",
    "dKa_xy",
    "dKa_xz",
    "dKa_yy",
    "dKa_yz",
    "dKa_zz",
    "Ka2_x",
    "Ka2_y",
    "Ka2_z",
    "rx_x",
    "rx_y",
    "rx_z",
    "ry_x",
    "ry_y",
    "ry_z"
  ],
  "param_errors": {
    "eb_x": {
      "true": 4.84813681109536e-07,
      "est": 4.624019457885377e-07,
      "abs_error": 2.2411735320998323e-08,
      "pct_error": 4.622752243646924
    },
    "eb_y": {
      "true": 9.69627362219072e-07,
      "est": 9.669862583319153e-07,
      "abs_error": 2.6411038871567987e-09,
      "pct_error": 0.27238339078142504
    },
    "eb_z": {
      "true": 1.4544410433286078e-06,
      "est": 1.4462698889940976e-06,
      "abs_error": 8.171154334510202e-09,
      "pct_error": 0.5618071885409562
    },
    "db_x": {
      "true": 0.00097803267715,
      "est": 0.0009792027112744083,
      "abs_error": 1.1700341244083676e-06,
      "pct_error": 0.1196313938934906
    },
    "db_y": {
      "true": 0.0019560653543,
      "est": 0.001966025662147633,
      "abs_error": 9.960307847633066e-06,
      "pct_error": 0.5092011790780617
    },
    "db_z": {
      "true": 0.00293409803145,
      "est": 0.0029340465213229657,
      "abs_error": 5.151012703440844e-08,
      "pct_error": 0.0017555693941470893
    },
    "dKg_xx": {
      "true": -9.99999999995449e-06,
      "est": -1.04763681829656e-05,
      "abs_error": 4.7636818301111106e-07,
      "pct_error": 4.76368183013279
    },
    "dKg_yx": {
      "true": 0.0001454441043328608,
      "est": 0.00014527174800440764,
      "abs_error": 1.72356328453151e-07,
      "pct_error": 0.11850348231283363
    },
    "dKg_zx": {
      "true": 0.00024240684055476798,
      "est": 0.00024227107759277816,
      "abs_error": 1.3576296198982178e-07,
      "pct_error": 0.056006242100724996
    },
    "dKg_xy": {
      "true": 4.84813681109536e-05,
      "est": 4.8417729699436475e-05,
      "abs_error": 6.363841151712146e-08,
      "pct_error": 0.13126364621452044
    },
    "dKg_yy": {
      "true": -2.0000000000020002e-05,
      "est": -1.9511241312830663e-05,
      "abs_error": 4.88758687189339e-07,
      "pct_error": 2.4437934359442512
    },
    "dKg_zy": {
      "true": 0.0002908882086657216,
      "est": 0.00029130805356939745,
      "abs_error": 4.198449036758693e-07,
      "pct_error": 0.14433204618422335
    },
    "dKg_xz": {
      "true": 9.69627362219072e-05,
      "est": 9.772778776542925e-05,
      "abs_error": 7.650515435220516e-07,
      "pct_error": 0.7890160419680899
    },
    "dKg_yz": {
      "true": 0.0001939254724438144,
      "est": 0.00019368337535636526,
      "abs_error": 2.4209708744912556e-07,
      "pct_error": 0.12484027208920058
    },
    "dKg_zz": {
      "true": -2.999999999997449e-05,
      "est": -2.974120364451771e-05,
      "abs_error": 2.587963554567807e-07,
      "pct_error": 0.8626545181900026
    },
    "dKa_xx": {
      "true": -9.99999999995449e-06,
      "est": -9.743779612492176e-06,
      "abs_error": 2.562203874623137e-07,
      "pct_error": 2.5622038746347977
    },
    "dKa_xy": {
      "true": 4.84813681109536e-05,
      "est": 4.848586005170685e-05,
      "abs_error": 4.491940753251688e-09,
      "pct_error": 0.009265292891428956
    },
    "dKa_xz": {
      "true": 9.69627362219072e-05,
      "est": 9.687784988301223e-05,
      "abs_error": 8.488633889495978e-08,
      "pct_error": 0.0875453212259712
    },
    "dKa_yy": {
      "true": -2.0000000000020002e-05,
      "est": -1.975112686958269e-05,
      "abs_error": 2.488731304373104e-07,
      "pct_error": 1.2443656521853075
    },
    "dKa_yz": {
      "true": 0.0001939254724438144,
      "est": 0.00019385417073015555,
      "abs_error": 7.130171365883771e-08,
      "pct_error": 0.03676758538231526
    },
    "dKa_zz": {
      "true": -2.999999999997449e-05,
      "est": -2.946847308771261e-05,
      "abs_error": 5.315269122618815e-07,
      "pct_error": 1.7717563742077784
    },
    "Ka2_x": {
      "true": 1.0224607248440952e-06,
      "est": 1.0108004014312348e-06,
      "abs_error": 1.166032341286037e-08,
      "pct_error": 1.1404177323914653
    },
    "Ka2_y": {
      "true": 2.0449214496881904e-06,
      "est": 1.9860324211700866e-06,
      "abs_error": 5.8889028518103784e-08,
      "pct_error": 2.8797697108161873
    },
    "Ka2_z": {
      "true": 3.0673821745322856e-06,
      "est": 3.0739013230403537e-06,
      "abs_error": 6.519148508068005e-09,
      "pct_error": 0.21253134226947268
    },
    "rx_x": {
      "true": 0.01,
      "est": 0.009936391698883803,
      "abs_error": 6.360830111619767e-05,
      "pct_error": 0.6360830111619766
    },
    "rx_y": {
      "true": 0.02,
      "est": 0.020224481435584477,
      "abs_error": 0.0002244814355844768,
      "pct_error": 1.122407177922384
    },
    "rx_z": {
      "true": 0.03,
      "est": 0.030312852426011987,
      "abs_error": 0.00031285242601198845,
      "pct_error": 1.0428414200399616
    },
    "ry_x": {
      "true": 0.04,
      "est": 0.04054538584021883,
      "abs_error": 0.0005453858402188275,
      "pct_error": 1.3634646005470688
    },
    "ry_y": {
      "true": 0.05,
      "est": 0.05028945377029692,
      "abs_error": 0.00028945377029691854,
      "pct_error": 0.5789075405938371
    },
    "ry_z": {
      "true": 0.06,
      "est": 0.061041829849126095,
      "abs_error": 0.0010418298491260969,
      "pct_error": 1.7363830818768282
    }
  },
  "focus_scale_pct": {
    "dKg_xx": 4.76368183013279,
    "dKg_xy": 0.13126364621452044,
    "dKg_yy": 2.4437934359442512,
    "dKg_zz": 0.8626545181900026,
    "dKa_xx": 2.5622038746347977
  },
  "lever_guard_pct": {
    "rx_y": 1.122407177922384,
    "ry_z": 1.7363830818768282
  },
  "overall": {
    "mean_pct_error": 1.0648777399539473,
    "median_pct_error": 0.6074952758779069,
    "max_pct_error": 4.76368183013279
  },
  "extra": {
    "noise_scale": 0.08,
    "noise_config": {
      "arw_dpsh": 0.0004,
      "vrw_ugpsHz": 0.4,
      "bi_g_dph": 0.00016,
      "bi_a_ug": 0.4,
      "tau_g": 300.0,
      "tau_a": 300.0,
      "seed": 42,
      "base_family": "round53_round61_shared"
    },
    "comparison_mode": "corrected_frontier_resume_batch2",
    "candidate_name": "relay_l9y0p75_l12y0p5_on_entry",
    "method_key": "markov42_noisy",
    "legality": "faithful12_base_plus_closed_loop_local_insertions",
    "time_total_s": 1348.5,
    "att0_deg": [
      0.0,
      0.0,
      0.0
    ],
    "candidate_registry_key": "relay_l9y0p75_l12y0p5_on_entry",
    "family": "l9_terminal_coupled_ridge",
    "hypothesis_id": "H2"
  }
}