{
  "variant": "test_relay_y9_z10_x11_y8x0_markov42_noisy_noise0p08",
  "method_file": "search_ch3_12pos_closedloop_local_insertions.py",
  "source_file": "/root/.openclaw/workspace/tmp_psins_py/psins_py/test_calibration_markov_pruned.py",
  "param_order": [
    "eb_x",
    "eb_y",
    "eb_z",
    "db_x",
    "db_y",
    "db_z",
    "dKg_xx",
    "dKg_yx",
    "dKg_zx",
    "dKg_xy",
    "dKg_yy",
    "dKg_zy",
    "dKg_xz",
    "dKg_yz",
    "dKg_zz",
    "dKa_xx",
    "dKa_xy",
    "dKa_xz",
    "dKa_yy",
    "dKa_yz",
    "dKa_zz",
    "Ka2_x",
    "Ka2_y",
    "Ka2_z",
    "rx_x",
    "rx_y",
    "rx_z",
    "ry_x",
    "ry_y",
    "ry_z"
  ],
  "param_errors": {
    "eb_x": {
      "true": 4.84813681109536e-07,
      "est": 4.5819153705005956e-07,
      "abs_error": 2.6622144059476488e-08,
      "pct_error": 5.491211386310205
    },
    "eb_y": {
      "true": 9.69627362219072e-07,
      "est": 9.72370288855853e-07,
      "abs_error": 2.7429266367810094e-09,
      "pct_error": 0.28288461564281725
    },
    "eb_z": {
      "true": 1.4544410433286078e-06,
      "est": 1.443426047786296e-06,
      "abs_error": 1.1014995542311843e-08,
      "pct_error": 0.757335307115861
    },
    "db_x": {
      "true": 0.00097803267715,
      "est": 0.0009773359249528036,
      "abs_error": 6.967521971963566e-07,
      "pct_error": 0.07124017565821028
    },
    "db_y": {
      "true": 0.0019560653543,
      "est": 0.0019575221315196725,
      "abs_error": 1.4567772196726753e-06,
      "pct_error": 0.07447487459814447
    },
    "db_z": {
      "true": 0.00293409803145,
      "est": 0.002982580192580158,
      "abs_error": 4.848216113015769e-05,
      "pct_error": 1.6523701870383083
    },
    "dKg_xx": {
      "true": -9.99999999995449e-06,
      "est": -1.4319182485289517e-05,
      "abs_error": 4.319182485335027e-06,
      "pct_error": 43.191824853546834
    },
    "dKg_yx": {
      "true": 0.0001454441043328608,
      "est": 0.0001454439361684876,
      "abs_error": 1.6816437318719658e-10,
      "pct_error": 0.0001156213061770717
    },
    "dKg_zx": {
      "true": 0.00024240684055476798,
      "est": 0.00023711971957342745,
      "abs_error": 5.287120981340538e-06,
      "pct_error": 2.181093969642328
    },
    "dKg_xy": {
      "true": 4.84813681109536e-05,
      "est": 4.8542482574332644e-05,
      "abs_error": 6.111446337904702e-08,
      "pct_error": 0.126057629477744
    },
    "dKg_yy": {
      "true": -2.0000000000020002e-05,
      "est": -1.9597882451094506e-05,
      "abs_error": 4.021175489254958e-07,
      "pct_error": 2.010587744625468
    },
    "dKg_zy": {
      "true": 0.0002908882086657216,
      "est": 0.00030433381421983235,
      "abs_error": 1.3445605554110766e-05,
      "pct_error": 4.622258707489233
    },
    "dKg_xz": {
      "true": 9.69627362219072e-05,
      "est": 0.00010068201933812597,
      "abs_error": 3.7192831162187787e-06,
      "pct_error": 3.8357860567248157
    },
    "dKg_yz": {
      "true": 0.0001939254724438144,
      "est": 0.0001808498720361934,
      "abs_error": 1.307560040762098e-05,
      "pct_error": 6.742590461605989
    },
    "dKg_zz": {
      "true": -2.999999999997449e-05,
      "est": -1.631894410114576e-05,
      "abs_error": 1.3681055898828731e-05,
      "pct_error": 45.60351966280121
    },
    "dKa_xx": {
      "true": -9.99999999995449e-06,
      "est": -8.375146542061174e-06,
      "abs_error": 1.624853457893316e-06,
      "pct_error": 16.248534579007107
    },
    "dKa_xy": {
      "true": 4.84813681109536e-05,
      "est": 4.5735419764078845e-05,
      "abs_error": 2.745948346874752e-06,
      "pct_error": 5.663925037326553
    },
    "dKa_xz": {
      "true": 9.69627362219072e-05,
      "est": 0.00010004960021188378,
      "abs_error": 3.0868639899765855e-06,
      "pct_error": 3.1835570140182963
    },
    "dKa_yy": {
      "true": -2.0000000000020002e-05,
      "est": 3.530605935386788e-07,
      "abs_error": 2.035306059355868e-05,
      "pct_error": 101.76530296769161
    },
    "dKa_yz": {
      "true": 0.0001939254724438144,
      "est": 0.00018086983570345574,
      "abs_error": 1.3055636740358644e-05,
      "pct_error": 6.732295956706372
    },
    "dKa_zz": {
      "true": -2.999999999997449e-05,
      "est": -3.0253165090643463e-05,
      "abs_error": 2.5316509066897197e-07,
      "pct_error": 0.8438836355639575
    },
    "Ka2_x": {
      "true": 1.0224607248440952e-06,
      "est": 1.1900424138644471e-06,
      "abs_error": 1.6758168902035193e-07,
      "pct_error": 16.390036795389356
    },
    "Ka2_y": {
      "true": 2.0449214496881904e-06,
      "est": 1.3302997606022615e-09,
      "abs_error": 2.043591149927588e-06,
      "pct_error": 99.9349461681863
    },
    "Ka2_z": {
      "true": 3.0673821745322856e-06,
      "est": 2.5902189252347845e-06,
      "abs_error": 4.771632492975011e-07,
      "pct_error": 15.556041671600928
    },
    "rx_x": {
      "true": 0.01,
      "est": 0.009855942529812967,
      "abs_error": 0.00014405747018703292,
      "pct_error": 1.4405747018703292
    },
    "rx_y": {
      "true": 0.02,
      "est": 0.020164652712939556,
      "abs_error": 0.00016465271293955586,
      "pct_error": 0.8232635646977793
    },
    "rx_z": {
      "true": 0.03,
      "est": 0.029969696589708158,
      "abs_error": 3.0303410291841054e-05,
      "pct_error": 0.10101136763947019
    },
    "ry_x": {
      "true": 0.04,
      "est": 0.040209204774083,
      "abs_error": 0.00020920477408299665,
      "pct_error": 0.5230119352074916
    },
    "ry_y": {
      "true": 0.05,
      "est": 0.05007925545354072,
      "abs_error": 7.925545354071917e-05,
      "pct_error": 0.15851090708143833
    },
    "ry_z": {
      "true": 0.06,
      "est": 0.06007752276849534,
      "abs_error": 7.752276849534029e-05,
      "pct_error": 0.1292046141589005
    }
  },
  "focus_scale_pct": {
    "dKg_xx": 43.191824853546834,
    "dKg_xy": 0.126057629477744,
    "dKg_yy": 2.010587744625468,
    "dKg_zz": 45.60351966280121,
    "dKa_xx": 16.248534579007107
  },
  "lever_guard_pct": {
    "rx_y": 0.8232635646977793,
    "ry_z": 0.1292046141589005
  },
  "overall": {
    "mean_pct_error": 12.871248405657639,
    "median_pct_error": 2.095840857133898,
    "max_pct_error": 101.76530296769161
  },
  "extra": {
    "noise_scale": 0.08,
    "noise_config": {
      "arw_dpsh": 0.0004,
      "vrw_ugpsHz": 0.4,
      "bi_g_dph": 0.00016,
      "bi_a_ug": 0.4,
      "tau_g": 300.0,
      "tau_a": 300.0,
      "seed": 42,
      "base_family": "round53_round61_shared"
    },
    "comparison_mode": "ch3_closedloop_local_insertions",
    "candidate_name": "test_relay_y9_z10_x11_y8x0",
    "method_key": "markov42_noisy",
    "legality": "faithful12_base_plus_closed_loop_local_insertions",
    "time_total_s": 1292.0
  }
}