{
  "variant": "relay_r3_l9y0p6875_l12y0p25_on_entry_markov42_noisy_noise0p08",
  "method_file": "search_ch3_12pos_closedloop_local_insertions.py",
  "source_file": "/root/.openclaw/workspace/tmp_psins_py/psins_py/test_calibration_markov_pruned.py",
  "param_order": [
    "eb_x",
    "eb_y",
    "eb_z",
    "db_x",
    "db_y",
    "db_z",
    "dKg_xx",
    "dKg_yx",
    "dKg_zx",
    "dKg_xy",
    "dKg_yy",
    "dKg_zy",
    "dKg_xz",
    "dKg_yz",
    "dKg_zz",
    "dKa_xx",
    "dKa_xy",
    "dKa_xz",
    "dKa_yy",
    "dKa_yz",
    "dKa_zz",
    "Ka2_x",
    "Ka2_y",
    "Ka2_z",
    "rx_x",
    "rx_y",
    "rx_z",
    "ry_x",
    "ry_y",
    "ry_z"
  ],
  "param_errors": {
    "eb_x": {
      "true": 4.84813681109536e-07,
      "est": 4.6166863102288417e-07,
      "abs_error": 2.3145050086651877e-08,
      "pct_error": 4.77400927170259
    },
    "eb_y": {
      "true": 9.69627362219072e-07,
      "est": 9.66511883986999e-07,
      "abs_error": 3.115478232073103e-09,
      "pct_error": 0.3213067569528024
    },
    "eb_z": {
      "true": 1.4544410433286078e-06,
      "est": 1.4459847985116773e-06,
      "abs_error": 8.456244816930552e-09,
      "pct_error": 0.5814085662473978
    },
    "db_x": {
      "true": 0.00097803267715,
      "est": 0.0009792622058028431,
      "abs_error": 1.2295286528432332e-06,
      "pct_error": 0.12571447576026762
    },
    "db_y": {
      "true": 0.0019560653543,
      "est": 0.0019665631809655188,
      "abs_error": 1.0497826665518961e-05,
      "pct_error": 0.5366807730857095
    },
    "db_z": {
      "true": 0.00293409803145,
      "est": 0.0029346497774332286,
      "abs_error": 5.517459832284251e-07,
      "pct_error": 0.018804619931385116
    },
    "dKg_xx": {
      "true": -9.99999999995449e-06,
      "est": -1.0484633856444603e-05,
      "abs_error": 4.846338564901131e-07,
      "pct_error": 4.846338564923188
    },
    "dKg_yx": {
      "true": 0.0001454441043328608,
      "est": 0.00014524895162716458,
      "abs_error": 1.9515270569621292e-07,
      "pct_error": 0.13417711676341992
    },
    "dKg_zx": {
      "true": 0.00024240684055476798,
      "est": 0.00024216077483814923,
      "abs_error": 2.460657166187489e-07,
      "pct_error": 0.10150939472483832
    },
    "dKg_xy": {
      "true": 4.84813681109536e-05,
      "est": 4.833022222884853e-05,
      "abs_error": 1.5114588210506715e-07,
      "pct_error": 0.31176076087448146
    },
    "dKg_yy": {
      "true": -2.0000000000020002e-05,
      "est": -1.959160089515244e-05,
      "abs_error": 4.083991048675628e-07,
      "pct_error": 2.041995524335772
    },
    "dKg_zy": {
      "true": 0.0002908882086657216,
      "est": 0.00029146962911079486,
      "abs_error": 5.814204450732747e-07,
      "pct_error": 0.19987762575189924
    },
    "dKg_xz": {
      "true": 9.69627362219072e-05,
      "est": 9.76998500027112e-05,
      "abs_error": 7.371137808040093e-07,
      "pct_error": 0.7602031558980182
    },
    "dKg_yz": {
      "true": 0.0001939254724438144,
      "est": 0.0001937938886004096,
      "abs_error": 1.3158384340477723e-07,
      "pct_error": 0.06785278991283661
    },
    "dKg_zz": {
      "true": -2.999999999997449e-05,
      "est": -2.9714400773039884e-05,
      "abs_error": 2.855992269346075e-07,
      "pct_error": 0.9519974231161678
    },
    "dKa_xx": {
      "true": -9.99999999995449e-06,
      "est": -9.76741832658945e-06,
      "abs_error": 2.3258167336503988e-07,
      "pct_error": 2.3258167336609836
    },
    "dKa_xy": {
      "true": 4.84813681109536e-05,
      "est": 4.8541692062448915e-05,
      "abs_error": 6.032395149531801e-08,
      "pct_error": 0.1244270816724101
    },
    "dKa_xz": {
      "true": 9.69627362219072e-05,
      "est": 9.699348409083812e-05,
      "abs_error": 3.074786893092561e-08,
      "pct_error": 0.03171101613774242
    },
    "dKa_yy": {
      "true": -2.0000000000020002e-05,
      "est": -1.9751284571656313e-05,
      "abs_error": 2.487154283636883e-07,
      "pct_error": 1.243577141817198
    },
    "dKa_yz": {
      "true": 0.0001939254724438144,
      "est": 0.00019378471609731427,
      "abs_error": 1.4075634650011475e-07,
      "pct_error": 0.07258270134723832
    },
    "dKa_zz": {
      "true": -2.999999999997449e-05,
      "est": -2.946127528447029e-05,
      "abs_error": 5.387247155042019e-07,
      "pct_error": 1.7957490516822
    },
    "Ka2_x": {
      "true": 1.0224607248440952e-06,
      "est": 1.0116788559403407e-06,
      "abs_error": 1.0781868903754556e-08,
      "pct_error": 1.0545020108619403
    },
    "Ka2_y": {
      "true": 2.0449214496881904e-06,
      "est": 1.9813764156664183e-06,
      "abs_error": 6.354503402177213e-08,
      "pct_error": 3.1074559871950815
    },
    "Ka2_z": {
      "true": 3.0673821745322856e-06,
      "est": 3.068811806642804e-06,
      "abs_error": 1.4296321105183397e-09,
      "pct_error": 0.04660756401299522
    },
    "rx_x": {
      "true": 0.01,
      "est": 0.010045590319941055,
      "abs_error": 4.559031994105442e-05,
      "pct_error": 0.4559031994105442
    },
    "rx_y": {
      "true": 0.02,
      "est": 0.020208642452470935,
      "abs_error": 0.0002086424524709342,
      "pct_error": 1.043212262354671
    },
    "rx_z": {
      "true": 0.03,
      "est": 0.030228065954847512,
      "abs_error": 0.00022806595484751307,
      "pct_error": 0.7602198494917103
    },
    "ry_x": {
      "true": 0.04,
      "est": 0.04065759527613748,
      "abs_error": 0.0006575952761374779,
      "pct_error": 1.6439881903436946
    },
    "ry_y": {
      "true": 0.05,
      "est": 0.05028158163826674,
      "abs_error": 0.0002815816382667341,
      "pct_error": 0.5631632765334682
    },
    "ry_z": {
      "true": 0.06,
      "est": 0.06103621124678022,
      "abs_error": 0.0010362112467802234,
      "pct_error": 1.7270187446337057
    }
  },
  "focus_scale_pct": {
    "dKg_xx": 4.846338564923188,
    "dKg_xy": 0.31176076087448146,
    "dKg_yy": 2.041995524335772,
    "dKg_zz": 0.9519974231161678,
    "dKa_xx": 2.3258167336609836
  },
  "lever_guard_pct": {
    "rx_y": 1.043212262354671,
    "ry_z": 1.7270187446337057
  },
  "overall": {
    "mean_pct_error": 1.0589857210378786,
    "median_pct_error": 0.572285921390433,
    "max_pct_error": 4.846338564923188
  },
  "extra": {
    "noise_scale": 0.08,
    "noise_config": {
      "arw_dpsh": 0.0004,
      "vrw_ugpsHz": 0.4,
      "bi_g_dph": 0.00016,
      "bi_a_ug": 0.4,
      "tau_g": 300.0,
      "tau_a": 300.0,
      "seed": 42,
      "base_family": "round53_round61_shared"
    },
    "comparison_mode": "corrected_frontier_relaunch_batch3",
    "candidate_name": "relay_r3_l9y0p6875_l12y0p25_on_entry",
    "method_key": "markov42_noisy",
    "legality": "faithful12_base_plus_closed_loop_local_insertions",
    "time_total_s": 1347.875,
    "att0_deg": [
      0.0,
      0.0,
      0.0
    ],
    "candidate_registry_key": "relay_r3_l9y0p6875_l12y0p25_on_entry",
    "family": "minimal_l9_l12_compatibility_tweaks_around_batch2_incumbent",
    "hypothesis_id": "B"
  }
}