{
  "variant": "late11_yneg_xpair_return_markov42_noisy_noise0p08",
  "method_file": "search_ch3_12pos_closedloop_local_insertions.py",
  "source_file": "/root/.openclaw/workspace/tmp_psins_py/psins_py/test_calibration_markov_pruned.py",
  "param_order": [
    "eb_x",
    "eb_y",
    "eb_z",
    "db_x",
    "db_y",
    "db_z",
    "dKg_xx",
    "dKg_yx",
    "dKg_zx",
    "dKg_xy",
    "dKg_yy",
    "dKg_zy",
    "dKg_xz",
    "dKg_yz",
    "dKg_zz",
    "dKa_xx",
    "dKa_xy",
    "dKa_xz",
    "dKa_yy",
    "dKa_yz",
    "dKa_zz",
    "Ka2_x",
    "Ka2_y",
    "Ka2_z",
    "rx_x",
    "rx_y",
    "rx_z",
    "ry_x",
    "ry_y",
    "ry_z"
  ],
  "param_errors": {
    "eb_x": {
      "true": 4.84813681109536e-07,
      "est": 4.5997839994920067e-07,
      "abs_error": 2.483528116033538e-08,
      "pct_error": 5.122644456628739
    },
    "eb_y": {
      "true": 9.69627362219072e-07,
      "est": 9.739927394951233e-07,
      "abs_error": 4.365377276051205e-09,
      "pct_error": 0.4502118490200895
    },
    "eb_z": {
      "true": 1.4544410433286078e-06,
      "est": 1.446452311992875e-06,
      "abs_error": 7.988731335732795e-09,
      "pct_error": 0.5492647070416775
    },
    "db_x": {
      "true": 0.00097803267715,
      "est": 0.000978725901645021,
      "abs_error": 6.932244950210581e-07,
      "pct_error": 0.0708794819658913
    },
    "db_y": {
      "true": 0.0019560653543,
      "est": 0.001956441600935711,
      "abs_error": 3.7624663571126857e-07,
      "pct_error": 0.0192348703934748
    },
    "db_z": {
      "true": 0.00293409803145,
      "est": 0.002942993549486155,
      "abs_error": 8.895518036154855e-06,
      "pct_error": 0.3031772606370205
    },
    "dKg_xx": {
      "true": -9.99999999995449e-06,
      "est": -1.3649152361905337e-05,
      "abs_error": 3.649152361950847e-06,
      "pct_error": 36.491523619674545
    },
    "dKg_yx": {
      "true": 0.0001454441043328608,
      "est": 0.0001455036967198991,
      "abs_error": 5.959238703830182e-08,
      "pct_error": 0.04097270722085767
    },
    "dKg_zx": {
      "true": 0.00024240684055476798,
      "est": 0.00024180985177290934,
      "abs_error": 5.969887818586426e-07,
      "pct_error": 0.246275550843526
    },
    "dKg_xy": {
      "true": 4.84813681109536e-05,
      "est": 4.858960294595448e-05,
      "abs_error": 1.0823483500088465e-07,
      "pct_error": 0.22325037270643916
    },
    "dKg_yy": {
      "true": -2.0000000000020002e-05,
      "est": -1.9782412189472964e-05,
      "abs_error": 2.1758781054703746e-07,
      "pct_error": 1.0879390527340993
    },
    "dKg_zy": {
      "true": 0.0002908882086657216,
      "est": 0.0003072864270264418,
      "abs_error": 1.6398218360720227e-05,
      "pct_error": 5.6372922216192265
    },
    "dKg_xz": {
      "true": 9.69627362219072e-05,
      "est": 9.715619831829392e-05,
      "abs_error": 1.9346209638672525e-07,
      "pct_error": 0.19952210913682483
    },
    "dKg_yz": {
      "true": 0.0001939254724438144,
      "est": 0.00017705817919391875,
      "abs_error": 1.686729324989564e-05,
      "pct_error": 8.6978224352567
    },
    "dKg_zz": {
      "true": -2.999999999997449e-05,
      "est": 2.6287574157457527e-06,
      "abs_error": 3.2628757415720244e-05,
      "pct_error": 108.76252471915997
    },
    "dKa_xx": {
      "true": -9.99999999995449e-06,
      "est": -9.759851906210315e-06,
      "abs_error": 2.4014809374417467e-07,
      "pct_error": 2.4014809374526758
    },
    "dKa_xy": {
      "true": 4.84813681109536e-05,
      "est": 5.0506614058102096e-05,
      "abs_error": 2.0252459471484997e-06,
      "pct_error": 4.177369628913024
    },
    "dKa_xz": {
      "true": 9.69627362219072e-05,
      "est": 9.648631121374775e-05,
      "abs_error": 4.764250081594441e-07,
      "pct_error": 0.4913485599963952
    },
    "dKa_yy": {
      "true": -2.0000000000020002e-05,
      "est": -3.051199796155757e-06,
      "abs_error": 1.6948800203864245e-05,
      "pct_error": 84.74400101923646
    },
    "dKa_yz": {
      "true": 0.0001939254724438144,
      "est": 0.0001777796370445536,
      "abs_error": 1.6145835399260797e-05,
      "pct_error": 8.325794025815094
    },
    "dKa_zz": {
      "true": -2.999999999997449e-05,
      "est": -3.001340523800522e-05,
      "abs_error": 1.3405238030728128e-08,
      "pct_error": 0.044684126769131756
    },
    "Ka2_x": {
      "true": 1.0224607248440952e-06,
      "est": 1.0300308825034477e-06,
      "abs_error": 7.570157659352464e-09,
      "pct_error": 0.7403861562024068
    },
    "Ka2_y": {
      "true": 2.0449214496881904e-06,
      "est": 7.590789712736888e-10,
      "abs_error": 2.0441623707169168e-06,
      "pct_error": 99.96287979807784
    },
    "Ka2_z": {
      "true": 3.0673821745322856e-06,
      "est": 2.995863596380551e-06,
      "abs_error": 7.151857815173486e-08,
      "pct_error": 2.331583548523425
    },
    "rx_x": {
      "true": 0.01,
      "est": 0.009746739749077974,
      "abs_error": 0.00025326025092202616,
      "pct_error": 2.5326025092202618
    },
    "rx_y": {
      "true": 0.02,
      "est": 0.01998280578516083,
      "abs_error": 1.7194214839168914e-05,
      "pct_error": 0.08597107419584457
    },
    "rx_z": {
      "true": 0.03,
      "est": 0.030387365499681553,
      "abs_error": 0.0003873654996815537,
      "pct_error": 1.2912183322718458
    },
    "ry_x": {
      "true": 0.04,
      "est": 0.03970379424291062,
      "abs_error": 0.0002962057570893781,
      "pct_error": 0.7405143927234452
    },
    "ry_y": {
      "true": 0.05,
      "est": 0.05014732910774696,
      "abs_error": 0.0001473291077469588,
      "pct_error": 0.2946582154939176
    },
    "ry_z": {
      "true": 0.06,
      "est": 0.06040658941685993,
      "abs_error": 0.00040658941685993433,
      "pct_error": 0.6776490280998906
    }
  },
  "focus_scale_pct": {
    "dKg_xx": 36.491523619674545,
    "dKg_xy": 0.22325037270643916,
    "dKg_yy": 1.0879390527340993,
    "dKg_zz": 108.76252471915997,
    "dKa_xx": 2.4014809374526758
  },
  "lever_guard_pct": {
    "rx_y": 0.08597107419584457,
    "ry_z": 0.6776490280998906
  },
  "overall": {
    "mean_pct_error": 12.55815589223436,
    "median_pct_error": 0.740450274462926,
    "max_pct_error": 108.76252471915997
  },
  "extra": {
    "noise_scale": 0.08,
    "noise_config": {
      "arw_dpsh": 0.0004,
      "vrw_ugpsHz": 0.4,
      "bi_g_dph": 0.00016,
      "bi_a_ug": 0.4,
      "tau_g": 300.0,
      "tau_a": 300.0,
      "seed": 42,
      "base_family": "round53_round61_shared"
    },
    "comparison_mode": "ch3_closedloop_local_insertions",
    "candidate_name": "late11_yneg_xpair_return",
    "method_key": "markov42_noisy",
    "legality": "faithful12_base_plus_closed_loop_local_insertions",
    "time_total_s": 1240.0
  }
}