{
  "variant": "z11_small_pos_noise0p08",
  "method_file": "targeted shortlist probe",
  "source_file": "/root/.openclaw/workspace/tmp_psins_py/psins_py/test_calibration_markov_pruned.py",
  "param_order": [
    "eb_x",
    "eb_y",
    "eb_z",
    "db_x",
    "db_y",
    "db_z",
    "dKg_xx",
    "dKg_yx",
    "dKg_zx",
    "dKg_xy",
    "dKg_yy",
    "dKg_zy",
    "dKg_xz",
    "dKg_yz",
    "dKg_zz",
    "dKa_xx",
    "dKa_xy",
    "dKa_xz",
    "dKa_yy",
    "dKa_yz",
    "dKa_zz",
    "Ka2_x",
    "Ka2_y",
    "Ka2_z",
    "rx_x",
    "rx_y",
    "rx_z",
    "ry_x",
    "ry_y",
    "ry_z"
  ],
  "param_errors": {
    "eb_x": {
      "true": 4.84813681109536e-07,
      "est": 4.7078533664259706e-07,
      "abs_error": 1.4028344466938984e-08,
      "pct_error": 2.8935537534406954
    },
    "eb_y": {
      "true": 9.69627362219072e-07,
      "est": 9.641154361612404e-07,
      "abs_error": 5.5119260578316505e-09,
      "pct_error": 0.5684581801834835
    },
    "eb_z": {
      "true": 1.4544410433286078e-06,
      "est": 1.440138283718786e-06,
      "abs_error": 1.430275960982176e-08,
      "pct_error": 0.9833853132395604
    },
    "db_x": {
      "true": 0.00097803267715,
      "est": 0.0009714829365487401,
      "abs_error": 6.549740601259797e-06,
      "pct_error": 0.6696852522704893
    },
    "db_y": {
      "true": 0.0019560653543,
      "est": 0.0019608012773445933,
      "abs_error": 4.735923044593519e-06,
      "pct_error": 0.24211476544904725
    },
    "db_z": {
      "true": 0.00293409803145,
      "est": 0.002947682405625191,
      "abs_error": 1.358437417519091e-05,
      "pct_error": 0.46298296885730356
    },
    "dKg_xx": {
      "true": -9.99999999995449e-06,
      "est": -1.1895412449058895e-05,
      "abs_error": 1.8954124491044055e-06,
      "pct_error": 18.954124491130315
    },
    "dKg_yx": {
      "true": 0.0001454441043328608,
      "est": 0.00014489268669531718,
      "abs_error": 5.514176375436095e-07,
      "pct_error": 0.37912684056388074
    },
    "dKg_zx": {
      "true": 0.00024240684055476798,
      "est": 0.00024106122668881734,
      "abs_error": 1.3456138659506472e-06,
      "pct_error": 0.555105566687433
    },
    "dKg_xy": {
      "true": 4.84813681109536e-05,
      "est": 4.8854714065612036e-05,
      "abs_error": 3.733459546584393e-07,
      "pct_error": 0.770081310007602
    },
    "dKg_yy": {
      "true": -2.0000000000020002e-05,
      "est": -2.0341365772003073e-05,
      "abs_error": 3.4136577198307094e-07,
      "pct_error": 1.7068288599136476
    },
    "dKg_zy": {
      "true": 0.0002908882086657216,
      "est": 0.00029752454608997263,
      "abs_error": 6.636337424251052e-06,
      "pct_error": 2.2814047550058296
    },
    "dKg_xz": {
      "true": 9.69627362219072e-05,
      "est": 9.750823480088968e-05,
      "abs_error": 5.454985789824911e-07,
      "pct_error": 0.5625857935094496
    },
    "dKg_yz": {
      "true": 0.0001939254724438144,
      "est": 0.0001878927092103197,
      "abs_error": 6.0327632334946876e-06,
      "pct_error": 3.1108668487284707
    },
    "dKg_zz": {
      "true": -2.999999999997449e-05,
      "est": -7.081587753976493e-06,
      "abs_error": 2.2918412245998e-05,
      "pct_error": 76.39470748672495
    },
    "dKa_xx": {
      "true": -9.99999999995449e-06,
      "est": -1.0058090053721713e-05,
      "abs_error": 5.809005376722354e-08,
      "pct_error": 0.580900537674879
    },
    "dKa_xy": {
      "true": 4.84813681109536e-05,
      "est": 5.412382248612137e-05,
      "abs_error": 5.642454375167772e-06,
      "pct_error": 11.638397584520616
    },
    "dKa_xz": {
      "true": 9.69627362219072e-05,
      "est": 9.705128932474197e-05,
      "abs_error": 8.855310283477618e-08,
      "pct_error": 0.09132694299397154
    },
    "dKa_yy": {
      "true": -2.0000000000020002e-05,
      "est": -2.7964240987277122e-06,
      "abs_error": 1.720357590129229e-05,
      "pct_error": 86.01787950637542
    },
    "dKa_yz": {
      "true": 0.0001939254724438144,
      "est": 0.0001886011297570672,
      "abs_error": 5.324342686747189e-06,
      "pct_error": 2.7455612816876336
    },
    "dKa_zz": {
      "true": -2.999999999997449e-05,
      "est": -2.993712099974566e-05,
      "abs_error": 6.287900022883264e-08,
      "pct_error": 0.20959666742962035
    },
    "Ka2_x": {
      "true": 1.0224607248440952e-06,
      "est": 1.0749424296504626e-06,
      "abs_error": 5.248170480636736e-08,
      "pct_error": 5.13288222531675
    },
    "Ka2_y": {
      "true": 2.0449214496881904e-06,
      "est": 1.0553710449859014e-09,
      "abs_error": 2.0438660786432046e-06,
      "pct_error": 99.9483906315743
    },
    "Ka2_z": {
      "true": 3.0673821745322856e-06,
      "est": 2.9540032495397017e-06,
      "abs_error": 1.1337892499258395e-07,
      "pct_error": 3.696276451429531
    },
    "rx_x": {
      "true": 0.01,
      "est": 0.009890314012295195,
      "abs_error": 0.00010968598770480509,
      "pct_error": 1.0968598770480509
    },
    "rx_y": {
      "true": 0.02,
      "est": 0.019777608333862357,
      "abs_error": 0.0002223916661376439,
      "pct_error": 1.1119583306882195
    },
    "rx_z": {
      "true": 0.03,
      "est": 0.029974686780569356,
      "abs_error": 2.5313219430642825e-05,
      "pct_error": 0.08437739810214276
    },
    "ry_x": {
      "true": 0.04,
      "est": 0.04078676098304012,
      "abs_error": 0.000786760983040119,
      "pct_error": 1.9669024576002974
    },
    "ry_y": {
      "true": 0.05,
      "est": 0.05023080495025951,
      "abs_error": 0.00023080495025950415,
      "pct_error": 0.4616099005190083
    },
    "ry_z": {
      "true": 0.06,
      "est": 0.06001811531265394,
      "abs_error": 1.8115312653943505e-05,
      "pct_error": 0.03019218775657251
    }
  },
  "focus_scale_pct": {
    "dKg_xx": 18.954124491130315,
    "dKg_xy": 0.770081310007602,
    "dKg_yy": 1.7068288599136476,
    "dKg_zz": 76.39470748672495,
    "dKa_xx": 0.580900537674879
  },
  "lever_guard_pct": {
    "rx_y": 1.1119583306882195,
    "ry_z": 0.03019218775657251
  },
  "overall": {
    "mean_pct_error": 10.844937472214308,
    "median_pct_error": 1.0401225951438056,
    "max_pct_error": 99.9483906315743
  },
  "extra": {
    "noise_scale": 0.08,
    "noise_config": {
      "arw_dpsh": 0.0004,
      "vrw_ugpsHz": 0.4,
      "bi_g_dph": 0.00016,
      "bi_a_ug": 0.4,
      "tau_g": 300.0,
      "tau_a": 300.0,
      "seed": 42,
      "base_family": "round53_round61_shared"
    },
    "candidate_name": "z11_small_pos"
  }
}