{
  "variant": "allnew_startwinx_a1neg1_a2pos0p5_markov42_noisy_noise0p08",
  "method_file": "search_ch3_12pos_closedloop_local_insertions.py",
  "source_file": "/root/.openclaw/workspace/tmp_psins_py/psins_py/test_calibration_markov_pruned.py",
  "param_order": [
    "eb_x",
    "eb_y",
    "eb_z",
    "db_x",
    "db_y",
    "db_z",
    "dKg_xx",
    "dKg_yx",
    "dKg_zx",
    "dKg_xy",
    "dKg_yy",
    "dKg_zy",
    "dKg_xz",
    "dKg_yz",
    "dKg_zz",
    "dKa_xx",
    "dKa_xy",
    "dKa_xz",
    "dKa_yy",
    "dKa_yz",
    "dKa_zz",
    "Ka2_x",
    "Ka2_y",
    "Ka2_z",
    "rx_x",
    "rx_y",
    "rx_z",
    "ry_x",
    "ry_y",
    "ry_z"
  ],
  "param_errors": {
    "eb_x": {
      "true": 4.84813681109536e-07,
      "est": 4.286751582349604e-07,
      "abs_error": 5.613852287457566e-08,
      "pct_error": 11.579401543722534
    },
    "eb_y": {
      "true": 9.69627362219072e-07,
      "est": 9.72106770859401e-07,
      "abs_error": 2.4794086403289854e-09,
      "pct_error": 0.25570737140241734
    },
    "eb_z": {
      "true": 1.4544410433286078e-06,
      "est": 1.4391663094761608e-06,
      "abs_error": 1.527473385244699e-08,
      "pct_error": 1.0502133395169808
    },
    "db_x": {
      "true": 0.00097803267715,
      "est": 0.0009764683802146279,
      "abs_error": 1.5642969353720296e-06,
      "pct_error": 0.15994321784118823
    },
    "db_y": {
      "true": 0.0019560653543,
      "est": 0.001980623514177217,
      "abs_error": 2.455815987721698e-05,
      "pct_error": 1.2554876974448226
    },
    "db_z": {
      "true": 0.00293409803145,
      "est": 0.0029385017931693237,
      "abs_error": 4.403761719323513e-06,
      "pct_error": 0.15008911331933994
    },
    "dKg_xx": {
      "true": -9.99999999995449e-06,
      "est": -1.0078459360185477e-05,
      "abs_error": 7.845936023098687e-08,
      "pct_error": 0.7845936023134394
    },
    "dKg_yx": {
      "true": 0.0001454441043328608,
      "est": 0.0001454329209729674,
      "abs_error": 1.1183359893387123e-08,
      "pct_error": 0.0076891118720034774
    },
    "dKg_zx": {
      "true": 0.00024240684055476798,
      "est": 0.00024234529939733972,
      "abs_error": 6.154115742826099e-08,
      "pct_error": 0.02538754982632462
    },
    "dKg_xy": {
      "true": 4.84813681109536e-05,
      "est": 4.871731507023199e-05,
      "abs_error": 2.3594695927839381e-07,
      "pct_error": 0.48667553840149436
    },
    "dKg_yy": {
      "true": -2.0000000000020002e-05,
      "est": -1.977485091897435e-05,
      "abs_error": 2.2514908104565023e-07,
      "pct_error": 1.1257454052271254
    },
    "dKg_zy": {
      "true": 0.0002908882086657216,
      "est": 0.00028945785958610576,
      "abs_error": 1.4303490796158179e-06,
      "pct_error": 0.49171779295444884
    },
    "dKg_xz": {
      "true": 9.69627362219072e-05,
      "est": 9.934124472411781e-05,
      "abs_error": 2.378508502210618e-06,
      "pct_error": 2.4530129768277225
    },
    "dKg_yz": {
      "true": 0.0001939254724438144,
      "est": 0.0001948499982890146,
      "abs_error": 9.245258452002215e-07,
      "pct_error": 0.4767428608266417
    },
    "dKg_zz": {
      "true": -2.999999999997449e-05,
      "est": -2.9273876860136383e-05,
      "abs_error": 7.261231398381085e-07,
      "pct_error": 2.4204104661290864
    },
    "dKa_xx": {
      "true": -9.99999999995449e-06,
      "est": -9.747602272680567e-06,
      "abs_error": 2.5239772727392307e-07,
      "pct_error": 2.5239772727507175
    },
    "dKa_xy": {
      "true": 4.84813681109536e-05,
      "est": 4.844370975241054e-05,
      "abs_error": 3.765835854305612e-08,
      "pct_error": 0.07767594028467158
    },
    "dKa_xz": {
      "true": 9.69627362219072e-05,
      "est": 9.717590320129426e-05,
      "abs_error": 2.1316697938707002e-07,
      "pct_error": 0.21984422850776392
    },
    "dKa_yy": {
      "true": -2.0000000000020002e-05,
      "est": -1.936532113444578e-05,
      "abs_error": 6.34678865574223e-07,
      "pct_error": 3.1733943278679413
    },
    "dKa_yz": {
      "true": 0.0001939254724438144,
      "est": 0.00019484056792407425,
      "abs_error": 9.150954802598617e-07,
      "pct_error": 0.47187997983348495
    },
    "dKa_zz": {
      "true": -2.999999999997449e-05,
      "est": -2.9828563744560554e-05,
      "abs_error": 1.7143625541393703e-07,
      "pct_error": 0.5714541847136093
    },
    "Ka2_x": {
      "true": 1.0224607248440952e-06,
      "est": 1.0283426668677644e-06,
      "abs_error": 5.881942023669225e-09,
      "pct_error": 0.5752731504250301
    },
    "Ka2_y": {
      "true": 2.0449214496881904e-06,
      "est": 1.8256758817346793e-06,
      "abs_error": 2.192455679535111e-07,
      "pct_error": 10.721466488942236
    },
    "Ka2_z": {
      "true": 3.0673821745322856e-06,
      "est": 3.067640466704391e-06,
      "abs_error": 2.582921721053706e-10,
      "pct_error": 0.00842060615237014
    },
    "rx_x": {
      "true": 0.01,
      "est": 0.010078544760387066,
      "abs_error": 7.854476038706565e-05,
      "pct_error": 0.7854476038706565
    },
    "rx_y": {
      "true": 0.02,
      "est": 0.019986618619699,
      "abs_error": 1.3381380300998835e-05,
      "pct_error": 0.06690690150499418
    },
    "rx_z": {
      "true": 0.03,
      "est": 0.02997154609716384,
      "abs_error": 2.845390283615773e-05,
      "pct_error": 0.09484634278719244
    },
    "ry_x": {
      "true": 0.04,
      "est": 0.040222638033362866,
      "abs_error": 0.00022263803336286525,
      "pct_error": 0.5565950834071631
    },
    "ry_y": {
      "true": 0.05,
      "est": 0.050334146281930024,
      "abs_error": 0.00033414628193002144,
      "pct_error": 0.6682925638600429
    },
    "ry_z": {
      "true": 0.06,
      "est": 0.06051519831546484,
      "abs_error": 0.0005151983154648432,
      "pct_error": 0.858663859108072
    }
  },
  "focus_scale_pct": {
    "dKg_xx": 0.7845936023134394,
    "dKg_xy": 0.48667553840149436,
    "dKg_yy": 1.1257454052271254,
    "dKg_zz": 2.4204104661290864,
    "dKa_xx": 2.5239772727507175
  },
  "lever_guard_pct": {
    "rx_y": 0.06690690150499418,
    "ry_z": 0.858663859108072
  },
  "overall": {
    "mean_pct_error": 1.4698985373880504,
    "median_pct_error": 0.5640246340603863,
    "max_pct_error": 11.579401543722534
  },
  "extra": {
    "noise_scale": 0.08,
    "noise_config": {
      "arw_dpsh": 0.0004,
      "vrw_ugpsHz": 0.4,
      "bi_g_dph": 0.00016,
      "bi_a_ug": 0.4,
      "tau_g": 300.0,
      "tau_a": 300.0,
      "seed": 42,
      "base_family": "round53_round61_shared"
    },
    "comparison_mode": "corrected_att0_allnew_startup_family_search",
    "candidate_name": "allnew_startwinx_a1neg1_a2pos0p5",
    "method_key": "markov42_noisy",
    "legality": "faithful12_base_plus_closed_loop_local_insertions",
    "time_total_s": 1223.0,
    "att0_deg": [
      0.0,
      0.0,
      0.0
    ],
    "candidate_registry_key": "allnew_startwinx_a1neg1_a2pos0p5",
    "family_search_scope": "all_new_only",
    "excluded_old_basins": [
      "late10/late11 local",
      "relay",
      "anchor9 butterfly",
      "precondition/fullblock",
      "anchor6",
      "anchor8 entry-boundary",
      "entry-conditioned relay",
      "anchor5 far-z seed",
      "anchor4 front-z",
      "corridor-bookend",
      "terminal reclosure",
      "any rerun/variant of the above"
    ]
  }
}