{
  "variant": "coupled_flip_9_12_markov42_noisy_noise0p08",
  "method_file": "probe_ch3_12pos_coupled_repair_search.py",
  "source_file": "/root/.openclaw/workspace/tmp_psins_py/psins_py/test_calibration_markov_pruned.py",
  "param_order": [
    "eb_x",
    "eb_y",
    "eb_z",
    "db_x",
    "db_y",
    "db_z",
    "dKg_xx",
    "dKg_yx",
    "dKg_zx",
    "dKg_xy",
    "dKg_yy",
    "dKg_zy",
    "dKg_xz",
    "dKg_yz",
    "dKg_zz",
    "dKa_xx",
    "dKa_xy",
    "dKa_xz",
    "dKa_yy",
    "dKa_yz",
    "dKa_zz",
    "Ka2_x",
    "Ka2_y",
    "Ka2_z",
    "rx_x",
    "rx_y",
    "rx_z",
    "ry_x",
    "ry_y",
    "ry_z"
  ],
  "param_errors": {
    "eb_x": {
      "true": 4.84813681109536e-07,
      "est": 4.7022622904396003e-07,
      "abs_error": 1.4587452065576016e-08,
      "pct_error": 3.0088779739448417
    },
    "eb_y": {
      "true": 9.69627362219072e-07,
      "est": 9.686960944295047e-07,
      "abs_error": 9.312677895673594e-10,
      "pct_error": 0.09604388508963654
    },
    "eb_z": {
      "true": 1.4544410433286078e-06,
      "est": 1.4408037340881374e-06,
      "abs_error": 1.3637309240470418e-08,
      "pct_error": 0.9376323160724559
    },
    "db_x": {
      "true": 0.00097803267715,
      "est": 0.0012090281638030167,
      "abs_error": 0.00023099548665301683,
      "pct_error": 23.618381271895814
    },
    "db_y": {
      "true": 0.0019560653543,
      "est": 0.0022120317669745582,
      "abs_error": 0.0002559664126745584,
      "pct_error": 13.085780191948594
    },
    "db_z": {
      "true": 0.00293409803145,
      "est": 0.0033543004399286948,
      "abs_error": 0.0004202024084786946,
      "pct_error": 14.321348638478689
    },
    "dKg_xx": {
      "true": -9.99999999995449e-06,
      "est": -8.341691268398677e-06,
      "abs_error": 1.6583087315558132e-06,
      "pct_error": 16.583087315633602
    },
    "dKg_yx": {
      "true": 0.0001454441043328608,
      "est": 0.00011939135186814185,
      "abs_error": 2.605275246471894e-05,
      "pct_error": 17.91255313112938
    },
    "dKg_zx": {
      "true": 0.00024240684055476798,
      "est": 0.00019980331502392423,
      "abs_error": 4.260352553084375e-05,
      "pct_error": 17.57521587812542
    },
    "dKg_xy": {
      "true": 4.84813681109536e-05,
      "est": 4.886851449447667e-05,
      "abs_error": 3.8714638352307533e-07,
      "pct_error": 0.798546737866512
    },
    "dKg_yy": {
      "true": -2.0000000000020002e-05,
      "est": 3.191973603211551e-07,
      "abs_error": 2.0319197360341157e-05,
      "pct_error": 101.59598680160417
    },
    "dKg_zy": {
      "true": 0.0002908882086657216,
      "est": 0.0002751593661130277,
      "abs_error": 1.5728842552693856e-05,
      "pct_error": 5.407177769370804
    },
    "dKg_xz": {
      "true": 9.69627362219072e-05,
      "est": 0.00010685414187871279,
      "abs_error": 9.891405656805595e-06,
      "pct_error": 10.201244356562196
    },
    "dKg_yz": {
      "true": 0.0001939254724438144,
      "est": 0.0001847091303736459,
      "abs_error": 9.216342070168484e-06,
      "pct_error": 4.752517528525663
    },
    "dKg_zz": {
      "true": -2.999999999997449e-05,
      "est": -1.1939301729269047e-05,
      "abs_error": 1.8060698270705444e-05,
      "pct_error": 60.20232756906934
    },
    "dKa_xx": {
      "true": -9.99999999995449e-06,
      "est": 3.009015864696707e-06,
      "abs_error": 1.3009015864651197e-05,
      "pct_error": 130.090158647104
    },
    "dKa_xy": {
      "true": 4.84813681109536e-05,
      "est": 7.951493863648124e-05,
      "abs_error": 3.1033570525527645e-05,
      "pct_error": 64.0113341160356
    },
    "dKa_xz": {
      "true": 9.69627362219072e-05,
      "est": 0.0001306234568148107,
      "abs_error": 3.3660720592903516e-05,
      "pct_error": 34.71511005616445
    },
    "dKa_yy": {
      "true": -2.0000000000020002e-05,
      "est": 7.397511733842066e-06,
      "abs_error": 2.7397511733862068e-05,
      "pct_error": 136.98755866917332
    },
    "dKa_yz": {
      "true": 0.0001939254724438144,
      "est": 0.00021047401329238644,
      "abs_error": 1.6548540848572056e-05,
      "pct_error": 8.533453929507187
    },
    "dKa_zz": {
      "true": -2.999999999997449e-05,
      "est": -1.2741777466240833e-05,
      "abs_error": 1.7258222533733658e-05,
      "pct_error": 57.527408445827774
    },
    "Ka2_x": {
      "true": 1.0224607248440952e-06,
      "est": -7.031408908718357e-08,
      "abs_error": 1.0927748139312788e-06,
      "pct_error": 106.87694767913018
    },
    "Ka2_y": {
      "true": 2.0449214496881904e-06,
      "est": 1.1110827664695172e-09,
      "abs_error": 2.043810366921721e-06,
      "pct_error": 99.94566623736873
    },
    "Ka2_z": {
      "true": 3.0673821745322856e-06,
      "est": 4.784040496223463e-07,
      "abs_error": 2.5889781249099395e-06,
      "pct_error": 84.40350688628185
    },
    "rx_x": {
      "true": 0.01,
      "est": 0.011402501126478776,
      "abs_error": 0.0014025011264787758,
      "pct_error": 14.025011264787757
    },
    "rx_y": {
      "true": 0.02,
      "est": 0.019966353735942074,
      "abs_error": 3.364626405792659e-05,
      "pct_error": 0.16823132028963295
    },
    "rx_z": {
      "true": 0.03,
      "est": 0.029956740464936026,
      "abs_error": 4.325953506397265e-05,
      "pct_error": 0.14419845021324218
    },
    "ry_x": {
      "true": 0.04,
      "est": 0.04143048655130627,
      "abs_error": 0.0014304865513062662,
      "pct_error": 3.5762163782656655
    },
    "ry_y": {
      "true": 0.05,
      "est": 0.05005932370775148,
      "abs_error": 5.9323707751475496e-05,
      "pct_error": 0.11864741550295099
    },
    "ry_z": {
      "true": 0.06,
      "est": 0.06022417688750009,
      "abs_error": 0.0002241768875000938,
      "pct_error": 0.3736281458334897
    }
  },
  "focus_scale_pct": {
    "dKg_xx": 16.583087315633602,
    "dKg_xy": 0.798546737866512,
    "dKg_yy": 101.59598680160417,
    "dKg_zz": 60.20232756906934,
    "dKa_xx": 130.090158647104
  },
  "lever_guard_pct": {
    "rx_y": 0.16823132028963295,
    "ry_z": 0.3736281458334897
  },
  "overall": {
    "mean_pct_error": 34.386459966893426,
    "median_pct_error": 14.173179951633223,
    "max_pct_error": 136.98755866917332
  },
  "extra": {
    "noise_scale": 0.08,
    "noise_config": {
      "arw_dpsh": 0.0004,
      "vrw_ugpsHz": 0.4,
      "bi_g_dph": 0.00016,
      "bi_a_ug": 0.4,
      "tau_g": 300.0,
      "tau_a": 300.0,
      "seed": 42,
      "base_family": "round53_round61_shared"
    },
    "comparison_mode": "ch3_coupled_repair_search",
    "candidate_name": "coupled_flip_9_12",
    "method_key": "markov42_noisy"
  }
}