{
  "variant": "42state_gm1_round56_internalized_xyzz_yyka_micro_guard",
  "method_file": "/root/.openclaw/workspace/psins_method_bench/methods/markov/method_42state_gm1_round56_internalized_xyzz_yyka_micro_guard.py",
  "source_file": "/root/.openclaw/workspace/tmp_psins_py/psins_py/test_calibration_markov_pruned.py",
  "param_order": [
    "eb_x",
    "eb_y",
    "eb_z",
    "db_x",
    "db_y",
    "db_z",
    "dKg_xx",
    "dKg_yx",
    "dKg_zx",
    "dKg_xy",
    "dKg_yy",
    "dKg_zy",
    "dKg_xz",
    "dKg_yz",
    "dKg_zz",
    "dKa_xx",
    "dKa_xy",
    "dKa_xz",
    "dKa_yy",
    "dKa_yz",
    "dKa_zz",
    "Ka2_x",
    "Ka2_y",
    "Ka2_z",
    "rx_x",
    "rx_y",
    "rx_z",
    "ry_x",
    "ry_y",
    "ry_z"
  ],
  "param_errors": {
    "eb_x": {
      "true": 4.84813681109536e-07,
      "est": 4.679142199603726e-07,
      "abs_error": 1.6899461149163458e-08,
      "pct_error": 3.4857640796125327
    },
    "eb_y": {
      "true": 9.69627362219072e-07,
      "est": 8.999283951228687e-07,
      "abs_error": 6.969896709620336e-08,
      "pct_error": 7.188221971860564
    },
    "eb_z": {
      "true": 1.4544410433286078e-06,
      "est": 1.3720687972864794e-06,
      "abs_error": 8.237224604212841e-08,
      "pct_error": 5.663498456672589
    },
    "db_x": {
      "true": 0.00097803267715,
      "est": 0.001004098097769803,
      "abs_error": 2.6065420619803123e-05,
      "pct_error": 2.665086886029013
    },
    "db_y": {
      "true": 0.0019560653543,
      "est": 0.0020085740673504455,
      "abs_error": 5.250871305044567e-05,
      "pct_error": 2.6844048403094645
    },
    "db_z": {
      "true": 0.00293409803145,
      "est": 0.003051065545681819,
      "abs_error": 0.00011696751423181896,
      "pct_error": 3.986489646155921
    },
    "dKg_xx": {
      "true": -9.99999999995449e-06,
      "est": -6.066490534140101e-06,
      "abs_error": 3.933509465814389e-06,
      "pct_error": 39.3350946583229
    },
    "dKg_yx": {
      "true": 0.0001454441043328608,
      "est": 0.00014214925899548475,
      "abs_error": 3.2948453373760392e-06,
      "pct_error": 2.2653687837600587
    },
    "dKg_zx": {
      "true": 0.00024240684055476798,
      "est": 0.0002480911932438183,
      "abs_error": 5.684352689050296e-06,
      "pct_error": 2.344963812094241
    },
    "dKg_xy": {
      "true": 4.84813681109536e-05,
      "est": 4.423311672779204e-05,
      "abs_error": 4.248251383161558e-06,
      "pct_error": 8.762647484367779
    },
    "dKg_yy": {
      "true": -2.0000000000020002e-05,
      "est": -1.72532203646103e-05,
      "abs_error": 2.746779635409702e-06,
      "pct_error": 13.733898177034773
    },
    "dKg_zy": {
      "true": 0.0002908882086657216,
      "est": 0.00029228609651652004,
      "abs_error": 1.397887850798456e-06,
      "pct_error": 0.48055844450018914
    },
    "dKg_xz": {
      "true": 9.69627362219072e-05,
      "est": 9.414987754217851e-05,
      "abs_error": 2.81285867972868e-06,
      "pct_error": 2.900968752873497
    },
    "dKg_yz": {
      "true": 0.0001939254724438144,
      "est": 0.00019148589837270796,
      "abs_error": 2.439574071106429e-06,
      "pct_error": 1.257995682755519
    },
    "dKg_zz": {
      "true": -2.999999999997449e-05,
      "est": -3.2767748267437113e-05,
      "abs_error": 2.767748267462622e-06,
      "pct_error": 9.225827558216585
    },
    "dKa_xx": {
      "true": -9.99999999995449e-06,
      "est": -8.343073846450721e-06,
      "abs_error": 1.6569261535037683e-06,
      "pct_error": 16.56926153511309
    },
    "dKa_xy": {
      "true": 4.84813681109536e-05,
      "est": 4.6450325306606655e-05,
      "abs_error": 2.0310428043469417e-06,
      "pct_error": 4.189326505181812
    },
    "dKa_xz": {
      "true": 9.69627362219072e-05,
      "est": 9.178501753328116e-05,
      "abs_error": 5.177718688626035e-06,
      "pct_error": 5.339905710557095
    },
    "dKa_yy": {
      "true": -2.0000000000020002e-05,
      "est": -2.044986928684267e-05,
      "abs_error": 4.4986928682266836e-07,
      "pct_error": 2.249346434111092
    },
    "dKa_yz": {
      "true": 0.0001939254724438144,
      "est": 0.00019182483206183967,
      "abs_error": 2.1006403819747127e-06,
      "pct_error": 1.0832204534571015
    },
    "dKa_zz": {
      "true": -2.999999999997449e-05,
      "est": -2.7804085164673253e-05,
      "abs_error": 2.195914835301238e-06,
      "pct_error": 7.319716117677018
    },
    "Ka2_x": {
      "true": 1.0224607248440952e-06,
      "est": 8.111198669078283e-07,
      "abs_error": 2.1134085793626689e-07,
      "pct_error": 20.669826507858495
    },
    "Ka2_y": {
      "true": 2.0449214496881904e-06,
      "est": 1.77911638869594e-06,
      "abs_error": 2.658050609922504e-07,
      "pct_error": 12.998301770113486
    },
    "Ka2_z": {
      "true": 3.0673821745322856e-06,
      "est": 2.5879496648888675e-06,
      "abs_error": 4.794325096434182e-07,
      "pct_error": 15.630022030643184
    },
    "rx_x": {
      "true": 0.01,
      "est": 0.009880696332502183,
      "abs_error": 0.00011930366749781686,
      "pct_error": 1.1930366749781687
    },
    "rx_y": {
      "true": 0.02,
      "est": 0.01888948712022141,
      "abs_error": 0.0011105128797785913,
      "pct_error": 5.552564398892956
    },
    "rx_z": {
      "true": 0.03,
      "est": 0.029406394963678,
      "abs_error": 0.000593605036321998,
      "pct_error": 1.97868345440666
    },
    "ry_x": {
      "true": 0.04,
      "est": 0.03907179345583603,
      "abs_error": 0.0009282065441639717,
      "pct_error": 2.320516360409929
    },
    "ry_y": {
      "true": 0.05,
      "est": 0.04960699057424186,
      "abs_error": 0.00039300942575814374,
      "pct_error": 0.7860188515162875
    },
    "ry_z": {
      "true": 0.06,
      "est": 0.058691247040188126,
      "abs_error": 0.0013087529598118722,
      "pct_error": 2.181254933019787
    }
  },
  "focus_scale_pct": {
    "dKg_xx": 39.3350946583229,
    "dKg_xy": 8.762647484367779,
    "dKg_yy": 13.733898177034773,
    "dKg_zz": 9.225827558216585,
    "dKa_xx": 16.56926153511309
  },
  "lever_guard_pct": {
    "rx_y": 5.552564398892956,
    "ry_z": 2.181254933019787
  },
  "overall": {
    "mean_pct_error": 6.868059699083392,
    "median_pct_error": 3.736126862884227,
    "max_pct_error": 39.3350946583229
  },
  "extra": {
    "iter_bounds": [
      4902,
      9804,
      14706
    ],
    "selected_state_labels": {
      "12": "dKg_xx",
      "15": "dKg_xy",
      "16": "dKg_yy",
      "20": "dKg_zz",
      "21": "dKa_xx"
    },
    "iteration_policies": [
      {
        "name": "iter1_seed",
        "selected_prior_scale": 1.38,
        "other_scale_prior_scale": 0.94,
        "ka2_prior_scale": 0.93,
        "lever_prior_scale": 0.91,
        "selected_q_static_scale": 0.62,
        "selected_q_dynamic_scale": 0.88,
        "selected_q_late_mult": 1.42,
        "other_scale_q_scale": 0.92,
        "other_scale_q_late_mult": 1.05,
        "ka2_q_scale": 0.95,
        "lever_q_scale": 0.93,
        "static_r_scale": 1.06,
        "dynamic_r_scale": 1.0,
        "late_r_mult": 0.99,
        "late_release_frac": 0.55,
        "selected_alpha_floor": 0.88,
        "selected_alpha_span": 0.16,
        "other_scale_alpha": 0.98,
        "ka2_alpha": 1.0,
        "lever_alpha": 1.0,
        "markov_alpha": 1.0,
        "trust_score_soft": 2.4,
        "trust_cov_soft": 0.48,
        "trust_mix": 0.56,
        "state_alpha_mult": {
          "15": 1.02,
          "20": 0.97
        },
        "post_rx_y_mult": 1.00045,
        "post_ry_z_mult": 1.0011
      },
      {
        "name": "iter2_commit",
        "selected_prior_scale": 1.24,
        "other_scale_prior_scale": 0.97,
        "ka2_prior_scale": 0.96,
        "lever_prior_scale": 0.94,
        "selected_q_static_scale": 0.78,
        "selected_q_dynamic_scale": 1.0,
        "selected_q_late_mult": 1.28,
        "other_scale_q_scale": 0.96,
        "other_scale_q_late_mult": 1.03,
        "ka2_q_scale": 0.98,