{
  "variant": "42state_gm1_round58_llm_guided_alpha12_lever_plus",
  "method_file": "/root/.openclaw/workspace/psins_method_bench/methods/markov/method_42state_gm1_round58_llm_guided_alpha12_lever_plus.py",
  "source_file": "/root/.openclaw/workspace/tmp_psins_py/psins_py/test_calibration_markov_pruned.py",
  "param_order": [
    "eb_x",
    "eb_y",
    "eb_z",
    "db_x",
    "db_y",
    "db_z",
    "dKg_xx",
    "dKg_yx",
    "dKg_zx",
    "dKg_xy",
    "dKg_yy",
    "dKg_zy",
    "dKg_xz",
    "dKg_yz",
    "dKg_zz",
    "dKa_xx",
    "dKa_xy",
    "dKa_xz",
    "dKa_yy",
    "dKa_yz",
    "dKa_zz",
    "Ka2_x",
    "Ka2_y",
    "Ka2_z",
    "rx_x",
    "rx_y",
    "rx_z",
    "ry_x",
    "ry_y",
    "ry_z"
  ],
  "param_errors": {
    "eb_x": {
      "true": 4.84813681109536e-07,
      "est": 4.6791421973113943e-07,
      "abs_error": 1.689946137839662e-08,
      "pct_error": 3.485764126895266
    },
    "eb_y": {
      "true": 9.69627362219072e-07,
      "est": 8.999283973653295e-07,
      "abs_error": 6.969896485374261e-08,
      "pct_error": 7.188221740590198
    },
    "eb_z": {
      "true": 1.4544410433286078e-06,
      "est": 1.3720687965730795e-06,
      "abs_error": 8.237224675552836e-08,
      "pct_error": 5.663498505722356
    },
    "db_x": {
      "true": 0.00097803267715,
      "est": 0.0010040981097821885,
      "abs_error": 2.6065432632188567e-05,
      "pct_error": 2.665088114248246
    },
    "db_y": {
      "true": 0.0019560653543,
      "est": 0.002008574076178297,
      "abs_error": 5.250872187829731e-05,
      "pct_error": 2.684405291616044
    },
    "db_z": {
      "true": 0.00293409803145,
      "est": 0.0030510655324309825,
      "abs_error": 0.00011696750098098233,
      "pct_error": 3.986489194540587
    },
    "dKg_xx": {
      "true": -9.99999999995449e-06,
      "est": -6.071623007031235e-06,
      "abs_error": 3.928376992923255e-06,
      "pct_error": 39.28376992941133
    },
    "dKg_yx": {
      "true": 0.0001454441043328608,
      "est": 0.00014214926039613274,
      "abs_error": 3.2948439367280497e-06,
      "pct_error": 2.265367820745438
    },
    "dKg_zx": {
      "true": 0.00024240684055476798,
      "est": 0.0002480911920450583,
      "abs_error": 5.684351490290292e-06,
      "pct_error": 2.344963317570241
    },
    "dKg_xy": {
      "true": 4.84813681109536e-05,
      "est": 4.423311702150646e-05,
      "abs_error": 4.248251089447137e-06,
      "pct_error": 8.762646878538298
    },
    "dKg_yy": {
      "true": -2.0000000000020002e-05,
      "est": -1.7253221082924597e-05,
      "abs_error": 2.746778917095405e-06,
      "pct_error": 13.733894585463288
    },
    "dKg_zy": {
      "true": 0.0002908882086657216,
      "est": 0.0002922860951887717,
      "abs_error": 1.3978865230501064e-06,
      "pct_error": 0.48055798805392896
    },
    "dKg_xz": {
      "true": 9.69627362219072e-05,
      "est": 9.414987788001904e-05,
      "abs_error": 2.8128583418881523e-06,
      "pct_error": 2.9009684044504427
    },
    "dKg_yz": {
      "true": 0.0001939254724438144,
      "est": 0.00019148589800920075,
      "abs_error": 2.4395744346136403e-06,
      "pct_error": 1.2579958702023804
    },
    "dKg_zz": {
      "true": -2.999999999997449e-05,
      "est": -3.276774905081048e-05,
      "abs_error": 2.767749050835988e-06,
      "pct_error": 9.225830169461139
    },
    "dKa_xx": {
      "true": -9.99999999995449e-06,
      "est": -8.343073941041723e-06,
      "abs_error": 1.6569260589127666e-06,
      "pct_error": 16.569260589203072
    },
    "dKa_xy": {
      "true": 4.84813681109536e-05,
      "est": 4.6450323862399834e-05,
      "abs_error": 2.031044248553763e-06,
      "pct_error": 4.189329484072214
    },
    "dKa_xz": {
      "true": 9.69627362219072e-05,
      "est": 9.178501869226923e-05,
      "abs_error": 5.177717529637968e-06,
      "pct_error": 5.33990451526485
    },
    "dKa_yy": {
      "true": -2.0000000000020002e-05,
      "est": -2.0449869283512e-05,
      "abs_error": 4.498692834919993e-07,
      "pct_error": 2.2493464174577467
    },
    "dKa_yz": {
      "true": 0.0001939254724438144,
      "est": 0.00019182483337308815,
      "abs_error": 2.1006390707262396e-06,
      "pct_error": 1.083219777296071
    },
    "dKa_zz": {
      "true": -2.999999999997449e-05,
      "est": -2.7804085216187602e-05,
      "abs_error": 2.1959147837868898e-06,
      "pct_error": 7.319715945962522
    },
    "Ka2_x": {
      "true": 1.0224607248440952e-06,
      "est": 8.111197475477215e-07,
      "abs_error": 2.1134097729637374e-07,
      "pct_error": 20.66983818166698
    },
    "Ka2_y": {
      "true": 2.0449214496881904e-06,
      "est": 1.779116312480395e-06,
      "abs_error": 2.6580513720779535e-07,
      "pct_error": 12.998305497178158
    },
    "Ka2_z": {
      "true": 3.0673821745322856e-06,
      "est": 2.5879496378702935e-06,
      "abs_error": 4.794325366619921e-07,
      "pct_error": 15.630022911478122
    },
    "rx_x": {
      "true": 0.01,
      "est": 0.009880696283609812,
      "abs_error": 0.00011930371639018791,
      "pct_error": 1.193037163901879
    },
    "rx_y": {
      "true": 0.02,
      "est": 0.01888986744453638,
      "abs_error": 0.0011101325554636193,
      "pct_error": 5.550662777318097
    },
    "rx_z": {
      "true": 0.03,
      "est": 0.02940639521363991,
      "abs_error": 0.0005936047863600892,
      "pct_error": 1.9786826212002975
    },
    "ry_x": {
      "true": 0.04,
      "est": 0.039071793491853614,
      "abs_error": 0.0009282065081463869,
      "pct_error": 2.3205162703659674
    },
    "ry_y": {
      "true": 0.05,
      "est": 0.04960699189272208,
      "abs_error": 0.0003930081072779229,
      "pct_error": 0.7860162145558458
    },
    "ry_z": {
      "true": 0.06,
      "est": 0.05869301288032551,
      "abs_error": 0.001306987119674488,
      "pct_error": 2.178311866124147
    }
  },
  "focus_scale_pct": {
    "dKg_xx": 39.28376992941133,
    "dKg_xy": 8.762646878538298,
    "dKg_yy": 13.733894585463288,
    "dKg_zz": 9.225830169461139,
    "dKa_xx": 16.569260589203072
  },
  "lever_guard_pct": {
    "rx_y": 5.550662777318097,
    "ry_z": 2.178311866124147
  },
  "overall": {
    "mean_pct_error": 6.866187739018506,
    "median_pct_error": 3.736126660717926,
    "max_pct_error": 39.28376992941133
  },
  "extra": {
    "iter_bounds": [
      4902,
      9804,
      14706
    ],
    "selected_state_labels": {
      "12": "dKg_xx",
      "15": "dKg_xy",
      "16": "dKg_yy",
      "20": "dKg_zz",
      "21": "dKa_xx"
    },
    "iteration_policies": [
      {
        "name": "iter1_seed",
        "selected_prior_scale": 1.38,
        "other_scale_prior_scale": 0.94,
        "ka2_prior_scale": 0.93,
        "lever_prior_scale": 0.91,
        "selected_q_static_scale": 0.62,
        "selected_q_dynamic_scale": 0.88,
        "selected_q_late_mult": 1.42,
        "other_scale_q_scale": 0.92,
        "other_scale_q_late_mult": 1.05,
        "ka2_q_scale": 0.95,
        "lever_q_scale": 0.93,
        "static_r_scale": 1.06,
        "dynamic_r_scale": 1.0,
        "late_r_mult": 0.99,
        "late_release_frac": 0.55,
        "selected_alpha_floor": 0.88,
        "selected_alpha_span": 0.16,
        "other_scale_alpha": 0.98,
        "ka2_alpha": 1.0,
        "lever_alpha": 1.0,
        "markov_alpha": 1.0,
        "trust_score_soft": 2.4,
        "trust_cov_soft": 0.48,
        "trust_mix": 0.56,
        "state_alpha_mult": {
          "15": 1.02,
          "20": 0.97
        },
        "post_rx_y_mult": 1.00047,
        "post_ry_z_mult": 1.00113
      },
      {
        "name": "iter2_commit",
        "selected_prior_scale": 1.24,
        "other_scale_prior_scale": 0.97,
        "ka2_prior_scale": 0.96,
        "lever_prior_scale": 0.94,
        "selected_q_static_scale": 0.78,
        "selected_q_dynamic_scale": 1.0,
        "selected_q_late_mult": 1.28,
        "other_scale_q_scale": 0.96,
        "other_scale_q_late_mult": 1.03,
        "ka2_q_scale": 0.98,