{
  "variant": "42state_gm1_round61_h_scd_state20_microtight_commit_shared_noise1x",
  "method_file": "/root/.openclaw/workspace/psins_method_bench/methods/markov/method_42state_gm1_round61_h_scd_state20_microtight_commit.py",
  "source_file": "/root/.openclaw/workspace/tmp_psins_py/psins_py/test_calibration_markov_pruned.py",
  "param_order": [
    "eb_x",
    "eb_y",
    "eb_z",
    "db_x",
    "db_y",
    "db_z",
    "dKg_xx",
    "dKg_yx",
    "dKg_zx",
    "dKg_xy",
    "dKg_yy",
    "dKg_zy",
    "dKg_xz",
    "dKg_yz",
    "dKg_zz",
    "dKa_xx",
    "dKa_xy",
    "dKa_xz",
    "dKa_yy",
    "dKa_yz",
    "dKa_zz",
    "Ka2_x",
    "Ka2_y",
    "Ka2_z",
    "rx_x",
    "rx_y",
    "rx_z",
    "ry_x",
    "ry_y",
    "ry_z"
  ],
  "param_errors": {
    "eb_x": {
      "true": 4.84813681109536e-07,
      "est": 4.6240901529801123e-07,
      "abs_error": 2.240466581152482e-08,
      "pct_error": 4.62129405264511
    },
    "eb_y": {
      "true": 9.69627362219072e-07,
      "est": 9.019098239483798e-07,
      "abs_error": 6.771753827069234e-08,
      "pct_error": 6.983872455467344
    },
    "eb_z": {
      "true": 1.4544410433286078e-06,
      "est": 1.3767516885207152e-06,
      "abs_error": 7.768935480789266e-08,
      "pct_error": 5.341526572303968
    },
    "db_x": {
      "true": 0.00097803267715,
      "est": 0.0010060537172984986,
      "abs_error": 2.802104014849871e-05,
      "pct_error": 2.865041302111949
    },
    "db_y": {
      "true": 0.0019560653543,
      "est": 0.002005904654158422,
      "abs_error": 4.9839299858422254e-05,
      "pct_error": 2.5479363329482316
    },
    "db_z": {
      "true": 0.00293409803145,
      "est": 0.0030511851844829533,
      "abs_error": 0.00011708715303295316,
      "pct_error": 3.990567178666826
    },
    "dKg_xx": {
      "true": -9.99999999995449e-06,
      "est": -6.132434265948561e-06,
      "abs_error": 3.867565734005929e-06,
      "pct_error": 38.675657340235304
    },
    "dKg_yx": {
      "true": 0.0001454441043328608,
      "est": 0.0001416653200381396,
      "abs_error": 3.7787842947211987e-06,
      "pct_error": 2.598100701334129
    },
    "dKg_zx": {
      "true": 0.00024240684055476798,
      "est": 0.000247827995856504,
      "abs_error": 5.4211553017359906e-06,
      "pct_error": 2.236387095895987
    },
    "dKg_xy": {
      "true": 4.84813681109536e-05,
      "est": 4.486943921163274e-05,
      "abs_error": 3.6119288993208552e-06,
      "pct_error": 7.450138145967042
    },
    "dKg_yy": {
      "true": -2.0000000000020002e-05,
      "est": -1.765483375959498e-05,
      "abs_error": 2.345166240425023e-06,
      "pct_error": 11.725831202113387
    },
    "dKg_zy": {
      "true": 0.0002908882086657216,
      "est": 0.0002916752079989698,
      "abs_error": 7.869993332482216e-07,
      "pct_error": 0.2705504416483974
    },
    "dKg_xz": {
      "true": 9.69627362219072e-05,
      "est": 9.404570804553114e-05,
      "abs_error": 2.9170281763760537e-06,
      "pct_error": 3.008401258087638
    },
    "dKg_yz": {
      "true": 0.0001939254724438144,
      "est": 0.00019149109710854583,
      "abs_error": 2.4343753352685593e-06,
      "pct_error": 1.2553148921546993
    },
    "dKg_zz": {
      "true": -2.999999999997449e-05,
      "est": -3.2879738998348174e-05,
      "abs_error": 2.879738998373682e-06,
      "pct_error": 9.599129994587102
    },
    "dKa_xx": {
      "true": -9.99999999995449e-06,
      "est": -8.467624411867547e-06,
      "abs_error": 1.5323755880869427e-06,
      "pct_error": 15.323755880939165
    },
    "dKa_xy": {
      "true": 4.84813681109536e-05,
      "est": 4.675061797988643e-05,
      "abs_error": 1.7307501310671647e-06,
      "pct_error": 3.5699284044670536
    },
    "dKa_xz": {
      "true": 9.69627362219072e-05,
      "est": 9.199636148358495e-05,
      "abs_error": 4.966374738322248e-06,
      "pct_error": 5.121941615752562
    },
    "dKa_yy": {
      "true": -2.0000000000020002e-05,
      "est": -2.0551036798099886e-05,
      "abs_error": 5.510367980798847e-07,
      "pct_error": 2.755183990396668
    },
    "dKa_yz": {
      "true": 0.0001939254724438144,
      "est": 0.0001920294562455285,
      "abs_error": 1.896016198285887e-06,
      "pct_error": 0.9777035344519868
    },
    "dKa_zz": {
      "true": -2.999999999997449e-05,
      "est": -2.791092669895967e-05,
      "abs_error": 2.089073301014821e-06,
      "pct_error": 6.963577670055325
    },
    "Ka2_x": {
      "true": 1.0224607248440952e-06,
      "est": 8.034018794551317e-07,
      "abs_error": 2.190588453889635e-07,
      "pct_error": 21.424670900915594
    },
    "Ka2_y": {
      "true": 2.0449214496881904e-06,
      "est": 1.7947805987016707e-06,
      "abs_error": 2.501408509865197e-07,
      "pct_error": 12.232296307746255
    },
    "Ka2_z": {
      "true": 3.0673821745322856e-06,
      "est": 2.584999222347064e-06,
      "abs_error": 4.823829521852218e-07,
      "pct_error": 15.726209671241097
    },
    "rx_x": {
      "true": 0.01,
      "est": 0.009880926355864628,
      "abs_error": 0.00011907364413537257,
      "pct_error": 1.1907364413537256
    },
    "rx_y": {
      "true": 0.02,
      "est": 0.018922287364779494,
      "abs_error": 0.0010777126352205062,
      "pct_error": 5.388563176102531
    },
    "rx_z": {
      "true": 0.03,
      "est": 0.029406508152675162,
      "abs_error": 0.0005934918473248368,
      "pct_error": 1.9783061577494563
    },
    "ry_x": {
      "true": 0.04,
      "est": 0.039071100441973455,
      "abs_error": 0.0009288995580265455,
      "pct_error": 2.322248895066364
    },
    "ry_y": {
      "true": 0.05,
      "est": 0.0496300751574362,
      "abs_error": 0.0003699248425638041,
      "pct_error": 0.7398496851276082
    },
    "ry_z": {
      "true": 0.06,
      "est": 0.05867360446447039,
      "abs_error": 0.0013263955355296078,
      "pct_error": 2.21065922588268
    }
  },
  "focus_scale_pct": {
    "dKg_xx": 38.675657340235304,
    "dKg_xy": 7.450138145967042,
    "dKg_yy": 11.725831202113387,
    "dKg_zz": 9.599129994587102,
    "dKa_xx": 15.323755880939165
  },
  "lever_guard_pct": {
    "rx_y": 5.388563176102531,
    "ry_z": 2.21065922588268
  },
  "overall": {
    "mean_pct_error": 6.7031793507805055,
    "median_pct_error": 3.78024779156694,
    "max_pct_error": 38.675657340235304
  },
  "extra": {
    "iter_bounds": [
      4902,
      9804,
      14706
    ],
    "selected_state_labels": {
      "12": "dKg_xx",
      "15": "dKg_xy",
      "16": "dKg_yy",
      "20": "dKg_zz",
      "21": "dKa_xx"
    },
    "iteration_policies": [
      {
        "name": "iter1_seed",
        "selected_prior_scale": 1.38,
        "other_scale_prior_scale": 0.94,
        "ka2_prior_scale": 0.93,
        "lever_prior_scale": 0.91,
        "selected_q_static_scale": 0.62,
        "selected_q_dynamic_scale": 0.88,
        "selected_q_late_mult": 1.42,
        "other_scale_q_scale": 0.92,
        "other_scale_q_late_mult": 1.05,
        "ka2_q_scale": 0.95,
        "lever_q_scale": 0.93,
        "static_r_scale": 1.06,
        "dynamic_r_scale": 1.0,
        "late_r_mult": 0.99,
        "late_release_frac": 0.55,
        "selected_alpha_floor": 0.88,
        "selected_alpha_span": 0.16,
        "other_scale_alpha": 0.98,
        "ka2_alpha": 1.0,
        "lever_alpha": 1.0,
        "markov_alpha": 1.0,
        "trust_score_soft": 2.4,
        "trust_cov_soft": 0.48,
        "trust_mix": 0.56,
        "state_alpha_mult": {
          "15": 1.02,
          "20": 0.97
        },
        "post_rx_y_mult": 1.00047,
        "post_ry_z_mult": 1.00116
      },
      {
        "name": "iter2_commit",
        "selected_prior_scale": 1.24,
        "other_scale_prior_scale": 0.97,
        "ka2_prior_scale": 0.96,
        "lever_prior_scale": 0.94,
        "selected_q_static_scale": 0.78,
        "selected_q_dynamic_scale": 1.0,
        "selected_q_late_mult": 1.28,
        "other_scale_q_scale": 0.96,
        "other_scale_q_late_mult": 1.03,