{
  "variant": "42state_gm1_round61_h_scd_state20_microtight_commit_shared_noise0p03",
  "method_file": "/root/.openclaw/workspace/psins_method_bench/methods/markov/method_42state_gm1_round61_h_scd_state20_microtight_commit.py",
  "source_file": "/root/.openclaw/workspace/tmp_psins_py/psins_py/test_calibration_markov_pruned.py",
  "param_order": [
    "eb_x",
    "eb_y",
    "eb_z",
    "db_x",
    "db_y",
    "db_z",
    "dKg_xx",
    "dKg_yx",
    "dKg_zx",
    "dKg_xy",
    "dKg_yy",
    "dKg_zy",
    "dKg_xz",
    "dKg_yz",
    "dKg_zz",
    "dKa_xx",
    "dKa_xy",
    "dKa_xz",
    "dKa_yy",
    "dKa_yz",
    "dKa_zz",
    "Ka2_x",
    "Ka2_y",
    "Ka2_z",
    "rx_x",
    "rx_y",
    "rx_z",
    "ry_x",
    "ry_y",
    "ry_z"
  ],
  "param_errors": {
    "eb_x": {
      "true": 4.84813681109536e-07,
      "est": 4.082717775244926e-07,
      "abs_error": 7.654190358504342e-08,
      "pct_error": 15.787900912752908
    },
    "eb_y": {
      "true": 9.69627362219072e-07,
      "est": 9.019430860255479e-07,
      "abs_error": 6.768427619352419e-08,
      "pct_error": 6.980442057516112
    },
    "eb_z": {
      "true": 1.4544410433286078e-06,
      "est": 1.420224994367519e-06,
      "abs_error": 3.421604896108891e-08,
      "pct_error": 2.3525222365000555
    },
    "db_x": {
      "true": 0.00097803267715,
      "est": 0.000977905994742008,
      "abs_error": 1.2668240799190884e-07,
      "pct_error": 0.012952778670040254
    },
    "db_y": {
      "true": 0.0019560653543,
      "est": 0.0019590272788939335,
      "abs_error": 2.961924593933643e-06,
      "pct_error": 0.15142257836234727
    },
    "db_z": {
      "true": 0.00293409803145,
      "est": 0.0029387620897320214,
      "abs_error": 4.66405828202128e-06,
      "pct_error": 0.15896054705835277
    },
    "dKg_xx": {
      "true": -9.99999999995449e-06,
      "est": -9.978701495327869e-06,
      "abs_error": 2.1298504626621195e-08,
      "pct_error": 0.21298504626718126
    },
    "dKg_yx": {
      "true": 0.0001454441043328608,
      "est": 0.00014560323449769904,
      "abs_error": 1.5913016483825476e-07,
      "pct_error": 0.10940984206143707
    },
    "dKg_zx": {
      "true": 0.00024240684055476798,
      "est": 0.00024234604709527064,
      "abs_error": 6.079345949734768e-08,
      "pct_error": 0.025079102288622243
    },
    "dKg_xy": {
      "true": 4.84813681109536e-05,
      "est": 4.8716256170349296e-05,
      "abs_error": 2.3488805939569913e-07,
      "pct_error": 0.48449140061010343
    },
    "dKg_yy": {
      "true": -2.0000000000020002e-05,
      "est": -2.0114625346900894e-05,
      "abs_error": 1.1462534688089221e-07,
      "pct_error": 0.573126734403888
    },
    "dKg_zy": {
      "true": 0.0002908882086657216,
      "est": 0.0002901280719149014,
      "abs_error": 7.601367508201806e-07,
      "pct_error": 0.2613157660487032
    },
    "dKg_xz": {
      "true": 9.69627362219072e-05,
      "est": 9.667553318863943e-05,
      "abs_error": 2.872030332677622e-07,
      "pct_error": 0.29619939005276674
    },
    "dKg_yz": {
      "true": 0.0001939254724438144,
      "est": 0.00019398011368108729,
      "abs_error": 5.4641237272898616e-08,
      "pct_error": 0.028176410547990135
    },
    "dKg_zz": {
      "true": -2.999999999997449e-05,
      "est": -2.9957251747037006e-05,
      "abs_error": 4.274825293748563e-08,
      "pct_error": 0.14249417645840662
    },
    "dKa_xx": {
      "true": -9.99999999995449e-06,
      "est": -9.741998125756268e-06,
      "abs_error": 2.580018741982215e-07,
      "pct_error": 2.580018741993957
    },
    "dKa_xy": {
      "true": 4.84813681109536e-05,
      "est": 4.812294741460792e-05,
      "abs_error": 3.5842069634567874e-07,
      "pct_error": 0.7392957548669078
    },
    "dKa_xz": {
      "true": 9.69627362219072e-05,
      "est": 9.686623417498338e-05,
      "abs_error": 9.650204692381633e-08,
      "pct_error": 0.09952488005594588
    },
    "dKa_yy": {
      "true": -2.0000000000020002e-05,
      "est": -1.9764707519076552e-05,
      "abs_error": 2.352924809434498e-07,
      "pct_error": 1.1764624047160726
    },
    "dKa_yz": {
      "true": 0.0001939254724438144,
      "est": 0.00019385067225377738,
      "abs_error": 7.480019003700661e-08,
      "pct_error": 0.03857161676307289
    },
    "dKa_zz": {
      "true": -2.999999999997449e-05,
      "est": -2.9726612761793447e-05,
      "abs_error": 2.7338723818104427e-07,
      "pct_error": 0.9112907939375892
    },
    "Ka2_x": {
      "true": 1.0224607248440952e-06,
      "est": 1.022440015886443e-06,
      "abs_error": 2.0708957652217758e-11,
      "pct_error": 0.0020254037293584515
    },
    "Ka2_y": {
      "true": 2.0449214496881904e-06,
      "est": 2.0182845620423105e-06,
      "abs_error": 2.663688764587995e-08,
      "pct_error": 1.3025873267621864
    },
    "Ka2_z": {
      "true": 3.0673821745322856e-06,
      "est": 3.0500621390591574e-06,
      "abs_error": 1.732003547312822e-08,
      "pct_error": 0.564652022070552
    },
    "rx_x": {
      "true": 0.01,
      "est": 0.009902633804135303,
      "abs_error": 9.73661958646975e-05,
      "pct_error": 0.973661958646975
    },
    "rx_y": {
      "true": 0.02,
      "est": 0.02023140676573846,
      "abs_error": 0.00023140676573845873,
      "pct_error": 1.1570338286922937
    },
    "rx_z": {
      "true": 0.03,
      "est": 0.02987194328549511,
      "abs_error": 0.0001280567145048872,
      "pct_error": 0.4268557150162907
    },
    "ry_x": {
      "true": 0.04,
      "est": 0.04000968199377367,
      "abs_error": 9.68199377367196e-06,
      "pct_error": 0.0242049844341799
    },
    "ry_y": {
      "true": 0.05,
      "est": 0.05009655712354767,
      "abs_error": 9.655712354766921e-05,
      "pct_error": 0.19311424709533842
    },
    "ry_z": {
      "true": 0.06,
      "est": 0.05990988493812706,
      "abs_error": 9.011506187293905e-05,
      "pct_error": 0.15019176978823176
    }
  },
  "focus_scale_pct": {
    "dKg_xx": 0.21298504626718126,
    "dKg_xy": 0.48449140061010343,
    "dKg_yy": 0.573126734403888,
    "dKg_zz": 0.14249417645840662,
    "dKa_xx": 2.580018741993957
  },
  "lever_guard_pct": {
    "rx_y": 1.1570338286922937,
    "ry_z": 0.15019176978823176
  },
  "overall": {
    "mean_pct_error": 1.2638990142722617,
    "median_pct_error": 0.278757578050735,
    "max_pct_error": 15.787900912752908
  },
  "extra": {
    "iter_bounds": [
      4902,
      9804,
      14706
    ],
    "selected_state_labels": {
      "12": "dKg_xx",
      "15": "dKg_xy",
      "16": "dKg_yy",
      "20": "dKg_zz",
      "21": "dKa_xx"
    },
    "iteration_policies": [
      {
        "name": "iter1_seed",
        "selected_prior_scale": 1.38,
        "other_scale_prior_scale": 0.94,
        "ka2_prior_scale": 0.93,
        "lever_prior_scale": 0.91,
        "selected_q_static_scale": 0.62,
        "selected_q_dynamic_scale": 0.88,
        "selected_q_late_mult": 1.42,
        "other_scale_q_scale": 0.92,
        "other_scale_q_late_mult": 1.05,
        "ka2_q_scale": 0.95,
        "lever_q_scale": 0.93,
        "static_r_scale": 1.06,
        "dynamic_r_scale": 1.0,
        "late_r_mult": 0.99,
        "late_release_frac": 0.55,
        "selected_alpha_floor": 0.88,
        "selected_alpha_span": 0.16,
        "other_scale_alpha": 0.98,
        "ka2_alpha": 1.0,
        "lever_alpha": 1.0,
        "markov_alpha": 1.0,
        "trust_score_soft": 2.4,
        "trust_cov_soft": 0.48,
        "trust_mix": 0.56,
        "state_alpha_mult": {
          "15": 1.02,
          "20": 0.97
        },
        "post_rx_y_mult": 1.00047,
        "post_ry_z_mult": 1.00116
      },
      {
        "name": "iter2_commit",
        "selected_prior_scale": 1.24,
        "other_scale_prior_scale": 0.97,
        "ka2_prior_scale": 0.96,
        "lever_prior_scale": 0.94,
        "selected_q_static_scale": 0.78,
        "selected_q_dynamic_scale": 1.0,
        "selected_q_late_mult": 1.28,
        "other_scale_q_scale": 0.96,