{
  "variant": "42state_gm1_round61_h_scd_state20_microtight_commit_shared_noise3p0",
  "method_file": "/root/.openclaw/workspace/psins_method_bench/methods/markov/method_42state_gm1_round61_h_scd_state20_microtight_commit.py",
  "source_file": "/root/.openclaw/workspace/tmp_psins_py/psins_py/test_calibration_markov_pruned.py",
  "param_order": [
    "eb_x",
    "eb_y",
    "eb_z",
    "db_x",
    "db_y",
    "db_z",
    "dKg_xx",
    "dKg_yx",
    "dKg_zx",
    "dKg_xy",
    "dKg_yy",
    "dKg_zy",
    "dKg_xz",
    "dKg_yz",
    "dKg_zz",
    "dKa_xx",
    "dKa_xy",
    "dKa_xz",
    "dKa_yy",
    "dKa_yz",
    "dKa_zz",
    "Ka2_x",
    "Ka2_y",
    "Ka2_z",
    "rx_x",
    "rx_y",
    "rx_z",
    "ry_x",
    "ry_y",
    "ry_z"
  ],
  "param_errors": {
    "eb_x": {
      "true": 4.84813681109536e-07,
      "est": 5.562802640194912e-07,
      "abs_error": 7.146658290995519e-08,
      "pct_error": 14.741040877063954
    },
    "eb_y": {
      "true": 9.69627362219072e-07,
      "est": 9.199880212218379e-07,
      "abs_error": 4.963934099723423e-08,
      "pct_error": 5.119424526514032
    },
    "eb_z": {
      "true": 1.4544410433286078e-06,
      "est": 1.3000678336497092e-06,
      "abs_error": 1.5437320967889867e-07,
      "pct_error": 10.613920061386805
    },
    "db_x": {
      "true": 0.00097803267715,
      "est": 0.000979548097898121,
      "abs_error": 1.5154207481211327e-06,
      "pct_error": 0.15494581965677146
    },
    "db_y": {
      "true": 0.0019560653543,
      "est": 0.002007872136772639,
      "abs_error": 5.180678247263936e-05,
      "pct_error": 2.648520017940761
    },
    "db_z": {
      "true": 0.00293409803145,
      "est": 0.0032514945779278516,
      "abs_error": 0.0003173965464778514,
      "pct_error": 10.817516765825218
    },
    "dKg_xx": {
      "true": -9.99999999995449e-06,
      "est": 1.1410296724134739e-06,
      "abs_error": 1.1141029672367964e-05,
      "pct_error": 111.41029672418668
    },
    "dKg_yx": {
      "true": 0.0001454441043328608,
      "est": 0.0001260488772141842,
      "abs_error": 1.939522711867658e-05,
      "pct_error": 13.33517587917418
    },
    "dKg_zx": {
      "true": 0.00024240684055476798,
      "est": 0.0002588726770016594,
      "abs_error": 1.646583644689139e-05,
      "pct_error": 6.79264512882886
    },
    "dKg_xy": {
      "true": 4.84813681109536e-05,
      "est": 3.747662999609376e-05,
      "abs_error": 1.100473811485984e-05,
      "pct_error": 22.698901750616013
    },
    "dKg_yy": {
      "true": -2.0000000000020002e-05,
      "est": -1.347924649031107e-05,
      "abs_error": 6.520753509708932e-06,
      "pct_error": 32.60376754851205
    },
    "dKg_zy": {
      "true": 0.0002908882086657216,
      "est": 0.0002965645284918182,
      "abs_error": 5.676319826096628e-06,
      "pct_error": 1.9513750152106208
    },
    "dKg_xz": {
      "true": 9.69627362219072e-05,
      "est": 8.812782547524386e-05,
      "abs_error": 8.834910746663337e-06,
      "pct_error": 9.111655766854513
    },
    "dKg_yz": {
      "true": 0.0001939254724438144,
      "est": 0.0001865717645794842,
      "abs_error": 7.353707864330176e-06,
      "pct_error": 3.7920278195845314
    },
    "dKg_zz": {
      "true": -2.999999999997449e-05,
      "est": -3.401858774121358e-05,
      "abs_error": 4.018587741239088e-06,
      "pct_error": 13.39529247080835
    },
    "dKa_xx": {
      "true": -9.99999999995449e-06,
      "est": -5.167401003758343e-06,
      "abs_error": 4.832598996196147e-06,
      "pct_error": 48.3259899621814
    },
    "dKa_xy": {
      "true": 4.84813681109536e-05,
      "est": 5.191668142272723e-05,
      "abs_error": 3.4353133117736304e-06,
      "pct_error": 7.085842346510589
    },
    "dKa_xz": {
      "true": 9.69627362219072e-05,
      "est": 8.18228560378266e-05,
      "abs_error": 1.5139880184080587e-05,
      "pct_error": 15.614122263868179
    },
    "dKa_yy": {
      "true": -2.0000000000020002e-05,
      "est": -2.1250821020668553e-05,
      "abs_error": 1.2508210206485515e-06,
      "pct_error": 6.254105103236503
    },
    "dKa_yz": {
      "true": 0.0001939254724438144,
      "est": 0.00018666276714902026,
      "abs_error": 7.262705294794125e-06,
      "pct_error": 3.7451012511511776
    },
    "dKa_zz": {
      "true": -2.999999999997449e-05,
      "est": -2.5076617287345115e-05,
      "abs_error": 4.923382712629376e-06,
      "pct_error": 16.411275708778543
    },
    "Ka2_x": {
      "true": 1.0224607248440952e-06,
      "est": 5.256643864588713e-07,
      "abs_error": 4.967963383852239e-07,
      "pct_error": 48.58830528292179
    },
    "Ka2_y": {
      "true": 2.0449214496881904e-06,
      "est": 1.6917529463789863e-06,
      "abs_error": 3.5316850330920414e-07,
      "pct_error": 17.27051683882798
    },
    "Ka2_z": {
      "true": 3.0673821745322856e-06,
      "est": 1.8531970019776388e-06,
      "abs_error": 1.2141851725546469e-06,
      "pct_error": 39.583759162315204
    },
    "rx_x": {
      "true": 0.01,
      "est": 0.010805700188562603,
      "abs_error": 0.0008057001885626025,
      "pct_error": 8.057001885626025
    },
    "rx_y": {
      "true": 0.02,
      "est": 0.01699476131071627,
      "abs_error": 0.003005238689283731,
      "pct_error": 15.026193446418656
    },
    "rx_z": {
      "true": 0.03,
      "est": 0.028069153543710635,
      "abs_error": 0.0019308464562893639,
      "pct_error": 6.436154854297881
    },
    "ry_x": {
      "true": 0.04,
      "est": 0.039082810638720974,
      "abs_error": 0.0009171893612790263,
      "pct_error": 2.292973403197566
    },
    "ry_y": {
      "true": 0.05,
      "est": 0.04911908533948442,
      "abs_error": 0.0008809146605155832,
      "pct_error": 1.7618293210311664
    },
    "ry_z": {
      "true": 0.06,
      "est": 0.05601097428815642,
      "abs_error": 0.003989025711843577,
      "pct_error": 6.648376186405963
    }
  },
  "focus_scale_pct": {
    "dKg_xx": 111.41029672418668,
    "dKg_xy": 22.698901750616013,
    "dKg_yy": 32.60376754851205,
    "dKg_zz": 13.39529247080835,
    "dKa_xx": 48.3259899621814
  },
  "lever_guard_pct": {
    "rx_y": 15.026193446418656,
    "ry_z": 6.648376186405963
  },
  "overall": {
    "mean_pct_error": 16.742935106297733,
    "median_pct_error": 9.86278791412066,
    "max_pct_error": 111.41029672418668
  },
  "extra": {
    "iter_bounds": [
      4902,
      9804,
      14706
    ],
    "selected_state_labels": {
      "12": "dKg_xx",
      "15": "dKg_xy",
      "16": "dKg_yy",
      "20": "dKg_zz",
      "21": "dKa_xx"
    },
    "iteration_policies": [
      {
        "name": "iter1_seed",
        "selected_prior_scale": 1.38,
        "other_scale_prior_scale": 0.94,
        "ka2_prior_scale": 0.93,
        "lever_prior_scale": 0.91,
        "selected_q_static_scale": 0.62,
        "selected_q_dynamic_scale": 0.88,
        "selected_q_late_mult": 1.42,
        "other_scale_q_scale": 0.92,
        "other_scale_q_late_mult": 1.05,
        "ka2_q_scale": 0.95,
        "lever_q_scale": 0.93,
        "static_r_scale": 1.06,
        "dynamic_r_scale": 1.0,
        "late_r_mult": 0.99,
        "late_release_frac": 0.55,
        "selected_alpha_floor": 0.88,
        "selected_alpha_span": 0.16,
        "other_scale_alpha": 0.98,
        "ka2_alpha": 1.0,
        "lever_alpha": 1.0,
        "markov_alpha": 1.0,
        "trust_score_soft": 2.4,
        "trust_cov_soft": 0.48,
        "trust_mix": 0.56,
        "state_alpha_mult": {
          "15": 1.02,
          "20": 0.97
        },
        "post_rx_y_mult": 1.00047,
        "post_ry_z_mult": 1.00116
      },
      {
        "name": "iter2_commit",
        "selected_prior_scale": 1.24,
        "other_scale_prior_scale": 0.97,
        "ka2_prior_scale": 0.96,
        "lever_prior_scale": 0.94,
        "selected_q_static_scale": 0.78,
        "selected_q_dynamic_scale": 1.0,
        "selected_q_late_mult": 1.28,
        "other_scale_q_scale": 0.96,
        "other_scale_q_late_mult": 1.03,