{
  "variant": "42state_gm1_round61_h_scd_state20_microtight_commit_shared_noise0p05",
  "method_file": "/root/.openclaw/workspace/psins_method_bench/methods/markov/method_42state_gm1_round61_h_scd_state20_microtight_commit.py",
  "source_file": "/root/.openclaw/workspace/tmp_psins_py/psins_py/test_calibration_markov_pruned.py",
  "param_order": [
    "eb_x",
    "eb_y",
    "eb_z",
    "db_x",
    "db_y",
    "db_z",
    "dKg_xx",
    "dKg_yx",
    "dKg_zx",
    "dKg_xy",
    "dKg_yy",
    "dKg_zy",
    "dKg_xz",
    "dKg_yz",
    "dKg_zz",
    "dKa_xx",
    "dKa_xy",
    "dKa_xz",
    "dKa_yy",
    "dKa_yz",
    "dKa_zz",
    "Ka2_x",
    "Ka2_y",
    "Ka2_z",
    "rx_x",
    "rx_y",
    "rx_z",
    "ry_x",
    "ry_y",
    "ry_z"
  ],
  "param_errors": {
    "eb_x": {
      "true": 4.84813681109536e-07,
      "est": 4.094276164403562e-07,
      "abs_error": 7.538606466917986e-08,
      "pct_error": 15.549492022719457
    },
    "eb_y": {
      "true": 9.69627362219072e-07,
      "est": 9.019239220770008e-07,
      "abs_error": 6.770344014207134e-08,
      "pct_error": 6.982418481583115
    },
    "eb_z": {
      "true": 1.4544410433286078e-06,
      "est": 1.4193180643553324e-06,
      "abs_error": 3.512297897327539e-08,
      "pct_error": 2.414878150914496
    },
    "db_x": {
      "true": 0.00097803267715,
      "est": 0.0009786535626769139,
      "abs_error": 6.208855269139533e-07,
      "pct_error": 0.06348310658936487
    },
    "db_y": {
      "true": 0.0019560653543,
      "est": 0.0019601676230025476,
      "abs_error": 4.102268702547811e-06,
      "pct_error": 0.20972043155561407
    },
    "db_z": {
      "true": 0.00293409803145,
      "est": 0.0029411062891766065,
      "abs_error": 7.008257726606303e-06,
      "pct_error": 0.23885560916800372
    },
    "dKg_xx": {
      "true": -9.99999999995449e-06,
      "est": -9.897978449746603e-06,
      "abs_error": 1.0202155020788695e-07,
      "pct_error": 1.0202155020835124
    },
    "dKg_yx": {
      "true": 0.0001454441043328608,
      "est": 0.0001455371399543593,
      "abs_error": 9.303562149850868e-08,
      "pct_error": 0.06396658147489363
    },
    "dKg_zx": {
      "true": 0.00024240684055476798,
      "est": 0.00024246117641700714,
      "abs_error": 5.4335862239153314e-08,
      "pct_error": 0.022415152194055755
    },
    "dKg_xy": {
      "true": 4.84813681109536e-05,
      "est": 4.863644488329274e-05,
      "abs_error": 1.5507677233914482e-07,
      "pct_error": 0.3198688039995878
    },
    "dKg_yy": {
      "true": -2.0000000000020002e-05,
      "est": -2.006166414503241e-05,
      "abs_error": 6.16641450124078e-08,
      "pct_error": 0.30832072506173064
    },
    "dKg_zy": {
      "true": 0.0002908882086657216,
      "est": 0.0002901571896667757,
      "abs_error": 7.3101899894588e-07,
      "pct_error": 0.2513058203008638
    },
    "dKg_xz": {
      "true": 9.69627362219072e-05,
      "est": 9.662211467295269e-05,
      "abs_error": 3.406215489545032e-07,
      "pct_error": 0.3512911889934323
    },
    "dKg_yz": {
      "true": 0.0001939254724438144,
      "est": 0.0001939287626520917,
      "abs_error": 3.2902082773241838e-09,
      "pct_error": 0.0016966354320871637
    },
    "dKg_zz": {
      "true": -2.999999999997449e-05,
      "est": -3.0027565705914583e-05,
      "abs_error": 2.7565705940091334e-08,
      "pct_error": 0.09188568646704924
    },
    "dKa_xx": {
      "true": -9.99999999995449e-06,
      "est": -9.717741270121039e-06,
      "abs_error": 2.8225872983345113e-07,
      "pct_error": 2.822587298347357
    },
    "dKa_xy": {
      "true": 4.84813681109536e-05,
      "est": 4.8078939937324564e-05,
      "abs_error": 4.024281736290331e-07,
      "pct_error": 0.8300676926196537
    },
    "dKa_xz": {
      "true": 9.69627362219072e-05,
      "est": 9.676410772020678e-05,
      "abs_error": 1.9862850170041836e-07,
      "pct_error": 0.20485034709193922
    },
    "dKa_yy": {
      "true": -2.0000000000020002e-05,
      "est": -1.9782599375517407e-05,
      "abs_error": 2.17400624502595e-07,
      "pct_error": 1.087003122511888
    },
    "dKa_yz": {
      "true": 0.0001939254724438144,
      "est": 0.00019381599371882038,
      "abs_error": 1.0947872499400828e-07,
      "pct_error": 0.05645401999767066
    },
    "dKa_zz": {
      "true": -2.999999999997449e-05,
      "est": -2.9687547106194145e-05,
      "abs_error": 3.1245289378034613e-07,
      "pct_error": 1.0415096459353728
    },
    "Ka2_x": {
      "true": 1.0224607248440952e-06,
      "est": 1.0176486496651036e-06,
      "abs_error": 4.812075178991625e-09,
      "pct_error": 0.47063667699562445
    },
    "Ka2_y": {
      "true": 2.0449214496881904e-06,
      "est": 2.012930205071008e-06,
      "abs_error": 3.1991244617182375e-08,
      "pct_error": 1.5644241309151703
    },
    "Ka2_z": {
      "true": 3.0673821745322856e-06,
      "est": 3.0399516623556495e-06,
      "abs_error": 2.74305121766361e-08,
      "pct_error": 0.8942645753237027
    },
    "rx_x": {
      "true": 0.01,
      "est": 0.009900123747813775,
      "abs_error": 9.98762521862255e-05,
      "pct_error": 0.9987625218622551
    },
    "rx_y": {
      "true": 0.02,
      "est": 0.02020296921592156,
      "abs_error": 0.00020296921592155917,
      "pct_error": 1.0148460796077958
    },
    "rx_z": {
      "true": 0.03,
      "est": 0.029862855354293043,
      "abs_error": 0.00013714464570695542,
      "pct_error": 0.45714881902318477
    },
    "ry_x": {
      "true": 0.04,
      "est": 0.03998615016336369,
      "abs_error": 1.3849836636312118e-05,
      "pct_error": 0.034624591590780296
    },
    "ry_y": {
      "true": 0.05,
      "est": 0.05008605020372644,
      "abs_error": 8.605020372643574e-05,
      "pct_error": 0.17210040745287147
    },
    "ry_z": {
      "true": 0.06,
      "est": 0.05988482781398569,
      "abs_error": 0.00011517218601430484,
      "pct_error": 0.19195364335717474
    }
  },
  "focus_scale_pct": {
    "dKg_xx": 1.0202155020835124,
    "dKg_xy": 0.3198688039995878,
    "dKg_yy": 0.30832072506173064,
    "dKg_zz": 0.09188568646704924,
    "dKa_xx": 2.822587298347357
  },
  "lever_guard_pct": {
    "rx_y": 1.0148460796077958,
    "ry_z": 0.19195364335717474
  },
  "overall": {
    "mean_pct_error": 1.3243682490389899,
    "median_pct_error": 0.33557999649651005,
    "max_pct_error": 15.549492022719457
  },
  "extra": {
    "iter_bounds": [
      4902,
      9804,
      14706
    ],
    "selected_state_labels": {
      "12": "dKg_xx",
      "15": "dKg_xy",
      "16": "dKg_yy",
      "20": "dKg_zz",
      "21": "dKa_xx"
    },
    "iteration_policies": [
      {
        "name": "iter1_seed",
        "selected_prior_scale": 1.38,
        "other_scale_prior_scale": 0.94,
        "ka2_prior_scale": 0.93,
        "lever_prior_scale": 0.91,
        "selected_q_static_scale": 0.62,
        "selected_q_dynamic_scale": 0.88,
        "selected_q_late_mult": 1.42,
        "other_scale_q_scale": 0.92,
        "other_scale_q_late_mult": 1.05,
        "ka2_q_scale": 0.95,
        "lever_q_scale": 0.93,
        "static_r_scale": 1.06,
        "dynamic_r_scale": 1.0,
        "late_r_mult": 0.99,
        "late_release_frac": 0.55,
        "selected_alpha_floor": 0.88,
        "selected_alpha_span": 0.16,
        "other_scale_alpha": 0.98,
        "ka2_alpha": 1.0,
        "lever_alpha": 1.0,
        "markov_alpha": 1.0,
        "trust_score_soft": 2.4,
        "trust_cov_soft": 0.48,
        "trust_mix": 0.56,
        "state_alpha_mult": {
          "15": 1.02,
          "20": 0.97
        },
        "post_rx_y_mult": 1.00047,
        "post_ry_z_mult": 1.00116
      },
      {
        "name": "iter2_commit",
        "selected_prior_scale": 1.24,
        "other_scale_prior_scale": 0.97,
        "ka2_prior_scale": 0.96,
        "lever_prior_scale": 0.94,
        "selected_q_static_scale": 0.78,
        "selected_q_dynamic_scale": 1.0,
        "selected_q_late_mult": 1.28,
        "other_scale_q_scale": 0.96,