{
  "alpha_flat_late": {
    "focus": {
      "dKg_xx": 39.45905748943462,
      "dKg_xy": 10.494784397313206,
      "dKg_yy": 14.012242618974133,
      "dKg_zz": 9.697433285279974,
      "dKa_xx": 16.587183860958802
    },
    "lever": {
      "rx_y": 5.596374999132167,
      "ry_z": 2.289799822840002
    },
    "overall": {
      "mean_pct_error": 6.963829421211846,
      "median_pct_error": 3.734938522703792,
      "max_pct_error": 39.45905748943462
    },
    "delta_vs_r53": {
      "dKg_xx": 0.11354875928455499,
      "dKg_xy": -0.02619632696530516,
      "dKg_yy": 0.11157457624466716,
      "dKg_zz": -0.002482278826933637,
      "dKa_xx": 0.00523233900653608,
      "rx_y": 0.005004717063914477,
      "ry_z": 0.0009357458034817689,
      "mean_pct_error": 0.007780464789720831,
      "median_pct_error": -0.00011746394761757983,
      "max_pct_error": 0.11354875928455499
    }
  },
  "soft_late_commit": {
    "focus": {
      "dKg_xx": 39.32961863424425,
      "dKg_xy": 10.51283501703286,
      "dKg_yy": 13.901254284895389,
      "dKg_zz": 9.70558553600631,
      "dKa_xx": 16.5761281668208
    },
    "lever": {
      "rx_y": 5.59942228796604,
      "ry_z": 2.2902662019849465
    },
    "overall": {
      "mean_pct_error": 6.95521256554595,
      "median_pct_error": 3.7349930079209757,
      "max_pct_error": 39.32961863424425
    },
    "delta_vs_r53": {
      "dKg_xx": -0.015890095905817248,
      "dKg_xy": -0.008145707245651224,
      "dKg_yy": 0.0005862421659230677,
      "dKg_zz": 0.005669971899402881,
      "dKa_xx": -0.005823355131465036,
      "rx_y": 0.008052005897787318,
      "ry_z": 0.0014021249484263976,
      "mean_pct_error": -0.0008363908761754857,
      "median_pct_error": -6.297873043381585e-05,
      "max_pct_error": -0.015890095905817248
    }
  },
  "seed_push_commit_damp": {
    "focus": {
      "dKg_xx": 39.4057362198125,
      "dKg_xy": 10.504984466934737,
      "dKg_yy": 13.970705564067448,
      "dKg_zz": 9.702687548970781,
      "dKa_xx": 16.580251757178882
    },
    "lever": {
      "rx_y": 5.592525968099206,
      "ry_z": 2.2889151524114566
    },
    "overall": {
      "mean_pct_error": 6.960872872704201,
      "median_pct_error": 3.734115558035489,
      "max_pct_error": 39.4057362198125
    },
    "delta_vs_r53": {
      "dKg_xx": 0.06022748966243796,
      "dKg_xy": -0.01599625734377419,
      "dKg_yy": 0.0700375213379818,
      "dKg_zz": 0.0027719848638732003,
      "dKa_xx": -0.0016997647733845156,
      "rx_y": 0.0011556860309536177,
      "ry_z": 5.10753749365378e-05,
      "mean_pct_error": 0.004823916282075125,
      "median_pct_error": -0.0009404286159204744,
      "max_pct_error": 0.06022748966243796
    }
  },
  "ultranarrow_flat": {
    "focus": {
      "dKg_xx": 39.53195530610692,
      "dKg_xy": 10.481914795489931,
      "dKg_yy": 14.06995859319618,
      "dKg_zz": 9.695148692024656,
      "dKa_xx": 16.58938577294489
    },
    "lever": {
      "rx_y": 5.608078773379627,
      "ry_z": 2.2921429966778786
    },
    "overall": {
      "mean_pct_error": 6.970497136929566,
      "median_pct_error": 3.7328089998222205,
      "max_pct_error": 39.53195530610692
    },
    "delta_vs_r53": {
      "dKg_xx": 0.18644657595685743,
      "dKg_xy": -0.039065928788579285,
      "dKg_yy": 0.16929055046671415,
      "dKg_zz": -0.004766872082251794,
      "dKa_xx": 0.007434250992623959,
      "rx_y": 0.016708491311374196,
      "ry_z": 0.003278919641358513,
      "mean_pct_error": 0.014448180507440789,
      "median_pct_error": -0.0022469868291890016,
      "max_pct_error": 0.18644657595685743
    }
  }
}