{
  "variant": "42state_gm1_lever_late_release_ch3faithful12_shared_noise0p08",
  "method_file": "compare_ch3_faithful12_freeze_candidates_v2.py",
  "source_file": "/root/.openclaw/workspace/tmp_psins_py/psins_py/test_calibration_markov_pruned.py",
  "param_order": [
    "eb_x",
    "eb_y",
    "eb_z",
    "db_x",
    "db_y",
    "db_z",
    "dKg_xx",
    "dKg_yx",
    "dKg_zx",
    "dKg_xy",
    "dKg_yy",
    "dKg_zy",
    "dKg_xz",
    "dKg_yz",
    "dKg_zz",
    "dKa_xx",
    "dKa_xy",
    "dKa_xz",
    "dKa_yy",
    "dKa_yz",
    "dKa_zz",
    "Ka2_x",
    "Ka2_y",
    "Ka2_z",
    "rx_x",
    "rx_y",
    "rx_z",
    "ry_x",
    "ry_y",
    "ry_z"
  ],
  "param_errors": {
    "eb_x": {
      "true": 4.84813681109536e-07,
      "est": 1.8017978017298457e-07,
      "abs_error": 3.0463390093655147e-07,
      "pct_error": 62.83525255297493
    },
    "eb_y": {
      "true": 9.69627362219072e-07,
      "est": 9.729405976039754e-07,
      "abs_error": 3.313235384903289e-09,
      "pct_error": 0.34170192735905025
    },
    "eb_z": {
      "true": 1.4544410433286078e-06,
      "est": 1.451294030414332e-06,
      "abs_error": 3.147012914275808e-09,
      "pct_error": 0.21637266967340324
    },
    "db_x": {
      "true": 0.00097803267715,
      "est": 0.0009872637271633054,
      "abs_error": 9.231050013305516e-06,
      "pct_error": 0.9438386087676452
    },
    "db_y": {
      "true": 0.0019560653543,
      "est": 0.0019067683284400806,
      "abs_error": 4.929702585991925e-05,
      "pct_error": 2.5202136396695574
    },
    "db_z": {
      "true": 0.00293409803145,
      "est": 0.0029416705924675047,
      "abs_error": 7.572561017504548e-06,
      "pct_error": 0.25808820756279466
    },
    "dKg_xx": {
      "true": -9.99999999995449e-06,
      "est": -1.0654172725166333e-05,
      "abs_error": 6.541727252118434e-07,
      "pct_error": 6.541727252148206
    },
    "dKg_yx": {
      "true": 0.0001454441043328608,
      "est": 0.00014408374656236776,
      "abs_error": 1.3603577704930279e-06,
      "pct_error": 0.9353131065249213
    },
    "dKg_zx": {
      "true": 0.00024240684055476798,
      "est": 0.00024230110951315126,
      "abs_error": 1.0573104161672718e-07,
      "pct_error": 0.04361718562675583
    },
    "dKg_xy": {
      "true": 4.84813681109536e-05,
      "est": 4.783100349423556e-05,
      "abs_error": 6.503646167180393e-07,
      "pct_error": 1.3414733165731347
    },
    "dKg_yy": {
      "true": -2.0000000000020002e-05,
      "est": -1.902552998966911e-05,
      "abs_error": 9.744700103508919e-07,
      "pct_error": 4.872350051749587
    },
    "dKg_zy": {
      "true": 0.0002908882086657216,
      "est": 0.00029159373498238055,
      "abs_error": 7.055263166589709e-07,
      "pct_error": 0.24254208167981697
    },
    "dKg_xz": {
      "true": 9.69627362219072e-05,
      "est": 9.710653093286853e-05,
      "abs_error": 1.4379471096133314e-07,
      "pct_error": 0.14829894097898302
    },
    "dKg_yz": {
      "true": 0.0001939254724438144,
      "est": 0.0001940340253883492,
      "abs_error": 1.0855294453482474e-07,
      "pct_error": 0.055976630180068564
    },
    "dKg_zz": {
      "true": -2.999999999997449e-05,
      "est": -5.2008585925023e-05,
      "abs_error": 2.2008585925048507e-05,
      "pct_error": 73.36195308355741
    },
    "dKa_xx": {
      "true": -9.99999999995449e-06,
      "est": -9.835340155417427e-06,
      "abs_error": 1.6465984453706284e-07,
      "pct_error": 1.646598445378122
    },
    "dKa_xy": {
      "true": 4.84813681109536e-05,
      "est": 4.929646622208913e-05,
      "abs_error": 8.150981111355334e-07,
      "pct_error": 1.68126053965745
    },
    "dKa_xz": {
      "true": 9.69627362219072e-05,
      "est": 9.688531998875434e-05,
      "abs_error": 7.741623315284986e-08,
      "pct_error": 0.07984122165826307
    },
    "dKa_yy": {
      "true": -2.0000000000020002e-05,
      "est": -1.9594091620778187e-05,
      "abs_error": 4.05908379241815e-07,
      "pct_error": 2.0295418962070455
    },
    "dKa_yz": {
      "true": 0.0001939254724438144,
      "est": 0.00019375773770440166,
      "abs_error": 1.6773473941273037e-07,
      "pct_error": 0.08649443381468508
    },
    "dKa_zz": {
      "true": -2.999999999997449e-05,
      "est": -2.9643092186004694e-05,
      "abs_error": 3.5690781396979787e-07,
      "pct_error": 1.189692713233671
    },
    "Ka2_x": {
      "true": 1.0224607248440952e-06,
      "est": 9.025801301686406e-07,
      "abs_error": 1.198805946754546e-07,
      "pct_error": 11.72471389487689
    },
    "Ka2_y": {
      "true": 2.0449214496881904e-06,
      "est": 2.6144905412535267e-06,
      "abs_error": 5.695690915653363e-07,
      "pct_error": 27.85285917227697
    },
    "Ka2_z": {
      "true": 3.0673821745322856e-06,
      "est": 3.028188009095879e-06,
      "abs_error": 3.9194165436406505e-08,
      "pct_error": 1.2777724850142884
    },
    "rx_x": {
      "true": 0.01,
      "est": 0.009973739199874331,
      "abs_error": 2.6260800125669018e-05,
      "pct_error": 0.26260800125669015
    },
    "rx_y": {
      "true": 0.02,
      "est": 0.019247766269658476,
      "abs_error": 0.0007522337303415248,
      "pct_error": 3.761168651707624
    },
    "rx_z": {
      "true": 0.03,
      "est": 0.03002203541998961,
      "abs_error": 2.2035419989612642e-05,
      "pct_error": 0.07345139996537547
    },
    "ry_x": {
      "true": 0.04,
      "est": 0.040055433777324935,
      "abs_error": 5.543377732493415e-05,
      "pct_error": 0.13858444331233538
    },
    "ry_y": {
      "true": 0.05,
      "est": 0.04947693936966045,
      "abs_error": 0.0005230606303395502,
      "pct_error": 1.0461212606791004
    },
    "ry_z": {
      "true": 0.06,
      "est": 0.06001275012098313,
      "abs_error": 1.2750120983132107e-05,
      "pct_error": 0.021250201638553512
    }
  },
  "focus_scale_pct": {
    "dKg_xx": 6.541727252148206,
    "dKg_xy": 1.3414733165731347,
    "dKg_yy": 4.872350051749587,
    "dKg_zz": 73.36195308355741,
    "dKa_xx": 1.646598445378122
  },
  "lever_guard_pct": {
    "rx_y": 3.761168651707624,
    "ry_z": 0.021250201638553512
  },
  "overall": {
    "mean_pct_error": 6.917689267190111,
    "median_pct_error": 0.9949799347233728,
    "max_pct_error": 73.36195308355741
  },
  "extra": {
    "noise_scale": 0.08,
    "att0_deg": [
      0.0,
      0.0,
      0.0
    ],
    "path_key": "chapter3_12pos_reconstructed",
    "path_tag": "ch3faithful12",
    "comparison_mode": "reasonable_freeze_candidates",
    "freeze_cfg": {
      "name": "lever_late_release",
      "label": "LEVER-LATE-RELEASE",
      "ka2_feedback_gain": [
        0.75,
        1.0
      ],
      "lever_feedback_gain": [
        0.0,
        0.25
      ],
      "ka2_p_scale": [
        0.7,
        0.9,
        1.0
      ],
      "lever_p_scale": [
        0.12,
        0.28,
        1.0
      ],
      "coupling_scale": [
        0.7,
        0.85,
        1.0
      ],
      "static_q_scale": [
        0.4,
        0.6,
        1.0
      ],
      "dynamic_q_scale": [
        1.0,
        1.05,
        1.0
      ],
      "static_r_scale": [
        1.08,
        1.03,
        1.0
      ]
    }
  }
}