{
  "variant": "llm_scd_clean_candidate_D_ch3corrected_symmetric20_att0zero_1200s_noise2p0",
  "method_file": "probe_llm_scd_only_clean candidate family on corrected symmetric20 dataset",
  "source_file": "/root/.openclaw/workspace/tmp_psins_py/psins_py/test_calibration_markov_pruned.py",
  "param_order": [
    "eb_x",
    "eb_y",
    "eb_z",
    "db_x",
    "db_y",
    "db_z",
    "dKg_xx",
    "dKg_yx",
    "dKg_zx",
    "dKg_xy",
    "dKg_yy",
    "dKg_zy",
    "dKg_xz",
    "dKg_yz",
    "dKg_zz",
    "dKa_xx",
    "dKa_xy",
    "dKa_xz",
    "dKa_yy",
    "dKa_yz",
    "dKa_zz",
    "Ka2_x",
    "Ka2_y",
    "Ka2_z",
    "rx_x",
    "rx_y",
    "rx_z",
    "ry_x",
    "ry_y",
    "ry_z"
  ],
  "param_errors": {
    "eb_x": {
      "true": 4.84813681109536e-07,
      "est": 6.124636198414189e-07,
      "abs_error": 1.276499387318829e-07,
      "pct_error": 26.32968987998554
    },
    "eb_y": {
      "true": 9.69627362219072e-07,
      "est": 1.2065439343035367e-06,
      "abs_error": 2.3691657208446463e-07,
      "pct_error": 24.433775418864165
    },
    "eb_z": {
      "true": 1.4544410433286078e-06,
      "est": 1.6176984903314616e-06,
      "abs_error": 1.6325744700285376e-07,
      "pct_error": 11.224755224813078
    },
    "db_x": {
      "true": 0.00097803267715,
      "est": 0.0011171326292792655,
      "abs_error": 0.00013909995212926557,
      "pct_error": 14.222423787986784
    },
    "db_y": {
      "true": 0.0019560653543,
      "est": 0.0020332008069975913,
      "abs_error": 7.713545269759153e-05,
      "pct_error": 3.9433985438178434
    },
    "db_z": {
      "true": 0.00293409803145,
      "est": 0.0028973830295043472,
      "abs_error": 3.671500194565294e-05,
      "pct_error": 1.2513215834001556
    },
    "dKg_xx": {
      "true": -9.99999999995449e-06,
      "est": 3.529674104663094e-05,
      "abs_error": 4.529674104658543e-05,
      "pct_error": 452.9674104679158
    },
    "dKg_yx": {
      "true": 0.0001454441043328608,
      "est": 0.00015530201944475663,
      "abs_error": 9.857915111895844e-06,
      "pct_error": 6.777803168518398
    },
    "dKg_zx": {
      "true": 0.00024240684055476798,
      "est": 0.00024159513801285325,
      "abs_error": 8.117025419147287e-07,
      "pct_error": 0.3348513350766343
    },
    "dKg_xy": {
      "true": 4.84813681109536e-05,
      "est": 5.520754913939014e-05,
      "abs_error": 6.726181028436541e-06,
      "pct_error": 13.873744266133583
    },
    "dKg_yy": {
      "true": -2.0000000000020002e-05,
      "est": -1.4987423741841255e-05,
      "abs_error": 5.012576258178747e-06,
      "pct_error": 25.06288129086867
    },
    "dKg_zy": {
      "true": 0.0002908882086657216,
      "est": 0.0002658042400127826,
      "abs_error": 2.5083968652938964e-05,
      "pct_error": 8.623233223511157
    },
    "dKg_xz": {
      "true": 9.69627362219072e-05,
      "est": 8.860035442033774e-05,
      "abs_error": 8.362381801569458e-06,
      "pct_error": 8.624325310324844
    },
    "dKg_yz": {
      "true": 0.0001939254724438144,
      "est": 0.00017907179235113823,
      "abs_error": 1.485368009267616e-05,
      "pct_error": 7.659478615930501
    },
    "dKg_zz": {
      "true": -2.999999999997449e-05,
      "est": -7.663067827934356e-05,
      "abs_error": 4.6630678279369064e-05,
      "pct_error": 155.4355942646957
    },
    "dKa_xx": {
      "true": -9.99999999995449e-06,
      "est": -2.899995131588895e-06,
      "abs_error": 7.100004868365595e-06,
      "pct_error": 71.00004868397906
    },
    "dKa_xy": {
      "true": 4.84813681109536e-05,
      "est": 2.463252047238295e-05,
      "abs_error": 2.3848847638570647e-05,
      "pct_error": 49.191779373862964
    },
    "dKa_xz": {
      "true": 9.69627362219072e-05,
      "est": 9.840536979640734e-05,
      "abs_error": 1.4426335745001463e-06,
      "pct_error": 1.4878226736491438
    },
    "dKa_yy": {
      "true": -2.0000000000020002e-05,
      "est": -2.7261345106888157e-05,
      "abs_error": 7.261345106868156e-06,
      "pct_error": 36.30672553430447
    },
    "dKa_yz": {
      "true": 0.0001939254724438144,
      "est": 0.00021920469256980248,
      "abs_error": 2.527922012598809e-05,
      "pct_error": 13.035533603411581
    },
    "dKa_zz": {
      "true": -2.999999999997449e-05,
      "est": -2.1226862306544803e-05,
      "abs_error": 8.773137693429689e-06,
      "pct_error": 29.243792311457163
    },
    "Ka2_x": {
      "true": 1.0224607248440952e-06,
      "est": -1.1386337430668825e-06,
      "abs_error": 2.161094467910978e-06,
      "pct_error": 211.36210080250285
    },
    "Ka2_y": {
      "true": 2.0449214496881904e-06,
      "est": 2.954265835215566e-06,
      "abs_error": 9.093443855273757e-07,
      "pct_error": 44.46842619143305
    },
    "Ka2_z": {
      "true": 3.0673821745322856e-06,
      "est": 4.950158718812295e-06,
      "abs_error": 1.8827765442800096e-06,
      "pct_error": 61.38056613591345
    },
    "rx_x": {
      "true": 0.01,
      "est": 0.01082709771593911,
      "abs_error": 0.0008270977159391089,
      "pct_error": 8.270977159391089
    },
    "rx_y": {
      "true": 0.02,
      "est": 0.021695284000264686,
      "abs_error": 0.0016952840002646859,
      "pct_error": 8.47642000132343
    },
    "rx_z": {
      "true": 0.03,
      "est": 0.03066197633636761,
      "abs_error": 0.0006619763363676125,
      "pct_error": 2.2065877878920417
    },
    "ry_x": {
      "true": 0.04,
      "est": 0.03920570065979583,
      "abs_error": 0.0007942993402041687,
      "pct_error": 1.9857483505104216
    },
    "ry_y": {
      "true": 0.05,
      "est": 0.0506650170727112,
      "abs_error": 0.0006650170727111951,
      "pct_error": 1.33003414542239
    },
    "ry_z": {
      "true": 0.06,
      "est": 0.06086441320241401,
      "abs_error": 0.0008644132024140105,
      "pct_error": 1.4406886706900177
    }
  },
  "focus_scale_pct": {
    "dKg_xx": 452.9674104679158,
    "dKg_xy": 13.873744266133583,
    "dKg_yy": 25.06288129086867,
    "dKg_zz": 155.4355942646957,
    "dKa_xx": 71.00004868397906
  },
  "lever_guard_pct": {
    "rx_y": 8.47642000132343,
    "ry_z": 1.4406886706900177
  },
  "overall": {
    "mean_pct_error": 43.39839792691953,
    "median_pct_error": 12.13014441411233,
    "max_pct_error": 452.9674104679158
  },
  "extra": {
    "comparison_mode": "sym20_llm_scd_vs_pure_highnoise_2026_04_06",
    "method_role": "llm_guided_scd",
    "path_case_key": "symmetric20",
    "path_case_tag": "ch3corrected_symmetric20_att0zero_1200s",
    "path_case_display_name": "20-position corrected symmetric scheme",
    "att0_deg": [
      0.0,
      0.0,
      0.0
    ],
    "n_motion_rows": 20,
    "claimed_position_count": 20,
    "total_time_s": 1200.0,
    "timing_note": "uniform 20 × 60 s = 1200 s, row split 6 / 6 / 48 s",
    "source_builder": "/root/.openclaw/workspace/psins_method_bench/scripts/probe_ch3_corrected_symmetric20_front2_back11.py",
    "source_reference": "anchor2_zpair_anchor11_xpair_symmetric20_60s",
    "builder_method_tag": "ch3closedloop_anchor2_zpair_anchor11_xpair_symmetric20_60s",
    "rationale": "Restore stronger front/back symmetry under the real two-axis mechanism by pairing the existing late anchor11 x-family outerhold with its front-half counterpart after anchor2. Under legality, the mirrored front motif must sweep the z-family (not x-family) because anchor2 inner-open +90 shifts the legal outer axis from +X to +Z before the outer pair executes.",
    "noise_scale": 2.0,
    "noise_config": {
      "arw_dpsh": 0.01,
      "vrw_ugpsHz": 10.0,
      "bi_g_dph": 0.004,
      "bi_a_ug": 10.0,
      "tau_g": 300.0,
      "tau_a": 300.0,
      "seed": 42,
      "base_family": "round53_round61_shared"
    },
    "candidate_name": "candidate_D",
    "candidate_label": "D",
    "candidate_description": "selected scope, repeat_after_transition, alpha=0.9998, transition_duration=2.0, bias_to_target=True",