{
  "variant": "42state_gm1_scdneutral_shared_noise2p5",
  "method_file": "neutral_markov42_plus_once_scd_on_shared_dataset",
  "source_file": "/root/.openclaw/workspace/tmp_psins_py/psins_py/test_calibration_markov_pruned.py",
  "param_order": [
    "eb_x",
    "eb_y",
    "eb_z",
    "db_x",
    "db_y",
    "db_z",
    "dKg_xx",
    "dKg_yx",
    "dKg_zx",
    "dKg_xy",
    "dKg_yy",
    "dKg_zy",
    "dKg_xz",
    "dKg_yz",
    "dKg_zz",
    "dKa_xx",
    "dKa_xy",
    "dKa_xz",
    "dKa_yy",
    "dKa_yz",
    "dKa_zz",
    "Ka2_x",
    "Ka2_y",
    "Ka2_z",
    "rx_x",
    "rx_y",
    "rx_z",
    "ry_x",
    "ry_y",
    "ry_z"
  ],
  "param_errors": {
    "eb_x": {
      "true": 4.84813681109536e-07,
      "est": 5.347350836078703e-07,
      "abs_error": 4.992140249833422e-08,
      "pct_error": 10.297028413902218
    },
    "eb_y": {
      "true": 9.69627362219072e-07,
      "est": 9.128814284994129e-07,
      "abs_error": 5.6745933719659196e-08,
      "pct_error": 5.852344511998037
    },
    "eb_z": {
      "true": 1.4544410433286078e-06,
      "est": 1.317544585852106e-06,
      "abs_error": 1.3689645747650185e-07,
      "pct_error": 9.41230709243484
    },
    "db_x": {
      "true": 0.00097803267715,
      "est": 0.0009936631126832446,
      "abs_error": 1.5630435533244653e-05,
      "pct_error": 1.5981506444950233
    },
    "db_y": {
      "true": 0.0019560653543,
      "est": 0.0020165794551799195,
      "abs_error": 6.051410087991966e-05,
      "pct_error": 3.093664572448568
    },
    "db_z": {
      "true": 0.00293409803145,
      "est": 0.0032051556291695306,
      "abs_error": 0.00027105759771953045,
      "pct_error": 9.238191594627008
    },
    "dKg_xx": {
      "true": -9.99999999995449e-06,
      "est": -5.607837196830445e-07,
      "abs_error": 9.439216280271445e-06,
      "pct_error": 94.39216280314403
    },
    "dKg_yx": {
      "true": 0.0001454441043328608,
      "est": 0.00013060894636460118,
      "abs_error": 1.483515796825961e-05,
      "pct_error": 10.199903279893787
    },
    "dKg_zx": {
      "true": 0.00024240684055476798,
      "est": 0.0002560700127260793,
      "abs_error": 1.3663172171311328e-05,
      "pct_error": 5.6364631212725005
    },
    "dKg_xy": {
      "true": 4.84813681109536e-05,
      "est": 3.9186904315181875e-05,
      "abs_error": 9.294463795771722e-06,
      "pct_error": 19.17120774005506
    },
    "dKg_yy": {
      "true": -2.0000000000020002e-05,
      "est": -1.4323483965794637e-05,
      "abs_error": 5.676516034225365e-06,
      "pct_error": 28.382580171098443
    },
    "dKg_zy": {
      "true": 0.0002908882086657216,
      "est": 0.0002952223806053336,
      "abs_error": 4.334171939612006e-06,
      "pct_error": 1.489978558942787
    },
    "dKg_xz": {
      "true": 9.69627362219072e-05,
      "est": 8.97077236708024e-05,
      "abs_error": 7.255012551104793e-06,
      "pct_error": 7.482268790869412
    },
    "dKg_yz": {
      "true": 0.0001939254724438144,
      "est": 0.00018777535284014076,
      "abs_error": 6.150119603673632e-06,
      "pct_error": 3.171383071120527
    },
    "dKg_zz": {
      "true": -2.999999999997449e-05,
      "est": -3.430375181401324e-05,
      "abs_error": 4.303751814038748e-06,
      "pct_error": 14.345839380141356
    },
    "dKa_xx": {
      "true": -9.99999999995449e-06,
      "est": -5.994992503310925e-06,
      "abs_error": 4.0050074966435645e-06,
      "pct_error": 40.05007496661791
    },
    "dKa_xy": {
      "true": 4.84813681109536e-05,
      "est": 4.995306790605869e-05,
      "abs_error": 1.4716997951050965e-06,
      "pct_error": 3.0355987309124415
    },
    "dKa_xz": {
      "true": 9.69627362219072e-05,
      "est": 8.457254922758406e-05,
      "abs_error": 1.2390186994323138e-05,
      "pct_error": 12.778297598746777
    },
    "dKa_yy": {
      "true": -2.0000000000020002e-05,
      "est": -2.118250041660552e-05,
      "abs_error": 1.182500416585519e-06,
      "pct_error": 5.912502082921682
    },
    "dKa_yz": {
      "true": 0.0001939254724438144,
      "est": 0.00018820271907004548,
      "abs_error": 5.722753373768911e-06,
      "pct_error": 2.9510065396009035
    },
    "dKa_zz": {
      "true": -2.999999999997449e-05,
      "est": -2.5690700482527973e-05,
      "abs_error": 4.309299517446519e-06,
      "pct_error": 14.364331724833942
    },
    "Ka2_x": {
      "true": 1.0224607248440952e-06,
      "est": 5.797747472095039e-07,
      "abs_error": 4.4268597763459133e-07,
      "pct_error": 43.29613518427244
    },
    "Ka2_y": {
      "true": 2.0449214496881904e-06,
      "est": 1.6871473317448462e-06,
      "abs_error": 3.577741179433442e-07,
      "pct_error": 17.49573891935544
    },
    "Ka2_z": {
      "true": 3.0673821745322856e-06,
      "est": 2.0204318283596015e-06,
      "abs_error": 1.0469503461726842e-06,
      "pct_error": 34.131721663679656
    },
    "rx_x": {
      "true": 0.01,
      "est": 0.010486980608974229,
      "abs_error": 0.0004869806089742284,
      "pct_error": 4.8698060897422835
    },
    "rx_y": {
      "true": 0.02,
      "est": 0.017412858682489256,
      "abs_error": 0.0025871413175107445,
      "pct_error": 12.935706587553723
    },
    "rx_z": {
      "true": 0.03,
      "est": 0.028454727051392927,
      "abs_error": 0.0015452729486070717,
      "pct_error": 5.1509098286902395
    },
    "ry_x": {
      "true": 0.04,
      "est": 0.03891096295803448,
      "abs_error": 0.0010890370419655224,
      "pct_error": 2.722592604913806
    },
    "ry_y": {
      "true": 0.05,
      "est": 0.049216658531023354,
      "abs_error": 0.0007833414689766491,
      "pct_error": 1.5666829379532983
    },
    "ry_z": {
      "true": 0.06,
      "est": 0.05660795244168142,
      "abs_error": 0.003392047558318581,
      "pct_error": 5.653412597197635
    }
  },
  "focus_scale_pct": {
    "dKg_xx": 94.39216280314403,
    "dKg_xy": 19.17120774005506,
    "dKg_yy": 28.382580171098443,
    "dKg_zz": 14.345839380141356,
    "dKa_xx": 40.05007496661791
  },
  "lever_guard_pct": {
    "rx_y": 12.935706587553723,
    "ry_z": 5.653412597197635
  },
  "overall": {
    "mean_pct_error": 14.355933060114529,
    "median_pct_error": 8.36023019274821,
    "max_pct_error": 94.39216280314403
  },
  "extra": {
    "noise_scale": 2.5,
    "noise_config": {
      "arw_dpsh": 0.0125,
      "vrw_ugpsHz": 12.5,
      "bi_g_dph": 0.005,
      "bi_a_ug": 12.5,
      "tau_g": 300.0,
      "tau_a": 300.0,
      "seed": 42,
      "base_family": "round53_round61_shared"
    },
    "comparison_mode": "shared_dataset_apples_to_apples",
    "mainline_rung": "scd42_neutral",
    "selected_candidate": "neutral_markov42_plus_scd_baseline",
    "candidate_description": "Controlled neutral Markov+SCD baseline (iter2 once-per-phase SCD only).",
    "scd_cfg": {
      "mode": "once_per_phase",
      "alpha": 0.999,
      "transition_duration": 2.0,
      "target": "scale_block",
      "bias_to_target": true,
      "apply_policy_names": [
        "iter2_commit"
      ]
    },
    "iter_patches": {
      "0": {
        "selected_prior_scale": 1.0,
        "other_scale_prior_scale": 1.0,
        "ka2_prior_scale": 1.0,
        "lever_prior_scale": 1.0,
        "selected_q_static_scale": 1.0,
        "selected_q_dynamic_scale": 1.0,
        "selected_q_late_mult": 1.0,
        "other_scale_q_scale": 1.0,
        "other_scale_q_late_mult": 1.0,
        "ka2_q_scale": 1.0,
        "lever_q_scale": 1.0,
        "static_r_scale": 1.0,
        "dynamic_r_scale": 1.0,
        "late_r_mult": 1.0,
        "late_release_frac": 0.58,
        "selected_alpha_floor": 1.0,
        "selected_alpha_span": 0.0,
        "other_scale_alpha": 1.0,
        "ka2_alpha": 1.0,
        "lever_alpha": 1.0,
        "markov_alpha": 1.0,
        "trust_score_soft": 2.1,
        "trust_cov_soft": 0.44,
        "trust_mix": 0.58,
        "state_alpha_mult": {},
        "state_alpha_add": {},
        "state_prior_diag_mult": {},
        "state_q_static_mult": {},