{
  "variant": "llm_scd_clean_candidate_B_ch3corrected_symmetric20_att0zero_1200s_noise2p0",
  "method_file": "probe_llm_scd_only_clean candidate family on corrected symmetric20 dataset",
  "source_file": "/root/.openclaw/workspace/tmp_psins_py/psins_py/test_calibration_markov_pruned.py",
  "param_order": [
    "eb_x",
    "eb_y",
    "eb_z",
    "db_x",
    "db_y",
    "db_z",
    "dKg_xx",
    "dKg_yx",
    "dKg_zx",
    "dKg_xy",
    "dKg_yy",
    "dKg_zy",
    "dKg_xz",
    "dKg_yz",
    "dKg_zz",
    "dKa_xx",
    "dKa_xy",
    "dKa_xz",
    "dKa_yy",
    "dKa_yz",
    "dKa_zz",
    "Ka2_x",
    "Ka2_y",
    "Ka2_z",
    "rx_x",
    "rx_y",
    "rx_z",
    "ry_x",
    "ry_y",
    "ry_z"
  ],
  "param_errors": {
    "eb_x": {
      "true": 4.84813681109536e-07,
      "est": 9.974566911433293e-07,
      "abs_error": 5.126430100337933e-07,
      "pct_error": 105.74021113854863
    },
    "eb_y": {
      "true": 9.69627362219072e-07,
      "est": 1.1663664892509797e-06,
      "abs_error": 1.9673912703190763e-07,
      "pct_error": 20.290178959229653
    },
    "eb_z": {
      "true": 1.4544410433286078e-06,
      "est": 1.5409456256754592e-06,
      "abs_error": 8.650458234685135e-08,
      "pct_error": 5.9476169724197625
    },
    "db_x": {
      "true": 0.00097803267715,
      "est": 0.000927536133192058,
      "abs_error": 5.049654395794187e-05,
      "pct_error": 5.163073293735897
    },
    "db_y": {
      "true": 0.0019560653543,
      "est": 0.0017917470974547938,
      "abs_error": 0.00016431825684520601,
      "pct_error": 8.400448199953377
    },
    "db_z": {
      "true": 0.00293409803145,
      "est": 0.0029345130210304687,
      "abs_error": 4.149895804685805e-07,
      "pct_error": 0.01414368490828839
    },
    "dKg_xx": {
      "true": -9.99999999995449e-06,
      "est": 4.319083122483747e-06,
      "abs_error": 1.4319083122438236e-05,
      "pct_error": 143.19083122503403
    },
    "dKg_yx": {
      "true": 0.0001454441043328608,
      "est": 0.000122793449670761,
      "abs_error": 2.2650654662099794e-05,
      "pct_error": 15.57344298415968
    },
    "dKg_zx": {
      "true": 0.00024240684055476798,
      "est": 0.0002451034190923544,
      "abs_error": 2.696578537586411e-06,
      "pct_error": 1.1124184991706791
    },
    "dKg_xy": {
      "true": 4.84813681109536e-05,
      "est": 5.127728429316401e-05,
      "abs_error": 2.795916182210416e-06,
      "pct_error": 5.766991096067528
    },
    "dKg_yy": {
      "true": -2.0000000000020002e-05,
      "est": -1.6522262209939242e-05,
      "abs_error": 3.4777377900807593e-06,
      "pct_error": 17.388688950386406
    },
    "dKg_zy": {
      "true": 0.0002908882086657216,
      "est": 0.00024885460078590926,
      "abs_error": 4.203360787981232e-05,
      "pct_error": 14.450089975326518
    },
    "dKg_xz": {
      "true": 9.69627362219072e-05,
      "est": 8.01974267424249e-05,
      "abs_error": 1.676530947948229e-05,
      "pct_error": 17.290466557290113
    },
    "dKg_yz": {
      "true": 0.0001939254724438144,
      "est": 0.00017533503297133225,
      "abs_error": 1.8590439472482138e-05,
      "pct_error": 9.58638348959975
    },
    "dKg_zz": {
      "true": -2.999999999997449e-05,
      "est": -3.673360914335788e-05,
      "abs_error": 6.73360914338339e-06,
      "pct_error": 22.44536381129705
    },
    "dKa_xx": {
      "true": -9.99999999995449e-06,
      "est": -5.6849289904459255e-06,
      "abs_error": 4.315071009508564e-06,
      "pct_error": 43.15071009528202
    },
    "dKa_xy": {
      "true": 4.84813681109536e-05,
      "est": 5.42496932286346e-05,
      "abs_error": 5.768325117681003e-06,
      "pct_error": 11.898024627687315
    },
    "dKa_xz": {
      "true": 9.69627362219072e-05,
      "est": 9.457569797063379e-05,
      "abs_error": 2.387038251273408e-06,
      "pct_error": 2.461809912016586
    },
    "dKa_yy": {
      "true": -2.0000000000020002e-05,
      "est": -1.0657551526627174e-05,
      "abs_error": 9.342448473392828e-06,
      "pct_error": 46.71224236691742
    },
    "dKa_yz": {
      "true": 0.0001939254724438144,
      "est": 0.00022979578153013776,
      "abs_error": 3.587030908632337e-05,
      "pct_error": 18.496955884284873
    },
    "dKa_zz": {
      "true": -2.999999999997449e-05,
      "est": -2.509801619354768e-05,
      "abs_error": 4.901983806426813e-06,
      "pct_error": 16.339946021436603
    },
    "Ka2_x": {
      "true": 1.0224607248440952e-06,
      "est": 1.3010238538981793e-06,
      "abs_error": 2.7856312905408406e-07,
      "pct_error": 27.244384286404678
    },
    "Ka2_y": {
      "true": 2.0449214496881904e-06,
      "est": 4.139360785797016e-06,
      "abs_error": 2.0944393361088253e-06,
      "pct_error": 102.42150555113916
    },
    "Ka2_z": {
      "true": 3.0673821745322856e-06,
      "est": 3.745234209467619e-06,
      "abs_error": 6.778520349353333e-07,
      "pct_error": 22.098714681312646
    },
    "rx_x": {
      "true": 0.01,
      "est": 0.009500299091911572,
      "abs_error": 0.0004997009080884279,
      "pct_error": 4.997009080884278
    },
    "rx_y": {
      "true": 0.02,
      "est": 0.019767087916579072,
      "abs_error": 0.0002329120834209282,
      "pct_error": 1.164560417104641
    },
    "rx_z": {
      "true": 0.03,
      "est": 0.03073696699583616,
      "abs_error": 0.0007369669958361622,
      "pct_error": 2.4565566527872074
    },
    "ry_x": {
      "true": 0.04,
      "est": 0.03867598985812628,
      "abs_error": 0.0013240101418737216,
      "pct_error": 3.3100253546843037
    },
    "ry_y": {
      "true": 0.05,
      "est": 0.0492298992029489,
      "abs_error": 0.0007701007970511015,
      "pct_error": 1.540201594102203
    },
    "ry_z": {
      "true": 0.06,
      "est": 0.059142123291523206,
      "abs_error": 0.0008578767084767916,
      "pct_error": 1.429794514127986
    }
  },
  "focus_scale_pct": {
    "dKg_xx": 143.19083122503403,
    "dKg_xy": 5.766991096067528,
    "dKg_yy": 17.388688950386406,
    "dKg_zz": 22.44536381129705,
    "dKa_xx": 43.15071009528202
  },
  "lever_guard_pct": {
    "rx_y": 1.164560417104641,
    "ry_z": 1.429794514127986
  },
  "overall": {
    "mean_pct_error": 23.26942632924331,
    "median_pct_error": 13.174057301506917,
    "max_pct_error": 143.19083122503403
  },
  "extra": {
    "comparison_mode": "sym20_llm_scd_vs_pure_highnoise_2026_04_06",
    "method_role": "llm_guided_scd",
    "path_case_key": "symmetric20",
    "path_case_tag": "ch3corrected_symmetric20_att0zero_1200s",
    "path_case_display_name": "20-position corrected symmetric scheme",
    "att0_deg": [
      0.0,
      0.0,
      0.0
    ],
    "n_motion_rows": 20,
    "claimed_position_count": 20,
    "total_time_s": 1200.0,
    "timing_note": "uniform 20 × 60 s = 1200 s, row split 6 / 6 / 48 s",
    "source_builder": "/root/.openclaw/workspace/psins_method_bench/scripts/probe_ch3_corrected_symmetric20_front2_back11.py",
    "source_reference": "anchor2_zpair_anchor11_xpair_symmetric20_60s",
    "builder_method_tag": "ch3closedloop_anchor2_zpair_anchor11_xpair_symmetric20_60s",
    "rationale": "Restore stronger front/back symmetry under the real two-axis mechanism by pairing the existing late anchor11 x-family outerhold with its front-half counterpart after anchor2. Under legality, the mirrored front motif must sweep the z-family (not x-family) because anchor2 inner-open +90 shifts the legal outer axis from +X to +Z before the outer pair executes.",
    "noise_scale": 2.0,
    "noise_config": {
      "arw_dpsh": 0.01,
      "vrw_ugpsHz": 10.0,
      "bi_g_dph": 0.004,
      "bi_a_ug": 10.0,
      "tau_g": 300.0,
      "tau_a": 300.0,
      "seed": 42,
      "base_family": "round53_round61_shared"
    },
    "candidate_name": "candidate_B",
    "candidate_label": "B",
    "candidate_description": "scale_block scope, once_per_phase, alpha=0.9995, transition_duration=2.0, bias_to_target=True",