{
  "variant": "42state_gm1_llm_scd_only_clean_candidate_A_noise2p0",
  "method_file": "probe_llm_scd_only_clean::neutral_markov42_plus_scd_with_llm_scd_only_cfg",
  "source_file": "/root/.openclaw/workspace/tmp_psins_py/psins_py/test_calibration_markov_pruned.py",
  "param_order": [
    "eb_x",
    "eb_y",
    "eb_z",
    "db_x",
    "db_y",
    "db_z",
    "dKg_xx",
    "dKg_yx",
    "dKg_zx",
    "dKg_xy",
    "dKg_yy",
    "dKg_zy",
    "dKg_xz",
    "dKg_yz",
    "dKg_zz",
    "dKa_xx",
    "dKa_xy",
    "dKa_xz",
    "dKa_yy",
    "dKa_yz",
    "dKa_zz",
    "Ka2_x",
    "Ka2_y",
    "Ka2_z",
    "rx_x",
    "rx_y",
    "rx_z",
    "ry_x",
    "ry_y",
    "ry_z"
  ],
  "param_errors": {
    "eb_x": {
      "true": 4.84813681109536e-07,
      "est": 5.181237820939431e-07,
      "abs_error": 3.3310100984407044e-08,
      "pct_error": 6.870701525619932
    },
    "eb_y": {
      "true": 9.69627362219072e-07,
      "est": 9.097856466432325e-07,
      "abs_error": 5.984171557583964e-08,
      "pct_error": 6.171619934372205
    },
    "eb_z": {
      "true": 1.4544410433286078e-06,
      "est": 1.3280004294046505e-06,
      "abs_error": 1.2644061392395732e-07,
      "pct_error": 8.69341624426299
    },
    "db_x": {
      "true": 0.00097803267715,
      "est": 0.0010014513817446329,
      "abs_error": 2.341870459463295e-05,
      "pct_error": 2.394470567473815
    },
    "db_y": {
      "true": 0.0019560653543,
      "est": 0.0020251249567727263,
      "abs_error": 6.905960247272644e-05,
      "pct_error": 3.5305365600854484
    },
    "db_z": {
      "true": 0.00293409803145,
      "est": 0.0031611363162328057,
      "abs_error": 0.00022703828478280556,
      "pct_error": 7.737924307546249
    },
    "dKg_xx": {
      "true": -9.99999999995449e-06,
      "est": -2.100731883780682e-06,
      "abs_error": 7.899268116173808e-06,
      "pct_error": 78.99268116209758
    },
    "dKg_yx": {
      "true": 0.0001454441043328608,
      "est": 0.00013582088552378699,
      "abs_error": 9.623218809073805e-06,
      "pct_error": 6.616437877090073
    },
    "dKg_zx": {
      "true": 0.00024240684055476798,
      "est": 0.0002536959192583638,
      "abs_error": 1.1289078703595798e-05,
      "pct_error": 4.657079263010818
    },
    "dKg_xy": {
      "true": 4.84813681109536e-05,
      "est": 3.918523925939958e-05,
      "abs_error": 9.29612885155402e-06,
      "pct_error": 19.174642164138326
    },
    "dKg_yy": {
      "true": -2.0000000000020002e-05,
      "est": -1.5251935990168164e-05,
      "abs_error": 4.748064009851838e-06,
      "pct_error": 23.740320049235446
    },
    "dKg_zy": {
      "true": 0.0002908882086657216,
      "est": 0.0002942124109654454,
      "abs_error": 3.324202299723818e-06,
      "pct_error": 1.1427765721311425
    },
    "dKg_xz": {
      "true": 9.69627362219072e-05,
      "est": 9.130656589469625e-05,
      "abs_error": 5.6561703272109415e-06,
      "pct_error": 5.833344383213703
    },
    "dKg_yz": {
      "true": 0.0001939254724438144,
      "est": 0.0001889983265439861,
      "abs_error": 4.9271458998282995e-06,
      "pct_error": 2.5407419859481486
    },
    "dKg_zz": {
      "true": -2.999999999997449e-05,
      "est": -3.401974835726129e-05,
      "abs_error": 4.019748357286801e-06,
      "pct_error": 13.399161190967396
    },
    "dKa_xx": {
      "true": -9.99999999995449e-06,
      "est": -6.68417735982807e-06,
      "abs_error": 3.31582264012642e-06,
      "pct_error": 33.15822640141511
    },
    "dKa_xy": {
      "true": 4.84813681109536e-05,
      "est": 4.771281643501534e-05,
      "abs_error": 7.685516759382591e-07,
      "pct_error": 1.585251625282862
    },
    "dKa_xz": {
      "true": 9.69627362219072e-05,
      "est": 8.674455770495414e-05,
      "abs_error": 1.0218178516953054e-05,
      "pct_error": 10.53825305998782
    },
    "dKa_yy": {
      "true": -2.0000000000020002e-05,
      "est": -2.0885815070093017e-05,
      "abs_error": 8.85815070073015e-07,
      "pct_error": 4.429075350360645
    },
    "dKa_yz": {
      "true": 0.0001939254724438144,
      "est": 0.00018958752597803582,
      "abs_error": 4.337946465778563e-06,
      "pct_error": 2.236914218185229
    },
    "dKa_zz": {
      "true": -2.999999999997449e-05,
      "est": -2.6258543500912168e-05,
      "abs_error": 3.7414564990623234e-06,
      "pct_error": 12.471521663551682
    },
    "Ka2_x": {
      "true": 1.0224607248440952e-06,
      "est": 6.520323391717325e-07,
      "abs_error": 3.704283856723627e-07,
      "pct_error": 36.22910657314936
    },
    "Ka2_y": {
      "true": 2.0449214496881904e-06,
      "est": 1.6542811028897054e-06,
      "abs_error": 3.90640346798485e-07,
      "pct_error": 19.102951209106337
    },
    "Ka2_z": {
      "true": 3.0673821745322856e-06,
      "est": 2.1692696411567197e-06,
      "abs_error": 8.981125333755659e-07,
      "pct_error": 29.279446846642447
    },
    "rx_x": {
      "true": 0.01,
      "est": 0.010264280306148812,
      "abs_error": 0.0002642803061488116,
      "pct_error": 2.6428030614881157
    },
    "rx_y": {
      "true": 0.02,
      "est": 0.017802439699444336,
      "abs_error": 0.002197560300555665,
      "pct_error": 10.987801502778325
    },
    "rx_z": {
      "true": 0.03,
      "est": 0.028825780552475287,
      "abs_error": 0.0011742194475247124,
      "pct_error": 3.914064825082375
    },
    "ry_x": {
      "true": 0.04,
      "est": 0.038887214815278806,
      "abs_error": 0.0011127851847211948,
      "pct_error": 2.781962961802987
    },
    "ry_y": {
      "true": 0.05,
      "est": 0.049273083939500334,
      "abs_error": 0.0007269160604996688,
      "pct_error": 1.4538321209993377
    },
    "ry_z": {
      "true": 0.06,
      "est": 0.057284510958745545,
      "abs_error": 0.0027154890412544527,
      "pct_error": 4.525815068757422
    }
  },
  "focus_scale_pct": {
    "dKg_xx": 78.99268116209758,
    "dKg_xy": 19.174642164138326,
    "dKg_yy": 23.740320049235446,
    "dKg_zz": 13.399161190967396,
    "dKa_xx": 33.15822640141511
  },
  "lever_guard_pct": {
    "rx_y": 10.987801502778325,
    "ry_z": 4.525815068757422
  },
  "overall": {
    "mean_pct_error": 12.227762675859445,
    "median_pct_error": 6.394028905731139,
    "max_pct_error": 78.99268116209758
  },
  "extra": {
    "noise_scale": 2.0,
    "noise_config": {
      "arw_dpsh": 0.01,
      "vrw_ugpsHz": 10.0,
      "bi_g_dph": 0.004,
      "bi_a_ug": 10.0,
      "tau_g": 300.0,
      "tau_a": 300.0,
      "seed": 42,
      "base_family": "round53_round61_shared"
    },
    "comparison_mode": "shared_dataset_apples_to_apples",
    "mainline_rung": "candidate_A",
    "candidate_name": "candidate_A",
    "candidate_label": "A",
    "candidate_description": "selected scope, once_per_phase, alpha=0.999, transition_duration=2.0, bias_to_target=True",
    "candidate_signature": "{\"description\": \"selected scope, once_per_phase, alpha=0.999, transition_duration=2.0, bias_to_target=True\", \"label\": \"A\", \"name\": \"candidate_A\", \"scd\": {\"alpha\": 0.999, \"apply_policy_names\": [\"iter2_commit\"], \"bias_to_target\": true, \"mode\": \"once_per_phase\", \"target\": \"selected\", \"transition_duration\": 2.0}}",
    "candidate_scd_cfg": {
      "mode": "once_per_phase",
      "alpha": 0.999,
      "transition_duration": 2.0,
      "target": "selected",
      "bias_to_target": true,
      "apply_policy_names": [
        "iter2_commit"
      ]
    },
    "constraint_note": "SCD-only candidate on top of neutral Markov+SCD baseline; no state alpha/prior/q multipliers; no post_rx_y_mult; no post_ry_z_mult.",
    "runtime_log": {
      "schedule_log": [
        {
          "policy_name": "iter1_seed",
          "n_static_meas": 3912,
          "n_dynamic_sched": 990,
          "n_late_sched": 2060,
          "late_release_frac": 0.58
        },
        {
          "policy_name": "iter2_commit",
          "n_static_meas": 3912,
          "n_dynamic_sched": 990,
          "n_late_sched": 2060,