{
  "variant": "42state_gm1_llm_scd_only_clean_candidate_C_noise1x",
  "method_file": "probe_llm_scd_only_clean::neutral_markov42_plus_scd_with_llm_scd_only_cfg",
  "source_file": "/root/.openclaw/workspace/tmp_psins_py/psins_py/test_calibration_markov_pruned.py",
  "param_order": [
    "eb_x",
    "eb_y",
    "eb_z",
    "db_x",
    "db_y",
    "db_z",
    "dKg_xx",
    "dKg_yx",
    "dKg_zx",
    "dKg_xy",
    "dKg_yy",
    "dKg_zy",
    "dKg_xz",
    "dKg_yz",
    "dKg_zz",
    "dKa_xx",
    "dKa_xy",
    "dKa_xz",
    "dKa_yy",
    "dKa_yz",
    "dKa_zz",
    "Ka2_x",
    "Ka2_y",
    "Ka2_z",
    "rx_x",
    "rx_y",
    "rx_z",
    "ry_x",
    "ry_y",
    "ry_z"
  ],
  "param_errors": {
    "eb_x": {
      "true": 4.84813681109536e-07,
      "est": 4.620031544993447e-07,
      "abs_error": 2.2810526610191344e-08,
      "pct_error": 4.705008851645353
    },
    "eb_y": {
      "true": 9.69627362219072e-07,
      "est": 9.015087500820465e-07,
      "abs_error": 6.811861213702558e-08,
      "pct_error": 7.025236167132343
    },
    "eb_z": {
      "true": 1.4544410433286078e-06,
      "est": 1.3767249556444213e-06,
      "abs_error": 7.771608768418655e-08,
      "pct_error": 5.34336458948703
    },
    "db_x": {
      "true": 0.00097803267715,
      "est": 0.0010058678531993043,
      "abs_error": 2.78351760493044e-05,
      "pct_error": 2.846037427953478
    },
    "db_y": {
      "true": 0.0019560653543,
      "est": 0.0020057773706661053,
      "abs_error": 4.971201636610545e-05,
      "pct_error": 2.5414292143574855
    },
    "db_z": {
      "true": 0.00293409803145,
      "est": 0.003050691664855802,
      "abs_error": 0.00011659363340580167,
      "pct_error": 3.9737470308100895
    },
    "dKg_xx": {
      "true": -9.99999999995449e-06,
      "est": -6.082968468046346e-06,
      "abs_error": 3.917031531908144e-06,
      "pct_error": 39.1703153192597
    },
    "dKg_yx": {
      "true": 0.0001454441043328608,
      "est": 0.0001417103566519019,
      "abs_error": 3.73374768095888e-06,
      "pct_error": 2.5671358066284293
    },
    "dKg_zx": {
      "true": 0.00024240684055476798,
      "est": 0.0002477900247137297,
      "abs_error": 5.383184158961734e-06,
      "pct_error": 2.220722875081361
    },
    "dKg_xy": {
      "true": 4.84813681109536e-05,
      "est": 4.4199294247092615e-05,
      "abs_error": 4.282073863860982e-06,
      "pct_error": 8.832411358650406
    },
    "dKg_yy": {
      "true": -2.0000000000020002e-05,
      "est": -1.749880450807595e-05,
      "abs_error": 2.5011954919440527e-06,
      "pct_error": 12.505977459707756
    },
    "dKg_zy": {
      "true": 0.0002908882086657216,
      "est": 0.00029185298019959944,
      "abs_error": 9.647715338778552e-07,
      "pct_error": 0.33166402251338295
    },
    "dKg_xz": {
      "true": 9.69627362219072e-05,
      "est": 9.409410371531474e-05,
      "abs_error": 2.868632506592458e-06,
      "pct_error": 2.9584896408320787
    },
    "dKg_yz": {
      "true": 0.0001939254724438144,
      "est": 0.0001915223165604207,
      "abs_error": 2.403155883393674e-06,
      "pct_error": 1.2392162066744146
    },
    "dKg_zz": {
      "true": -2.999999999997449e-05,
      "est": -3.301041826908602e-05,
      "abs_error": 3.0104182691115255e-06,
      "pct_error": 10.034727563713618
    },
    "dKa_xx": {
      "true": -9.99999999995449e-06,
      "est": -8.456572994308686e-06,
      "abs_error": 1.5434270056458033e-06,
      "pct_error": 15.434270056528273
    },
    "dKa_xy": {
      "true": 4.84813681109536e-05,
      "est": 4.677262641347878e-05,
      "abs_error": 1.708741697474818e-06,
      "pct_error": 3.5245327515597795
    },
    "dKa_xz": {
      "true": 9.69627362219072e-05,
      "est": 9.210334796218428e-05,
      "abs_error": 4.8593882597229175e-06,
      "pct_error": 5.011603889355812
    },
    "dKa_yy": {
      "true": -2.0000000000020002e-05,
      "est": -2.0557723038772124e-05,
      "abs_error": 5.577230387521226e-07,
      "pct_error": 2.788615193757824
    },
    "dKa_yz": {
      "true": 0.0001939254724438144,
      "est": 0.00019200335042885542,
      "abs_error": 1.9221220149589677e-06,
      "pct_error": 0.9911653124969749
    },
    "dKa_zz": {
      "true": -2.999999999997449e-05,
      "est": -2.7909493474975733e-05,
      "abs_error": 2.0905065249987587e-06,
      "pct_error": 6.968355083335121
    },
    "Ka2_x": {
      "true": 1.0224607248440952e-06,
      "est": 8.05387687559729e-07,
      "abs_error": 2.1707303728436625e-07,
      "pct_error": 21.23045237923105
    },
    "Ka2_y": {
      "true": 2.0449214496881904e-06,
      "est": 1.7958821761671395e-06,
      "abs_error": 2.4903927352105096e-07,
      "pct_error": 12.17842736986423
    },
    "Ka2_z": {
      "true": 3.0673821745322856e-06,
      "est": 2.587775119182827e-06,
      "abs_error": 4.796070553494586e-07,
      "pct_error": 15.635712410781974
    },
    "rx_x": {
      "true": 0.01,
      "est": 0.009875931248056632,
      "abs_error": 0.00012406875194336843,
      "pct_error": 1.2406875194336844
    },
    "rx_y": {
      "true": 0.02,
      "est": 0.018916034480199243,
      "abs_error": 0.0010839655198007572,
      "pct_error": 5.419827599003786
    },
    "rx_z": {
      "true": 0.03,
      "est": 0.02940460434696792,
      "abs_error": 0.0005953956530320784,
      "pct_error": 1.9846521767735947
    },
    "ry_x": {
      "true": 0.04,
      "est": 0.03906749960040813,
      "abs_error": 0.0009325003995918693,
      "pct_error": 2.3312509989796735
    },
    "ry_y": {
      "true": 0.05,
      "est": 0.049633198733992565,
      "abs_error": 0.00036680126600743823,
      "pct_error": 0.7336025320148765
    },
    "ry_z": {
      "true": 0.06,
      "est": 0.05861082018446904,
      "abs_error": 0.0013891798155309595,
      "pct_error": 2.315299692551599
    }
  },
  "focus_scale_pct": {
    "dKg_xx": 39.1703153192597,
    "dKg_xy": 8.832411358650406,
    "dKg_yy": 12.505977459707756,
    "dKg_zz": 10.034727563713618,
    "dKa_xx": 15.434270056528273
  },
  "lever_guard_pct": {
    "rx_y": 5.419827599003786,
    "ry_z": 2.315299692551599
  },
  "overall": {
    "mean_pct_error": 6.80279795000384,
    "median_pct_error": 3.7491398911849343,
    "max_pct_error": 39.1703153192597
  },
  "extra": {
    "noise_scale": 1.0,
    "noise_config": {
      "arw_dpsh": 0.005,
      "vrw_ugpsHz": 5.0,
      "bi_g_dph": 0.002,
      "bi_a_ug": 5.0,
      "tau_g": 300.0,
      "tau_a": 300.0,
      "seed": 42,
      "base_family": "round53_round61_shared"
    },
    "comparison_mode": "shared_dataset_apples_to_apples",
    "mainline_rung": "candidate_C",
    "candidate_name": "candidate_C",
    "candidate_label": "C",
    "candidate_description": "scale_block scope, once_per_phase, alpha=0.999, transition_duration=4.0, bias_to_target=True",
    "candidate_signature": "{\"description\": \"scale_block scope, once_per_phase, alpha=0.999, transition_duration=4.0, bias_to_target=True\", \"label\": \"C\", \"name\": \"candidate_C\", \"scd\": {\"alpha\": 0.999, \"apply_policy_names\": [\"iter2_commit\"], \"bias_to_target\": true, \"mode\": \"once_per_phase\", \"target\": \"scale_block\", \"transition_duration\": 4.0}}",
    "candidate_scd_cfg": {
      "mode": "once_per_phase",
      "alpha": 0.999,
      "transition_duration": 4.0,
      "target": "scale_block",
      "bias_to_target": true,
      "apply_policy_names": [
        "iter2_commit"
      ]
    },
    "constraint_note": "SCD-only candidate on top of neutral Markov+SCD baseline; no state alpha/prior/q multipliers; no post_rx_y_mult; no post_ry_z_mult.",
    "runtime_log": {
      "schedule_log": [
        {
          "policy_name": "iter1_seed",
          "n_static_meas": 3912,
          "n_dynamic_sched": 990,
          "n_late_sched": 2060,
          "late_release_frac": 0.58
        },
        {
          "policy_name": "iter2_commit",
          "n_static_meas": 3912,
          "n_dynamic_sched": 990,
          "n_late_sched": 2060,