{
  "variant": "42state_gm1_llm_scd_only_clean_candidate_B_noise1x",
  "method_file": "probe_llm_scd_only_clean::neutral_markov42_plus_scd_with_llm_scd_only_cfg",
  "source_file": "/root/.openclaw/workspace/tmp_psins_py/psins_py/test_calibration_markov_pruned.py",
  "param_order": [
    "eb_x",
    "eb_y",
    "eb_z",
    "db_x",
    "db_y",
    "db_z",
    "dKg_xx",
    "dKg_yx",
    "dKg_zx",
    "dKg_xy",
    "dKg_yy",
    "dKg_zy",
    "dKg_xz",
    "dKg_yz",
    "dKg_zz",
    "dKa_xx",
    "dKa_xy",
    "dKa_xz",
    "dKa_yy",
    "dKa_yz",
    "dKa_zz",
    "Ka2_x",
    "Ka2_y",
    "Ka2_z",
    "rx_x",
    "rx_y",
    "rx_z",
    "ry_x",
    "ry_y",
    "ry_z"
  ],
  "param_errors": {
    "eb_x": {
      "true": 4.84813681109536e-07,
      "est": 4.645905746521247e-07,
      "abs_error": 2.022310645741134e-08,
      "pct_error": 4.171315135152353
    },
    "eb_y": {
      "true": 9.69627362219072e-07,
      "est": 9.006416188014344e-07,
      "abs_error": 6.89857434176377e-08,
      "pct_error": 7.1146654999254695
    },
    "eb_z": {
      "true": 1.4544410433286078e-06,
      "est": 1.374789029757416e-06,
      "abs_error": 7.965201357119174e-08,
      "pct_error": 5.476469048817652
    },
    "db_x": {
      "true": 0.00097803267715,
      "est": 0.0010051331067333577,
      "abs_error": 2.7100429583357772e-05,
      "pct_error": 2.7709124875386353
    },
    "db_y": {
      "true": 0.0019560653543,
      "est": 0.0020070469427466695,
      "abs_error": 5.098158844666972e-05,
      "pct_error": 2.6063335938442638
    },
    "db_z": {
      "true": 0.00293409803145,
      "est": 0.0030507789018604124,
      "abs_error": 0.00011668087041041223,
      "pct_error": 3.976720244509001
    },
    "dKg_xx": {
      "true": -9.99999999995449e-06,
      "est": -6.056728000025657e-06,
      "abs_error": 3.943271999928832e-06,
      "pct_error": 39.432719999467785
    },
    "dKg_yx": {
      "true": 0.0001454441043328608,
      "est": 0.0001419368604437244,
      "abs_error": 3.507243889136377e-06,
      "pct_error": 2.4114032708467583
    },
    "dKg_zx": {
      "true": 0.00024240684055476798,
      "est": 0.00024794191183988274,
      "abs_error": 5.535071285114754e-06,
      "pct_error": 2.2833808123761226
    },
    "dKg_xy": {
      "true": 4.84813681109536e-05,
      "est": 4.388310773669074e-05,
      "abs_error": 4.59826037426286e-06,
      "pct_error": 9.484592851710296
    },
    "dKg_yy": {
      "true": -2.0000000000020002e-05,
      "est": -1.732683425825776e-05,
      "abs_error": 2.67316574176224e-06,
      "pct_error": 13.365828708797833
    },
    "dKg_zy": {
      "true": 0.0002908882086657216,
      "est": 0.00029207871111580673,
      "abs_error": 1.1905024500851531e-06,
      "pct_error": 0.4092645953391794
    },
    "dKg_xz": {
      "true": 9.69627362219072e-05,
      "est": 9.413372091952118e-05,
      "abs_error": 2.829015302386009e-06,
      "pct_error": 2.9176314660836047
    },
    "dKg_yz": {
      "true": 0.0001939254724438144,
      "est": 0.00019151856693955236,
      "abs_error": 2.40690550426203e-06,
      "pct_error": 1.2411497437291934
    },
    "dKg_zz": {
      "true": -2.999999999997449e-05,
      "est": -3.2964437445492933e-05,
      "abs_error": 2.964437445518442e-06,
      "pct_error": 9.881458151736542
    },
    "dKa_xx": {
      "true": -9.99999999995449e-06,
      "est": -8.40330566864722e-06,
      "abs_error": 1.596694331307269e-06,
      "pct_error": 15.966943313145357
    },
    "dKa_xy": {
      "true": 4.84813681109536e-05,
      "est": 4.6626590651192524e-05,
      "abs_error": 1.8547774597610727e-06,
      "pct_error": 3.8257531336909927
    },
    "dKa_xz": {
      "true": 9.69627362219072e-05,
      "est": 9.19776872726872e-05,
      "abs_error": 4.985048949219997e-06,
      "pct_error": 5.14120077821577
    },
    "dKa_yy": {
      "true": -2.0000000000020002e-05,
      "est": -2.0513151911094596e-05,
      "abs_error": 5.131519110745941e-07,
      "pct_error": 2.5657595553704047
    },
    "dKa_yz": {
      "true": 0.0001939254724438144,
      "est": 0.00019191352293311358,
      "abs_error": 2.01194951070081e-06,
      "pct_error": 1.0374859400091074
    },
    "dKa_zz": {
      "true": -2.999999999997449e-05,
      "est": -2.786887609085298e-05,
      "abs_error": 2.131123909121513e-06,
      "pct_error": 7.103746363744416
    },
    "Ka2_x": {
      "true": 1.0224607248440952e-06,
      "est": 8.069963163681913e-07,
      "abs_error": 2.1546440847590393e-07,
      "pct_error": 21.073123225222947
    },
    "Ka2_y": {
      "true": 2.0449214496881904e-06,
      "est": 1.7884684992652637e-06,
      "abs_error": 2.5645295042292673e-07,
      "pct_error": 12.540968283257564
    },
    "Ka2_z": {
      "true": 3.0673821745322856e-06,
      "est": 2.5895367697245755e-06,
      "abs_error": 4.778454048077101e-07,
      "pct_error": 15.578280684263676
    },
    "rx_x": {
      "true": 0.01,
      "est": 0.009877741660818434,
      "abs_error": 0.0001222583391815666,
      "pct_error": 1.222583391815666
    },
    "rx_y": {
      "true": 0.02,
      "est": 0.018901811548663053,
      "abs_error": 0.001098188451336947,
      "pct_error": 5.490942256684734
    },
    "rx_z": {
      "true": 0.03,
      "est": 0.029406180028119566,
      "abs_error": 0.0005938199718804327,
      "pct_error": 1.979399906268109
    },
    "ry_x": {
      "true": 0.04,
      "est": 0.03906895121029307,
      "abs_error": 0.0009310487897069286,
      "pct_error": 2.3276219742673216
    },
    "ry_y": {
      "true": 0.05,
      "est": 0.049622020782039464,
      "abs_error": 0.000377979217960539,
      "pct_error": 0.755958435921078
    },
    "ry_z": {
      "true": 0.06,
      "est": 0.058617635218054145,
      "abs_error": 0.0013823647819458523,
      "pct_error": 2.303941303243087
    }
  },
  "focus_scale_pct": {
    "dKg_xx": 39.432719999467785,
    "dKg_xy": 9.484592851710296,
    "dKg_yy": 13.365828708797833,
    "dKg_zz": 9.881458151736542,
    "dKa_xx": 15.966943313145357
  },
  "lever_guard_pct": {
    "rx_y": 5.490942256684734,
    "ry_z": 2.303941303243087
  },
  "overall": {
    "mean_pct_error": 6.881918471833164,
    "median_pct_error": 3.9012366890999965,
    "max_pct_error": 39.432719999467785
  },
  "extra": {
    "noise_scale": 1.0,
    "noise_config": {
      "arw_dpsh": 0.005,
      "vrw_ugpsHz": 5.0,
      "bi_g_dph": 0.002,
      "bi_a_ug": 5.0,
      "tau_g": 300.0,
      "tau_a": 300.0,
      "seed": 42,
      "base_family": "round53_round61_shared"
    },
    "comparison_mode": "shared_dataset_apples_to_apples",
    "mainline_rung": "candidate_B",
    "candidate_name": "candidate_B",
    "candidate_label": "B",
    "candidate_description": "scale_block scope, once_per_phase, alpha=0.9995, transition_duration=2.0, bias_to_target=True",
    "candidate_signature": "{\"description\": \"scale_block scope, once_per_phase, alpha=0.9995, transition_duration=2.0, bias_to_target=True\", \"label\": \"B\", \"name\": \"candidate_B\", \"scd\": {\"alpha\": 0.9995, \"apply_policy_names\": [\"iter2_commit\"], \"bias_to_target\": true, \"mode\": \"once_per_phase\", \"target\": \"scale_block\", \"transition_duration\": 2.0}}",
    "candidate_scd_cfg": {
      "mode": "once_per_phase",
      "alpha": 0.9995,
      "transition_duration": 2.0,
      "target": "scale_block",
      "bias_to_target": true,
      "apply_policy_names": [
        "iter2_commit"
      ]
    },
    "constraint_note": "SCD-only candidate on top of neutral Markov+SCD baseline; no state alpha/prior/q multipliers; no post_rx_y_mult; no post_ry_z_mult.",
    "runtime_log": {
      "schedule_log": [
        {
          "policy_name": "iter1_seed",
          "n_static_meas": 3912,
          "n_dynamic_sched": 990,
          "n_late_sched": 2060,
          "late_release_frac": 0.58
        },
        {
          "policy_name": "iter2_commit",
          "n_static_meas": 3912,
          "n_dynamic_sched": 990,
          "n_late_sched": 2060,