{
  "variant": "llm_scd_clean_candidate_D_ch3corrected_symmetric20_att0zero_1200s_noise1x",
  "method_file": "probe_llm_scd_only_clean candidate family on corrected symmetric20 dataset",
  "source_file": "/root/.openclaw/workspace/tmp_psins_py/psins_py/test_calibration_markov_pruned.py",
  "param_order": [
    "eb_x",
    "eb_y",
    "eb_z",
    "db_x",
    "db_y",
    "db_z",
    "dKg_xx",
    "dKg_yx",
    "dKg_zx",
    "dKg_xy",
    "dKg_yy",
    "dKg_zy",
    "dKg_xz",
    "dKg_yz",
    "dKg_zz",
    "dKa_xx",
    "dKa_xy",
    "dKa_xz",
    "dKa_yy",
    "dKa_yz",
    "dKa_zz",
    "Ka2_x",
    "Ka2_y",
    "Ka2_z",
    "rx_x",
    "rx_y",
    "rx_z",
    "ry_x",
    "ry_y",
    "ry_z"
  ],
  "param_errors": {
    "eb_x": {
      "true": 4.84813681109536e-07,
      "est": 4.6010845315304764e-07,
      "abs_error": 2.470522795648841e-08,
      "pct_error": 5.095819057735429
    },
    "eb_y": {
      "true": 9.69627362219072e-07,
      "est": 1.0289076087082808e-06,
      "abs_error": 5.9280246489208674e-08,
      "pct_error": 6.11371427818837
    },
    "eb_z": {
      "true": 1.4544410433286078e-06,
      "est": 1.5096252595338632e-06,
      "abs_error": 5.5184216205255395e-08,
      "pct_error": 3.7941872211582934
    },
    "db_x": {
      "true": 0.00097803267715,
      "est": 0.0010629411006681498,
      "abs_error": 8.490842351814988e-05,
      "pct_error": 8.681552825573696
    },
    "db_y": {
      "true": 0.0019560653543,
      "est": 0.0034794910357940053,
      "abs_error": 0.0015234256814940055,
      "pct_error": 77.88214632732354
    },
    "db_z": {
      "true": 0.00293409803145,
      "est": 0.0029171088882902325,
      "abs_error": 1.69891431597677e-05,
      "pct_error": 0.5790243876538729
    },
    "dKg_xx": {
      "true": -9.99999999995449e-06,
      "est": 9.58063884546334e-05,
      "abs_error": 0.0001058063884545879,
      "pct_error": 1058.0638845506944
    },
    "dKg_yx": {
      "true": 0.0001454441043328608,
      "est": 0.00014584671133289305,
      "abs_error": 4.02607000032256e-07,
      "pct_error": 0.27681218285126
    },
    "dKg_zx": {
      "true": 0.00024240684055476798,
      "est": 0.00024671918459981575,
      "abs_error": 4.312344045047763e-06,
      "pct_error": 1.7789696178451935
    },
    "dKg_xy": {
      "true": 4.84813681109536e-05,
      "est": 5.83157140257005e-05,
      "abs_error": 9.8343459147469e-06,
      "pct_error": 20.284794546721933
    },
    "dKg_yy": {
      "true": -2.0000000000020002e-05,
      "est": -1.54328257240266e-05,
      "abs_error": 4.567174275993402e-06,
      "pct_error": 22.835871379944173
    },
    "dKg_zy": {
      "true": 0.0002908882086657216,
      "est": 0.0002769552658773136,
      "abs_error": 1.3932942788407972e-05,
      "pct_error": 4.789792907838081
    },
    "dKg_xz": {
      "true": 9.69627362219072e-05,
      "est": 9.592010685722708e-05,
      "abs_error": 1.0426293646801168e-06,
      "pct_error": 1.0752887194663874
    },
    "dKg_yz": {
      "true": 0.0001939254724438144,
      "est": 0.00018762360384133472,
      "abs_error": 6.301868602479662e-06,
      "pct_error": 3.2496342657128183
    },
    "dKg_zz": {
      "true": -2.999999999997449e-05,
      "est": -0.0001329168340800102,
      "abs_error": 0.00010291683408003571,
      "pct_error": 343.05611360041075
    },
    "dKa_xx": {
      "true": -9.99999999995449e-06,
      "est": -8.516765514166025e-06,
      "abs_error": 1.483234485788465e-06,
      "pct_error": 14.832344857952151
    },
    "dKa_xy": {
      "true": 4.84813681109536e-05,
      "est": 3.8823777198763616e-05,
      "abs_error": 9.65759091218998e-06,
      "pct_error": 19.92021118316585
    },
    "dKa_xz": {
      "true": 9.69627362219072e-05,
      "est": 9.384698306345233e-05,
      "abs_error": 3.1157531584548597e-06,
      "pct_error": 3.2133511077123504
    },
    "dKa_yy": {
      "true": -2.0000000000020002e-05,
      "est": -2.009765790877971e-05,
      "abs_error": 9.765790875970737e-08,
      "pct_error": 0.4882895437980485
    },
    "dKa_yz": {
      "true": 0.0001939254724438144,
      "est": 0.0002107173098425954,
      "abs_error": 1.679183739878101e-05,
      "pct_error": 8.658912718980778
    },
    "dKa_zz": {
      "true": -2.999999999997449e-05,
      "est": -2.7341238139744206e-05,
      "abs_error": 2.6587618602302854e-06,
      "pct_error": 8.862539534108487
    },
    "Ka2_x": {
      "true": 1.0224607248440952e-06,
      "est": 1.4708821457152855e-07,
      "abs_error": 8.753725102725667e-07,
      "pct_error": 85.61429197253942
    },
    "Ka2_y": {
      "true": 2.0449214496881904e-06,
      "est": -1.1664554699384628e-05,
      "abs_error": 1.3709476149072817e-05,
      "pct_error": 670.415783020088
    },
    "Ka2_z": {
      "true": 3.0673821745322856e-06,
      "est": 3.844974864969231e-06,
      "abs_error": 7.775926904369453e-07,
      "pct_error": 25.350368692010562
    },
    "rx_x": {
      "true": 0.01,
      "est": 0.010142232864673044,
      "abs_error": 0.00014223286467304405,
      "pct_error": 1.4223286467304406
    },
    "rx_y": {
      "true": 0.02,
      "est": 0.020925589552193744,
      "abs_error": 0.0009255895521937431,
      "pct_error": 4.627947760968715
    },
    "rx_z": {
      "true": 0.03,
      "est": 0.030386675116947124,
      "abs_error": 0.0003866751169471251,
      "pct_error": 1.288917056490417
    },
    "ry_x": {
      "true": 0.04,
      "est": 0.0378723925638024,
      "abs_error": 0.0021276074361976025,
      "pct_error": 5.319018590494006
    },
    "ry_y": {
      "true": 0.05,
      "est": 0.05280752566126645,
      "abs_error": 0.0028075256612664495,
      "pct_error": 5.615051322532899
    },
    "ry_z": {
      "true": 0.06,
      "est": 0.061689368031736504,
      "abs_error": 0.001689368031736506,
      "pct_error": 2.81561338622751
    }
  },
  "focus_scale_pct": {
    "dKg_xx": 1058.0638845506944,
    "dKg_xy": 20.284794546721933,
    "dKg_yy": 22.835871379944173,
    "dKg_zz": 343.05611360041075,
    "dKa_xx": 14.832344857952151
  },
  "lever_guard_pct": {
    "rx_y": 4.627947760968715,
    "ry_z": 2.81561338622751
  },
  "overall": {
    "mean_pct_error": 80.53341917543062,
    "median_pct_error": 5.467034956513453,
    "max_pct_error": 1058.0638845506944
  },
  "extra": {
    "comparison_mode": "sym20_llm_scd_vs_pure_highnoise_2026_04_06",
    "method_role": "llm_guided_scd",
    "path_case_key": "symmetric20",
    "path_case_tag": "ch3corrected_symmetric20_att0zero_1200s",
    "path_case_display_name": "20-position corrected symmetric scheme",
    "att0_deg": [
      0.0,
      0.0,
      0.0
    ],
    "n_motion_rows": 20,
    "claimed_position_count": 20,
    "total_time_s": 1200.0,
    "timing_note": "uniform 20 × 60 s = 1200 s, row split 6 / 6 / 48 s",
    "source_builder": "/root/.openclaw/workspace/psins_method_bench/scripts/probe_ch3_corrected_symmetric20_front2_back11.py",
    "source_reference": "anchor2_zpair_anchor11_xpair_symmetric20_60s",
    "builder_method_tag": "ch3closedloop_anchor2_zpair_anchor11_xpair_symmetric20_60s",
    "rationale": "Restore stronger front/back symmetry under the real two-axis mechanism by pairing the existing late anchor11 x-family outerhold with its front-half counterpart after anchor2. Under legality, the mirrored front motif must sweep the z-family (not x-family) because anchor2 inner-open +90 shifts the legal outer axis from +X to +Z before the outer pair executes.",
    "noise_scale": 1.0,
    "noise_config": {
      "arw_dpsh": 0.005,
      "vrw_ugpsHz": 5.0,
      "bi_g_dph": 0.002,
      "bi_a_ug": 5.0,
      "tau_g": 300.0,
      "tau_a": 300.0,
      "seed": 42,
      "base_family": "round53_round61_shared"
    },
    "candidate_name": "candidate_D",
    "candidate_label": "D",
    "candidate_description": "selected scope, repeat_after_transition, alpha=0.9998, transition_duration=2.0, bias_to_target=True",