{
  "variant": "42state_gm1_freeze_strong1_then_ka2y_only_then_strong_ch3faithful12_shared_noise0p08",
  "method_file": "compare_ch3_faithful12_truefreeze_family.py",
  "source_file": "/root/.openclaw/workspace/tmp_psins_py/psins_py/test_calibration_markov_pruned.py",
  "param_order": [
    "eb_x",
    "eb_y",
    "eb_z",
    "db_x",
    "db_y",
    "db_z",
    "dKg_xx",
    "dKg_yx",
    "dKg_zx",
    "dKg_xy",
    "dKg_yy",
    "dKg_zy",
    "dKg_xz",
    "dKg_yz",
    "dKg_zz",
    "dKa_xx",
    "dKa_xy",
    "dKa_xz",
    "dKa_yy",
    "dKa_yz",
    "dKa_zz",
    "Ka2_x",
    "Ka2_y",
    "Ka2_z",
    "rx_x",
    "rx_y",
    "rx_z",
    "ry_x",
    "ry_y",
    "ry_z"
  ],
  "param_errors": {
    "eb_x": {
      "true": 4.84813681109536e-07,
      "est": 4.577492053232531e-07,
      "abs_error": 2.7064475786282963e-08,
      "pct_error": 5.582448854236886
    },
    "eb_y": {
      "true": 9.69627362219072e-07,
      "est": 9.629669908369317e-07,
      "abs_error": 6.6603713821404e-09,
      "pct_error": 0.6869001063354474
    },
    "eb_z": {
      "true": 1.4544410433286078e-06,
      "est": 1.4513377761188207e-06,
      "abs_error": 3.103267209787099e-09,
      "pct_error": 0.21336493658656777
    },
    "db_x": {
      "true": 0.00097803267715,
      "est": 0.0009895313827551855,
      "abs_error": 1.1498705605185585e-05,
      "pct_error": 1.1756974867846917
    },
    "db_y": {
      "true": 0.0019560653543,
      "est": 0.00196796820758113,
      "abs_error": 1.1902853281130048e-05,
      "pct_error": 0.6085099996768574
    },
    "db_z": {
      "true": 0.00293409803145,
      "est": 0.0029410966889674662,
      "abs_error": 6.998657517466068e-06,
      "pct_error": 0.23852841460813107
    },
    "dKg_xx": {
      "true": -9.99999999995449e-06,
      "est": -1.016737142101043e-05,
      "abs_error": 1.673714210559396e-07,
      "pct_error": 1.6737142105670133
    },
    "dKg_yx": {
      "true": 0.0001454441043328608,
      "est": 0.00014511382375453994,
      "abs_error": 3.3028057832084983e-07,
      "pct_error": 0.22708419831509677
    },
    "dKg_zx": {
      "true": 0.00024240684055476798,
      "est": 0.0002421593106165314,
      "abs_error": 2.4752993823658957e-07,
      "pct_error": 0.10211342950145175
    },
    "dKg_xy": {
      "true": 4.84813681109536e-05,
      "est": 4.823957372759585e-05,
      "abs_error": 2.4179438335774565e-07,
      "pct_error": 0.4987367163492155
    },
    "dKg_yy": {
      "true": -2.0000000000020002e-05,
      "est": -1.9474168299504768e-05,
      "abs_error": 5.258317005152335e-07,
      "pct_error": 2.6291585025735382
    },
    "dKg_zy": {
      "true": 0.0002908882086657216,
      "est": 0.0002905130820019895,
      "abs_error": 3.751266637320701e-07,
      "pct_error": 0.12895904768802519
    },
    "dKg_xz": {
      "true": 9.69627362219072e-05,
      "est": 9.715802084199387e-05,
      "abs_error": 1.9528462008667536e-07,
      "pct_error": 0.2014017216260796
    },
    "dKg_yz": {
      "true": 0.0001939254724438144,
      "est": 0.0001938780015162968,
      "abs_error": 4.747092751758463e-08,
      "pct_error": 0.024478954166961376
    },
    "dKg_zz": {
      "true": -2.999999999997449e-05,
      "est": -3.0489618194851076e-05,
      "abs_error": 4.896181948765843e-07,
      "pct_error": 1.632060649590002
    },
    "dKa_xx": {
      "true": -9.99999999995449e-06,
      "est": -9.799584985481502e-06,
      "abs_error": 2.004150144729877e-07,
      "pct_error": 2.0041501447389978
    },
    "dKa_xy": {
      "true": 4.84813681109536e-05,
      "est": 4.892967676142945e-05,
      "abs_error": 4.4830865047585066e-07,
      "pct_error": 0.9247029692929858
    },
    "dKa_xz": {
      "true": 9.69627362219072e-05,
      "est": 9.701898107561867e-05,
      "abs_error": 5.624485371147163e-08,
      "pct_error": 0.05800666926596488
    },
    "dKa_yy": {
      "true": -2.0000000000020002e-05,
      "est": -1.9780233725175123e-05,
      "abs_error": 2.197662748448792e-07,
      "pct_error": 1.0988313742232971
    },
    "dKa_yz": {
      "true": 0.0001939254724438144,
      "est": 0.00019464574996768858,
      "abs_error": 7.202775238741952e-07,
      "pct_error": 0.371419759765123
    },
    "dKa_zz": {
      "true": -2.999999999997449e-05,
      "est": -2.9744851878676926e-05,
      "abs_error": 2.551481212975659e-07,
      "pct_error": 0.8504937376592763
    },
    "Ka2_x": {
      "true": 1.0224607248440952e-06,
      "est": -0.0,
      "abs_error": 1.0224607248440952e-06,
      "pct_error": 100.0
    },
    "Ka2_y": {
      "true": 2.0449214496881904e-06,
      "est": 2.8348718848039666e-06,
      "abs_error": 7.899504351157762e-07,
      "pct_error": 38.629866943604505
    },
    "Ka2_z": {
      "true": 3.0673821745322856e-06,
      "est": -0.0,
      "abs_error": 3.0673821745322856e-06,
      "pct_error": 100.0
    },
    "rx_x": {
      "true": 0.01,
      "est": -0.0,
      "abs_error": 0.01,
      "pct_error": 100.0
    },
    "rx_y": {
      "true": 0.02,
      "est": -0.0,
      "abs_error": 0.02,
      "pct_error": 100.0
    },
    "rx_z": {
      "true": 0.03,
      "est": -0.0,
      "abs_error": 0.03,
      "pct_error": 100.0
    },
    "ry_x": {
      "true": 0.04,
      "est": -0.0,
      "abs_error": 0.04,
      "pct_error": 100.0
    },
    "ry_y": {
      "true": 0.05,
      "est": -0.0,
      "abs_error": 0.05,
      "pct_error": 100.0
    },
    "ry_z": {
      "true": 0.06,
      "est": -0.0,
      "abs_error": 0.06,
      "pct_error": 100.0
    }
  },
  "focus_scale_pct": {
    "dKg_xx": 1.6737142105670133,
    "dKg_xy": 0.4987367163492155,
    "dKg_yy": 2.6291585025735382,
    "dKg_zz": 1.632060649590002,
    "dKa_xx": 2.0041501447389978
  },
  "lever_guard_pct": {
    "rx_y": 100.0,
    "ry_z": 100.0
  },
  "overall": {
    "mean_pct_error": 28.6520209609052,
    "median_pct_error": 1.1372644305039943,
    "max_pct_error": 100.0
  },
  "extra": {
    "path_key": "chapter3_12pos_reconstructed",
    "att0_deg": [
      0.0,
      0.0,
      0.0
    ],
    "comparison_mode": "true_freeze_family",
    "freeze_cfg": {
      "name": "freeze_strong1_then_ka2y_only_then_strong",
      "strong_passes": 1,
      "use_ka2": [
        false,
        true,
        false
      ],
      "use_rx": [
        false,
        false,
        false
      ],
      "use_ry": [
        false,
        false,
        false
      ],
      "weak_p_inflate": 10.0,
      "final_strong_refine": true
    }
  }
}